solid OpenSCAD_Model
  facet normal -0 0 1
    outer loop
      vertex 17.05 0 24
      vertex 18.7 -1.5257 24
      vertex 18.7 0 24
    endloop
  endfacet
  facet normal 0 0 1
    outer loop
      vertex 18.7 -1.5257 24
      vertex 16.9041 -2.22547 24
      vertex 18.6392 -2.45389 24
    endloop
  endfacet
  facet normal 0 0 1
    outer loop
      vertex 18.6392 -2.45389 24
      vertex 16.9041 -2.22547 24
      vertex 18.2513 -4.40394 24
    endloop
  endfacet
  facet normal 0 0 1
    outer loop
      vertex 16.469 -4.41286 24
      vertex 18.2513 -4.40394 24
      vertex 16.9041 -2.22547 24
    endloop
  endfacet
  facet normal 0 0 1
    outer loop
      vertex 18.2513 -4.40394 24
      vertex 16.469 -4.41286 24
      vertex 18.1594 -4.8658 24
    endloop
  endfacet
  facet normal 0 0 1
    outer loop
      vertex 18.1594 -4.8658 24
      vertex 16.469 -4.41286 24
      vertex 17.5203 -6.74854 24
    endloop
  endfacet
  facet normal 0 0 1
    outer loop
      vertex 18.7 -1.5257 24
      vertex 17.05 0 24
      vertex 16.9041 -2.22547 24
    endloop
  endfacet
  facet normal -0 0 1
    outer loop
      vertex 15.7521 -6.52475 24
      vertex 17.5203 -6.74854 24
      vertex 16.469 -4.41286 24
    endloop
  endfacet
  facet normal 0 0 1
    outer loop
      vertex 17.5203 -6.74854 24
      vertex 15.7521 -6.52475 24
      vertex 17.3689 -7.19445 24
    endloop
  endfacet
  facet normal 0 0 1
    outer loop
      vertex 17.3689 -7.19445 24
      vertex 15.7521 -6.52475 24
      vertex 17.1607 -7.61679 24
    endloop
  endfacet
  facet normal 0 0 1
    outer loop
      vertex 14.7657 -8.525 24
      vertex 17.1607 -7.61679 24
      vertex 15.7521 -6.52475 24
    endloop
  endfacet
  facet normal 0 0 1
    outer loop
      vertex 17.1607 -7.61679 24
      vertex 14.7657 -8.525 24
      vertex 16.2813 -9.4 24
    endloop
  endfacet
  facet normal 0 0 1
    outer loop
      vertex 16.2813 -9.4 24
      vertex 14.7657 -8.525 24
      vertex 16.0197 -9.79154 24
    endloop
  endfacet
  facet normal 0 0 1
    outer loop
      vertex 13.5267 -10.3794 24
      vertex 16.0197 -9.79154 24
      vertex 14.7657 -8.525 24
    endloop
  endfacet
  facet normal 0 0 1
    outer loop
      vertex 16.0197 -9.79154 24
      vertex 13.5267 -10.3794 24
      vertex 14.915 -11.4447 24
    endloop
  endfacet
  facet normal 0 0 1
    outer loop
      vertex 14.915 -11.4447 24
      vertex 13.5267 -10.3794 24
      vertex 13.6041 -12.9396 24
    endloop
  endfacet
  facet normal -0 0 1
    outer loop
      vertex 12.0562 -12.0562 24
      vertex 13.6041 -12.9396 24
      vertex 13.5267 -10.3794 24
    endloop
  endfacet
  facet normal 0 0 1
    outer loop
      vertex 13.6041 -12.9396 24
      vertex 12.0562 -12.0562 24
      vertex 13.2936 -13.2936 24
    endloop
  endfacet
  facet normal 0 0 1
    outer loop
      vertex 13.2936 -13.2936 24
      vertex 12.0562 -12.0562 24
      vertex 12.9396 -13.6041 24
    endloop
  endfacet
  facet normal -0 0 1
    outer loop
      vertex 10.3794 -13.5267 24
      vertex 12.9396 -13.6041 24
      vertex 12.0562 -12.0562 24
    endloop
  endfacet
  facet normal 0 0 1
    outer loop
      vertex 12.9396 -13.6041 24
      vertex 10.3794 -13.5267 24
      vertex 11.4447 -14.915 24
    endloop
  endfacet
  facet normal 0 0 1
    outer loop
      vertex 10.3794 -13.5267 24
      vertex 9.79154 -16.0197 24
      vertex 11.4447 -14.915 24
    endloop
  endfacet
  facet normal -0 0 1
    outer loop
      vertex 8.525 -14.7657 24
      vertex 9.79154 -16.0197 24
      vertex 10.3794 -13.5267 24
    endloop
  endfacet
  facet normal 0 0 1
    outer loop
      vertex 9.79154 -16.0197 24
      vertex 8.525 -14.7657 24
      vertex 9.4 -16.2813 24
    endloop
  endfacet
  facet normal 0 0 1
    outer loop
      vertex 8.525 -14.7657 24
      vertex 7.61679 -17.1607 24
      vertex 9.4 -16.2813 24
    endloop
  endfacet
  facet normal -0 0 1
    outer loop
      vertex 6.52475 -15.7521 24
      vertex 7.61679 -17.1607 24
      vertex 8.525 -14.7657 24
    endloop
  endfacet
  facet normal 0 0 1
    outer loop
      vertex 7.61679 -17.1607 24
      vertex 6.52475 -15.7521 24
      vertex 7.19445 -17.3689 24
    endloop
  endfacet
  facet normal 0 0 1
    outer loop
      vertex 7.19445 -17.3689 24
      vertex 6.52475 -15.7521 24
      vertex 6.74854 -17.5203 24
    endloop
  endfacet
  facet normal -0 0 1
    outer loop
      vertex 4.41286 -16.469 24
      vertex 6.74854 -17.5203 24
      vertex 6.52475 -15.7521 24
    endloop
  endfacet
  facet normal 0 0 1
    outer loop
      vertex 6.74854 -17.5203 24
      vertex 4.41286 -16.469 24
      vertex 4.8658 -18.1594 24
    endloop
  endfacet
  facet normal 0 0 1
    outer loop
      vertex 4.41286 -16.469 24
      vertex 4.40394 -18.2513 24
      vertex 4.8658 -18.1594 24
    endloop
  endfacet
  facet normal -0 0 1
    outer loop
      vertex 2.22547 -16.9041 24
      vertex 4.40394 -18.2513 24
      vertex 4.41286 -16.469 24
    endloop
  endfacet
  facet normal 0 0 1
    outer loop
      vertex 4.40394 -18.2513 24
      vertex 2.22547 -16.9041 24
      vertex 2.45389 -18.6392 24
    endloop
  endfacet
  facet normal 0 0 1
    outer loop
      vertex 2.22547 -16.9041 24
      vertex 0.469894 -18.7692 24
      vertex 2.45389 -18.6392 24
    endloop
  endfacet
  facet normal -0 0 1
    outer loop
      vertex 0 -17.05 24
      vertex 0.469894 -18.7692 24
      vertex 2.22547 -16.9041 24
    endloop
  endfacet
  facet normal 0 0 1
    outer loop
      vertex 0 -17.05 24
      vertex 0 -18.8 24
      vertex 0.469894 -18.7692 24
    endloop
  endfacet
  facet normal 0 0 1
    outer loop
      vertex 0 -17.05 24
      vertex -0.469894 -18.7692 24
      vertex 0 -18.8 24
    endloop
  endfacet
  facet normal 0 0 1
    outer loop
      vertex -2.22547 -16.9041 24
      vertex -0.469894 -18.7692 24
      vertex 0 -17.05 24
    endloop
  endfacet
  facet normal 0 0 1
    outer loop
      vertex -2.22547 -16.9041 24
      vertex -2.45389 -18.6392 24
      vertex -0.469894 -18.7692 24
    endloop
  endfacet
  facet normal 0 0 1
    outer loop
      vertex -2.22547 -16.9041 24
      vertex -4.40394 -18.2513 24
      vertex -2.45389 -18.6392 24
    endloop
  endfacet
  facet normal 0 0 1
    outer loop
      vertex -4.41286 -16.469 24
      vertex -4.40394 -18.2513 24
      vertex -2.22547 -16.9041 24
    endloop
  endfacet
  facet normal 0 0 1
    outer loop
      vertex -4.41286 -16.469 24
      vertex -4.8658 -18.1594 24
      vertex -4.40394 -18.2513 24
    endloop
  endfacet
  facet normal 0 0 1
    outer loop
      vertex -6.74854 -17.5203 24
      vertex -4.41286 -16.469 24
      vertex -6.52475 -15.7521 24
    endloop
  endfacet
  facet normal 0 0 1
    outer loop
      vertex -4.41286 -16.469 24
      vertex -6.74854 -17.5203 24
      vertex -4.8658 -18.1594 24
    endloop
  endfacet
  facet normal 0 0 1
    outer loop
      vertex -6.52475 -15.7521 24
      vertex -7.19445 -17.3689 24
      vertex -6.74854 -17.5203 24
    endloop
  endfacet
  facet normal 0 0 1
    outer loop
      vertex -6.52475 -15.7521 24
      vertex -7.61679 -17.1607 24
      vertex -7.19445 -17.3689 24
    endloop
  endfacet
  facet normal 0 0 1
    outer loop
      vertex -8.525 -14.7657 24
      vertex -7.61679 -17.1607 24
      vertex -6.52475 -15.7521 24
    endloop
  endfacet
  facet normal 0 0 1
    outer loop
      vertex -8.525 -14.7657 24
      vertex -9.4 -16.2813 24
      vertex -7.61679 -17.1607 24
    endloop
  endfacet
  facet normal 0 0 1
    outer loop
      vertex -8.525 -14.7657 24
      vertex -9.79154 -16.0197 24
      vertex -9.4 -16.2813 24
    endloop
  endfacet
  facet normal 0 0 1
    outer loop
      vertex -10.3794 -13.5267 24
      vertex -9.79154 -16.0197 24
      vertex -8.525 -14.7657 24
    endloop
  endfacet
  facet normal 0 0 1
    outer loop
      vertex -10.3794 -13.5267 24
      vertex -11.4447 -14.915 24
      vertex -9.79154 -16.0197 24
    endloop
  endfacet
  facet normal 0 0 1
    outer loop
      vertex -12.9396 -13.6041 24
      vertex -10.3794 -13.5267 24
      vertex -12.0562 -12.0562 24
    endloop
  endfacet
  facet normal 0 0 1
    outer loop
      vertex -10.3794 -13.5267 24
      vertex -12.9396 -13.6041 24
      vertex -11.4447 -14.915 24
    endloop
  endfacet
  facet normal 0 0 1
    outer loop
      vertex -12.0562 -12.0562 24
      vertex -13.2936 -13.2936 24
      vertex -12.9396 -13.6041 24
    endloop
  endfacet
  facet normal 0 0 1
    outer loop
      vertex -13.6041 -12.9396 24
      vertex -12.0562 -12.0562 24
      vertex -13.5267 -10.3794 24
    endloop
  endfacet
  facet normal 0 0 1
    outer loop
      vertex -12.0562 -12.0562 24
      vertex -13.6041 -12.9396 24
      vertex -13.2936 -13.2936 24
    endloop
  endfacet
  facet normal -0 0 1
    outer loop
      vertex -16.0197 -9.79154 24
      vertex -13.5267 -10.3794 24
      vertex -14.7657 -8.525 24
    endloop
  endfacet
  facet normal 0 0 1
    outer loop
      vertex -13.5267 -10.3794 24
      vertex -14.915 -11.4447 24
      vertex -13.6041 -12.9396 24
    endloop
  endfacet
  facet normal -0 0 1
    outer loop
      vertex -17.1607 -7.61679 24
      vertex -14.7657 -8.525 24
      vertex -15.7521 -6.52475 24
    endloop
  endfacet
  facet normal 0 0 1
    outer loop
      vertex -13.5267 -10.3794 24
      vertex -16.0197 -9.79154 24
      vertex -14.915 -11.4447 24
    endloop
  endfacet
  facet normal 0 0 1
    outer loop
      vertex -14.7657 -8.525 24
      vertex -16.2813 -9.4 24
      vertex -16.0197 -9.79154 24
    endloop
  endfacet
  facet normal 0 0 1
    outer loop
      vertex -17.5203 -6.74854 24
      vertex -15.7521 -6.52475 24
      vertex -16.469 -4.41286 24
    endloop
  endfacet
  facet normal -0 0 1
    outer loop
      vertex -18.2513 -4.40394 24
      vertex -16.469 -4.41286 24
      vertex -16.9041 -2.22547 24
    endloop
  endfacet
  facet normal 0 0 1
    outer loop
      vertex -14.7657 -8.525 24
      vertex -17.1607 -7.61679 24
      vertex -16.2813 -9.4 24
    endloop
  endfacet
  facet normal -0 0 1
    outer loop
      vertex -18.7692 -0.469894 24
      vertex -16.9041 -2.22547 24
      vertex -17.05 0 24
    endloop
  endfacet
  facet normal 0 0 1
    outer loop
      vertex -15.7521 -6.52475 24
      vertex -17.5203 -6.74854 24
      vertex -17.3689 -7.19445 24
    endloop
  endfacet
  facet normal 0 0 1
    outer loop
      vertex -15.7521 -6.52475 24
      vertex -17.3689 -7.19445 24
      vertex -17.1607 -7.61679 24
    endloop
  endfacet
  facet normal 0 0 1
    outer loop
      vertex -16.469 -4.41286 24
      vertex -18.1594 -4.8658 24
      vertex -17.5203 -6.74854 24
    endloop
  endfacet
  facet normal 0 0 1
    outer loop
      vertex -16.469 -4.41286 24
      vertex -18.2513 -4.40394 24
      vertex -18.1594 -4.8658 24
    endloop
  endfacet
  facet normal 0 0 1
    outer loop
      vertex -16.9041 -2.22547 24
      vertex -18.6392 -2.45389 24
      vertex -18.2513 -4.40394 24
    endloop
  endfacet
  facet normal 0 0 1
    outer loop
      vertex -16.9041 -2.22547 24
      vertex -18.7692 -0.469894 24
      vertex -18.6392 -2.45389 24
    endloop
  endfacet
  facet normal 0 -0 1
    outer loop
      vertex -18.7692 -0.469894 24
      vertex -17.05 0 24
      vertex -18.8 0 24
    endloop
  endfacet
  facet normal 0.997858 -0.0654188 0
    outer loop
      vertex 16.9041 -2.22547 26
      vertex 17.05 0 24
      vertex 17.05 0 26
    endloop
  endfacet
  facet normal 0.997858 -0.0654188 0
    outer loop
      vertex 17.05 0 24
      vertex 16.9041 -2.22547 26
      vertex 16.9041 -2.22547 24
    endloop
  endfacet
  facet normal 0.980785 -0.195091 0
    outer loop
      vertex 16.469 -4.41286 26
      vertex 16.9041 -2.22547 24
      vertex 16.9041 -2.22547 26
    endloop
  endfacet
  facet normal 0.980785 -0.195091 0
    outer loop
      vertex 16.9041 -2.22547 24
      vertex 16.469 -4.41286 26
      vertex 16.469 -4.41286 24
    endloop
  endfacet
  facet normal 0.946929 -0.321443 0
    outer loop
      vertex 15.7521 -6.52475 26
      vertex 16.469 -4.41286 24
      vertex 16.469 -4.41286 26
    endloop
  endfacet
  facet normal 0.946929 -0.321443 0
    outer loop
      vertex 16.469 -4.41286 24
      vertex 15.7521 -6.52475 26
      vertex 15.7521 -6.52475 24
    endloop
  endfacet
  facet normal 0.896875 -0.442284 0
    outer loop
      vertex 14.7657 -8.525 26
      vertex 15.7521 -6.52475 24
      vertex 15.7521 -6.52475 26
    endloop
  endfacet
  facet normal 0.896875 -0.442284 0
    outer loop
      vertex 15.7521 -6.52475 24
      vertex 14.7657 -8.525 26
      vertex 14.7657 -8.525 24
    endloop
  endfacet
  facet normal 0.831484 -0.555548 0
    outer loop
      vertex 13.5267 -10.3794 26
      vertex 14.7657 -8.525 24
      vertex 14.7657 -8.525 26
    endloop
  endfacet
  facet normal 0.831484 -0.555548 0
    outer loop
      vertex 14.7657 -8.525 24
      vertex 13.5267 -10.3794 26
      vertex 13.5267 -10.3794 24
    endloop
  endfacet
  facet normal 0.751843 -0.659342 0
    outer loop
      vertex 12.0562 -12.0562 26
      vertex 13.5267 -10.3794 24
      vertex 13.5267 -10.3794 26
    endloop
  endfacet
  facet normal 0.751843 -0.659342 0
    outer loop
      vertex 13.5267 -10.3794 24
      vertex 12.0562 -12.0562 26
      vertex 12.0562 -12.0562 24
    endloop
  endfacet
  facet normal 0.659342 -0.751843 0
    outer loop
      vertex 10.3794 -13.5267 24
      vertex 12.0562 -12.0562 26
      vertex 10.3794 -13.5267 26
    endloop
  endfacet
  facet normal 0.659342 -0.751843 0
    outer loop
      vertex 12.0562 -12.0562 26
      vertex 10.3794 -13.5267 24
      vertex 12.0562 -12.0562 24
    endloop
  endfacet
  facet normal 0.555548 -0.831484 0
    outer loop
      vertex 8.525 -14.7657 24
      vertex 10.3794 -13.5267 26
      vertex 8.525 -14.7657 26
    endloop
  endfacet
  facet normal 0.555548 -0.831484 0
    outer loop
      vertex 10.3794 -13.5267 26
      vertex 8.525 -14.7657 24
      vertex 10.3794 -13.5267 24
    endloop
  endfacet
  facet normal 0.442284 -0.896875 0
    outer loop
      vertex 6.52475 -15.7521 24
      vertex 8.525 -14.7657 26
      vertex 6.52475 -15.7521 26
    endloop
  endfacet
  facet normal 0.442284 -0.896875 0
    outer loop
      vertex 8.525 -14.7657 26
      vertex 6.52475 -15.7521 24
      vertex 8.525 -14.7657 24
    endloop
  endfacet
  facet normal 0.321443 -0.946929 0
    outer loop
      vertex 4.41286 -16.469 24
      vertex 6.52475 -15.7521 26
      vertex 4.41286 -16.469 26
    endloop
  endfacet
  facet normal 0.321443 -0.946929 0
    outer loop
      vertex 6.52475 -15.7521 26
      vertex 4.41286 -16.469 24
      vertex 6.52475 -15.7521 24
    endloop
  endfacet
  facet normal 0.195091 -0.980785 0
    outer loop
      vertex 2.22547 -16.9041 24
      vertex 4.41286 -16.469 26
      vertex 2.22547 -16.9041 26
    endloop
  endfacet
  facet normal 0.195091 -0.980785 0
    outer loop
      vertex 4.41286 -16.469 26
      vertex 2.22547 -16.9041 24
      vertex 4.41286 -16.469 24
    endloop
  endfacet
  facet normal 0.0654188 -0.997858 0
    outer loop
      vertex 0 -17.05 24
      vertex 2.22547 -16.9041 26
      vertex 0 -17.05 26
    endloop
  endfacet
  facet normal 0.0654188 -0.997858 0
    outer loop
      vertex 2.22547 -16.9041 26
      vertex 0 -17.05 24
      vertex 2.22547 -16.9041 24
    endloop
  endfacet
  facet normal -0.0654188 -0.997858 0
    outer loop
      vertex -2.22547 -16.9041 24
      vertex 0 -17.05 26
      vertex -2.22547 -16.9041 26
    endloop
  endfacet
  facet normal -0.0654188 -0.997858 -0
    outer loop
      vertex 0 -17.05 26
      vertex -2.22547 -16.9041 24
      vertex 0 -17.05 24
    endloop
  endfacet
  facet normal -0.195091 -0.980785 0
    outer loop
      vertex -4.41286 -16.469 24
      vertex -2.22547 -16.9041 26
      vertex -4.41286 -16.469 26
    endloop
  endfacet
  facet normal -0.195091 -0.980785 -0
    outer loop
      vertex -2.22547 -16.9041 26
      vertex -4.41286 -16.469 24
      vertex -2.22547 -16.9041 24
    endloop
  endfacet
  facet normal -0.321443 -0.946929 0
    outer loop
      vertex -6.52475 -15.7521 24
      vertex -4.41286 -16.469 26
      vertex -6.52475 -15.7521 26
    endloop
  endfacet
  facet normal -0.321443 -0.946929 -0
    outer loop
      vertex -4.41286 -16.469 26
      vertex -6.52475 -15.7521 24
      vertex -4.41286 -16.469 24
    endloop
  endfacet
  facet normal -0.442284 -0.896875 0
    outer loop
      vertex -8.525 -14.7657 24
      vertex -6.52475 -15.7521 26
      vertex -8.525 -14.7657 26
    endloop
  endfacet
  facet normal -0.442284 -0.896875 -0
    outer loop
      vertex -6.52475 -15.7521 26
      vertex -8.525 -14.7657 24
      vertex -6.52475 -15.7521 24
    endloop
  endfacet
  facet normal -0.555548 -0.831484 0
    outer loop
      vertex -10.3794 -13.5267 24
      vertex -8.525 -14.7657 26
      vertex -10.3794 -13.5267 26
    endloop
  endfacet
  facet normal -0.555548 -0.831484 -0
    outer loop
      vertex -8.525 -14.7657 26
      vertex -10.3794 -13.5267 24
      vertex -8.525 -14.7657 24
    endloop
  endfacet
  facet normal -0.659342 -0.751843 0
    outer loop
      vertex -12.0562 -12.0562 24
      vertex -10.3794 -13.5267 26
      vertex -12.0562 -12.0562 26
    endloop
  endfacet
  facet normal -0.659342 -0.751843 -0
    outer loop
      vertex -10.3794 -13.5267 26
      vertex -12.0562 -12.0562 24
      vertex -10.3794 -13.5267 24
    endloop
  endfacet
  facet normal -0.751843 -0.659342 0
    outer loop
      vertex -12.0562 -12.0562 24
      vertex -13.5267 -10.3794 26
      vertex -13.5267 -10.3794 24
    endloop
  endfacet
  facet normal -0.751843 -0.659342 0
    outer loop
      vertex -13.5267 -10.3794 26
      vertex -12.0562 -12.0562 24
      vertex -12.0562 -12.0562 26
    endloop
  endfacet
  facet normal -0.831484 -0.555548 0
    outer loop
      vertex -13.5267 -10.3794 24
      vertex -14.7657 -8.525 26
      vertex -14.7657 -8.525 24
    endloop
  endfacet
  facet normal -0.831484 -0.555548 0
    outer loop
      vertex -14.7657 -8.525 26
      vertex -13.5267 -10.3794 24
      vertex -13.5267 -10.3794 26
    endloop
  endfacet
  facet normal -0.896875 -0.442284 0
    outer loop
      vertex -14.7657 -8.525 24
      vertex -15.7521 -6.52475 26
      vertex -15.7521 -6.52475 24
    endloop
  endfacet
  facet normal -0.896875 -0.442284 0
    outer loop
      vertex -15.7521 -6.52475 26
      vertex -14.7657 -8.525 24
      vertex -14.7657 -8.525 26
    endloop
  endfacet
  facet normal -0.946929 -0.321443 0
    outer loop
      vertex -15.7521 -6.52475 24
      vertex -16.469 -4.41286 26
      vertex -16.469 -4.41286 24
    endloop
  endfacet
  facet normal -0.946929 -0.321443 0
    outer loop
      vertex -16.469 -4.41286 26
      vertex -15.7521 -6.52475 24
      vertex -15.7521 -6.52475 26
    endloop
  endfacet
  facet normal -0.980785 -0.195091 0
    outer loop
      vertex -16.469 -4.41286 24
      vertex -16.9041 -2.22547 26
      vertex -16.9041 -2.22547 24
    endloop
  endfacet
  facet normal -0.980785 -0.195091 0
    outer loop
      vertex -16.9041 -2.22547 26
      vertex -16.469 -4.41286 24
      vertex -16.469 -4.41286 26
    endloop
  endfacet
  facet normal 0 0 -1
    outer loop
      vertex 17.05 0 26
      vertex 18.7 -2.91004e-06 26
      vertex 18.6666 -0.509052 26
    endloop
  endfacet
  facet normal 0 0 -1
    outer loop
      vertex 16.9041 -2.22547 26
      vertex 18.6666 -0.509052 26
      vertex 18.54 -2.44084 26
    endloop
  endfacet
  facet normal 0 0 -1
    outer loop
      vertex 16.9041 -2.22547 26
      vertex 18.54 -2.44084 26
      vertex 18.1623 -4.33957 26
    endloop
  endfacet
  facet normal 0 0 -1
    outer loop
      vertex 16.469 -4.41286 26
      vertex 18.1623 -4.33957 26
      vertex 18.0628 -4.83992 26
    endloop
  endfacet
  facet normal 0 0 -1
    outer loop
      vertex 16.469 -4.41286 26
      vertex 18.0628 -4.83992 26
      vertex 17.4405 -6.67311 26
    endloop
  endfacet
  facet normal 0 0 -1
    outer loop
      vertex 15.7521 -6.52475 26
      vertex 17.4405 -6.67311 26
      vertex 17.2765 -7.15618 26
    endloop
  endfacet
  facet normal 0 0 -1
    outer loop
      vertex 15.7521 -6.52475 26
      vertex 17.2765 -7.15618 26
      vertex 17.0509 -7.61371 26
    endloop
  endfacet
  facet normal -0 0 -1
    outer loop
      vertex 18.1623 -4.33957 26
      vertex 16.469 -4.41286 26
      vertex 16.9041 -2.22547 26
    endloop
  endfacet
  facet normal 0 0 -1
    outer loop
      vertex 18.7 -2.91004e-06 26
      vertex 17.05 0 26
      vertex 18.7 0 26
    endloop
  endfacet
  facet normal 0 -0 -1
    outer loop
      vertex 17.05 0 26
      vertex 18.6666 -0.509052 26
      vertex 16.9041 -2.22547 26
    endloop
  endfacet
  facet normal 0 0 -1
    outer loop
      vertex 14.7657 -8.525 26
      vertex 17.0509 -7.61371 26
      vertex 16.1947 -9.35 26
    endloop
  endfacet
  facet normal 0 0 -1
    outer loop
      vertex 14.7657 -8.525 26
      vertex 16.1947 -9.35 26
      vertex 15.9113 -9.77417 26
    endloop
  endfacet
  facet normal 0 0 -1
    outer loop
      vertex 17.4405 -6.67311 26
      vertex 15.7521 -6.52475 26
      vertex 16.469 -4.41286 26
    endloop
  endfacet
  facet normal 0 0 -1
    outer loop
      vertex 13.5267 -10.3794 26
      vertex 15.9113 -9.77417 26
      vertex 14.8357 -11.3838 26
    endloop
  endfacet
  facet normal -0 0 -1
    outer loop
      vertex 17.0509 -7.61371 26
      vertex 14.7657 -8.525 26
      vertex 15.7521 -6.52475 26
    endloop
  endfacet
  facet normal 0 0 -1
    outer loop
      vertex 13.5267 -10.3794 26
      vertex 14.8357 -11.3838 26
      vertex 13.5593 -12.8393 26
    endloop
  endfacet
  facet normal -0 0 -1
    outer loop
      vertex 15.9113 -9.77417 26
      vertex 13.5267 -10.3794 26
      vertex 14.7657 -8.525 26
    endloop
  endfacet
  facet normal 0 0 -1
    outer loop
      vertex 12.0562 -12.0562 26
      vertex 13.5593 -12.8393 26
      vertex 13.2229 -13.2229 26
    endloop
  endfacet
  facet normal 0 0 -1
    outer loop
      vertex 12.0562 -12.0562 26
      vertex 13.2229 -13.2229 26
      vertex 12.8393 -13.5593 26
    endloop
  endfacet
  facet normal 0 0 -1
    outer loop
      vertex 13.5593 -12.8393 26
      vertex 12.0562 -12.0562 26
      vertex 13.5267 -10.3794 26
    endloop
  endfacet
  facet normal 0 0 -1
    outer loop
      vertex 10.3794 -13.5267 26
      vertex 12.8393 -13.5593 26
      vertex 11.3838 -14.8357 26
    endloop
  endfacet
  facet normal 0 0 -1
    outer loop
      vertex 12.8393 -13.5593 26
      vertex 10.3794 -13.5267 26
      vertex 12.0562 -12.0562 26
    endloop
  endfacet
  facet normal 0 0 -1
    outer loop
      vertex 9.77417 -15.9113 26
      vertex 10.3794 -13.5267 26
      vertex 11.3838 -14.8357 26
    endloop
  endfacet
  facet normal 0 0 -1
    outer loop
      vertex 8.525 -14.7657 26
      vertex 9.77417 -15.9113 26
      vertex 9.35 -16.1947 26
    endloop
  endfacet
  facet normal 0 0 -1
    outer loop
      vertex 9.77417 -15.9113 26
      vertex 8.525 -14.7657 26
      vertex 10.3794 -13.5267 26
    endloop
  endfacet
  facet normal 0 0 -1
    outer loop
      vertex 7.61371 -17.0509 26
      vertex 8.525 -14.7657 26
      vertex 9.35 -16.1947 26
    endloop
  endfacet
  facet normal 0 0 -1
    outer loop
      vertex 6.52475 -15.7521 26
      vertex 7.61371 -17.0509 26
      vertex 7.15618 -17.2765 26
    endloop
  endfacet
  facet normal 0 0 -1
    outer loop
      vertex 6.52475 -15.7521 26
      vertex 7.15618 -17.2765 26
      vertex 6.67311 -17.4405 26
    endloop
  endfacet
  facet normal 0 0 -1
    outer loop
      vertex 7.61371 -17.0509 26
      vertex 6.52475 -15.7521 26
      vertex 8.525 -14.7657 26
    endloop
  endfacet
  facet normal 0 0 -1
    outer loop
      vertex 4.41286 -16.469 26
      vertex 6.67311 -17.4405 26
      vertex 4.83992 -18.0628 26
    endloop
  endfacet
  facet normal 0 0 -1
    outer loop
      vertex 6.67311 -17.4405 26
      vertex 4.41286 -16.469 26
      vertex 6.52475 -15.7521 26
    endloop
  endfacet
  facet normal 0 0 -1
    outer loop
      vertex 4.33957 -18.1623 26
      vertex 4.41286 -16.469 26
      vertex 4.83992 -18.0628 26
    endloop
  endfacet
  facet normal 0 0 -1
    outer loop
      vertex 2.22547 -16.9041 26
      vertex 4.33957 -18.1623 26
      vertex 2.44084 -18.54 26
    endloop
  endfacet
  facet normal 0 0 -1
    outer loop
      vertex 4.33957 -18.1623 26
      vertex 2.22547 -16.9041 26
      vertex 4.41286 -16.469 26
    endloop
  endfacet
  facet normal 0 0 -1
    outer loop
      vertex 0.509052 -18.6666 26
      vertex 2.22547 -16.9041 26
      vertex 2.44084 -18.54 26
    endloop
  endfacet
  facet normal 0 0 -1
    outer loop
      vertex 0 -17.05 26
      vertex 0.509052 -18.6666 26
      vertex 0 -18.7 26
    endloop
  endfacet
  facet normal 0 0 -1
    outer loop
      vertex 0.509052 -18.6666 26
      vertex 0 -17.05 26
      vertex 2.22547 -16.9041 26
    endloop
  endfacet
  facet normal 0 0 -1
    outer loop
      vertex -0.509052 -18.6666 26
      vertex 0 -17.05 26
      vertex 0 -18.7 26
    endloop
  endfacet
  facet normal 0 0 -1
    outer loop
      vertex -0.509052 -18.6666 26
      vertex -2.22547 -16.9041 26
      vertex 0 -17.05 26
    endloop
  endfacet
  facet normal 0 0 -1
    outer loop
      vertex -2.44084 -18.54 26
      vertex -2.22547 -16.9041 26
      vertex -0.509052 -18.6666 26
    endloop
  endfacet
  facet normal 0 0 -1
    outer loop
      vertex -4.33957 -18.1623 26
      vertex -2.22547 -16.9041 26
      vertex -2.44084 -18.54 26
    endloop
  endfacet
  facet normal 0 0 -1
    outer loop
      vertex -4.33957 -18.1623 26
      vertex -4.41286 -16.469 26
      vertex -2.22547 -16.9041 26
    endloop
  endfacet
  facet normal 0 0 -1
    outer loop
      vertex -4.83992 -18.0628 26
      vertex -4.41286 -16.469 26
      vertex -4.33957 -18.1623 26
    endloop
  endfacet
  facet normal 0 0 -1
    outer loop
      vertex -6.67311 -17.4405 26
      vertex -4.41286 -16.469 26
      vertex -4.83992 -18.0628 26
    endloop
  endfacet
  facet normal -0 0 -1
    outer loop
      vertex -4.41286 -16.469 26
      vertex -6.67311 -17.4405 26
      vertex -6.52475 -15.7521 26
    endloop
  endfacet
  facet normal 0 0 -1
    outer loop
      vertex -7.15618 -17.2765 26
      vertex -6.52475 -15.7521 26
      vertex -6.67311 -17.4405 26
    endloop
  endfacet
  facet normal 0 0 -1
    outer loop
      vertex -7.61371 -17.0509 26
      vertex -6.52475 -15.7521 26
      vertex -7.15618 -17.2765 26
    endloop
  endfacet
  facet normal 0 0 -1
    outer loop
      vertex -7.61371 -17.0509 26
      vertex -8.525 -14.7657 26
      vertex -6.52475 -15.7521 26
    endloop
  endfacet
  facet normal 0 0 -1
    outer loop
      vertex -9.35 -16.1947 26
      vertex -8.525 -14.7657 26
      vertex -7.61371 -17.0509 26
    endloop
  endfacet
  facet normal 0 0 -1
    outer loop
      vertex -9.77417 -15.9113 26
      vertex -8.525 -14.7657 26
      vertex -9.35 -16.1947 26
    endloop
  endfacet
  facet normal 0 0 -1
    outer loop
      vertex -9.77417 -15.9113 26
      vertex -10.3794 -13.5267 26
      vertex -8.525 -14.7657 26
    endloop
  endfacet
  facet normal 0 0 -1
    outer loop
      vertex -11.3838 -14.8357 26
      vertex -10.3794 -13.5267 26
      vertex -9.77417 -15.9113 26
    endloop
  endfacet
  facet normal 0 0 -1
    outer loop
      vertex -12.8393 -13.5593 26
      vertex -10.3794 -13.5267 26
      vertex -11.3838 -14.8357 26
    endloop
  endfacet
  facet normal -0 0 -1
    outer loop
      vertex -10.3794 -13.5267 26
      vertex -12.8393 -13.5593 26
      vertex -12.0562 -12.0562 26
    endloop
  endfacet
  facet normal 0 0 -1
    outer loop
      vertex -13.2229 -13.2229 26
      vertex -12.0562 -12.0562 26
      vertex -12.8393 -13.5593 26
    endloop
  endfacet
  facet normal 0 0 -1
    outer loop
      vertex -13.5593 -12.8393 26
      vertex -12.0562 -12.0562 26
      vertex -13.2229 -13.2229 26
    endloop
  endfacet
  facet normal -0 0 -1
    outer loop
      vertex -12.0562 -12.0562 26
      vertex -13.5593 -12.8393 26
      vertex -13.5267 -10.3794 26
    endloop
  endfacet
  facet normal 0 0 -1
    outer loop
      vertex -14.8357 -11.3838 26
      vertex -13.5267 -10.3794 26
      vertex -13.5593 -12.8393 26
    endloop
  endfacet
  facet normal 0 0 -1
    outer loop
      vertex -15.9113 -9.77417 26
      vertex -13.5267 -10.3794 26
      vertex -14.8357 -11.3838 26
    endloop
  endfacet
  facet normal 0 0 -1
    outer loop
      vertex -13.5267 -10.3794 26
      vertex -15.9113 -9.77417 26
      vertex -14.7657 -8.525 26
    endloop
  endfacet
  facet normal 0 0 -1
    outer loop
      vertex -16.1947 -9.35 26
      vertex -14.7657 -8.525 26
      vertex -15.9113 -9.77417 26
    endloop
  endfacet
  facet normal 0 0 -1
    outer loop
      vertex -17.0509 -7.61371 26
      vertex -14.7657 -8.525 26
      vertex -16.1947 -9.35 26
    endloop
  endfacet
  facet normal 0 0 -1
    outer loop
      vertex -14.7657 -8.525 26
      vertex -17.0509 -7.61371 26
      vertex -15.7521 -6.52475 26
    endloop
  endfacet
  facet normal 0 0 -1
    outer loop
      vertex -17.2765 -7.15618 26
      vertex -15.7521 -6.52475 26
      vertex -17.0509 -7.61371 26
    endloop
  endfacet
  facet normal 0 0 -1
    outer loop
      vertex -17.4405 -6.67311 26
      vertex -15.7521 -6.52475 26
      vertex -17.2765 -7.15618 26
    endloop
  endfacet
  facet normal 0 0 -1
    outer loop
      vertex -18.0628 -4.83992 26
      vertex -16.469 -4.41286 26
      vertex -17.4405 -6.67311 26
    endloop
  endfacet
  facet normal -0 0 -1
    outer loop
      vertex -15.7521 -6.52475 26
      vertex -17.4405 -6.67311 26
      vertex -16.469 -4.41286 26
    endloop
  endfacet
  facet normal 0 0 -1
    outer loop
      vertex -18.1623 -4.33957 26
      vertex -16.469 -4.41286 26
      vertex -18.0628 -4.83992 26
    endloop
  endfacet
  facet normal 0 0 -1
    outer loop
      vertex -16.469 -4.41286 26
      vertex -18.1623 -4.33957 26
      vertex -16.9041 -2.22547 26
    endloop
  endfacet
  facet normal 0 0 -1
    outer loop
      vertex -18.54 -2.44084 26
      vertex -16.9041 -2.22547 26
      vertex -18.1623 -4.33957 26
    endloop
  endfacet
  facet normal 0 0 -1
    outer loop
      vertex -18.6666 -0.509052 26
      vertex -16.9041 -2.22547 26
      vertex -18.54 -2.44084 26
    endloop
  endfacet
  facet normal 0 0 -1
    outer loop
      vertex -16.9041 -2.22547 26
      vertex -18.6666 -0.509052 26
      vertex -17.05 0 26
    endloop
  endfacet
  facet normal -0 0 -1
    outer loop
      vertex -17.05 0 26
      vertex -18.6666 -0.509052 26
      vertex -18.7 0 26
    endloop
  endfacet
  facet normal -0.997858 -0.0654188 0
    outer loop
      vertex -16.9041 -2.22547 24
      vertex -17.05 0 26
      vertex -17.05 0 24
    endloop
  endfacet
  facet normal -0.997858 -0.0654188 0
    outer loop
      vertex -17.05 0 26
      vertex -16.9041 -2.22547 24
      vertex -16.9041 -2.22547 26
    endloop
  endfacet
  facet normal -0 0 1
    outer loop
      vertex 15.8 0 49
      vertex 17.45 -1.5257 49
      vertex 17.45 0 49
    endloop
  endfacet
  facet normal 0 0 1
    outer loop
      vertex 17.45 -1.5257 49
      vertex 15.6648 -2.06231 49
      vertex 17.3999 -2.29073 49
    endloop
  endfacet
  facet normal 0 0 1
    outer loop
      vertex 17.3999 -2.29073 49
      vertex 15.6648 -2.06231 49
      vertex 17.1396 -3.59932 49
    endloop
  endfacet
  facet normal 0 0 1
    outer loop
      vertex 15.2616 -4.08934 49
      vertex 17.1396 -3.59932 49
      vertex 15.6648 -2.06231 49
    endloop
  endfacet
  facet normal 0 0 1
    outer loop
      vertex 17.1396 -3.59932 49
      vertex 15.2616 -4.08934 49
      vertex 16.952 -4.54227 49
    endloop
  endfacet
  facet normal 0 0 1
    outer loop
      vertex 17.45 -1.5257 49
      vertex 15.8 0 49
      vertex 15.6648 -2.06231 49
    endloop
  endfacet
  facet normal 0 0 1
    outer loop
      vertex 16.952 -4.54227 49
      vertex 15.2616 -4.08934 49
      vertex 16.5231 -5.80569 49
    endloop
  endfacet
  facet normal 0 0 1
    outer loop
      vertex 14.5973 -6.0464 49
      vertex 16.5231 -5.80569 49
      vertex 15.2616 -4.08934 49
    endloop
  endfacet
  facet normal 0 0 1
    outer loop
      vertex 16.5231 -5.80569 49
      vertex 14.5973 -6.0464 49
      vertex 16.2141 -6.71609 49
    endloop
  endfacet
  facet normal 0 0 1
    outer loop
      vertex 16.2141 -6.71609 49
      vertex 14.5973 -6.0464 49
      vertex 15.7889 -7.57837 49
    endloop
  endfacet
  facet normal 0 0 1
    outer loop
      vertex 13.6832 -7.9 49
      vertex 15.7889 -7.57837 49
      vertex 14.5973 -6.0464 49
    endloop
  endfacet
  facet normal 0 0 1
    outer loop
      vertex 15.7889 -7.57837 49
      vertex 13.6832 -7.9 49
      vertex 15.1987 -8.775 49
    endloop
  endfacet
  facet normal 0 0 1
    outer loop
      vertex 15.1987 -8.775 49
      vertex 13.6832 -7.9 49
      vertex 14.6646 -9.5744 49
    endloop
  endfacet
  facet normal 0 0 1
    outer loop
      vertex 12.535 -9.61843 49
      vertex 14.6646 -9.5744 49
      vertex 13.6832 -7.9 49
    endloop
  endfacet
  facet normal 0 0 1
    outer loop
      vertex 14.6646 -9.5744 49
      vertex 12.535 -9.61843 49
      vertex 13.9234 -10.6838 49
    endloop
  endfacet
  facet normal 0 0 1
    outer loop
      vertex 13.9234 -10.6838 49
      vertex 12.535 -9.61843 49
      vertex 13.0436 -11.6869 49
    endloop
  endfacet
  facet normal -0 0 1
    outer loop
      vertex 11.1723 -11.1723 49
      vertex 13.0436 -11.6869 49
      vertex 12.535 -9.61843 49
    endloop
  endfacet
  facet normal 0 0 1
    outer loop
      vertex 13.0436 -11.6869 49
      vertex 11.1723 -11.1723 49
      vertex 12.4097 -12.4097 49
    endloop
  endfacet
  facet normal 0 0 1
    outer loop
      vertex 12.4097 -12.4097 49
      vertex 11.1723 -11.1723 49
      vertex 11.6869 -13.0436 49
    endloop
  endfacet
  facet normal -0 0 1
    outer loop
      vertex 9.61843 -12.535 49
      vertex 11.6869 -13.0436 49
      vertex 11.1723 -11.1723 49
    endloop
  endfacet
  facet normal 0 0 1
    outer loop
      vertex 11.6869 -13.0436 49
      vertex 9.61843 -12.535 49
      vertex 10.6838 -13.9234 49
    endloop
  endfacet
  facet normal 0 0 1
    outer loop
      vertex 9.61843 -12.535 49
      vertex 9.5744 -14.6646 49
      vertex 10.6838 -13.9234 49
    endloop
  endfacet
  facet normal -0 0 1
    outer loop
      vertex 7.9 -13.6832 49
      vertex 9.5744 -14.6646 49
      vertex 9.61843 -12.535 49
    endloop
  endfacet
  facet normal 0 0 1
    outer loop
      vertex 9.5744 -14.6646 49
      vertex 7.9 -13.6832 49
      vertex 8.775 -15.1987 49
    endloop
  endfacet
  facet normal 0 0 1
    outer loop
      vertex 7.9 -13.6832 49
      vertex 7.57837 -15.7889 49
      vertex 8.775 -15.1987 49
    endloop
  endfacet
  facet normal -0 0 1
    outer loop
      vertex 6.0464 -14.5973 49
      vertex 7.57837 -15.7889 49
      vertex 7.9 -13.6832 49
    endloop
  endfacet
  facet normal 0 0 1
    outer loop
      vertex 7.57837 -15.7889 49
      vertex 6.0464 -14.5973 49
      vertex 6.71609 -16.2141 49
    endloop
  endfacet
  facet normal 0 0 1
    outer loop
      vertex 6.0464 -14.5973 49
      vertex 5.80569 -16.5231 49
      vertex 6.71609 -16.2141 49
    endloop
  endfacet
  facet normal -0 0 1
    outer loop
      vertex 4.08934 -15.2616 49
      vertex 5.80569 -16.5231 49
      vertex 6.0464 -14.5973 49
    endloop
  endfacet
  facet normal 0 0 1
    outer loop
      vertex 5.80569 -16.5231 49
      vertex 4.08934 -15.2616 49
      vertex 4.54227 -16.952 49
    endloop
  endfacet
  facet normal 0 0 1
    outer loop
      vertex 4.08934 -15.2616 49
      vertex 3.59932 -17.1396 49
      vertex 4.54227 -16.952 49
    endloop
  endfacet
  facet normal -0 0 1
    outer loop
      vertex 2.06231 -15.6648 49
      vertex 3.59932 -17.1396 49
      vertex 4.08934 -15.2616 49
    endloop
  endfacet
  facet normal 0 0 1
    outer loop
      vertex 3.59932 -17.1396 49
      vertex 2.06231 -15.6648 49
      vertex 2.29073 -17.3999 49
    endloop
  endfacet
  facet normal 0 0 1
    outer loop
      vertex 2.06231 -15.6648 49
      vertex 0.959367 -17.4871 49
      vertex 2.29073 -17.3999 49
    endloop
  endfacet
  facet normal -0 0 1
    outer loop
      vertex 0 -15.8 49
      vertex 0.959367 -17.4871 49
      vertex 2.06231 -15.6648 49
    endloop
  endfacet
  facet normal 0 0 1
    outer loop
      vertex 0 -15.8 49
      vertex 0 -17.55 49
      vertex 0.959367 -17.4871 49
    endloop
  endfacet
  facet normal 0 0 1
    outer loop
      vertex 0 -15.8 49
      vertex -0.959367 -17.4871 49
      vertex 0 -17.55 49
    endloop
  endfacet
  facet normal 0 0 1
    outer loop
      vertex -2.06231 -15.6648 49
      vertex -0.959367 -17.4871 49
      vertex 0 -15.8 49
    endloop
  endfacet
  facet normal 0 0 1
    outer loop
      vertex -2.06231 -15.6648 49
      vertex -2.29073 -17.3999 49
      vertex -0.959367 -17.4871 49
    endloop
  endfacet
  facet normal 0 0 1
    outer loop
      vertex -2.06231 -15.6648 49
      vertex -3.59932 -17.1396 49
      vertex -2.29073 -17.3999 49
    endloop
  endfacet
  facet normal 0 0 1
    outer loop
      vertex -4.08934 -15.2616 49
      vertex -3.59932 -17.1396 49
      vertex -2.06231 -15.6648 49
    endloop
  endfacet
  facet normal 0 0 1
    outer loop
      vertex -4.08934 -15.2616 49
      vertex -4.54227 -16.952 49
      vertex -3.59932 -17.1396 49
    endloop
  endfacet
  facet normal 0 0 1
    outer loop
      vertex -4.08934 -15.2616 49
      vertex -5.80569 -16.5231 49
      vertex -4.54227 -16.952 49
    endloop
  endfacet
  facet normal 0 0 1
    outer loop
      vertex -6.0464 -14.5973 49
      vertex -5.80569 -16.5231 49
      vertex -4.08934 -15.2616 49
    endloop
  endfacet
  facet normal 0 0 1
    outer loop
      vertex -6.0464 -14.5973 49
      vertex -6.71609 -16.2141 49
      vertex -5.80569 -16.5231 49
    endloop
  endfacet
  facet normal 0 0 1
    outer loop
      vertex -6.0464 -14.5973 49
      vertex -7.57837 -15.7889 49
      vertex -6.71609 -16.2141 49
    endloop
  endfacet
  facet normal 0 0 1
    outer loop
      vertex -7.9 -13.6832 49
      vertex -7.57837 -15.7889 49
      vertex -6.0464 -14.5973 49
    endloop
  endfacet
  facet normal 0 0 1
    outer loop
      vertex -7.9 -13.6832 49
      vertex -8.775 -15.1987 49
      vertex -7.57837 -15.7889 49
    endloop
  endfacet
  facet normal 0 0 1
    outer loop
      vertex -7.9 -13.6832 49
      vertex -9.5744 -14.6646 49
      vertex -8.775 -15.1987 49
    endloop
  endfacet
  facet normal 0 0 1
    outer loop
      vertex -9.61843 -12.535 49
      vertex -9.5744 -14.6646 49
      vertex -7.9 -13.6832 49
    endloop
  endfacet
  facet normal 0 0 1
    outer loop
      vertex -9.61843 -12.535 49
      vertex -10.6838 -13.9234 49
      vertex -9.5744 -14.6646 49
    endloop
  endfacet
  facet normal 0 0 1
    outer loop
      vertex -11.6869 -13.0436 49
      vertex -9.61843 -12.535 49
      vertex -11.1723 -11.1723 49
    endloop
  endfacet
  facet normal 0 0 1
    outer loop
      vertex -9.61843 -12.535 49
      vertex -11.6869 -13.0436 49
      vertex -10.6838 -13.9234 49
    endloop
  endfacet
  facet normal 0 0 1
    outer loop
      vertex -11.1723 -11.1723 49
      vertex -12.4097 -12.4097 49
      vertex -11.6869 -13.0436 49
    endloop
  endfacet
  facet normal 0 0 1
    outer loop
      vertex -13.0436 -11.6869 49
      vertex -11.1723 -11.1723 49
      vertex -12.535 -9.61843 49
    endloop
  endfacet
  facet normal 0 0 1
    outer loop
      vertex -11.1723 -11.1723 49
      vertex -13.0436 -11.6869 49
      vertex -12.4097 -12.4097 49
    endloop
  endfacet
  facet normal -0 0 1
    outer loop
      vertex -14.6646 -9.5744 49
      vertex -12.535 -9.61843 49
      vertex -13.6832 -7.9 49
    endloop
  endfacet
  facet normal 0 0 1
    outer loop
      vertex -12.535 -9.61843 49
      vertex -13.9234 -10.6838 49
      vertex -13.0436 -11.6869 49
    endloop
  endfacet
  facet normal -0 0 1
    outer loop
      vertex -15.7889 -7.57837 49
      vertex -13.6832 -7.9 49
      vertex -14.5973 -6.0464 49
    endloop
  endfacet
  facet normal 0 0 1
    outer loop
      vertex -12.535 -9.61843 49
      vertex -14.6646 -9.5744 49
      vertex -13.9234 -10.6838 49
    endloop
  endfacet
  facet normal 0 0 1
    outer loop
      vertex -13.6832 -7.9 49
      vertex -15.1987 -8.775 49
      vertex -14.6646 -9.5744 49
    endloop
  endfacet
  facet normal -0 0 1
    outer loop
      vertex -16.5231 -5.80569 49
      vertex -14.5973 -6.0464 49
      vertex -15.2616 -4.08934 49
    endloop
  endfacet
  facet normal -0 0 1
    outer loop
      vertex -17.1396 -3.59932 49
      vertex -15.2616 -4.08934 49
      vertex -15.6648 -2.06231 49
    endloop
  endfacet
  facet normal 0 0 1
    outer loop
      vertex -13.6832 -7.9 49
      vertex -15.7889 -7.57837 49
      vertex -15.1987 -8.775 49
    endloop
  endfacet
  facet normal -0 0 1
    outer loop
      vertex -17.4871 -0.959367 49
      vertex -15.6648 -2.06231 49
      vertex -15.8 0 49
    endloop
  endfacet
  facet normal 0 0 1
    outer loop
      vertex -14.5973 -6.0464 49
      vertex -16.2141 -6.71609 49
      vertex -15.7889 -7.57837 49
    endloop
  endfacet
  facet normal 0 0 1
    outer loop
      vertex -14.5973 -6.0464 49
      vertex -16.5231 -5.80569 49
      vertex -16.2141 -6.71609 49
    endloop
  endfacet
  facet normal 0 0 1
    outer loop
      vertex -15.2616 -4.08934 49
      vertex -16.952 -4.54227 49
      vertex -16.5231 -5.80569 49
    endloop
  endfacet
  facet normal 0 0 1
    outer loop
      vertex -15.2616 -4.08934 49
      vertex -17.1396 -3.59932 49
      vertex -16.952 -4.54227 49
    endloop
  endfacet
  facet normal 0 0 1
    outer loop
      vertex -15.6648 -2.06231 49
      vertex -17.3999 -2.29073 49
      vertex -17.1396 -3.59932 49
    endloop
  endfacet
  facet normal 0 0 1
    outer loop
      vertex -15.6648 -2.06231 49
      vertex -17.4871 -0.959367 49
      vertex -17.3999 -2.29073 49
    endloop
  endfacet
  facet normal 0 -0 1
    outer loop
      vertex -17.4871 -0.959367 49
      vertex -15.8 0 49
      vertex -17.55 0 49
    endloop
  endfacet
  facet normal 0.997858 -0.0654171 0
    outer loop
      vertex 15.6648 -2.06231 51
      vertex 15.8 0 49
      vertex 15.8 0 51
    endloop
  endfacet
  facet normal 0.997858 -0.0654171 0
    outer loop
      vertex 15.8 0 49
      vertex 15.6648 -2.06231 51
      vertex 15.6648 -2.06231 49
    endloop
  endfacet
  facet normal 0.980785 -0.19509 0
    outer loop
      vertex 15.2616 -4.08934 51
      vertex 15.6648 -2.06231 49
      vertex 15.6648 -2.06231 51
    endloop
  endfacet
  facet normal 0.980785 -0.19509 0
    outer loop
      vertex 15.6648 -2.06231 49
      vertex 15.2616 -4.08934 51
      vertex 15.2616 -4.08934 49
    endloop
  endfacet
  facet normal 0.946935 -0.321425 0
    outer loop
      vertex 14.5973 -6.0464 51
      vertex 15.2616 -4.08934 49
      vertex 15.2616 -4.08934 51
    endloop
  endfacet
  facet normal 0.946935 -0.321425 0
    outer loop
      vertex 15.2616 -4.08934 49
      vertex 14.5973 -6.0464 51
      vertex 14.5973 -6.0464 49
    endloop
  endfacet
  facet normal 0.896872 -0.442291 0
    outer loop
      vertex 13.6832 -7.9 51
      vertex 14.5973 -6.0464 49
      vertex 14.5973 -6.0464 51
    endloop
  endfacet
  facet normal 0.896872 -0.442291 0
    outer loop
      vertex 14.5973 -6.0464 49
      vertex 13.6832 -7.9 51
      vertex 13.6832 -7.9 49
    endloop
  endfacet
  facet normal 0.831474 -0.555564 0
    outer loop
      vertex 12.535 -9.61843 51
      vertex 13.6832 -7.9 49
      vertex 13.6832 -7.9 51
    endloop
  endfacet
  facet normal 0.831474 -0.555564 0
    outer loop
      vertex 13.6832 -7.9 49
      vertex 12.535 -9.61843 51
      vertex 12.535 -9.61843 49
    endloop
  endfacet
  facet normal 0.751842 -0.659344 0
    outer loop
      vertex 11.1723 -11.1723 51
      vertex 12.535 -9.61843 49
      vertex 12.535 -9.61843 51
    endloop
  endfacet
  facet normal 0.751842 -0.659344 0
    outer loop
      vertex 12.535 -9.61843 49
      vertex 11.1723 -11.1723 51
      vertex 11.1723 -11.1723 49
    endloop
  endfacet
  facet normal 0.659344 -0.751842 0
    outer loop
      vertex 9.61843 -12.535 49
      vertex 11.1723 -11.1723 51
      vertex 9.61843 -12.535 51
    endloop
  endfacet
  facet normal 0.659344 -0.751842 0
    outer loop
      vertex 11.1723 -11.1723 51
      vertex 9.61843 -12.535 49
      vertex 11.1723 -11.1723 49
    endloop
  endfacet
  facet normal 0.555564 -0.831474 0
    outer loop
      vertex 7.9 -13.6832 49
      vertex 9.61843 -12.535 51
      vertex 7.9 -13.6832 51
    endloop
  endfacet
  facet normal 0.555564 -0.831474 0
    outer loop
      vertex 9.61843 -12.535 51
      vertex 7.9 -13.6832 49
      vertex 9.61843 -12.535 49
    endloop
  endfacet
  facet normal 0.442291 -0.896872 0
    outer loop
      vertex 6.0464 -14.5973 49
      vertex 7.9 -13.6832 51
      vertex 6.0464 -14.5973 51
    endloop
  endfacet
  facet normal 0.442291 -0.896872 0
    outer loop
      vertex 7.9 -13.6832 51
      vertex 6.0464 -14.5973 49
      vertex 7.9 -13.6832 49
    endloop
  endfacet
  facet normal 0.321425 -0.946935 0
    outer loop
      vertex 4.08934 -15.2616 49
      vertex 6.0464 -14.5973 51
      vertex 4.08934 -15.2616 51
    endloop
  endfacet
  facet normal 0.321425 -0.946935 0
    outer loop
      vertex 6.0464 -14.5973 51
      vertex 4.08934 -15.2616 49
      vertex 6.0464 -14.5973 49
    endloop
  endfacet
  facet normal 0.19509 -0.980785 0
    outer loop
      vertex 2.06231 -15.6648 49
      vertex 4.08934 -15.2616 51
      vertex 2.06231 -15.6648 51
    endloop
  endfacet
  facet normal 0.19509 -0.980785 0
    outer loop
      vertex 4.08934 -15.2616 51
      vertex 2.06231 -15.6648 49
      vertex 4.08934 -15.2616 49
    endloop
  endfacet
  facet normal 0.0654171 -0.997858 0
    outer loop
      vertex 0 -15.8 49
      vertex 2.06231 -15.6648 51
      vertex 0 -15.8 51
    endloop
  endfacet
  facet normal 0.0654171 -0.997858 0
    outer loop
      vertex 2.06231 -15.6648 51
      vertex 0 -15.8 49
      vertex 2.06231 -15.6648 49
    endloop
  endfacet
  facet normal -0.0654171 -0.997858 0
    outer loop
      vertex -2.06231 -15.6648 49
      vertex 0 -15.8 51
      vertex -2.06231 -15.6648 51
    endloop
  endfacet
  facet normal -0.0654171 -0.997858 -0
    outer loop
      vertex 0 -15.8 51
      vertex -2.06231 -15.6648 49
      vertex 0 -15.8 49
    endloop
  endfacet
  facet normal -0.19509 -0.980785 0
    outer loop
      vertex -4.08934 -15.2616 49
      vertex -2.06231 -15.6648 51
      vertex -4.08934 -15.2616 51
    endloop
  endfacet
  facet normal -0.19509 -0.980785 -0
    outer loop
      vertex -2.06231 -15.6648 51
      vertex -4.08934 -15.2616 49
      vertex -2.06231 -15.6648 49
    endloop
  endfacet
  facet normal -0.321425 -0.946935 0
    outer loop
      vertex -6.0464 -14.5973 49
      vertex -4.08934 -15.2616 51
      vertex -6.0464 -14.5973 51
    endloop
  endfacet
  facet normal -0.321425 -0.946935 -0
    outer loop
      vertex -4.08934 -15.2616 51
      vertex -6.0464 -14.5973 49
      vertex -4.08934 -15.2616 49
    endloop
  endfacet
  facet normal -0.442291 -0.896872 0
    outer loop
      vertex -7.9 -13.6832 49
      vertex -6.0464 -14.5973 51
      vertex -7.9 -13.6832 51
    endloop
  endfacet
  facet normal -0.442291 -0.896872 -0
    outer loop
      vertex -6.0464 -14.5973 51
      vertex -7.9 -13.6832 49
      vertex -6.0464 -14.5973 49
    endloop
  endfacet
  facet normal -0.555564 -0.831474 0
    outer loop
      vertex -9.61843 -12.535 49
      vertex -7.9 -13.6832 51
      vertex -9.61843 -12.535 51
    endloop
  endfacet
  facet normal -0.555564 -0.831474 -0
    outer loop
      vertex -7.9 -13.6832 51
      vertex -9.61843 -12.535 49
      vertex -7.9 -13.6832 49
    endloop
  endfacet
  facet normal -0.659344 -0.751842 0
    outer loop
      vertex -11.1723 -11.1723 49
      vertex -9.61843 -12.535 51
      vertex -11.1723 -11.1723 51
    endloop
  endfacet
  facet normal -0.659344 -0.751842 -0
    outer loop
      vertex -9.61843 -12.535 51
      vertex -11.1723 -11.1723 49
      vertex -9.61843 -12.535 49
    endloop
  endfacet
  facet normal -0.751842 -0.659344 0
    outer loop
      vertex -11.1723 -11.1723 49
      vertex -12.535 -9.61843 51
      vertex -12.535 -9.61843 49
    endloop
  endfacet
  facet normal -0.751842 -0.659344 0
    outer loop
      vertex -12.535 -9.61843 51
      vertex -11.1723 -11.1723 49
      vertex -11.1723 -11.1723 51
    endloop
  endfacet
  facet normal -0.831474 -0.555564 0
    outer loop
      vertex -12.535 -9.61843 49
      vertex -13.6832 -7.9 51
      vertex -13.6832 -7.9 49
    endloop
  endfacet
  facet normal -0.831474 -0.555564 0
    outer loop
      vertex -13.6832 -7.9 51
      vertex -12.535 -9.61843 49
      vertex -12.535 -9.61843 51
    endloop
  endfacet
  facet normal -0.896872 -0.442291 0
    outer loop
      vertex -13.6832 -7.9 49
      vertex -14.5973 -6.0464 51
      vertex -14.5973 -6.0464 49
    endloop
  endfacet
  facet normal -0.896872 -0.442291 0
    outer loop
      vertex -14.5973 -6.0464 51
      vertex -13.6832 -7.9 49
      vertex -13.6832 -7.9 51
    endloop
  endfacet
  facet normal -0.946935 -0.321425 0
    outer loop
      vertex -14.5973 -6.0464 49
      vertex -15.2616 -4.08934 51
      vertex -15.2616 -4.08934 49
    endloop
  endfacet
  facet normal -0.946935 -0.321425 0
    outer loop
      vertex -15.2616 -4.08934 51
      vertex -14.5973 -6.0464 49
      vertex -14.5973 -6.0464 51
    endloop
  endfacet
  facet normal -0.980785 -0.19509 0
    outer loop
      vertex -15.2616 -4.08934 49
      vertex -15.6648 -2.06231 51
      vertex -15.6648 -2.06231 49
    endloop
  endfacet
  facet normal -0.980785 -0.19509 0
    outer loop
      vertex -15.6648 -2.06231 51
      vertex -15.2616 -4.08934 49
      vertex -15.2616 -4.08934 51
    endloop
  endfacet
  facet normal 0 0 -1
    outer loop
      vertex 15.8 0 51
      vertex 17.45 -2.91004e-06 51
      vertex 17.3846 -0.998525 51
    endloop
  endfacet
  facet normal 0 0 -1
    outer loop
      vertex 15.6648 -2.06231 51
      vertex 17.3846 -0.998525 51
      vertex 17.3007 -2.27768 51
    endloop
  endfacet
  facet normal 0 0 -1
    outer loop
      vertex 15.6648 -2.06231 51
      vertex 17.3007 -2.27768 51
      vertex 17.0506 -3.53495 51
    endloop
  endfacet
  facet normal 0 0 -1
    outer loop
      vertex 15.2616 -4.08934 51
      vertex 17.0506 -3.53495 51
      vertex 16.8554 -4.51639 51
    endloop
  endfacet
  facet normal 0 0 -1
    outer loop
      vertex 15.2616 -4.08934 51
      vertex 16.8554 -4.51639 51
      vertex 16.4434 -5.73026 51
    endloop
  endfacet
  facet normal 0 0 -1
    outer loop
      vertex 14.5973 -6.0464 51
      vertex 16.4434 -5.73026 51
      vertex 16.1217 -6.67783 51
    endloop
  endfacet
  facet normal 0 -0 -1
    outer loop
      vertex 15.8 0 51
      vertex 17.3846 -0.998525 51
      vertex 15.6648 -2.06231 51
    endloop
  endfacet
  facet normal 0 0 -1
    outer loop
      vertex 14.5973 -6.0464 51
      vertex 16.1217 -6.67783 51
      vertex 15.6791 -7.5753 51
    endloop
  endfacet
  facet normal 0 0 -1
    outer loop
      vertex 17.45 -2.91004e-06 51
      vertex 15.8 0 51
      vertex 17.45 0 51
    endloop
  endfacet
  facet normal -0 0 -1
    outer loop
      vertex 17.0506 -3.53495 51
      vertex 15.2616 -4.08934 51
      vertex 15.6648 -2.06231 51
    endloop
  endfacet
  facet normal 0 0 -1
    outer loop
      vertex 13.6832 -7.9 51
      vertex 15.6791 -7.5753 51
      vertex 15.1121 -8.725 51
    endloop
  endfacet
  facet normal -0 0 -1
    outer loop
      vertex 16.4434 -5.73026 51
      vertex 14.5973 -6.0464 51
      vertex 15.2616 -4.08934 51
    endloop
  endfacet
  facet normal 0 0 -1
    outer loop
      vertex 13.6832 -7.9 51
      vertex 15.1121 -8.725 51
      vertex 14.5562 -9.55702 51
    endloop
  endfacet
  facet normal 0 0 -1
    outer loop
      vertex 12.535 -9.61843 51
      vertex 14.5562 -9.55702 51
      vertex 13.844 -10.6229 51
    endloop
  endfacet
  facet normal -0 0 -1
    outer loop
      vertex 15.6791 -7.5753 51
      vertex 13.6832 -7.9 51
      vertex 14.5973 -6.0464 51
    endloop
  endfacet
  facet normal 0 0 -1
    outer loop
      vertex 12.535 -9.61843 51
      vertex 13.844 -10.6229 51
      vertex 12.9988 -11.5867 51
    endloop
  endfacet
  facet normal -0 0 -1
    outer loop
      vertex 14.5562 -9.55702 51
      vertex 12.535 -9.61843 51
      vertex 13.6832 -7.9 51
    endloop
  endfacet
  facet normal 0 0 -1
    outer loop
      vertex 11.1723 -11.1723 51
      vertex 12.9988 -11.5867 51
      vertex 12.339 -12.339 51
    endloop
  endfacet
  facet normal 0 0 -1
    outer loop
      vertex 11.1723 -11.1723 51
      vertex 12.339 -12.339 51
      vertex 11.5867 -12.9988 51
    endloop
  endfacet
  facet normal 0 0 -1
    outer loop
      vertex 12.9988 -11.5867 51
      vertex 11.1723 -11.1723 51
      vertex 12.535 -9.61843 51
    endloop
  endfacet
  facet normal 0 0 -1
    outer loop
      vertex 9.61843 -12.535 51
      vertex 11.5867 -12.9988 51
      vertex 10.6229 -13.844 51
    endloop
  endfacet
  facet normal 0 0 -1
    outer loop
      vertex 11.5867 -12.9988 51
      vertex 9.61843 -12.535 51
      vertex 11.1723 -11.1723 51
    endloop
  endfacet
  facet normal 0 0 -1
    outer loop
      vertex 9.55702 -14.5562 51
      vertex 9.61843 -12.535 51
      vertex 10.6229 -13.844 51
    endloop
  endfacet
  facet normal 0 0 -1
    outer loop
      vertex 7.9 -13.6832 51
      vertex 9.55702 -14.5562 51
      vertex 8.725 -15.1121 51
    endloop
  endfacet
  facet normal 0 0 -1
    outer loop
      vertex 9.55702 -14.5562 51
      vertex 7.9 -13.6832 51
      vertex 9.61843 -12.535 51
    endloop
  endfacet
  facet normal 0 0 -1
    outer loop
      vertex 7.5753 -15.6791 51
      vertex 7.9 -13.6832 51
      vertex 8.725 -15.1121 51
    endloop
  endfacet
  facet normal 0 0 -1
    outer loop
      vertex 6.0464 -14.5973 51
      vertex 7.5753 -15.6791 51
      vertex 6.67783 -16.1217 51
    endloop
  endfacet
  facet normal 0 0 -1
    outer loop
      vertex 7.5753 -15.6791 51
      vertex 6.0464 -14.5973 51
      vertex 7.9 -13.6832 51
    endloop
  endfacet
  facet normal 0 0 -1
    outer loop
      vertex 5.73026 -16.4434 51
      vertex 6.0464 -14.5973 51
      vertex 6.67783 -16.1217 51
    endloop
  endfacet
  facet normal 0 0 -1
    outer loop
      vertex 4.08934 -15.2616 51
      vertex 5.73026 -16.4434 51
      vertex 4.51639 -16.8554 51
    endloop
  endfacet
  facet normal 0 0 -1
    outer loop
      vertex 5.73026 -16.4434 51
      vertex 4.08934 -15.2616 51
      vertex 6.0464 -14.5973 51
    endloop
  endfacet
  facet normal 0 0 -1
    outer loop
      vertex 3.53495 -17.0506 51
      vertex 4.08934 -15.2616 51
      vertex 4.51639 -16.8554 51
    endloop
  endfacet
  facet normal 0 0 -1
    outer loop
      vertex 2.06231 -15.6648 51
      vertex 3.53495 -17.0506 51
      vertex 2.27768 -17.3007 51
    endloop
  endfacet
  facet normal 0 0 -1
    outer loop
      vertex 3.53495 -17.0506 51
      vertex 2.06231 -15.6648 51
      vertex 4.08934 -15.2616 51
    endloop
  endfacet
  facet normal 0 0 -1
    outer loop
      vertex 0.998525 -17.3846 51
      vertex 2.06231 -15.6648 51
      vertex 2.27768 -17.3007 51
    endloop
  endfacet
  facet normal 0 0 -1
    outer loop
      vertex 0 -15.8 51
      vertex 0.998525 -17.3846 51
      vertex 0 -17.45 51
    endloop
  endfacet
  facet normal 0 0 -1
    outer loop
      vertex 0.998525 -17.3846 51
      vertex 0 -15.8 51
      vertex 2.06231 -15.6648 51
    endloop
  endfacet
  facet normal 0 0 -1
    outer loop
      vertex -0.998525 -17.3846 51
      vertex 0 -15.8 51
      vertex 0 -17.45 51
    endloop
  endfacet
  facet normal 0 0 -1
    outer loop
      vertex -0.998525 -17.3846 51
      vertex -2.06231 -15.6648 51
      vertex 0 -15.8 51
    endloop
  endfacet
  facet normal 0 0 -1
    outer loop
      vertex -2.27768 -17.3007 51
      vertex -2.06231 -15.6648 51
      vertex -0.998525 -17.3846 51
    endloop
  endfacet
  facet normal 0 0 -1
    outer loop
      vertex -3.53495 -17.0506 51
      vertex -2.06231 -15.6648 51
      vertex -2.27768 -17.3007 51
    endloop
  endfacet
  facet normal 0 0 -1
    outer loop
      vertex -3.53495 -17.0506 51
      vertex -4.08934 -15.2616 51
      vertex -2.06231 -15.6648 51
    endloop
  endfacet
  facet normal 0 0 -1
    outer loop
      vertex -4.51639 -16.8554 51
      vertex -4.08934 -15.2616 51
      vertex -3.53495 -17.0506 51
    endloop
  endfacet
  facet normal 0 0 -1
    outer loop
      vertex -5.73026 -16.4434 51
      vertex -4.08934 -15.2616 51
      vertex -4.51639 -16.8554 51
    endloop
  endfacet
  facet normal 0 0 -1
    outer loop
      vertex -5.73026 -16.4434 51
      vertex -6.0464 -14.5973 51
      vertex -4.08934 -15.2616 51
    endloop
  endfacet
  facet normal 0 0 -1
    outer loop
      vertex -6.67783 -16.1217 51
      vertex -6.0464 -14.5973 51
      vertex -5.73026 -16.4434 51
    endloop
  endfacet
  facet normal 0 0 -1
    outer loop
      vertex -7.5753 -15.6791 51
      vertex -6.0464 -14.5973 51
      vertex -6.67783 -16.1217 51
    endloop
  endfacet
  facet normal 0 0 -1
    outer loop
      vertex -7.5753 -15.6791 51
      vertex -7.9 -13.6832 51
      vertex -6.0464 -14.5973 51
    endloop
  endfacet
  facet normal 0 0 -1
    outer loop
      vertex -8.725 -15.1121 51
      vertex -7.9 -13.6832 51
      vertex -7.5753 -15.6791 51
    endloop
  endfacet
  facet normal 0 0 -1
    outer loop
      vertex -9.55702 -14.5562 51
      vertex -7.9 -13.6832 51
      vertex -8.725 -15.1121 51
    endloop
  endfacet
  facet normal 0 0 -1
    outer loop
      vertex -9.55702 -14.5562 51
      vertex -9.61843 -12.535 51
      vertex -7.9 -13.6832 51
    endloop
  endfacet
  facet normal 0 0 -1
    outer loop
      vertex -10.6229 -13.844 51
      vertex -9.61843 -12.535 51
      vertex -9.55702 -14.5562 51
    endloop
  endfacet
  facet normal 0 0 -1
    outer loop
      vertex -11.5867 -12.9988 51
      vertex -9.61843 -12.535 51
      vertex -10.6229 -13.844 51
    endloop
  endfacet
  facet normal -0 0 -1
    outer loop
      vertex -9.61843 -12.535 51
      vertex -11.5867 -12.9988 51
      vertex -11.1723 -11.1723 51
    endloop
  endfacet
  facet normal 0 0 -1
    outer loop
      vertex -12.339 -12.339 51
      vertex -11.1723 -11.1723 51
      vertex -11.5867 -12.9988 51
    endloop
  endfacet
  facet normal 0 0 -1
    outer loop
      vertex -12.9988 -11.5867 51
      vertex -11.1723 -11.1723 51
      vertex -12.339 -12.339 51
    endloop
  endfacet
  facet normal -0 0 -1
    outer loop
      vertex -11.1723 -11.1723 51
      vertex -12.9988 -11.5867 51
      vertex -12.535 -9.61843 51
    endloop
  endfacet
  facet normal 0 0 -1
    outer loop
      vertex -13.844 -10.6229 51
      vertex -12.535 -9.61843 51
      vertex -12.9988 -11.5867 51
    endloop
  endfacet
  facet normal 0 0 -1
    outer loop
      vertex -14.5562 -9.55702 51
      vertex -12.535 -9.61843 51
      vertex -13.844 -10.6229 51
    endloop
  endfacet
  facet normal 0 0 -1
    outer loop
      vertex -12.535 -9.61843 51
      vertex -14.5562 -9.55702 51
      vertex -13.6832 -7.9 51
    endloop
  endfacet
  facet normal 0 0 -1
    outer loop
      vertex -15.1121 -8.725 51
      vertex -13.6832 -7.9 51
      vertex -14.5562 -9.55702 51
    endloop
  endfacet
  facet normal 0 0 -1
    outer loop
      vertex -15.6791 -7.5753 51
      vertex -13.6832 -7.9 51
      vertex -15.1121 -8.725 51
    endloop
  endfacet
  facet normal 0 0 -1
    outer loop
      vertex -13.6832 -7.9 51
      vertex -15.6791 -7.5753 51
      vertex -14.5973 -6.0464 51
    endloop
  endfacet
  facet normal 0 0 -1
    outer loop
      vertex -16.1217 -6.67783 51
      vertex -14.5973 -6.0464 51
      vertex -15.6791 -7.5753 51
    endloop
  endfacet
  facet normal 0 0 -1
    outer loop
      vertex -16.4434 -5.73026 51
      vertex -14.5973 -6.0464 51
      vertex -16.1217 -6.67783 51
    endloop
  endfacet
  facet normal 0 0 -1
    outer loop
      vertex -14.5973 -6.0464 51
      vertex -16.4434 -5.73026 51
      vertex -15.2616 -4.08934 51
    endloop
  endfacet
  facet normal 0 0 -1
    outer loop
      vertex -16.8554 -4.51639 51
      vertex -15.2616 -4.08934 51
      vertex -16.4434 -5.73026 51
    endloop
  endfacet
  facet normal 0 0 -1
    outer loop
      vertex -17.0506 -3.53495 51
      vertex -15.2616 -4.08934 51
      vertex -16.8554 -4.51639 51
    endloop
  endfacet
  facet normal 0 0 -1
    outer loop
      vertex -15.2616 -4.08934 51
      vertex -17.0506 -3.53495 51
      vertex -15.6648 -2.06231 51
    endloop
  endfacet
  facet normal 0 0 -1
    outer loop
      vertex -17.3007 -2.27768 51
      vertex -15.6648 -2.06231 51
      vertex -17.0506 -3.53495 51
    endloop
  endfacet
  facet normal 0 0 -1
    outer loop
      vertex -17.3846 -0.998525 51
      vertex -15.6648 -2.06231 51
      vertex -17.3007 -2.27768 51
    endloop
  endfacet
  facet normal 0 0 -1
    outer loop
      vertex -15.6648 -2.06231 51
      vertex -17.3846 -0.998525 51
      vertex -15.8 0 51
    endloop
  endfacet
  facet normal -0 0 -1
    outer loop
      vertex -15.8 0 51
      vertex -17.3846 -0.998525 51
      vertex -17.45 0 51
    endloop
  endfacet
  facet normal -0.997858 -0.0654171 0
    outer loop
      vertex -15.6648 -2.06231 49
      vertex -15.8 0 51
      vertex -15.8 0 49
    endloop
  endfacet
  facet normal -0.997858 -0.0654171 0
    outer loop
      vertex -15.8 0 51
      vertex -15.6648 -2.06231 49
      vertex -15.6648 -2.06231 51
    endloop
  endfacet
  facet normal -0 0 1
    outer loop
      vertex 14.55 0 74
      vertex 16.2 -1.5257 74
      vertex 16.2 0 74
    endloop
  endfacet
  facet normal 0 0 1
    outer loop
      vertex 16.2 -1.5257 74
      vertex 14.4255 -1.89916 74
      vertex 16.1606 -2.12758 74
    endloop
  endfacet
  facet normal 0 0 1
    outer loop
      vertex 16.1606 -2.12758 74
      vertex 14.4255 -1.89916 74
      vertex 16.0279 -2.7947 74
    endloop
  endfacet
  facet normal 0 0 1
    outer loop
      vertex 14.0542 -3.76582 74
      vertex 16.0279 -2.7947 74
      vertex 14.4255 -1.89916 74
    endloop
  endfacet
  facet normal 0 0 1
    outer loop
      vertex 16.0279 -2.7947 74
      vertex 14.0542 -3.76582 74
      vertex 15.7446 -4.21875 74
    endloop
  endfacet
  facet normal 0 0 1
    outer loop
      vertex 16.2 -1.5257 74
      vertex 14.55 0 74
      vertex 14.4255 -1.89916 74
    endloop
  endfacet
  facet normal 0 0 1
    outer loop
      vertex 15.7446 -4.21875 74
      vertex 14.0542 -3.76582 74
      vertex 15.5259 -4.86284 74
    endloop
  endfacet
  facet normal 0 0 1
    outer loop
      vertex 13.4424 -5.56804 74
      vertex 15.5259 -4.86284 74
      vertex 14.0542 -3.76582 74
    endloop
  endfacet
  facet normal 0 0 1
    outer loop
      vertex 15.5259 -4.86284 74
      vertex 13.4424 -5.56804 74
      vertex 15.0592 -6.23774 74
    endloop
  endfacet
  facet normal 0 0 1
    outer loop
      vertex 15.0592 -6.23774 74
      vertex 13.4424 -5.56804 74
      vertex 14.4171 -7.53995 74
    endloop
  endfacet
  facet normal -0 0 1
    outer loop
      vertex 12.6007 -7.275 74
      vertex 14.4171 -7.53995 74
      vertex 13.4424 -5.56804 74
    endloop
  endfacet
  facet normal 0 0 1
    outer loop
      vertex 14.4171 -7.53995 74
      vertex 12.6007 -7.275 74
      vertex 14.1162 -8.15 74
    endloop
  endfacet
  facet normal 0 0 1
    outer loop
      vertex 14.1162 -8.15 74
      vertex 12.6007 -7.275 74
      vertex 13.3096 -9.35725 74
    endloop
  endfacet
  facet normal -0 0 1
    outer loop
      vertex 11.5433 -8.85748 74
      vertex 13.3096 -9.35725 74
      vertex 12.6007 -7.275 74
    endloop
  endfacet
  facet normal 0 0 1
    outer loop
      vertex 13.3096 -9.35725 74
      vertex 11.5433 -8.85748 74
      vertex 12.9317 -9.92281 74
    endloop
  endfacet
  facet normal 0 0 1
    outer loop
      vertex 12.9317 -9.92281 74
      vertex 11.5433 -8.85748 74
      vertex 12.4832 -10.4342 74
    endloop
  endfacet
  facet normal -0 0 1
    outer loop
      vertex 10.2884 -10.2884 74
      vertex 12.4832 -10.4342 74
      vertex 11.5433 -8.85748 74
    endloop
  endfacet
  facet normal 0 0 1
    outer loop
      vertex 12.4832 -10.4342 74
      vertex 10.2884 -10.2884 74
      vertex 11.5258 -11.5258 74
    endloop
  endfacet
  facet normal 0 0 1
    outer loop
      vertex 11.5258 -11.5258 74
      vertex 10.2884 -10.2884 74
      vertex 10.4342 -12.4832 74
    endloop
  endfacet
  facet normal -0 0 1
    outer loop
      vertex 8.85748 -11.5433 74
      vertex 10.4342 -12.4832 74
      vertex 10.2884 -10.2884 74
    endloop
  endfacet
  facet normal 0 0 1
    outer loop
      vertex 10.4342 -12.4832 74
      vertex 8.85748 -11.5433 74
      vertex 9.92281 -12.9317 74
    endloop
  endfacet
  facet normal 0 0 1
    outer loop
      vertex 9.92281 -12.9317 74
      vertex 8.85748 -11.5433 74
      vertex 9.35725 -13.3096 74
    endloop
  endfacet
  facet normal -0 0 1
    outer loop
      vertex 7.275 -12.6007 74
      vertex 9.35725 -13.3096 74
      vertex 8.85748 -11.5433 74
    endloop
  endfacet
  facet normal 0 0 1
    outer loop
      vertex 9.35725 -13.3096 74
      vertex 7.275 -12.6007 74
      vertex 8.15 -14.1162 74
    endloop
  endfacet
  facet normal 0 0 1
    outer loop
      vertex 8.15 -14.1162 74
      vertex 7.275 -12.6007 74
      vertex 7.53995 -14.4171 74
    endloop
  endfacet
  facet normal -0 0 1
    outer loop
      vertex 5.56804 -13.4424 74
      vertex 7.53995 -14.4171 74
      vertex 7.275 -12.6007 74
    endloop
  endfacet
  facet normal 0 0 1
    outer loop
      vertex 7.53995 -14.4171 74
      vertex 5.56804 -13.4424 74
      vertex 6.23774 -15.0592 74
    endloop
  endfacet
  facet normal 0 0 1
    outer loop
      vertex 5.56804 -13.4424 74
      vertex 4.86284 -15.5259 74
      vertex 6.23774 -15.0592 74
    endloop
  endfacet
  facet normal -0 0 1
    outer loop
      vertex 3.76582 -14.0542 74
      vertex 4.86284 -15.5259 74
      vertex 5.56804 -13.4424 74
    endloop
  endfacet
  facet normal 0 0 1
    outer loop
      vertex 4.86284 -15.5259 74
      vertex 3.76582 -14.0542 74
      vertex 4.21875 -15.7446 74
    endloop
  endfacet
  facet normal 0 0 1
    outer loop
      vertex 3.76582 -14.0542 74
      vertex 2.7947 -16.0279 74
      vertex 4.21875 -15.7446 74
    endloop
  endfacet
  facet normal -0 0 1
    outer loop
      vertex 1.89916 -14.4255 74
      vertex 2.7947 -16.0279 74
      vertex 3.76582 -14.0542 74
    endloop
  endfacet
  facet normal 0 0 1
    outer loop
      vertex 2.7947 -16.0279 74
      vertex 1.89916 -14.4255 74
      vertex 2.12758 -16.1606 74
    endloop
  endfacet
  facet normal 0 0 1
    outer loop
      vertex 1.89916 -14.4255 74
      vertex 1.44884 -16.205 74
      vertex 2.12758 -16.1606 74
    endloop
  endfacet
  facet normal -0 0 1
    outer loop
      vertex 0 -14.55 74
      vertex 1.44884 -16.205 74
      vertex 1.89916 -14.4255 74
    endloop
  endfacet
  facet normal 0 0 1
    outer loop
      vertex 0 -14.55 74
      vertex 0 -16.3 74
      vertex 1.44884 -16.205 74
    endloop
  endfacet
  facet normal 0 0 1
    outer loop
      vertex 0 -14.55 74
      vertex -1.44884 -16.205 74
      vertex 0 -16.3 74
    endloop
  endfacet
  facet normal 0 0 1
    outer loop
      vertex -1.89916 -14.4255 74
      vertex -1.44884 -16.205 74
      vertex 0 -14.55 74
    endloop
  endfacet
  facet normal 0 0 1
    outer loop
      vertex -1.89916 -14.4255 74
      vertex -2.12758 -16.1606 74
      vertex -1.44884 -16.205 74
    endloop
  endfacet
  facet normal 0 0 1
    outer loop
      vertex -1.89916 -14.4255 74
      vertex -2.7947 -16.0279 74
      vertex -2.12758 -16.1606 74
    endloop
  endfacet
  facet normal 0 0 1
    outer loop
      vertex -3.76582 -14.0542 74
      vertex -2.7947 -16.0279 74
      vertex -1.89916 -14.4255 74
    endloop
  endfacet
  facet normal 0 0 1
    outer loop
      vertex -3.76582 -14.0542 74
      vertex -4.21875 -15.7446 74
      vertex -2.7947 -16.0279 74
    endloop
  endfacet
  facet normal 0 0 1
    outer loop
      vertex -3.76582 -14.0542 74
      vertex -4.86284 -15.5259 74
      vertex -4.21875 -15.7446 74
    endloop
  endfacet
  facet normal 0 0 1
    outer loop
      vertex -5.56804 -13.4424 74
      vertex -4.86284 -15.5259 74
      vertex -3.76582 -14.0542 74
    endloop
  endfacet
  facet normal 0 0 1
    outer loop
      vertex -5.56804 -13.4424 74
      vertex -6.23774 -15.0592 74
      vertex -4.86284 -15.5259 74
    endloop
  endfacet
  facet normal 0 0 1
    outer loop
      vertex -7.53995 -14.4171 74
      vertex -5.56804 -13.4424 74
      vertex -7.275 -12.6007 74
    endloop
  endfacet
  facet normal 0 0 1
    outer loop
      vertex -5.56804 -13.4424 74
      vertex -7.53995 -14.4171 74
      vertex -6.23774 -15.0592 74
    endloop
  endfacet
  facet normal 0 0 1
    outer loop
      vertex -7.275 -12.6007 74
      vertex -8.15 -14.1162 74
      vertex -7.53995 -14.4171 74
    endloop
  endfacet
  facet normal 0 0 1
    outer loop
      vertex -9.35725 -13.3096 74
      vertex -7.275 -12.6007 74
      vertex -8.85748 -11.5433 74
    endloop
  endfacet
  facet normal 0 0 1
    outer loop
      vertex -7.275 -12.6007 74
      vertex -9.35725 -13.3096 74
      vertex -8.15 -14.1162 74
    endloop
  endfacet
  facet normal 0 0 1
    outer loop
      vertex -8.85748 -11.5433 74
      vertex -9.92281 -12.9317 74
      vertex -9.35725 -13.3096 74
    endloop
  endfacet
  facet normal 0 0 1
    outer loop
      vertex -10.4342 -12.4832 74
      vertex -8.85748 -11.5433 74
      vertex -10.2884 -10.2884 74
    endloop
  endfacet
  facet normal 0 0 1
    outer loop
      vertex -8.85748 -11.5433 74
      vertex -10.4342 -12.4832 74
      vertex -9.92281 -12.9317 74
    endloop
  endfacet
  facet normal 0 0 1
    outer loop
      vertex -10.2884 -10.2884 74
      vertex -11.5258 -11.5258 74
      vertex -10.4342 -12.4832 74
    endloop
  endfacet
  facet normal 0 0 1
    outer loop
      vertex -12.4832 -10.4342 74
      vertex -10.2884 -10.2884 74
      vertex -11.5433 -8.85748 74
    endloop
  endfacet
  facet normal 0 0 1
    outer loop
      vertex -10.2884 -10.2884 74
      vertex -12.4832 -10.4342 74
      vertex -11.5258 -11.5258 74
    endloop
  endfacet
  facet normal 0 0 1
    outer loop
      vertex -13.3096 -9.35725 74
      vertex -11.5433 -8.85748 74
      vertex -12.6007 -7.275 74
    endloop
  endfacet
  facet normal 0 0 1
    outer loop
      vertex -11.5433 -8.85748 74
      vertex -12.9317 -9.92281 74
      vertex -12.4832 -10.4342 74
    endloop
  endfacet
  facet normal 0 0 1
    outer loop
      vertex -11.5433 -8.85748 74
      vertex -13.3096 -9.35725 74
      vertex -12.9317 -9.92281 74
    endloop
  endfacet
  facet normal 0 0 1
    outer loop
      vertex -14.4171 -7.53995 74
      vertex -12.6007 -7.275 74
      vertex -13.4424 -5.56804 74
    endloop
  endfacet
  facet normal -0 0 1
    outer loop
      vertex -15.5259 -4.86284 74
      vertex -13.4424 -5.56804 74
      vertex -14.0542 -3.76582 74
    endloop
  endfacet
  facet normal 0 0 1
    outer loop
      vertex -12.6007 -7.275 74
      vertex -14.1162 -8.15 74
      vertex -13.3096 -9.35725 74
    endloop
  endfacet
  facet normal 0 0 1
    outer loop
      vertex -12.6007 -7.275 74
      vertex -14.4171 -7.53995 74
      vertex -14.1162 -8.15 74
    endloop
  endfacet
  facet normal -0 0 1
    outer loop
      vertex -16.0279 -2.7947 74
      vertex -14.0542 -3.76582 74
      vertex -14.4255 -1.89916 74
    endloop
  endfacet
  facet normal -0 0 1
    outer loop
      vertex -16.205 -1.44884 74
      vertex -14.4255 -1.89916 74
      vertex -14.55 0 74
    endloop
  endfacet
  facet normal 0 0 1
    outer loop
      vertex -13.4424 -5.56804 74
      vertex -15.0592 -6.23774 74
      vertex -14.4171 -7.53995 74
    endloop
  endfacet
  facet normal 0 0 1
    outer loop
      vertex -13.4424 -5.56804 74
      vertex -15.5259 -4.86284 74
      vertex -15.0592 -6.23774 74
    endloop
  endfacet
  facet normal 0 0 1
    outer loop
      vertex -14.0542 -3.76582 74
      vertex -15.7446 -4.21875 74
      vertex -15.5259 -4.86284 74
    endloop
  endfacet
  facet normal 0 0 1
    outer loop
      vertex -14.0542 -3.76582 74
      vertex -16.0279 -2.7947 74
      vertex -15.7446 -4.21875 74
    endloop
  endfacet
  facet normal 0 0 1
    outer loop
      vertex -14.4255 -1.89916 74
      vertex -16.1606 -2.12758 74
      vertex -16.0279 -2.7947 74
    endloop
  endfacet
  facet normal 0 0 1
    outer loop
      vertex -14.4255 -1.89916 74
      vertex -16.205 -1.44884 74
      vertex -16.1606 -2.12758 74
    endloop
  endfacet
  facet normal 0 -0 1
    outer loop
      vertex -16.205 -1.44884 74
      vertex -14.55 0 74
      vertex -16.3 0 74
    endloop
  endfacet
  facet normal 0.997858 -0.0654149 0
    outer loop
      vertex 14.4255 -1.89916 76
      vertex 14.55 0 74
      vertex 14.55 0 76
    endloop
  endfacet
  facet normal 0.997858 -0.0654149 0
    outer loop
      vertex 14.55 0 74
      vertex 14.4255 -1.89916 76
      vertex 14.4255 -1.89916 74
    endloop
  endfacet
  facet normal 0.980785 -0.195089 0
    outer loop
      vertex 14.0542 -3.76582 76
      vertex 14.4255 -1.89916 74
      vertex 14.4255 -1.89916 76
    endloop
  endfacet
  facet normal 0.980785 -0.195089 0
    outer loop
      vertex 14.4255 -1.89916 74
      vertex 14.0542 -3.76582 76
      vertex 14.0542 -3.76582 74
    endloop
  endfacet
  facet normal 0.946926 -0.321453 0
    outer loop
      vertex 13.4424 -5.56804 76
      vertex 14.0542 -3.76582 74
      vertex 14.0542 -3.76582 76
    endloop
  endfacet
  facet normal 0.946926 -0.321453 0
    outer loop
      vertex 14.0542 -3.76582 74
      vertex 13.4424 -5.56804 76
      vertex 13.4424 -5.56804 74
    endloop
  endfacet
  facet normal 0.896889 -0.442255 0
    outer loop
      vertex 12.6007 -7.275 76
      vertex 13.4424 -5.56804 74
      vertex 13.4424 -5.56804 76
    endloop
  endfacet
  facet normal 0.896889 -0.442255 0
    outer loop
      vertex 13.4424 -5.56804 74
      vertex 12.6007 -7.275 76
      vertex 12.6007 -7.275 74
    endloop
  endfacet
  facet normal 0.831465 -0.555578 0
    outer loop
      vertex 11.5433 -8.85748 76
      vertex 12.6007 -7.275 74
      vertex 12.6007 -7.275 76
    endloop
  endfacet
  facet normal 0.831465 -0.555578 0
    outer loop
      vertex 12.6007 -7.275 74
      vertex 11.5433 -8.85748 76
      vertex 11.5433 -8.85748 74
    endloop
  endfacet
  facet normal 0.751835 -0.659351 0
    outer loop
      vertex 10.2884 -10.2884 76
      vertex 11.5433 -8.85748 74
      vertex 11.5433 -8.85748 76
    endloop
  endfacet
  facet normal 0.751835 -0.659351 0
    outer loop
      vertex 11.5433 -8.85748 74
      vertex 10.2884 -10.2884 76
      vertex 10.2884 -10.2884 74
    endloop
  endfacet
  facet normal 0.659351 -0.751835 0
    outer loop
      vertex 8.85748 -11.5433 74
      vertex 10.2884 -10.2884 76
      vertex 8.85748 -11.5433 76
    endloop
  endfacet
  facet normal 0.659351 -0.751835 0
    outer loop
      vertex 10.2884 -10.2884 76
      vertex 8.85748 -11.5433 74
      vertex 10.2884 -10.2884 74
    endloop
  endfacet
  facet normal 0.555578 -0.831465 0
    outer loop
      vertex 7.275 -12.6007 74
      vertex 8.85748 -11.5433 76
      vertex 7.275 -12.6007 76
    endloop
  endfacet
  facet normal 0.555578 -0.831465 0
    outer loop
      vertex 8.85748 -11.5433 76
      vertex 7.275 -12.6007 74
      vertex 8.85748 -11.5433 74
    endloop
  endfacet
  facet normal 0.442255 -0.896889 0
    outer loop
      vertex 5.56804 -13.4424 74
      vertex 7.275 -12.6007 76
      vertex 5.56804 -13.4424 76
    endloop
  endfacet
  facet normal 0.442255 -0.896889 0
    outer loop
      vertex 7.275 -12.6007 76
      vertex 5.56804 -13.4424 74
      vertex 7.275 -12.6007 74
    endloop
  endfacet
  facet normal 0.321453 -0.946926 0
    outer loop
      vertex 3.76582 -14.0542 74
      vertex 5.56804 -13.4424 76
      vertex 3.76582 -14.0542 76
    endloop
  endfacet
  facet normal 0.321453 -0.946926 0
    outer loop
      vertex 5.56804 -13.4424 76
      vertex 3.76582 -14.0542 74
      vertex 5.56804 -13.4424 74
    endloop
  endfacet
  facet normal 0.195089 -0.980785 0
    outer loop
      vertex 1.89916 -14.4255 74
      vertex 3.76582 -14.0542 76
      vertex 1.89916 -14.4255 76
    endloop
  endfacet
  facet normal 0.195089 -0.980785 0
    outer loop
      vertex 3.76582 -14.0542 76
      vertex 1.89916 -14.4255 74
      vertex 3.76582 -14.0542 74
    endloop
  endfacet
  facet normal 0.0654149 -0.997858 0
    outer loop
      vertex 0 -14.55 74
      vertex 1.89916 -14.4255 76
      vertex 0 -14.55 76
    endloop
  endfacet
  facet normal 0.0654149 -0.997858 0
    outer loop
      vertex 1.89916 -14.4255 76
      vertex 0 -14.55 74
      vertex 1.89916 -14.4255 74
    endloop
  endfacet
  facet normal -0.0654149 -0.997858 0
    outer loop
      vertex -1.89916 -14.4255 74
      vertex 0 -14.55 76
      vertex -1.89916 -14.4255 76
    endloop
  endfacet
  facet normal -0.0654149 -0.997858 -0
    outer loop
      vertex 0 -14.55 76
      vertex -1.89916 -14.4255 74
      vertex 0 -14.55 74
    endloop
  endfacet
  facet normal -0.195089 -0.980785 0
    outer loop
      vertex -3.76582 -14.0542 74
      vertex -1.89916 -14.4255 76
      vertex -3.76582 -14.0542 76
    endloop
  endfacet
  facet normal -0.195089 -0.980785 -0
    outer loop
      vertex -1.89916 -14.4255 76
      vertex -3.76582 -14.0542 74
      vertex -1.89916 -14.4255 74
    endloop
  endfacet
  facet normal -0.321453 -0.946926 0
    outer loop
      vertex -5.56804 -13.4424 74
      vertex -3.76582 -14.0542 76
      vertex -5.56804 -13.4424 76
    endloop
  endfacet
  facet normal -0.321453 -0.946926 -0
    outer loop
      vertex -3.76582 -14.0542 76
      vertex -5.56804 -13.4424 74
      vertex -3.76582 -14.0542 74
    endloop
  endfacet
  facet normal -0.442255 -0.896889 0
    outer loop
      vertex -7.275 -12.6007 74
      vertex -5.56804 -13.4424 76
      vertex -7.275 -12.6007 76
    endloop
  endfacet
  facet normal -0.442255 -0.896889 -0
    outer loop
      vertex -5.56804 -13.4424 76
      vertex -7.275 -12.6007 74
      vertex -5.56804 -13.4424 74
    endloop
  endfacet
  facet normal -0.555578 -0.831465 0
    outer loop
      vertex -8.85748 -11.5433 74
      vertex -7.275 -12.6007 76
      vertex -8.85748 -11.5433 76
    endloop
  endfacet
  facet normal -0.555578 -0.831465 -0
    outer loop
      vertex -7.275 -12.6007 76
      vertex -8.85748 -11.5433 74
      vertex -7.275 -12.6007 74
    endloop
  endfacet
  facet normal -0.659351 -0.751835 0
    outer loop
      vertex -10.2884 -10.2884 74
      vertex -8.85748 -11.5433 76
      vertex -10.2884 -10.2884 76
    endloop
  endfacet
  facet normal -0.659351 -0.751835 -0
    outer loop
      vertex -8.85748 -11.5433 76
      vertex -10.2884 -10.2884 74
      vertex -8.85748 -11.5433 74
    endloop
  endfacet
  facet normal -0.751835 -0.659351 0
    outer loop
      vertex -10.2884 -10.2884 74
      vertex -11.5433 -8.85748 76
      vertex -11.5433 -8.85748 74
    endloop
  endfacet
  facet normal -0.751835 -0.659351 0
    outer loop
      vertex -11.5433 -8.85748 76
      vertex -10.2884 -10.2884 74
      vertex -10.2884 -10.2884 76
    endloop
  endfacet
  facet normal -0.831465 -0.555578 0
    outer loop
      vertex -11.5433 -8.85748 74
      vertex -12.6007 -7.275 76
      vertex -12.6007 -7.275 74
    endloop
  endfacet
  facet normal -0.831465 -0.555578 0
    outer loop
      vertex -12.6007 -7.275 76
      vertex -11.5433 -8.85748 74
      vertex -11.5433 -8.85748 76
    endloop
  endfacet
  facet normal -0.896889 -0.442255 0
    outer loop
      vertex -12.6007 -7.275 74
      vertex -13.4424 -5.56804 76
      vertex -13.4424 -5.56804 74
    endloop
  endfacet
  facet normal -0.896889 -0.442255 0
    outer loop
      vertex -13.4424 -5.56804 76
      vertex -12.6007 -7.275 74
      vertex -12.6007 -7.275 76
    endloop
  endfacet
  facet normal -0.946926 -0.321453 0
    outer loop
      vertex -13.4424 -5.56804 74
      vertex -14.0542 -3.76582 76
      vertex -14.0542 -3.76582 74
    endloop
  endfacet
  facet normal -0.946926 -0.321453 0
    outer loop
      vertex -14.0542 -3.76582 76
      vertex -13.4424 -5.56804 74
      vertex -13.4424 -5.56804 76
    endloop
  endfacet
  facet normal -0.980785 -0.195089 0
    outer loop
      vertex -14.0542 -3.76582 74
      vertex -14.4255 -1.89916 76
      vertex -14.4255 -1.89916 74
    endloop
  endfacet
  facet normal -0.980785 -0.195089 0
    outer loop
      vertex -14.4255 -1.89916 76
      vertex -14.0542 -3.76582 74
      vertex -14.0542 -3.76582 76
    endloop
  endfacet
  facet normal 0 0 -1
    outer loop
      vertex 14.55 0 76
      vertex 16.2 -2.91004e-06 76
      vertex 16.1025 -1.488 76
    endloop
  endfacet
  facet normal 0 0 -1
    outer loop
      vertex 14.4255 -1.89916 76
      vertex 16.0614 -2.11452 76
      vertex 15.9389 -2.73033 76
    endloop
  endfacet
  facet normal 0 0 -1
    outer loop
      vertex 16.0614 -2.11452 76
      vertex 14.4255 -1.89916 76
      vertex 16.1025 -1.488 76
    endloop
  endfacet
  facet normal 0 0 -1
    outer loop
      vertex 14.0542 -3.76582 76
      vertex 15.9389 -2.73033 76
      vertex 15.648 -4.19287 76
    endloop
  endfacet
  facet normal 0 0 -1
    outer loop
      vertex 14.0542 -3.76582 76
      vertex 15.648 -4.19287 76
      vertex 15.4462 -4.78742 76
    endloop
  endfacet
  facet normal 0 0 -1
    outer loop
      vertex 13.4424 -5.56804 76
      vertex 15.4462 -4.78742 76
      vertex 14.9668 -6.19947 76
    endloop
  endfacet
  facet normal 0 -0 -1
    outer loop
      vertex 14.55 0 76
      vertex 16.1025 -1.488 76
      vertex 14.4255 -1.89916 76
    endloop
  endfacet
  facet normal 0 0 -1
    outer loop
      vertex 16.2 -2.91004e-06 76
      vertex 14.55 0 76
      vertex 16.2 0 76
    endloop
  endfacet
  facet normal 0 0 -1
    outer loop
      vertex 13.4424 -5.56804 76
      vertex 14.9668 -6.19947 76
      vertex 14.3073 -7.53688 76
    endloop
  endfacet
  facet normal -0 0 -1
    outer loop
      vertex 15.9389 -2.73033 76
      vertex 14.0542 -3.76582 76
      vertex 14.4255 -1.89916 76
    endloop
  endfacet
  facet normal 0 0 -1
    outer loop
      vertex 12.6007 -7.275 76
      vertex 14.3073 -7.53688 76
      vertex 14.0296 -8.1 76
    endloop
  endfacet
  facet normal -0 0 -1
    outer loop
      vertex 15.4462 -4.78742 76
      vertex 13.4424 -5.56804 76
      vertex 14.0542 -3.76582 76
    endloop
  endfacet
  facet normal 0 0 -1
    outer loop
      vertex 12.6007 -7.275 76
      vertex 14.0296 -8.1 76
      vertex 13.2011 -9.33988 76
    endloop
  endfacet
  facet normal 0 0 -1
    outer loop
      vertex 11.5433 -8.85748 76
      vertex 13.2011 -9.33988 76
      vertex 12.8523 -9.86193 76
    endloop
  endfacet
  facet normal 0 0 -1
    outer loop
      vertex 14.3073 -7.53688 76
      vertex 12.6007 -7.275 76
      vertex 13.4424 -5.56804 76
    endloop
  endfacet
  facet normal 0 0 -1
    outer loop
      vertex 11.5433 -8.85748 76
      vertex 12.8523 -9.86193 76
      vertex 12.4383 -10.334 76
    endloop
  endfacet
  facet normal 0 0 -1
    outer loop
      vertex 13.2011 -9.33988 76
      vertex 11.5433 -8.85748 76
      vertex 12.6007 -7.275 76
    endloop
  endfacet
  facet normal 0 0 -1
    outer loop
      vertex 10.2884 -10.2884 76
      vertex 12.4383 -10.334 76
      vertex 11.4551 -11.4551 76
    endloop
  endfacet
  facet normal 0 0 -1
    outer loop
      vertex 10.2884 -10.2884 76
      vertex 11.4551 -11.4551 76
      vertex 10.334 -12.4383 76
    endloop
  endfacet
  facet normal 0 0 -1
    outer loop
      vertex 12.4383 -10.334 76
      vertex 10.2884 -10.2884 76
      vertex 11.5433 -8.85748 76
    endloop
  endfacet
  facet normal 0 0 -1
    outer loop
      vertex 8.85748 -11.5433 76
      vertex 10.334 -12.4383 76
      vertex 9.86193 -12.8523 76
    endloop
  endfacet
  facet normal 0 0 -1
    outer loop
      vertex 8.85748 -11.5433 76
      vertex 9.86193 -12.8523 76
      vertex 9.33988 -13.2011 76
    endloop
  endfacet
  facet normal 0 0 -1
    outer loop
      vertex 10.334 -12.4383 76
      vertex 8.85748 -11.5433 76
      vertex 10.2884 -10.2884 76
    endloop
  endfacet
  facet normal 0 0 -1
    outer loop
      vertex 7.275 -12.6007 76
      vertex 9.33988 -13.2011 76
      vertex 8.1 -14.0296 76
    endloop
  endfacet
  facet normal 0 0 -1
    outer loop
      vertex 7.275 -12.6007 76
      vertex 8.1 -14.0296 76
      vertex 7.53688 -14.3073 76
    endloop
  endfacet
  facet normal 0 0 -1
    outer loop
      vertex 9.33988 -13.2011 76
      vertex 7.275 -12.6007 76
      vertex 8.85748 -11.5433 76
    endloop
  endfacet
  facet normal 0 0 -1
    outer loop
      vertex 5.56804 -13.4424 76
      vertex 7.53688 -14.3073 76
      vertex 6.19947 -14.9668 76
    endloop
  endfacet
  facet normal 0 0 -1
    outer loop
      vertex 7.53688 -14.3073 76
      vertex 5.56804 -13.4424 76
      vertex 7.275 -12.6007 76
    endloop
  endfacet
  facet normal 0 0 -1
    outer loop
      vertex 4.78742 -15.4462 76
      vertex 5.56804 -13.4424 76
      vertex 6.19947 -14.9668 76
    endloop
  endfacet
  facet normal 0 0 -1
    outer loop
      vertex 3.76582 -14.0542 76
      vertex 4.78742 -15.4462 76
      vertex 4.19287 -15.648 76
    endloop
  endfacet
  facet normal 0 0 -1
    outer loop
      vertex 4.78742 -15.4462 76
      vertex 3.76582 -14.0542 76
      vertex 5.56804 -13.4424 76
    endloop
  endfacet
  facet normal 0 0 -1
    outer loop
      vertex 2.73033 -15.9389 76
      vertex 3.76582 -14.0542 76
      vertex 4.19287 -15.648 76
    endloop
  endfacet
  facet normal 0 0 -1
    outer loop
      vertex 1.89916 -14.4255 76
      vertex 2.73033 -15.9389 76
      vertex 2.11452 -16.0614 76
    endloop
  endfacet
  facet normal 0 0 -1
    outer loop
      vertex 2.73033 -15.9389 76
      vertex 1.89916 -14.4255 76
      vertex 3.76582 -14.0542 76
    endloop
  endfacet
  facet normal 0 0 -1
    outer loop
      vertex 1.488 -16.1025 76
      vertex 1.89916 -14.4255 76
      vertex 2.11452 -16.0614 76
    endloop
  endfacet
  facet normal 0 0 -1
    outer loop
      vertex 0 -14.55 76
      vertex 1.488 -16.1025 76
      vertex 0 -16.2 76
    endloop
  endfacet
  facet normal 0 0 -1
    outer loop
      vertex 1.488 -16.1025 76
      vertex 0 -14.55 76
      vertex 1.89916 -14.4255 76
    endloop
  endfacet
  facet normal 0 0 -1
    outer loop
      vertex -1.488 -16.1025 76
      vertex 0 -14.55 76
      vertex 0 -16.2 76
    endloop
  endfacet
  facet normal 0 0 -1
    outer loop
      vertex -1.488 -16.1025 76
      vertex -1.89916 -14.4255 76
      vertex 0 -14.55 76
    endloop
  endfacet
  facet normal 0 0 -1
    outer loop
      vertex -2.11452 -16.0614 76
      vertex -1.89916 -14.4255 76
      vertex -1.488 -16.1025 76
    endloop
  endfacet
  facet normal 0 0 -1
    outer loop
      vertex -2.73033 -15.9389 76
      vertex -1.89916 -14.4255 76
      vertex -2.11452 -16.0614 76
    endloop
  endfacet
  facet normal 0 0 -1
    outer loop
      vertex -2.73033 -15.9389 76
      vertex -3.76582 -14.0542 76
      vertex -1.89916 -14.4255 76
    endloop
  endfacet
  facet normal 0 0 -1
    outer loop
      vertex -4.19287 -15.648 76
      vertex -3.76582 -14.0542 76
      vertex -2.73033 -15.9389 76
    endloop
  endfacet
  facet normal 0 0 -1
    outer loop
      vertex -4.78742 -15.4462 76
      vertex -3.76582 -14.0542 76
      vertex -4.19287 -15.648 76
    endloop
  endfacet
  facet normal 0 0 -1
    outer loop
      vertex -4.78742 -15.4462 76
      vertex -5.56804 -13.4424 76
      vertex -3.76582 -14.0542 76
    endloop
  endfacet
  facet normal 0 0 -1
    outer loop
      vertex -6.19947 -14.9668 76
      vertex -5.56804 -13.4424 76
      vertex -4.78742 -15.4462 76
    endloop
  endfacet
  facet normal 0 0 -1
    outer loop
      vertex -7.53688 -14.3073 76
      vertex -5.56804 -13.4424 76
      vertex -6.19947 -14.9668 76
    endloop
  endfacet
  facet normal -0 0 -1
    outer loop
      vertex -5.56804 -13.4424 76
      vertex -7.53688 -14.3073 76
      vertex -7.275 -12.6007 76
    endloop
  endfacet
  facet normal 0 0 -1
    outer loop
      vertex -8.1 -14.0296 76
      vertex -7.275 -12.6007 76
      vertex -7.53688 -14.3073 76
    endloop
  endfacet
  facet normal 0 0 -1
    outer loop
      vertex -9.33988 -13.2011 76
      vertex -7.275 -12.6007 76
      vertex -8.1 -14.0296 76
    endloop
  endfacet
  facet normal -0 0 -1
    outer loop
      vertex -7.275 -12.6007 76
      vertex -9.33988 -13.2011 76
      vertex -8.85748 -11.5433 76
    endloop
  endfacet
  facet normal 0 0 -1
    outer loop
      vertex -9.86193 -12.8523 76
      vertex -8.85748 -11.5433 76
      vertex -9.33988 -13.2011 76
    endloop
  endfacet
  facet normal 0 0 -1
    outer loop
      vertex -10.334 -12.4383 76
      vertex -8.85748 -11.5433 76
      vertex -9.86193 -12.8523 76
    endloop
  endfacet
  facet normal -0 0 -1
    outer loop
      vertex -8.85748 -11.5433 76
      vertex -10.334 -12.4383 76
      vertex -10.2884 -10.2884 76
    endloop
  endfacet
  facet normal 0 0 -1
    outer loop
      vertex -11.4551 -11.4551 76
      vertex -10.2884 -10.2884 76
      vertex -10.334 -12.4383 76
    endloop
  endfacet
  facet normal 0 0 -1
    outer loop
      vertex -12.4383 -10.334 76
      vertex -10.2884 -10.2884 76
      vertex -11.4551 -11.4551 76
    endloop
  endfacet
  facet normal -0 0 -1
    outer loop
      vertex -10.2884 -10.2884 76
      vertex -12.4383 -10.334 76
      vertex -11.5433 -8.85748 76
    endloop
  endfacet
  facet normal 0 0 -1
    outer loop
      vertex -12.8523 -9.86193 76
      vertex -11.5433 -8.85748 76
      vertex -12.4383 -10.334 76
    endloop
  endfacet
  facet normal 0 0 -1
    outer loop
      vertex -13.2011 -9.33988 76
      vertex -11.5433 -8.85748 76
      vertex -12.8523 -9.86193 76
    endloop
  endfacet
  facet normal -0 0 -1
    outer loop
      vertex -11.5433 -8.85748 76
      vertex -13.2011 -9.33988 76
      vertex -12.6007 -7.275 76
    endloop
  endfacet
  facet normal 0 0 -1
    outer loop
      vertex -14.0296 -8.1 76
      vertex -12.6007 -7.275 76
      vertex -13.2011 -9.33988 76
    endloop
  endfacet
  facet normal 0 0 -1
    outer loop
      vertex -14.3073 -7.53688 76
      vertex -12.6007 -7.275 76
      vertex -14.0296 -8.1 76
    endloop
  endfacet
  facet normal -0 0 -1
    outer loop
      vertex -12.6007 -7.275 76
      vertex -14.3073 -7.53688 76
      vertex -13.4424 -5.56804 76
    endloop
  endfacet
  facet normal 0 0 -1
    outer loop
      vertex -14.9668 -6.19947 76
      vertex -13.4424 -5.56804 76
      vertex -14.3073 -7.53688 76
    endloop
  endfacet
  facet normal 0 0 -1
    outer loop
      vertex -15.4462 -4.78742 76
      vertex -13.4424 -5.56804 76
      vertex -14.9668 -6.19947 76
    endloop
  endfacet
  facet normal 0 0 -1
    outer loop
      vertex -13.4424 -5.56804 76
      vertex -15.4462 -4.78742 76
      vertex -14.0542 -3.76582 76
    endloop
  endfacet
  facet normal 0 0 -1
    outer loop
      vertex -15.648 -4.19287 76
      vertex -14.0542 -3.76582 76
      vertex -15.4462 -4.78742 76
    endloop
  endfacet
  facet normal 0 0 -1
    outer loop
      vertex -15.9389 -2.73033 76
      vertex -14.0542 -3.76582 76
      vertex -15.648 -4.19287 76
    endloop
  endfacet
  facet normal 0 0 -1
    outer loop
      vertex -14.0542 -3.76582 76
      vertex -15.9389 -2.73033 76
      vertex -14.4255 -1.89916 76
    endloop
  endfacet
  facet normal 0 0 -1
    outer loop
      vertex -16.0614 -2.11452 76
      vertex -14.4255 -1.89916 76
      vertex -15.9389 -2.73033 76
    endloop
  endfacet
  facet normal 0 0 -1
    outer loop
      vertex -16.1025 -1.488 76
      vertex -14.4255 -1.89916 76
      vertex -16.0614 -2.11452 76
    endloop
  endfacet
  facet normal 0 0 -1
    outer loop
      vertex -14.4255 -1.89916 76
      vertex -16.1025 -1.488 76
      vertex -14.55 0 76
    endloop
  endfacet
  facet normal -0 0 -1
    outer loop
      vertex -14.55 0 76
      vertex -16.1025 -1.488 76
      vertex -16.2 0 76
    endloop
  endfacet
  facet normal -0.997858 -0.0654149 0
    outer loop
      vertex -14.4255 -1.89916 74
      vertex -14.55 0 76
      vertex -14.55 0 74
    endloop
  endfacet
  facet normal -0.997858 -0.0654149 0
    outer loop
      vertex -14.55 0 76
      vertex -14.4255 -1.89916 74
      vertex -14.4255 -1.89916 76
    endloop
  endfacet
  facet normal 0.830415 -0.554913 0.0498284
    outer loop
      vertex 14.915 -11.4447 24
      vertex 17.3205 -10 0
      vertex 16.0197 -9.79154 24
    endloop
  endfacet
  facet normal 0.83044 -0.554874 0.0498332
    outer loop
      vertex 17.3205 -10 0
      vertex 14.915 -11.4447 24
      vertex 15.8671 -12.1752 0
    endloop
  endfacet
  facet normal 0.830453 -0.554855 0.04983
    outer loop
      vertex 13.2011 -9.33988 76
      vertex 11.9003 -9.13142 100
      vertex 12.8523 -9.86193 76
    endloop
  endfacet
  facet normal 0.830463 -0.55484 0.0498339
    outer loop
      vertex 13.9234 -10.6838 49
      vertex 15.9113 -9.77417 26
      vertex 14.6646 -9.5744 49
    endloop
  endfacet
  facet normal 0.830418 -0.554909 0.0498272
    outer loop
      vertex 15.9113 -9.77417 26
      vertex 13.9234 -10.6838 49
      vertex 14.8357 -11.3838 26
    endloop
  endfacet
  facet normal 0.830433 -0.554885 0.049829
    outer loop
      vertex 12.9317 -9.92281 74
      vertex 14.5562 -9.55702 51
      vertex 13.3096 -9.35725 74
    endloop
  endfacet
  facet normal 0.830436 -0.554881 0.0498293
    outer loop
      vertex 14.5562 -9.55702 51
      vertex 12.9317 -9.92281 74
      vertex 13.844 -10.6229 51
    endloop
  endfacet
  facet normal -0.0653251 -0.996619 0.0498287
    outer loop
      vertex -2.61052 -19.8289 0
      vertex -0.195789 -19.4872 10
      vertex -2.54526 -19.3332 10
    endloop
  endfacet
  facet normal -0.0653209 -0.996619 0.0498277
    outer loop
      vertex -0.195789 -19.4872 10
      vertex -2.61052 -19.8289 0
      vertex 0 -20 0
    endloop
  endfacet
  facet normal -0.0653784 -0.996616 0.0498297
    outer loop
      vertex -1.95789 -14.8717 100
      vertex -2.11452 -16.0614 76
      vertex -1.488 -16.1025 76
    endloop
  endfacet
  facet normal -0.0653029 -0.996621 0.0498212
    outer loop
      vertex -2.5061 -19.0357 16
      vertex -0.469894 -18.7692 24
      vertex -2.45389 -18.6392 24
    endloop
  endfacet
  facet normal -0.0653553 -0.996617 0.0498344
    outer loop
      vertex -0.469894 -18.7692 24
      vertex -2.5061 -19.0357 16
      vertex -0.313263 -19.1795 16
    endloop
  endfacet
  facet normal -0.0652756 -0.996622 0.0498282
    outer loop
      vertex -2.44084 -18.54 26
      vertex -0.959367 -17.4871 49
      vertex -2.29073 -17.3999 49
    endloop
  endfacet
  facet normal -0.0653136 -0.99662 0.0498305
    outer loop
      vertex -0.959367 -17.4871 49
      vertex -2.44084 -18.54 26
      vertex -0.509052 -18.6666 26
    endloop
  endfacet
  facet normal -0.0651947 -0.996628 0.0498279
    outer loop
      vertex -2.27768 -17.3007 51
      vertex -1.44884 -16.205 74
      vertex -2.12758 -16.1606 74
    endloop
  endfacet
  facet normal -0.0653682 -0.996616 0.0498336
    outer loop
      vertex -1.44884 -16.205 74
      vertex -2.27768 -17.3007 51
      vertex -0.998525 -17.3846 51
    endloop
  endfacet
  facet normal -0.830455 -0.554853 0.04983
    outer loop
      vertex -16.2813 -9.4 24
      vertex -17.3205 -10 0
      vertex -16.0197 -9.79154 24
    endloop
  endfacet
  facet normal -0.830432 -0.554887 0.0498299
    outer loop
      vertex -14.0296 -8.1 76
      vertex -11.9003 -9.13142 100
      vertex -12.9904 -7.5 100
    endloop
  endfacet
  facet normal -0.830425 -0.554898 0.0498288
    outer loop
      vertex -11.9003 -9.13142 100
      vertex -14.0296 -8.1 76
      vertex -13.2011 -9.33988 76
    endloop
  endfacet
  facet normal -0.830457 -0.55485 0.0498336
    outer loop
      vertex -16.1947 -9.35 26
      vertex -14.6646 -9.5744 49
      vertex -15.1987 -8.775 49
    endloop
  endfacet
  facet normal -0.830456 -0.554851 0.0498336
    outer loop
      vertex -14.6646 -9.5744 49
      vertex -16.1947 -9.35 26
      vertex -15.9113 -9.77417 26
    endloop
  endfacet
  facet normal -0.830455 -0.554852 0.04983
    outer loop
      vertex -15.1121 -8.725 51
      vertex -13.3096 -9.35725 74
      vertex -14.1162 -8.15 74
    endloop
  endfacet
  facet normal -0.830454 -0.554854 0.0498299
    outer loop
      vertex -13.3096 -9.35725 74
      vertex -15.1121 -8.725 51
      vertex -14.5562 -9.55702 51
    endloop
  endfacet
  facet normal 0.895761 -0.441734 0.0498289
    outer loop
      vertex 12.9904 -7.5 100
      vertex 14.9668 -6.19947 76
      vertex 13.8582 -5.74025 100
    endloop
  endfacet
  facet normal 0.895769 -0.441719 0.0498303
    outer loop
      vertex 14.9668 -6.19947 76
      vertex 12.9904 -7.5 100
      vertex 14.3073 -7.53688 76
    endloop
  endfacet
  facet normal 0.895822 -0.441611 0.0498331
    outer loop
      vertex 17.3689 -7.19445 24
      vertex 17.1607 -7.61679 24
      vertex 18.4776 -7.65367 0
    endloop
  endfacet
  facet normal 0.895771 -0.441715 0.0498287
    outer loop
      vertex 15.7889 -7.57837 49
      vertex 17.2765 -7.15618 26
      vertex 16.2141 -6.71609 49
    endloop
  endfacet
  facet normal 0.895781 -0.441694 0.0498298
    outer loop
      vertex 17.2765 -7.15618 26
      vertex 15.7889 -7.57837 49
      vertex 17.0509 -7.61371 26
    endloop
  endfacet
  facet normal 0.89578 -0.441696 0.0498327
    outer loop
      vertex 14.4171 -7.53995 74
      vertex 16.1217 -6.67783 51
      vertex 15.0592 -6.23774 74
    endloop
  endfacet
  facet normal 0.895752 -0.441753 0.0498285
    outer loop
      vertex 16.1217 -6.67783 51
      vertex 14.4171 -7.53995 74
      vertex 15.6791 -7.5753 51
    endloop
  endfacet
  facet normal -0.0651562 -0.99663 0.0498315
    outer loop
      vertex 0 -19.5 10
      vertex -0.195789 -19.4872 10
      vertex 0 -20 0
    endloop
  endfacet
  facet normal -0.0653082 -0.99662 0.0498313
    outer loop
      vertex -1.488 -16.1025 76
      vertex 0 -15 100
      vertex -1.95789 -14.8717 100
    endloop
  endfacet
  facet normal -0.0653028 -0.99662 0.049831
    outer loop
      vertex 0 -15 100
      vertex -1.488 -16.1025 76
      vertex 0 -16.2 76
    endloop
  endfacet
  facet normal -0.0653251 -0.996619 0.0498351
    outer loop
      vertex -0.313263 -19.1795 16
      vertex 0 -18.8 24
      vertex -0.469894 -18.7692 24
    endloop
  endfacet
  facet normal -0.0652194 -0.996626 0.0498313
    outer loop
      vertex 0 -18.8 24
      vertex -0.313263 -19.1795 16
      vertex 0 -19.2 16
    endloop
  endfacet
  facet normal -0.0653423 -0.996618 0.0498298
    outer loop
      vertex -0.509052 -18.6666 26
      vertex 0 -17.55 49
      vertex -0.959367 -17.4871 49
    endloop
  endfacet
  facet normal -0.06539 -0.996615 0.0498307
    outer loop
      vertex 0 -17.55 49
      vertex -0.509052 -18.6666 26
      vertex 0 -18.7 26
    endloop
  endfacet
  facet normal -0.0653479 -0.996617 0.049834
    outer loop
      vertex -0.998525 -17.3846 51
      vertex 0 -16.3 74
      vertex -1.44884 -16.205 74
    endloop
  endfacet
  facet normal -0.0652754 -0.996622 0.0498311
    outer loop
      vertex 0 -16.3 74
      vertex -0.998525 -17.3846 51
      vertex 0 -17.45 51
    endloop
  endfacet
  facet normal 0.320734 -0.945857 0.0498356
    outer loop
      vertex 5 -18.5354 16
      vertex 4.8658 -18.1594 24
      vertex 4.96933 -18.5458 16
    endloop
  endfacet
  facet normal 0.321038 -0.945754 0.0498359
    outer loop
      vertex 4.8658 -18.1594 24
      vertex 5 -18.5354 16
      vertex 6.74854 -17.5203 24
    endloop
  endfacet
  facet normal 0.321049 -0.945751 0.049833
    outer loop
      vertex 5 -18.6603 13.6296
      vertex 6.74854 -17.5203 24
      vertex 5 -18.5354 16
    endloop
  endfacet
  facet normal 0.321031 -0.945757 0.0498269
    outer loop
      vertex 7.65367 -18.4776 0
      vertex 5 -18.6603 13.6296
      vertex 5.17638 -19.3185 0
    endloop
  endfacet
  facet normal 0.321055 -0.945749 0.0498317
    outer loop
      vertex 5 -18.6603 13.6296
      vertex 7.65367 -18.4776 0
      vertex 6.74854 -17.5203 24
    endloop
  endfacet
  facet normal 0.321008 -0.945765 0.0498306
    outer loop
      vertex 4.78742 -15.4462 76
      vertex 3.88229 -14.4889 100
      vertex 4.19287 -15.648 76
    endloop
  endfacet
  facet normal 0.321058 -0.945748 0.0498304
    outer loop
      vertex 4.83992 -18.0628 26
      vertex 5.80569 -16.5231 49
      vertex 4.54227 -16.952 49
    endloop
  endfacet
  facet normal 0.321047 -0.945751 0.0498311
    outer loop
      vertex 5.80569 -16.5231 49
      vertex 4.83992 -18.0628 26
      vertex 6.67311 -17.4405 26
    endloop
  endfacet
  facet normal 0.32112 -0.945727 0.0498301
    outer loop
      vertex 4.51639 -16.8554 51
      vertex 4.86284 -15.5259 74
      vertex 4.21875 -15.7446 74
    endloop
  endfacet
  facet normal 0.321003 -0.945766 0.0498341
    outer loop
      vertex 4.86284 -15.5259 74
      vertex 4.51639 -16.8554 51
      vertex 5.73026 -16.4434 51
    endloop
  endfacet
  facet normal -0.194855 -0.979565 0.0498327
    outer loop
      vertex -2.61052 -19.8289 0
      vertex -4.85453 -18.8738 10
      vertex -5.17638 -19.3185 0
    endloop
  endfacet
  facet normal -0.194871 -0.979562 0.0498286
    outer loop
      vertex -4.85453 -18.8738 10
      vertex -2.61052 -19.8289 0
      vertex -2.54526 -19.3332 10
    endloop
  endfacet
  facet normal -0.19486 -0.979565 0.0498295
    outer loop
      vertex -1.95789 -14.8717 100
      vertex -2.73033 -15.9389 76
      vertex -2.11452 -16.0614 76
    endloop
  endfacet
  facet normal -0.194839 -0.979569 0.049825
    outer loop
      vertex -2.5061 -19.0357 16
      vertex -4.40394 -18.2513 24
      vertex -4.66142 -18.607 16
    endloop
  endfacet
  facet normal -0.194853 -0.979566 0.0498214
    outer loop
      vertex -4.40394 -18.2513 24
      vertex -2.5061 -19.0357 16
      vertex -2.45389 -18.6392 24
    endloop
  endfacet
  facet normal -0.194857 -0.979565 0.049828
    outer loop
      vertex -2.44084 -18.54 26
      vertex -3.59932 -17.1396 49
      vertex -4.33957 -18.1623 26
    endloop
  endfacet
  facet normal -0.194852 -0.979566 0.0498284
    outer loop
      vertex -3.59932 -17.1396 49
      vertex -2.44084 -18.54 26
      vertex -2.29073 -17.3999 49
    endloop
  endfacet
  facet normal -0.194858 -0.979565 0.049828
    outer loop
      vertex -2.27768 -17.3007 51
      vertex -2.7947 -16.0279 74
      vertex -3.53495 -17.0506 51
    endloop
  endfacet
  facet normal -0.19485 -0.979567 0.0498283
    outer loop
      vertex -2.7947 -16.0279 74
      vertex -2.27768 -17.3007 51
      vertex -2.12758 -16.1606 74
    endloop
  endfacet
  facet normal -0.996619 -0.0653209 0.049831
    outer loop
      vertex -19.8289 -2.61052 0
      vertex -18.7692 -0.469894 24
      vertex -20 0 0
    endloop
  endfacet
  facet normal -0.996621 -0.0653029 0.0498295
    outer loop
      vertex -18.7692 -0.469894 24
      vertex -19.8289 -2.61052 0
      vertex -18.6392 -2.45389 24
    endloop
  endfacet
  facet normal -0.996616 -0.0653784 0.0498297
    outer loop
      vertex -14.8717 -1.95789 100
      vertex -16.1025 -1.488 76
      vertex -16.0614 -2.11452 76
    endloop
  endfacet
  facet normal -0.99662 -0.0653136 0.0498305
    outer loop
      vertex -18.54 -2.44084 26
      vertex -17.4871 -0.959367 49
      vertex -18.6666 -0.509052 26
    endloop
  endfacet
  facet normal -0.996622 -0.0652756 0.0498282
    outer loop
      vertex -17.4871 -0.959367 49
      vertex -18.54 -2.44084 26
      vertex -17.3999 -2.29073 49
    endloop
  endfacet
  facet normal -0.996616 -0.0653682 0.0498336
    outer loop
      vertex -17.3007 -2.27768 51
      vertex -16.205 -1.44884 74
      vertex -17.3846 -0.998525 51
    endloop
  endfacet
  facet normal -0.996628 -0.0651947 0.0498279
    outer loop
      vertex -16.205 -1.44884 74
      vertex -17.3007 -2.27768 51
      vertex -16.1606 -2.12758 74
    endloop
  endfacet
  facet normal -0.945753 -0.321044 0.0498315
    outer loop
      vertex -15.4462 -4.78742 76
      vertex -13.8582 -5.74025 100
      vertex -14.4889 -3.88229 100
    endloop
  endfacet
  facet normal -0.945739 -0.321084 0.0498289
    outer loop
      vertex -13.8582 -5.74025 100
      vertex -15.4462 -4.78742 76
      vertex -14.9668 -6.19947 76
    endloop
  endfacet
  facet normal -0.945732 -0.321105 0.0498329
    outer loop
      vertex -17.5203 -6.74854 24
      vertex -18.4776 -7.65367 0
      vertex -17.3689 -7.19445 24
    endloop
  endfacet
  facet normal -0.945766 -0.321004 0.04983
    outer loop
      vertex -17.4405 -6.67311 26
      vertex -16.2141 -6.71609 49
      vertex -16.5231 -5.80569 49
    endloop
  endfacet
  facet normal -0.945742 -0.321075 0.0498286
    outer loop
      vertex -16.2141 -6.71609 49
      vertex -17.4405 -6.67311 26
      vertex -17.2765 -7.15618 26
    endloop
  endfacet
  facet normal -0.945757 -0.32103 0.0498348
    outer loop
      vertex -16.4434 -5.73026 51
      vertex -15.0592 -6.23774 74
      vertex -15.5259 -4.86284 74
    endloop
  endfacet
  facet normal -0.94574 -0.321079 0.0498327
    outer loop
      vertex -15.0592 -6.23774 74
      vertex -16.4434 -5.73026 51
      vertex -16.1217 -6.67783 51
    endloop
  endfacet
  facet normal 0.441611 -0.895822 0.0498331
    outer loop
      vertex 7.61679 -17.1607 24
      vertex 7.19445 -17.3689 24
      vertex 7.65367 -18.4776 0
    endloop
  endfacet
  facet normal 0.441734 -0.895761 0.0498289
    outer loop
      vertex 6.19947 -14.9668 76
      vertex 7.5 -12.9904 100
      vertex 5.74025 -13.8582 100
    endloop
  endfacet
  facet normal 0.441719 -0.895769 0.0498303
    outer loop
      vertex 7.5 -12.9904 100
      vertex 6.19947 -14.9668 76
      vertex 7.53688 -14.3073 76
    endloop
  endfacet
  facet normal 0.441715 -0.895771 0.0498287
    outer loop
      vertex 7.15618 -17.2765 26
      vertex 7.57837 -15.7889 49
      vertex 6.71609 -16.2141 49
    endloop
  endfacet
  facet normal 0.441694 -0.895781 0.0498298
    outer loop
      vertex 7.57837 -15.7889 49
      vertex 7.15618 -17.2765 26
      vertex 7.61371 -17.0509 26
    endloop
  endfacet
  facet normal 0.441696 -0.89578 0.0498327
    outer loop
      vertex 6.67783 -16.1217 51
      vertex 7.53995 -14.4171 74
      vertex 6.23774 -15.0592 74
    endloop
  endfacet
  facet normal 0.441753 -0.895752 0.0498285
    outer loop
      vertex 7.53995 -14.4171 74
      vertex 6.67783 -16.1217 51
      vertex 7.5753 -15.6791 51
    endloop
  endfacet
  facet normal 0.194871 -0.979562 0.0498286
    outer loop
      vertex 2.61052 -19.8289 0
      vertex 4.85453 -18.8738 10
      vertex 2.54526 -19.3332 10
    endloop
  endfacet
  facet normal 0.194855 -0.979565 0.0498327
    outer loop
      vertex 4.85453 -18.8738 10
      vertex 2.61052 -19.8289 0
      vertex 5.17638 -19.3185 0
    endloop
  endfacet
  facet normal 0.19486 -0.979565 0.0498295
    outer loop
      vertex 2.73033 -15.9389 76
      vertex 1.95789 -14.8717 100
      vertex 2.11452 -16.0614 76
    endloop
  endfacet
  facet normal 0.194853 -0.979566 0.0498214
    outer loop
      vertex 2.5061 -19.0357 16
      vertex 4.40394 -18.2513 24
      vertex 2.45389 -18.6392 24
    endloop
  endfacet
  facet normal 0.194839 -0.979569 0.049825
    outer loop
      vertex 4.40394 -18.2513 24
      vertex 2.5061 -19.0357 16
      vertex 4.66142 -18.607 16
    endloop
  endfacet
  facet normal 0.194852 -0.979566 0.0498284
    outer loop
      vertex 2.44084 -18.54 26
      vertex 3.59932 -17.1396 49
      vertex 2.29073 -17.3999 49
    endloop
  endfacet
  facet normal 0.194857 -0.979565 0.049828
    outer loop
      vertex 3.59932 -17.1396 49
      vertex 2.44084 -18.54 26
      vertex 4.33957 -18.1623 26
    endloop
  endfacet
  facet normal 0.19485 -0.979567 0.0498283
    outer loop
      vertex 2.27768 -17.3007 51
      vertex 2.7947 -16.0279 74
      vertex 2.12758 -16.1606 74
    endloop
  endfacet
  facet normal 0.194858 -0.979565 0.049828
    outer loop
      vertex 2.7947 -16.0279 74
      vertex 2.27768 -17.3007 51
      vertex 3.53495 -17.0506 51
    endloop
  endfacet
  facet normal 0.0653209 -0.996619 0.0498277
    outer loop
      vertex 2.61052 -19.8289 0
      vertex 0.195789 -19.4872 10
      vertex 0 -20 0
    endloop
  endfacet
  facet normal 0.0653251 -0.996619 0.0498287
    outer loop
      vertex 0.195789 -19.4872 10
      vertex 2.61052 -19.8289 0
      vertex 2.54526 -19.3332 10
    endloop
  endfacet
  facet normal 0.0653784 -0.996616 0.0498297
    outer loop
      vertex 1.95789 -14.8717 100
      vertex 1.488 -16.1025 76
      vertex 2.11452 -16.0614 76
    endloop
  endfacet
  facet normal 0.0653553 -0.996617 0.0498344
    outer loop
      vertex 2.5061 -19.0357 16
      vertex 0.469894 -18.7692 24
      vertex 0.313263 -19.1795 16
    endloop
  endfacet
  facet normal 0.0653029 -0.996621 0.0498212
    outer loop
      vertex 0.469894 -18.7692 24
      vertex 2.5061 -19.0357 16
      vertex 2.45389 -18.6392 24
    endloop
  endfacet
  facet normal 0.0653136 -0.99662 0.0498305
    outer loop
      vertex 2.44084 -18.54 26
      vertex 0.959367 -17.4871 49
      vertex 0.509052 -18.6666 26
    endloop
  endfacet
  facet normal 0.0652756 -0.996622 0.0498282
    outer loop
      vertex 0.959367 -17.4871 49
      vertex 2.44084 -18.54 26
      vertex 2.29073 -17.3999 49
    endloop
  endfacet
  facet normal 0.0653682 -0.996616 0.0498336
    outer loop
      vertex 2.27768 -17.3007 51
      vertex 1.44884 -16.205 74
      vertex 0.998525 -17.3846 51
    endloop
  endfacet
  facet normal 0.0651947 -0.996628 0.0498279
    outer loop
      vertex 1.44884 -16.205 74
      vertex 2.27768 -17.3007 51
      vertex 2.12758 -16.1606 74
    endloop
  endfacet
  facet normal -0.321084 -0.945739 0.0498289
    outer loop
      vertex -4.78742 -15.4462 76
      vertex -5.74025 -13.8582 100
      vertex -6.19947 -14.9668 76
    endloop
  endfacet
  facet normal -0.321044 -0.945753 0.0498315
    outer loop
      vertex -5.74025 -13.8582 100
      vertex -4.78742 -15.4462 76
      vertex -3.88229 -14.4889 100
    endloop
  endfacet
  facet normal -0.321105 -0.945732 0.0498329
    outer loop
      vertex -7.19445 -17.3689 24
      vertex -7.65367 -18.4776 0
      vertex -6.74854 -17.5203 24
    endloop
  endfacet
  facet normal -0.321075 -0.945742 0.0498286
    outer loop
      vertex -6.67311 -17.4405 26
      vertex -6.71609 -16.2141 49
      vertex -7.15618 -17.2765 26
    endloop
  endfacet
  facet normal -0.321004 -0.945766 0.04983
    outer loop
      vertex -6.71609 -16.2141 49
      vertex -6.67311 -17.4405 26
      vertex -5.80569 -16.5231 49
    endloop
  endfacet
  facet normal -0.321079 -0.94574 0.0498327
    outer loop
      vertex -5.73026 -16.4434 51
      vertex -6.23774 -15.0592 74
      vertex -6.67783 -16.1217 51
    endloop
  endfacet
  facet normal -0.32103 -0.945757 0.0498348
    outer loop
      vertex -6.23774 -15.0592 74
      vertex -5.73026 -16.4434 51
      vertex -4.86284 -15.5259 74
    endloop
  endfacet
  facet normal -0.895755 -0.441747 0.0498296
    outer loop
      vertex -18.4776 -7.65367 0
      vertex -16.2813 -9.4 24
      vertex -17.1607 -7.61679 24
    endloop
  endfacet
  facet normal -0.895756 -0.441745 0.0498298
    outer loop
      vertex -16.2813 -9.4 24
      vertex -18.4776 -7.65367 0
      vertex -17.3205 -10 0
    endloop
  endfacet
  facet normal -0.895759 -0.441739 0.0498298
    outer loop
      vertex -12.9904 -7.5 100
      vertex -14.3073 -7.53688 76
      vertex -14.0296 -8.1 76
    endloop
  endfacet
  facet normal -0.895733 -0.441792 0.0498273
    outer loop
      vertex -17.0509 -7.61371 26
      vertex -15.1987 -8.775 49
      vertex -15.7889 -7.57837 49
    endloop
  endfacet
  facet normal -0.895767 -0.441721 0.0498336
    outer loop
      vertex -15.1987 -8.775 49
      vertex -17.0509 -7.61371 26
      vertex -16.1947 -9.35 26
    endloop
  endfacet
  facet normal -0.895726 -0.441806 0.0498271
    outer loop
      vertex -15.6791 -7.5753 51
      vertex -14.1162 -8.15 74
      vertex -14.4171 -7.53995 74
    endloop
  endfacet
  facet normal -0.895749 -0.441758 0.0498299
    outer loop
      vertex -14.1162 -8.15 74
      vertex -15.6791 -7.5753 51
      vertex -15.1121 -8.725 51
    endloop
  endfacet
  facet normal 0.750929 -0.6585 0.0498331
    outer loop
      vertex 13.6041 -12.9396 24
      vertex 15.8671 -12.1752 0
      vertex 14.915 -11.4447 24
    endloop
  endfacet
  facet normal 0.750892 -0.658543 0.0498282
    outer loop
      vertex 15.8671 -12.1752 0
      vertex 13.6041 -12.9396 24
      vertex 14.1421 -14.1421 0
    endloop
  endfacet
  facet normal 0.750901 -0.658532 0.0498301
    outer loop
      vertex 12.8523 -9.86193 76
      vertex 11.9003 -9.13142 100
      vertex 12.4383 -10.334 76
    endloop
  endfacet
  facet normal 0.750867 -0.658571 0.0498268
    outer loop
      vertex 13.0436 -11.6869 49
      vertex 14.8357 -11.3838 26
      vertex 13.9234 -10.6838 49
    endloop
  endfacet
  facet normal 0.750916 -0.658515 0.0498313
    outer loop
      vertex 14.8357 -11.3838 26
      vertex 13.0436 -11.6869 49
      vertex 13.5593 -12.8393 26
    endloop
  endfacet
  facet normal 0.750889 -0.658546 0.0498295
    outer loop
      vertex 12.4832 -10.4342 74
      vertex 13.844 -10.6229 51
      vertex 12.9317 -9.92281 74
    endloop
  endfacet
  facet normal 0.750917 -0.658514 0.0498309
    outer loop
      vertex 13.844 -10.6229 51
      vertex 12.4832 -10.4342 74
      vertex 12.9988 -11.5867 51
    endloop
  endfacet
  facet normal 0.441747 -0.895755 0.0498296
    outer loop
      vertex 7.65367 -18.4776 0
      vertex 9.4 -16.2813 24
      vertex 7.61679 -17.1607 24
    endloop
  endfacet
  facet normal 0.441745 -0.895756 0.0498298
    outer loop
      vertex 9.4 -16.2813 24
      vertex 7.65367 -18.4776 0
      vertex 10 -17.3205 0
    endloop
  endfacet
  facet normal 0.441739 -0.895759 0.0498298
    outer loop
      vertex 8.1 -14.0296 76
      vertex 7.5 -12.9904 100
      vertex 7.53688 -14.3073 76
    endloop
  endfacet
  facet normal 0.441792 -0.895733 0.0498273
    outer loop
      vertex 7.61371 -17.0509 26
      vertex 8.775 -15.1987 49
      vertex 7.57837 -15.7889 49
    endloop
  endfacet
  facet normal 0.441721 -0.895767 0.0498336
    outer loop
      vertex 8.775 -15.1987 49
      vertex 7.61371 -17.0509 26
      vertex 9.35 -16.1947 26
    endloop
  endfacet
  facet normal 0.441806 -0.895726 0.0498271
    outer loop
      vertex 7.5753 -15.6791 51
      vertex 8.15 -14.1162 74
      vertex 7.53995 -14.4171 74
    endloop
  endfacet
  facet normal 0.441758 -0.895749 0.0498299
    outer loop
      vertex 8.15 -14.1162 74
      vertex 7.5753 -15.6791 51
      vertex 8.725 -15.1121 51
    endloop
  endfacet
  facet normal 0.321105 -0.945732 0.0498329
    outer loop
      vertex 7.19445 -17.3689 24
      vertex 6.74854 -17.5203 24
      vertex 7.65367 -18.4776 0
    endloop
  endfacet
  facet normal 0.321044 -0.945753 0.0498315
    outer loop
      vertex 4.78742 -15.4462 76
      vertex 5.74025 -13.8582 100
      vertex 3.88229 -14.4889 100
    endloop
  endfacet
  facet normal 0.321084 -0.945739 0.0498289
    outer loop
      vertex 5.74025 -13.8582 100
      vertex 4.78742 -15.4462 76
      vertex 6.19947 -14.9668 76
    endloop
  endfacet
  facet normal 0.321004 -0.945766 0.04983
    outer loop
      vertex 6.67311 -17.4405 26
      vertex 6.71609 -16.2141 49
      vertex 5.80569 -16.5231 49
    endloop
  endfacet
  facet normal 0.321075 -0.945742 0.0498286
    outer loop
      vertex 6.71609 -16.2141 49
      vertex 6.67311 -17.4405 26
      vertex 7.15618 -17.2765 26
    endloop
  endfacet
  facet normal 0.32103 -0.945757 0.0498348
    outer loop
      vertex 5.73026 -16.4434 51
      vertex 6.23774 -15.0592 74
      vertex 4.86284 -15.5259 74
    endloop
  endfacet
  facet normal 0.321079 -0.94574 0.0498327
    outer loop
      vertex 6.23774 -15.0592 74
      vertex 5.73026 -16.4434 51
      vertex 6.67783 -16.1217 51
    endloop
  endfacet
  facet normal 0.658527 -0.750905 0.0498299
    outer loop
      vertex 10.334 -12.4383 76
      vertex 10.6066 -10.6066 100
      vertex 9.13142 -11.9003 100
    endloop
  endfacet
  facet normal 0.658535 -0.750899 0.0498293
    outer loop
      vertex 10.6066 -10.6066 100
      vertex 10.334 -12.4383 76
      vertex 11.4551 -11.4551 76
    endloop
  endfacet
  facet normal 0.658587 -0.750853 0.0498296
    outer loop
      vertex 13.2936 -13.2936 24
      vertex 12.9396 -13.6041 24
      vertex 14.1421 -14.1421 0
    endloop
  endfacet
  facet normal 0.658539 -0.750895 0.049832
    outer loop
      vertex 12.8393 -13.5593 26
      vertex 12.4097 -12.4097 49
      vertex 11.6869 -13.0436 49
    endloop
  endfacet
  facet normal 0.658518 -0.750914 0.0498326
    outer loop
      vertex 12.4097 -12.4097 49
      vertex 12.8393 -13.5593 26
      vertex 13.2229 -13.2229 26
    endloop
  endfacet
  facet normal 0.658563 -0.750874 0.0498324
    outer loop
      vertex 11.5867 -12.9988 51
      vertex 11.5258 -11.5258 74
      vertex 10.4342 -12.4832 74
    endloop
  endfacet
  facet normal 0.658555 -0.750881 0.0498327
    outer loop
      vertex 11.5258 -11.5258 74
      vertex 11.5867 -12.9988 51
      vertex 12.339 -12.339 51
    endloop
  endfacet
  facet normal -0.658535 -0.750899 0.0498293
    outer loop
      vertex -10.334 -12.4383 76
      vertex -10.6066 -10.6066 100
      vertex -11.4551 -11.4551 76
    endloop
  endfacet
  facet normal -0.658527 -0.750905 0.0498299
    outer loop
      vertex -10.6066 -10.6066 100
      vertex -10.334 -12.4383 76
      vertex -9.13142 -11.9003 100
    endloop
  endfacet
  facet normal -0.658587 -0.750853 0.0498296
    outer loop
      vertex -13.2936 -13.2936 24
      vertex -14.1421 -14.1421 0
      vertex -12.9396 -13.6041 24
    endloop
  endfacet
  facet normal -0.658518 -0.750914 0.0498326
    outer loop
      vertex -12.8393 -13.5593 26
      vertex -12.4097 -12.4097 49
      vertex -13.2229 -13.2229 26
    endloop
  endfacet
  facet normal -0.658539 -0.750895 0.049832
    outer loop
      vertex -12.4097 -12.4097 49
      vertex -12.8393 -13.5593 26
      vertex -11.6869 -13.0436 49
    endloop
  endfacet
  facet normal -0.658555 -0.750881 0.0498327
    outer loop
      vertex -11.5867 -12.9988 51
      vertex -11.5258 -11.5258 74
      vertex -12.339 -12.339 51
    endloop
  endfacet
  facet normal -0.658563 -0.750874 0.0498324
    outer loop
      vertex -11.5258 -11.5258 74
      vertex -11.5867 -12.9988 51
      vertex -10.4342 -12.4832 74
    endloop
  endfacet
  facet normal -0.945754 -0.321038 0.0498305
    outer loop
      vertex -19.3185 -5.17638 0
      vertex -17.5203 -6.74854 24
      vertex -18.1594 -4.8658 24
    endloop
  endfacet
  facet normal -0.945757 -0.321031 0.0498312
    outer loop
      vertex -17.5203 -6.74854 24
      vertex -19.3185 -5.17638 0
      vertex -18.4776 -7.65367 0
    endloop
  endfacet
  facet normal -0.945765 -0.321008 0.0498306
    outer loop
      vertex -14.4889 -3.88229 100
      vertex -15.648 -4.19287 76
      vertex -15.4462 -4.78742 76
    endloop
  endfacet
  facet normal -0.945748 -0.321058 0.0498304
    outer loop
      vertex -18.0628 -4.83992 26
      vertex -16.5231 -5.80569 49
      vertex -16.952 -4.54227 49
    endloop
  endfacet
  facet normal -0.945751 -0.321047 0.0498311
    outer loop
      vertex -16.5231 -5.80569 49
      vertex -18.0628 -4.83992 26
      vertex -17.4405 -6.67311 26
    endloop
  endfacet
  facet normal -0.945727 -0.32112 0.0498301
    outer loop
      vertex -16.8554 -4.51639 51
      vertex -15.5259 -4.86284 74
      vertex -15.7446 -4.21875 74
    endloop
  endfacet
  facet normal -0.945766 -0.321003 0.0498341
    outer loop
      vertex -15.5259 -4.86284 74
      vertex -16.8554 -4.51639 51
      vertex -16.4434 -5.73026 51
    endloop
  endfacet
  facet normal -0.99662 -0.0653028 0.049831
    outer loop
      vertex -16.1025 -1.488 76
      vertex -15 0 100
      vertex -16.2 0 76
    endloop
  endfacet
  facet normal -0.99662 -0.0653082 0.0498313
    outer loop
      vertex -15 0 100
      vertex -16.1025 -1.488 76
      vertex -14.8717 -1.95789 100
    endloop
  endfacet
  facet normal -0.996619 -0.0653251 0.049831
    outer loop
      vertex -18.8 0 24
      vertex -20 0 0
      vertex -18.7692 -0.469894 24
    endloop
  endfacet
  facet normal -0.996615 -0.06539 0.0498307
    outer loop
      vertex -18.6666 -0.509052 26
      vertex -17.55 0 49
      vertex -18.7 0 26
    endloop
  endfacet
  facet normal -0.996618 -0.0653423 0.0498298
    outer loop
      vertex -17.55 0 49
      vertex -18.6666 -0.509052 26
      vertex -17.4871 -0.959367 49
    endloop
  endfacet
  facet normal -0.996622 -0.0652754 0.0498311
    outer loop
      vertex -17.3846 -0.998525 51
      vertex -16.3 0 74
      vertex -17.45 0 51
    endloop
  endfacet
  facet normal -0.996617 -0.0653479 0.049834
    outer loop
      vertex -16.3 0 74
      vertex -17.3846 -0.998525 51
      vertex -16.205 -1.44884 74
    endloop
  endfacet
  facet normal -0.321038 -0.945754 0.0498359
    outer loop
      vertex -6.74854 -17.5203 24
      vertex -5 -18.5354 16
      vertex -4.8658 -18.1594 24
    endloop
  endfacet
  facet normal -0.321049 -0.945751 0.049833
    outer loop
      vertex -6.74854 -17.5203 24
      vertex -5 -18.6603 13.6296
      vertex -5 -18.5354 16
    endloop
  endfacet
  facet normal -0.321055 -0.945749 0.0498317
    outer loop
      vertex -7.65367 -18.4776 0
      vertex -5 -18.6603 13.6296
      vertex -6.74854 -17.5203 24
    endloop
  endfacet
  facet normal -0.321031 -0.945757 0.0498269
    outer loop
      vertex -5 -18.6603 13.6296
      vertex -7.65367 -18.4776 0
      vertex -5.17638 -19.3185 0
    endloop
  endfacet
  facet normal -0.320734 -0.945857 0.0498356
    outer loop
      vertex -4.8658 -18.1594 24
      vertex -5 -18.5354 16
      vertex -4.96933 -18.5458 16
    endloop
  endfacet
  facet normal -0.321008 -0.945765 0.0498306
    outer loop
      vertex -3.88229 -14.4889 100
      vertex -4.78742 -15.4462 76
      vertex -4.19287 -15.648 76
    endloop
  endfacet
  facet normal -0.321047 -0.945751 0.0498311
    outer loop
      vertex -4.83992 -18.0628 26
      vertex -5.80569 -16.5231 49
      vertex -6.67311 -17.4405 26
    endloop
  endfacet
  facet normal -0.321058 -0.945748 0.0498304
    outer loop
      vertex -5.80569 -16.5231 49
      vertex -4.83992 -18.0628 26
      vertex -4.54227 -16.952 49
    endloop
  endfacet
  facet normal -0.321003 -0.945766 0.0498341
    outer loop
      vertex -4.51639 -16.8554 51
      vertex -4.86284 -15.5259 74
      vertex -5.73026 -16.4434 51
    endloop
  endfacet
  facet normal -0.32112 -0.945727 0.0498301
    outer loop
      vertex -4.86284 -15.5259 74
      vertex -4.51639 -16.8554 51
      vertex -4.21875 -15.7446 74
    endloop
  endfacet
  facet normal 0.554887 -0.830432 0.0498299
    outer loop
      vertex 8.1 -14.0296 76
      vertex 9.13142 -11.9003 100
      vertex 7.5 -12.9904 100
    endloop
  endfacet
  facet normal 0.554898 -0.830425 0.0498288
    outer loop
      vertex 9.13142 -11.9003 100
      vertex 8.1 -14.0296 76
      vertex 9.33988 -13.2011 76
    endloop
  endfacet
  facet normal 0.554853 -0.830455 0.04983
    outer loop
      vertex 9.79154 -16.0197 24
      vertex 9.4 -16.2813 24
      vertex 10 -17.3205 0
    endloop
  endfacet
  facet normal 0.55485 -0.830457 0.0498336
    outer loop
      vertex 9.35 -16.1947 26
      vertex 9.5744 -14.6646 49
      vertex 8.775 -15.1987 49
    endloop
  endfacet
  facet normal 0.554851 -0.830456 0.0498336
    outer loop
      vertex 9.5744 -14.6646 49
      vertex 9.35 -16.1947 26
      vertex 9.77417 -15.9113 26
    endloop
  endfacet
  facet normal 0.554852 -0.830455 0.04983
    outer loop
      vertex 8.725 -15.1121 51
      vertex 9.35725 -13.3096 74
      vertex 8.15 -14.1162 74
    endloop
  endfacet
  facet normal 0.554854 -0.830454 0.0498299
    outer loop
      vertex 9.35725 -13.3096 74
      vertex 8.725 -15.1121 51
      vertex 9.55702 -14.5562 51
    endloop
  endfacet
  facet normal 0.996619 -0.0653197 0.049832
    outer loop
      vertex 19.8289 -2.61052 0
      vertex 18.8461 -0.440526 22.5
      vertex 18.7135 -2.46368 22.5
    endloop
  endfacet
  facet normal 0.996619 -0.0653209 0.0498322
    outer loop
      vertex 18.8461 -0.440526 22.5
      vertex 19.8289 -2.61052 0
      vertex 20 0 0
    endloop
  endfacet
  facet normal 0.996616 -0.0653784 0.0498297
    outer loop
      vertex 16.1025 -1.488 76
      vertex 14.8717 -1.95789 100
      vertex 16.0614 -2.11452 76
    endloop
  endfacet
  facet normal 0.996623 -0.0652826 0.0498025
    outer loop
      vertex 18.7 -1.5257 24
      vertex 18.6392 -2.45389 24
      vertex 18.7 -2.4619 22.7728
    endloop
  endfacet
  facet normal 0.996627 -0.0652011 0.0498276
    outer loop
      vertex 18.594 -0.776457 27.1022
      vertex 18.6666 -0.509052 26
      vertex 18.6126 -0.529671 27.0531
    endloop
  endfacet
  facet normal 0.996615 -0.0654347 0.0497702
    outer loop
      vertex 18.5633 -1.14805 27.2284
      vertex 18.6666 -0.509052 26
      vertex 18.594 -0.776457 27.1022
    endloop
  endfacet
  facet normal 0.996629 -0.0652386 0.0497545
    outer loop
      vertex 18.54 -2.44084 26
      vertex 18.5633 -1.14805 27.2284
      vertex 18.5316 -1.5 27.4019
    endloop
  endfacet
  facet normal 0.996616 -0.0653618 0.049837
    outer loop
      vertex 18.54 -2.44084 26
      vertex 18.5316 -1.5 27.4019
      vertex 18.4993 -1.82628 27.6199
    endloop
  endfacet
  facet normal 0.996615 -0.0653834 0.0498452
    outer loop
      vertex 18.54 -2.44084 26
      vertex 18.4993 -1.82628 27.6199
      vertex 18.467 -2.12132 27.8787
    endloop
  endfacet
  facet normal 0.996621 -0.0652901 0.0498296
    outer loop
      vertex 18.54 -2.44084 26
      vertex 18.467 -2.12132 27.8787
      vertex 18.4353 -2.38006 28.1737
    endloop
  endfacet
  facet normal 0.99662 -0.0653136 0.0498336
    outer loop
      vertex 18.5633 -1.14805 27.2284
      vertex 18.54 -2.44084 26
      vertex 18.6666 -0.509052 26
    endloop
  endfacet
  facet normal 0.99659 -0.0657525 0.049841
    outer loop
      vertex 18.54 -2.44084 26
      vertex 18.4353 -2.38006 28.1737
      vertex 18.4288 -2.4262 28.2428
    endloop
  endfacet
  facet normal 0.996625 -0.0652666 0.0497897
    outer loop
      vertex 17.45 -1.5257 49
      vertex 17.3999 -2.29073 49
      vertex 17.45 -2.29734 47.9885
    endloop
  endfacet
  facet normal 0.996615 -0.0653859 0.049831
    outer loop
      vertex 17.3007 -2.27768 51
      vertex 16.282 -1.41947 72.5
      vertex 16.2349 -2.13737 72.5
    endloop
  endfacet
  facet normal 0.996616 -0.0653682 0.0498304
    outer loop
      vertex 16.282 -1.41947 72.5
      vertex 17.3007 -2.27768 51
      vertex 17.3846 -0.998525 51
    endloop
  endfacet
  facet normal 0.996628 -0.0652408 0.0497684
    outer loop
      vertex 16.2 -1.5257 74
      vertex 16.1606 -2.12758 74
      vertex 16.2 -2.13277 73.2042
    endloop
  endfacet
  facet normal 0.99662 -0.0653011 0.0498379
    outer loop
      vertex 17.4742 -2.30052 47.5
      vertex 18.3116 -0.644617 32.924
      vertex 17.564 -0.929999 47.5
    endloop
  endfacet
  facet normal 0.996589 -0.065829 0.0497761
    outer loop
      vertex 18.3116 -0.644617 32.924
      vertex 17.4742 -2.30052 47.5
      vertex 18.3042 -0.776457 32.8978
    endloop
  endfacet
  facet normal 0.996626 -0.0652045 0.0498435
    outer loop
      vertex 18.3042 -0.776457 32.8978
      vertex 17.4742 -2.30052 47.5
      vertex 18.2862 -1.14805 32.7716
    endloop
  endfacet
  facet normal 0.996618 -0.0653422 0.0498322
    outer loop
      vertex 18.2862 -1.14805 32.7716
      vertex 17.4742 -2.30052 47.5
      vertex 18.2718 -1.5 32.5981
    endloop
  endfacet
  facet normal 0.996616 -0.0653659 0.0498309
    outer loop
      vertex 18.2718 -1.5 32.5981
      vertex 17.4742 -2.30052 47.5
      vertex 18.2613 -1.82628 32.3801
    endloop
  endfacet
  facet normal 0.996619 -0.0653298 0.0498321
    outer loop
      vertex 18.2613 -1.82628 32.3801
      vertex 17.4742 -2.30052 47.5
      vertex 18.2549 -2.12132 32.1213
    endloop
  endfacet
  facet normal 0.996621 -0.0652903 0.0498327
    outer loop
      vertex 17.4742 -2.30052 47.5
      vertex 18.2527 -2.38006 31.8263
      vertex 18.2549 -2.12132 32.1213
    endloop
  endfacet
  facet normal 0.996579 -0.0659255 0.0498338
    outer loop
      vertex 18.2527 -2.38006 31.8263
      vertex 17.4742 -2.30052 47.5
      vertex 18.2529 -2.40304 31.7919
    endloop
  endfacet
  facet normal 0.996615 -0.0653813 0.0498308
    outer loop
      vertex 18.875 0 22.5
      vertex 18.8461 -0.440526 22.5
      vertex 20 0 0
    endloop
  endfacet
  facet normal 0.998752 0 0.0499376
    outer loop
      vertex 15 0 100
      vertex 16.2 -2.91004e-06 76
      vertex 16.2 0 76
    endloop
  endfacet
  facet normal 0.99662 -0.0653029 0.049831
    outer loop
      vertex 15 0 100
      vertex 16.1025 -1.488 76
      vertex 16.2 -2.91004e-06 76
    endloop
  endfacet
  facet normal 0.99662 -0.0653082 0.0498313
    outer loop
      vertex 16.1025 -1.488 76
      vertex 15 0 100
      vertex 14.8717 -1.95789 100
    endloop
  endfacet
  facet normal 0.996628 -0.0651942 0.0498314
    outer loop
      vertex 18.6231 -0.391578 27.0257
      vertex 18.7 0 26
      vertex 18.65 0 27
    endloop
  endfacet
  facet normal 0.996619 -0.0653903 0.0497558
    outer loop
      vertex 18.6666 -0.509052 26
      vertex 18.7 0 26
      vertex 18.6231 -0.391578 27.0257
    endloop
  endfacet
  facet normal 0 0 1
    outer loop
      vertex 18.7 0 26
      vertex 18.6666 -0.509052 26
      vertex 18.7 -2.91004e-06 26
    endloop
  endfacet
  facet normal 0.996583 -0.0658924 0.0498118
    outer loop
      vertex 18.6666 -0.509052 26
      vertex 18.6231 -0.391578 27.0257
      vertex 18.6126 -0.529671 27.0531
    endloop
  endfacet
  facet normal 0.996622 -0.0652754 0.0498311
    outer loop
      vertex 17.3846 -0.998525 51
      vertex 17.45 0 51
      vertex 16.375 0 72.5
    endloop
  endfacet
  facet normal 0 0 1
    outer loop
      vertex 17.45 0 51
      vertex 17.3846 -0.998525 51
      vertex 17.45 -2.91004e-06 51
    endloop
  endfacet
  facet normal 0.996621 -0.065296 0.049832
    outer loop
      vertex 17.3846 -0.998525 51
      vertex 16.375 0 72.5
      vertex 16.282 -1.41947 72.5
    endloop
  endfacet
  facet normal 0.996616 -0.0653695 0.0498308
    outer loop
      vertex 17.564 -0.929999 47.5
      vertex 18.35 0 33
      vertex 17.625 0 47.5
    endloop
  endfacet
  facet normal 0.996616 -0.0653716 0.0498307
    outer loop
      vertex 18.35 0 33
      vertex 17.564 -0.929999 47.5
      vertex 18.3256 -0.391578 32.9743
    endloop
  endfacet
  facet normal 0.996636 -0.0650494 0.0498437
    outer loop
      vertex 18.3256 -0.391578 32.9743
      vertex 17.564 -0.929999 47.5
      vertex 18.3116 -0.644617 32.924
    endloop
  endfacet
  facet normal -0.441719 -0.895769 0.0498303
    outer loop
      vertex -6.19947 -14.9668 76
      vertex -7.5 -12.9904 100
      vertex -7.53688 -14.3073 76
    endloop
  endfacet
  facet normal -0.441734 -0.895761 0.0498289
    outer loop
      vertex -7.5 -12.9904 100
      vertex -6.19947 -14.9668 76
      vertex -5.74025 -13.8582 100
    endloop
  endfacet
  facet normal -0.441611 -0.895822 0.0498331
    outer loop
      vertex -7.61679 -17.1607 24
      vertex -7.65367 -18.4776 0
      vertex -7.19445 -17.3689 24
    endloop
  endfacet
  facet normal -0.441694 -0.895781 0.0498298
    outer loop
      vertex -7.15618 -17.2765 26
      vertex -7.57837 -15.7889 49
      vertex -7.61371 -17.0509 26
    endloop
  endfacet
  facet normal -0.441715 -0.895771 0.0498287
    outer loop
      vertex -7.57837 -15.7889 49
      vertex -7.15618 -17.2765 26
      vertex -6.71609 -16.2141 49
    endloop
  endfacet
  facet normal -0.441753 -0.895752 0.0498285
    outer loop
      vertex -6.67783 -16.1217 51
      vertex -7.53995 -14.4171 74
      vertex -7.5753 -15.6791 51
    endloop
  endfacet
  facet normal -0.441696 -0.89578 0.0498327
    outer loop
      vertex -7.53995 -14.4171 74
      vertex -6.67783 -16.1217 51
      vertex -6.23774 -15.0592 74
    endloop
  endfacet
  facet normal -0.441739 -0.895759 0.0498298
    outer loop
      vertex -7.5 -12.9904 100
      vertex -8.1 -14.0296 76
      vertex -7.53688 -14.3073 76
    endloop
  endfacet
  facet normal -0.441745 -0.895756 0.0498298
    outer loop
      vertex -7.65367 -18.4776 0
      vertex -9.4 -16.2813 24
      vertex -10 -17.3205 0
    endloop
  endfacet
  facet normal -0.441747 -0.895755 0.0498296
    outer loop
      vertex -9.4 -16.2813 24
      vertex -7.65367 -18.4776 0
      vertex -7.61679 -17.1607 24
    endloop
  endfacet
  facet normal -0.441721 -0.895767 0.0498336
    outer loop
      vertex -7.61371 -17.0509 26
      vertex -8.775 -15.1987 49
      vertex -9.35 -16.1947 26
    endloop
  endfacet
  facet normal -0.441792 -0.895733 0.0498273
    outer loop
      vertex -8.775 -15.1987 49
      vertex -7.61371 -17.0509 26
      vertex -7.57837 -15.7889 49
    endloop
  endfacet
  facet normal -0.441758 -0.895749 0.0498299
    outer loop
      vertex -7.5753 -15.6791 51
      vertex -8.15 -14.1162 74
      vertex -8.725 -15.1121 51
    endloop
  endfacet
  facet normal -0.441806 -0.895726 0.0498271
    outer loop
      vertex -8.15 -14.1162 74
      vertex -7.5753 -15.6791 51
      vertex -7.53995 -14.4171 74
    endloop
  endfacet
  facet normal -0.895761 -0.441734 0.0498289
    outer loop
      vertex -14.9668 -6.19947 76
      vertex -12.9904 -7.5 100
      vertex -13.8582 -5.74025 100
    endloop
  endfacet
  facet normal -0.895769 -0.441719 0.0498303
    outer loop
      vertex -12.9904 -7.5 100
      vertex -14.9668 -6.19947 76
      vertex -14.3073 -7.53688 76
    endloop
  endfacet
  facet normal -0.895822 -0.441611 0.0498331
    outer loop
      vertex -17.3689 -7.19445 24
      vertex -18.4776 -7.65367 0
      vertex -17.1607 -7.61679 24
    endloop
  endfacet
  facet normal -0.895771 -0.441715 0.0498287
    outer loop
      vertex -17.2765 -7.15618 26
      vertex -15.7889 -7.57837 49
      vertex -16.2141 -6.71609 49
    endloop
  endfacet
  facet normal -0.895781 -0.441694 0.0498298
    outer loop
      vertex -15.7889 -7.57837 49
      vertex -17.2765 -7.15618 26
      vertex -17.0509 -7.61371 26
    endloop
  endfacet
  facet normal -0.89578 -0.441696 0.0498327
    outer loop
      vertex -16.1217 -6.67783 51
      vertex -14.4171 -7.53995 74
      vertex -15.0592 -6.23774 74
    endloop
  endfacet
  facet normal -0.895752 -0.441753 0.0498285
    outer loop
      vertex -14.4171 -7.53995 74
      vertex -16.1217 -6.67783 51
      vertex -15.6791 -7.5753 51
    endloop
  endfacet
  facet normal -0.979566 -0.194853 0.0498296
    outer loop
      vertex -19.8289 -2.61052 0
      vertex -18.2513 -4.40394 24
      vertex -18.6392 -2.45389 24
    endloop
  endfacet
  facet normal -0.979566 -0.194855 0.0498294
    outer loop
      vertex -18.2513 -4.40394 24
      vertex -19.8289 -2.61052 0
      vertex -19.3185 -5.17638 0
    endloop
  endfacet
  facet normal -0.979565 -0.19486 0.0498295
    outer loop
      vertex -14.8717 -1.95789 100
      vertex -16.0614 -2.11452 76
      vertex -15.9389 -2.73033 76
    endloop
  endfacet
  facet normal -0.979566 -0.194852 0.0498284
    outer loop
      vertex -18.54 -2.44084 26
      vertex -17.1396 -3.59932 49
      vertex -17.3999 -2.29073 49
    endloop
  endfacet
  facet normal -0.979565 -0.194857 0.049828
    outer loop
      vertex -17.1396 -3.59932 49
      vertex -18.54 -2.44084 26
      vertex -18.1623 -4.33957 26
    endloop
  endfacet
  facet normal -0.979567 -0.19485 0.0498283
    outer loop
      vertex -17.3007 -2.27768 51
      vertex -16.0279 -2.7947 74
      vertex -16.1606 -2.12758 74
    endloop
  endfacet
  facet normal -0.979565 -0.194858 0.049828
    outer loop
      vertex -16.0279 -2.7947 74
      vertex -17.3007 -2.27768 51
      vertex -17.0506 -3.53495 51
    endloop
  endfacet
  facet normal 0.554913 -0.830415 0.0498284
    outer loop
      vertex 10 -17.3205 0
      vertex 11.4447 -14.915 24
      vertex 9.79154 -16.0197 24
    endloop
  endfacet
  facet normal 0.554874 -0.83044 0.0498332
    outer loop
      vertex 11.4447 -14.915 24
      vertex 10 -17.3205 0
      vertex 12.1752 -15.8671 0
    endloop
  endfacet
  facet normal 0.554855 -0.830453 0.04983
    outer loop
      vertex 9.86193 -12.8523 76
      vertex 9.13142 -11.9003 100
      vertex 9.33988 -13.2011 76
    endloop
  endfacet
  facet normal 0.55484 -0.830463 0.0498339
    outer loop
      vertex 9.77417 -15.9113 26
      vertex 10.6838 -13.9234 49
      vertex 9.5744 -14.6646 49
    endloop
  endfacet
  facet normal 0.554909 -0.830418 0.0498272
    outer loop
      vertex 10.6838 -13.9234 49
      vertex 9.77417 -15.9113 26
      vertex 11.3838 -14.8357 26
    endloop
  endfacet
  facet normal 0.554885 -0.830433 0.049829
    outer loop
      vertex 9.55702 -14.5562 51
      vertex 9.92281 -12.9317 74
      vertex 9.35725 -13.3096 74
    endloop
  endfacet
  facet normal 0.554881 -0.830436 0.0498293
    outer loop
      vertex 9.92281 -12.9317 74
      vertex 9.55702 -14.5562 51
      vertex 10.6229 -13.844 51
    endloop
  endfacet
  facet normal 0.0651562 -0.99663 0.0498315
    outer loop
      vertex 0 -19.5 10
      vertex 0 -20 0
      vertex 0.195789 -19.4872 10
    endloop
  endfacet
  facet normal 0.0653028 -0.99662 0.049831
    outer loop
      vertex 1.488 -16.1025 76
      vertex 0 -15 100
      vertex 0 -16.2 76
    endloop
  endfacet
  facet normal 0.0653082 -0.99662 0.0498313
    outer loop
      vertex 0 -15 100
      vertex 1.488 -16.1025 76
      vertex 1.95789 -14.8717 100
    endloop
  endfacet
  facet normal 0.0652194 -0.996626 0.0498313
    outer loop
      vertex 0.313263 -19.1795 16
      vertex 0 -18.8 24
      vertex 0 -19.2 16
    endloop
  endfacet
  facet normal 0.0653251 -0.996619 0.0498351
    outer loop
      vertex 0 -18.8 24
      vertex 0.313263 -19.1795 16
      vertex 0.469894 -18.7692 24
    endloop
  endfacet
  facet normal 0.06539 -0.996615 0.0498307
    outer loop
      vertex 0.509052 -18.6666 26
      vertex 0 -17.55 49
      vertex 0 -18.7 26
    endloop
  endfacet
  facet normal 0.0653423 -0.996618 0.0498298
    outer loop
      vertex 0 -17.55 49
      vertex 0.509052 -18.6666 26
      vertex 0.959367 -17.4871 49
    endloop
  endfacet
  facet normal 0.0652754 -0.996622 0.0498311
    outer loop
      vertex 0.998525 -17.3846 51
      vertex 0 -16.3 74
      vertex 0 -17.45 51
    endloop
  endfacet
  facet normal 0.0653479 -0.996617 0.049834
    outer loop
      vertex 0 -16.3 74
      vertex 0.998525 -17.3846 51
      vertex 1.44884 -16.205 74
    endloop
  endfacet
  facet normal 0.979567 -0.194854 0.0498032
    outer loop
      vertex 18.2513 -4.40394 24
      vertex 18.7 -2.4619 22.7728
      vertex 18.6392 -2.45389 24
    endloop
  endfacet
  facet normal 0.979569 -0.194841 0.0498243
    outer loop
      vertex 18.7 -2.4619 22.7728
      vertex 18.2513 -4.40394 24
      vertex 18.7 -2.53166 22.5
    endloop
  endfacet
  facet normal 0.979569 -0.194837 0.049829
    outer loop
      vertex 19.3185 -5.17638 0
      vertex 18.7 -2.53166 22.5
      vertex 18.2513 -4.40394 24
    endloop
  endfacet
  facet normal 0.979565 -0.194855 0.049831
    outer loop
      vertex 18.7 -2.53166 22.5
      vertex 19.3185 -5.17638 0
      vertex 19.8289 -2.61052 0
    endloop
  endfacet
  facet normal 0.979628 -0.194542 0.049833
    outer loop
      vertex 18.7135 -2.46368 22.5
      vertex 18.7 -2.53166 22.5
      vertex 19.8289 -2.61052 0
    endloop
  endfacet
  facet normal 0.979565 -0.19486 0.0498295
    outer loop
      vertex 16.0614 -2.11452 76
      vertex 14.8717 -1.95789 100
      vertex 15.9389 -2.73033 76
    endloop
  endfacet
  facet normal 0.979568 -0.194852 0.0497917
    outer loop
      vertex 17.1396 -3.59932 49
      vertex 17.45 -2.29734 47.9885
      vertex 17.3999 -2.29073 49
    endloop
  endfacet
  facet normal 0.979607 -0.19464 0.0498459
    outer loop
      vertex 18.2529 -2.40304 31.7919
      vertex 17.1396 -3.59932 49
      vertex 18.229 -2.59808 31.5
    endloop
  endfacet
  facet normal 0.979487 -0.195254 0.0498033
    outer loop
      vertex 18.229 -2.59808 31.5
      vertex 17.1396 -3.59932 49
      vertex 18.2123 -2.77164 31.148
    endloop
  endfacet
  facet normal 0.979559 -0.194887 0.0498246
    outer loop
      vertex 18.2123 -2.77164 31.148
      vertex 17.1396 -3.59932 49
      vertex 18.2061 -2.89778 30.7765
    endloop
  endfacet
  facet normal 0.97957 -0.194831 0.0498274
    outer loop
      vertex 18.1623 -4.33957 26
      vertex 18.2061 -2.89778 30.7765
      vertex 17.1396 -3.59932 49
    endloop
  endfacet
  facet normal 0.979332 -0.195941 0.0501646
    outer loop
      vertex 18.2061 -2.89778 30.7765
      vertex 18.1623 -4.33957 26
      vertex 18.2105 -2.97433 30.3916
    endloop
  endfacet
  facet normal 0.979571 -0.194829 0.0498221
    outer loop
      vertex 17.45 -2.29734 47.9885
      vertex 17.1396 -3.59932 49
      vertex 17.45 -2.42226 47.5
    endloop
  endfacet
  facet normal 0.979591 -0.194727 0.0498323
    outer loop
      vertex 17.45 -2.42226 47.5
      vertex 18.2529 -2.40304 31.7919
      vertex 17.4742 -2.30052 47.5
    endloop
  endfacet
  facet normal 0.979573 -0.194818 0.0498313
    outer loop
      vertex 17.1396 -3.59932 49
      vertex 18.2529 -2.40304 31.7919
      vertex 17.45 -2.42226 47.5
    endloop
  endfacet
  facet normal 0.979609 -0.194674 0.0496775
    outer loop
      vertex 18.1623 -4.33957 26
      vertex 18.4288 -2.4262 28.2428
      vertex 18.3816 -2.59808 28.5
    endloop
  endfacet
  facet normal 0.979523 -0.19504 0.04994
    outer loop
      vertex 18.1623 -4.33957 26
      vertex 18.3816 -2.59808 28.5
      vertex 18.3291 -2.77164 28.8519
    endloop
  endfacet
  facet normal 0.979563 -0.194863 0.0498406
    outer loop
      vertex 18.1623 -4.33957 26
      vertex 18.3291 -2.77164 28.8519
      vertex 18.2851 -2.89778 29.2235
    endloop
  endfacet
  facet normal 0.979573 -0.194818 0.0498202
    outer loop
      vertex 18.1623 -4.33957 26
      vertex 18.2851 -2.89778 29.2235
      vertex 18.2503 -2.97433 29.6084
    endloop
  endfacet
  facet normal 0.979565 -0.194857 0.0498396
    outer loop
      vertex 18.4288 -2.4262 28.2428
      vertex 18.1623 -4.33957 26
      vertex 18.54 -2.44084 26
    endloop
  endfacet
  facet normal 0.979599 -0.194701 0.0497753
    outer loop
      vertex 18.2253 -3 30
      vertex 18.1623 -4.33957 26
      vertex 18.2503 -2.97433 29.6084
    endloop
  endfacet
  facet normal 0.979591 -0.194738 0.0497877
    outer loop
      vertex 18.2105 -2.97433 30.3916
      vertex 18.1623 -4.33957 26
      vertex 18.2253 -3 30
    endloop
  endfacet
  facet normal 0.979569 -0.194851 0.0497692
    outer loop
      vertex 16.0279 -2.7947 74
      vertex 16.2 -2.13277 73.2042
      vertex 16.1606 -2.12758 74
    endloop
  endfacet
  facet normal 0.979578 -0.194794 0.0498187
    outer loop
      vertex 16.2 -2.13277 73.2042
      vertex 16.0279 -2.7947 74
      vertex 16.2 -2.31287 72.5
    endloop
  endfacet
  facet normal 0.979577 -0.194799 0.0498309
    outer loop
      vertex 16.2 -2.31287 72.5
      vertex 17.3007 -2.27768 51
      vertex 16.2349 -2.13737 72.5
    endloop
  endfacet
  facet normal 0.979582 -0.194772 0.049826
    outer loop
      vertex 17.0506 -3.53495 51
      vertex 16.2 -2.31287 72.5
      vertex 16.0279 -2.7947 74
    endloop
  endfacet
  facet normal 0.979565 -0.194858 0.0498302
    outer loop
      vertex 16.2 -2.31287 72.5
      vertex 17.0506 -3.53495 51
      vertex 17.3007 -2.27768 51
    endloop
  endfacet
  facet normal 0.750905 -0.658527 0.0498299
    outer loop
      vertex 10.6066 -10.6066 100
      vertex 12.4383 -10.334 76
      vertex 11.9003 -9.13142 100
    endloop
  endfacet
  facet normal 0.750899 -0.658535 0.0498293
    outer loop
      vertex 12.4383 -10.334 76
      vertex 10.6066 -10.6066 100
      vertex 11.4551 -11.4551 76
    endloop
  endfacet
  facet normal 0.750853 -0.658587 0.0498296
    outer loop
      vertex 13.6041 -12.9396 24
      vertex 13.2936 -13.2936 24
      vertex 14.1421 -14.1421 0
    endloop
  endfacet
  facet normal 0.750895 -0.658539 0.049832
    outer loop
      vertex 12.4097 -12.4097 49
      vertex 13.5593 -12.8393 26
      vertex 13.0436 -11.6869 49
    endloop
  endfacet
  facet normal 0.750914 -0.658518 0.0498326
    outer loop
      vertex 13.5593 -12.8393 26
      vertex 12.4097 -12.4097 49
      vertex 13.2229 -13.2229 26
    endloop
  endfacet
  facet normal 0.750874 -0.658563 0.0498324
    outer loop
      vertex 11.5258 -11.5258 74
      vertex 12.9988 -11.5867 51
      vertex 12.4832 -10.4342 74
    endloop
  endfacet
  facet normal 0.750881 -0.658555 0.0498327
    outer loop
      vertex 12.9988 -11.5867 51
      vertex 11.5258 -11.5258 74
      vertex 12.339 -12.339 51
    endloop
  endfacet
  facet normal 0.194854 -0.979566 0.0498294
    outer loop
      vertex 2.73033 -15.9389 76
      vertex 3.88229 -14.4889 100
      vertex 1.95789 -14.8717 100
    endloop
  endfacet
  facet normal 0.194837 -0.979569 0.0498305
    outer loop
      vertex 3.88229 -14.4889 100
      vertex 2.73033 -15.9389 76
      vertex 4.19287 -15.648 76
    endloop
  endfacet
  facet normal 0.194377 -0.979661 0.0498252
    outer loop
      vertex 5 -18.6603 13.6296
      vertex 5 -18.8449 10
      vertex 5.17638 -19.3185 0
    endloop
  endfacet
  facet normal 0.194616 -0.979613 0.0498271
    outer loop
      vertex 4.85453 -18.8738 10
      vertex 5.17638 -19.3185 0
      vertex 5 -18.8449 10
    endloop
  endfacet
  facet normal 0.19491 -0.979555 0.0498266
    outer loop
      vertex 4.66142 -18.607 16
      vertex 4.8658 -18.1594 24
      vertex 4.40394 -18.2513 24
    endloop
  endfacet
  facet normal 0.194704 -0.979595 0.0498342
    outer loop
      vertex 4.8658 -18.1594 24
      vertex 4.66142 -18.607 16
      vertex 4.96933 -18.5458 16
    endloop
  endfacet
  facet normal 0.194884 -0.97956 0.0498286
    outer loop
      vertex 4.33957 -18.1623 26
      vertex 4.54227 -16.952 49
      vertex 3.59932 -17.1396 49
    endloop
  endfacet
  facet normal 0.194799 -0.979577 0.0498302
    outer loop
      vertex 4.54227 -16.952 49
      vertex 4.33957 -18.1623 26
      vertex 4.83992 -18.0628 26
    endloop
  endfacet
  facet normal 0.194874 -0.979562 0.0498284
    outer loop
      vertex 3.53495 -17.0506 51
      vertex 4.21875 -15.7446 74
      vertex 2.7947 -16.0279 74
    endloop
  endfacet
  facet normal 0.194828 -0.979571 0.0498303
    outer loop
      vertex 4.21875 -15.7446 74
      vertex 3.53495 -17.0506 51
      vertex 4.51639 -16.8554 51
    endloop
  endfacet
  facet normal 0 0 -1
    outer loop
      vertex 5.93593 -0.78148 0
      vertex 19.8289 -2.61052 0
      vertex 19.3185 -5.17638 0
    endloop
  endfacet
  facet normal 0 0 -1
    outer loop
      vertex 5.78315 -1.54959 0
      vertex 19.3185 -5.17638 0
      vertex 18.4776 -7.65367 0
    endloop
  endfacet
  facet normal 0 0 -1
    outer loop
      vertex 5.53141 -2.29118 0
      vertex 18.4776 -7.65367 0
      vertex 17.3205 -10 0
    endloop
  endfacet
  facet normal 0 0 -1
    outer loop
      vertex 5.18503 -2.99358 0
      vertex 17.3205 -10 0
      vertex 15.8671 -12.1752 0
    endloop
  endfacet
  facet normal 0 0 -1
    outer loop
      vertex 4.74993 -3.64475 0
      vertex 15.8671 -12.1752 0
      vertex 14.1421 -14.1421 0
    endloop
  endfacet
  facet normal 0 0 -1
    outer loop
      vertex 4.23356 -4.23356 0
      vertex 14.1421 -14.1421 0
      vertex 12.1752 -15.8671 0
    endloop
  endfacet
  facet normal 0 0 -1
    outer loop
      vertex 3.64475 -4.74993 0
      vertex 12.1752 -15.8671 0
      vertex 10 -17.3205 0
    endloop
  endfacet
  facet normal 0 0 -1
    outer loop
      vertex 2.99358 -5.18503 0
      vertex 10 -17.3205 0
      vertex 7.65367 -18.4776 0
    endloop
  endfacet
  facet normal 0 0 -1
    outer loop
      vertex 17.3205 -10 0
      vertex 5.18503 -2.99358 0
      vertex 5.53141 -2.29118 0
    endloop
  endfacet
  facet normal -0 0 -1
    outer loop
      vertex 20 0 0
      vertex 5.93593 -0.78148 0
      vertex 5.98715 0 0
    endloop
  endfacet
  facet normal 0 0 -1
    outer loop
      vertex 19.8289 -2.61052 0
      vertex 5.93593 -0.78148 0
      vertex 20 0 0
    endloop
  endfacet
  facet normal 0 -0 -1
    outer loop
      vertex 5.93593 -0.78148 0
      vertex 19.3185 -5.17638 0
      vertex 5.78315 -1.54959 0
    endloop
  endfacet
  facet normal 0 0 -1
    outer loop
      vertex 18.4776 -7.65367 0
      vertex 5.53141 -2.29118 0
      vertex 5.78315 -1.54959 0
    endloop
  endfacet
  facet normal 0 0 -1
    outer loop
      vertex 2.29118 -5.53141 0
      vertex 7.65367 -18.4776 0
      vertex 5.17638 -19.3185 0
    endloop
  endfacet
  facet normal 0 0 -1
    outer loop
      vertex 15.8671 -12.1752 0
      vertex 4.74993 -3.64475 0
      vertex 5.18503 -2.99358 0
    endloop
  endfacet
  facet normal 0 0 -1
    outer loop
      vertex 14.1421 -14.1421 0
      vertex 4.23356 -4.23356 0
      vertex 4.74993 -3.64475 0
    endloop
  endfacet
  facet normal 0 0 -1
    outer loop
      vertex 12.1752 -15.8671 0
      vertex 3.64475 -4.74993 0
      vertex 4.23356 -4.23356 0
    endloop
  endfacet
  facet normal 0 0 -1
    outer loop
      vertex 10 -17.3205 0
      vertex 2.99358 -5.18503 0
      vertex 3.64475 -4.74993 0
    endloop
  endfacet
  facet normal 0 0 -1
    outer loop
      vertex 1.54959 -5.78315 0
      vertex 5.17638 -19.3185 0
      vertex 2.61052 -19.8289 0
    endloop
  endfacet
  facet normal 0 0 -1
    outer loop
      vertex 7.65367 -18.4776 0
      vertex 2.29118 -5.53141 0
      vertex 2.99358 -5.18503 0
    endloop
  endfacet
  facet normal 0 0 -1
    outer loop
      vertex 5.17638 -19.3185 0
      vertex 1.54959 -5.78315 0
      vertex 2.29118 -5.53141 0
    endloop
  endfacet
  facet normal 0 0 -1
    outer loop
      vertex 2.61052 -19.8289 0
      vertex 0.78148 -5.93593 0
      vertex 1.54959 -5.78315 0
    endloop
  endfacet
  facet normal 0 0 -1
    outer loop
      vertex 0 -20 0
      vertex 0.78148 -5.93593 0
      vertex 2.61052 -19.8289 0
    endloop
  endfacet
  facet normal 0 0 -1
    outer loop
      vertex 0 -20 0
      vertex 0 -5.98715 0
      vertex 0.78148 -5.93593 0
    endloop
  endfacet
  facet normal 0 0 -1
    outer loop
      vertex 0 -20 0
      vertex -0.78148 -5.93593 0
      vertex 0 -5.98715 0
    endloop
  endfacet
  facet normal 0 0 -1
    outer loop
      vertex -2.61052 -19.8289 0
      vertex -0.78148 -5.93593 0
      vertex 0 -20 0
    endloop
  endfacet
  facet normal -0 0 -1
    outer loop
      vertex -0.78148 -5.93593 0
      vertex -2.61052 -19.8289 0
      vertex -1.54959 -5.78315 0
    endloop
  endfacet
  facet normal 0 0 -1
    outer loop
      vertex -5.17638 -19.3185 0
      vertex -1.54959 -5.78315 0
      vertex -2.61052 -19.8289 0
    endloop
  endfacet
  facet normal -0 0 -1
    outer loop
      vertex -1.54959 -5.78315 0
      vertex -5.17638 -19.3185 0
      vertex -2.29118 -5.53141 0
    endloop
  endfacet
  facet normal 0 0 -1
    outer loop
      vertex -7.65367 -18.4776 0
      vertex -2.29118 -5.53141 0
      vertex -5.17638 -19.3185 0
    endloop
  endfacet
  facet normal -0 0 -1
    outer loop
      vertex -2.29118 -5.53141 0
      vertex -7.65367 -18.4776 0
      vertex -2.99358 -5.18503 0
    endloop
  endfacet
  facet normal 0 0 -1
    outer loop
      vertex -10 -17.3205 0
      vertex -2.99358 -5.18503 0
      vertex -7.65367 -18.4776 0
    endloop
  endfacet
  facet normal -0 0 -1
    outer loop
      vertex -2.99358 -5.18503 0
      vertex -10 -17.3205 0
      vertex -3.64475 -4.74993 0
    endloop
  endfacet
  facet normal 0 0 -1
    outer loop
      vertex -12.1752 -15.8671 0
      vertex -3.64475 -4.74993 0
      vertex -10 -17.3205 0
    endloop
  endfacet
  facet normal -0 0 -1
    outer loop
      vertex -3.64475 -4.74993 0
      vertex -12.1752 -15.8671 0
      vertex -4.23356 -4.23356 0
    endloop
  endfacet
  facet normal 0 0 -1
    outer loop
      vertex -14.1421 -14.1421 0
      vertex -4.23356 -4.23356 0
      vertex -12.1752 -15.8671 0
    endloop
  endfacet
  facet normal -0 0 -1
    outer loop
      vertex -4.23356 -4.23356 0
      vertex -14.1421 -14.1421 0
      vertex -4.74993 -3.64475 0
    endloop
  endfacet
  facet normal 0 0 -1
    outer loop
      vertex -15.8671 -12.1752 0
      vertex -4.74993 -3.64475 0
      vertex -14.1421 -14.1421 0
    endloop
  endfacet
  facet normal -0 0 -1
    outer loop
      vertex -4.74993 -3.64475 0
      vertex -15.8671 -12.1752 0
      vertex -5.18503 -2.99358 0
    endloop
  endfacet
  facet normal 0 0 -1
    outer loop
      vertex -17.3205 -10 0
      vertex -5.18503 -2.99358 0
      vertex -15.8671 -12.1752 0
    endloop
  endfacet
  facet normal -0 0 -1
    outer loop
      vertex -5.18503 -2.99358 0
      vertex -17.3205 -10 0
      vertex -5.53141 -2.29118 0
    endloop
  endfacet
  facet normal 0 0 -1
    outer loop
      vertex -18.4776 -7.65367 0
      vertex -5.53141 -2.29118 0
      vertex -17.3205 -10 0
    endloop
  endfacet
  facet normal -0 0 -1
    outer loop
      vertex -5.53141 -2.29118 0
      vertex -18.4776 -7.65367 0
      vertex -5.78315 -1.54959 0
    endloop
  endfacet
  facet normal 0 0 -1
    outer loop
      vertex -19.3185 -5.17638 0
      vertex -5.78315 -1.54959 0
      vertex -18.4776 -7.65367 0
    endloop
  endfacet
  facet normal -0 0 -1
    outer loop
      vertex -5.78315 -1.54959 0
      vertex -19.3185 -5.17638 0
      vertex -5.93593 -0.78148 0
    endloop
  endfacet
  facet normal 0 0 -1
    outer loop
      vertex -19.8289 -2.61052 0
      vertex -5.93593 -0.78148 0
      vertex -19.3185 -5.17638 0
    endloop
  endfacet
  facet normal -0 0 -1
    outer loop
      vertex -5.93593 -0.78148 0
      vertex -19.8289 -2.61052 0
      vertex -5.98715 0 0
    endloop
  endfacet
  facet normal -0 0 -1
    outer loop
      vertex -5.98715 0 0
      vertex -19.8289 -2.61052 0
      vertex -20 0 0
    endloop
  endfacet
  facet normal -0.658543 -0.750892 0.0498282
    outer loop
      vertex -12.1752 -15.8671 0
      vertex -12.9396 -13.6041 24
      vertex -14.1421 -14.1421 0
    endloop
  endfacet
  facet normal -0.6585 -0.750929 0.0498331
    outer loop
      vertex -12.9396 -13.6041 24
      vertex -12.1752 -15.8671 0
      vertex -11.4447 -14.915 24
    endloop
  endfacet
  facet normal -0.658532 -0.750901 0.0498301
    outer loop
      vertex -9.13142 -11.9003 100
      vertex -10.334 -12.4383 76
      vertex -9.86193 -12.8523 76
    endloop
  endfacet
  facet normal -0.658515 -0.750916 0.0498313
    outer loop
      vertex -11.3838 -14.8357 26
      vertex -11.6869 -13.0436 49
      vertex -12.8393 -13.5593 26
    endloop
  endfacet
  facet normal -0.658571 -0.750867 0.0498268
    outer loop
      vertex -11.6869 -13.0436 49
      vertex -11.3838 -14.8357 26
      vertex -10.6838 -13.9234 49
    endloop
  endfacet
  facet normal -0.658514 -0.750917 0.0498309
    outer loop
      vertex -10.6229 -13.844 51
      vertex -10.4342 -12.4832 74
      vertex -11.5867 -12.9988 51
    endloop
  endfacet
  facet normal -0.658546 -0.750889 0.0498295
    outer loop
      vertex -10.4342 -12.4832 74
      vertex -10.6229 -13.844 51
      vertex -9.92281 -12.9317 74
    endloop
  endfacet
  facet normal -0.194616 -0.979613 0.0498271
    outer loop
      vertex -5 -18.8449 10
      vertex -5.17638 -19.3185 0
      vertex -4.85453 -18.8738 10
    endloop
  endfacet
  facet normal -0.194377 -0.979661 0.0498252
    outer loop
      vertex -5.17638 -19.3185 0
      vertex -5 -18.8449 10
      vertex -5 -18.6603 13.6296
    endloop
  endfacet
  facet normal -0.194837 -0.979569 0.0498305
    outer loop
      vertex -2.73033 -15.9389 76
      vertex -3.88229 -14.4889 100
      vertex -4.19287 -15.648 76
    endloop
  endfacet
  facet normal -0.194854 -0.979566 0.0498294
    outer loop
      vertex -3.88229 -14.4889 100
      vertex -2.73033 -15.9389 76
      vertex -1.95789 -14.8717 100
    endloop
  endfacet
  facet normal -0.194704 -0.979595 0.0498342
    outer loop
      vertex -4.66142 -18.607 16
      vertex -4.8658 -18.1594 24
      vertex -4.96933 -18.5458 16
    endloop
  endfacet
  facet normal -0.19491 -0.979555 0.0498266
    outer loop
      vertex -4.8658 -18.1594 24
      vertex -4.66142 -18.607 16
      vertex -4.40394 -18.2513 24
    endloop
  endfacet
  facet normal -0.194799 -0.979577 0.0498302
    outer loop
      vertex -4.33957 -18.1623 26
      vertex -4.54227 -16.952 49
      vertex -4.83992 -18.0628 26
    endloop
  endfacet
  facet normal -0.194884 -0.97956 0.0498286
    outer loop
      vertex -4.54227 -16.952 49
      vertex -4.33957 -18.1623 26
      vertex -3.59932 -17.1396 49
    endloop
  endfacet
  facet normal -0.194828 -0.979571 0.0498303
    outer loop
      vertex -3.53495 -17.0506 51
      vertex -4.21875 -15.7446 74
      vertex -4.51639 -16.8554 51
    endloop
  endfacet
  facet normal -0.194874 -0.979562 0.0498284
    outer loop
      vertex -4.21875 -15.7446 74
      vertex -3.53495 -17.0506 51
      vertex -2.7947 -16.0279 74
    endloop
  endfacet
  facet normal 0.6585 -0.750929 0.0498331
    outer loop
      vertex 12.1752 -15.8671 0
      vertex 12.9396 -13.6041 24
      vertex 11.4447 -14.915 24
    endloop
  endfacet
  facet normal 0.658543 -0.750892 0.0498282
    outer loop
      vertex 12.9396 -13.6041 24
      vertex 12.1752 -15.8671 0
      vertex 14.1421 -14.1421 0
    endloop
  endfacet
  facet normal 0.658532 -0.750901 0.0498301
    outer loop
      vertex 10.334 -12.4383 76
      vertex 9.13142 -11.9003 100
      vertex 9.86193 -12.8523 76
    endloop
  endfacet
  facet normal 0.658571 -0.750867 0.0498268
    outer loop
      vertex 11.3838 -14.8357 26
      vertex 11.6869 -13.0436 49
      vertex 10.6838 -13.9234 49
    endloop
  endfacet
  facet normal 0.658515 -0.750916 0.0498313
    outer loop
      vertex 11.6869 -13.0436 49
      vertex 11.3838 -14.8357 26
      vertex 12.8393 -13.5593 26
    endloop
  endfacet
  facet normal 0.658546 -0.750889 0.0498295
    outer loop
      vertex 10.6229 -13.844 51
      vertex 10.4342 -12.4832 74
      vertex 9.92281 -12.9317 74
    endloop
  endfacet
  facet normal 0.658514 -0.750917 0.0498309
    outer loop
      vertex 10.4342 -12.4832 74
      vertex 10.6229 -13.844 51
      vertex 11.5867 -12.9988 51
    endloop
  endfacet
  facet normal 0.895759 -0.441739 0.0498298
    outer loop
      vertex 14.3073 -7.53688 76
      vertex 12.9904 -7.5 100
      vertex 14.0296 -8.1 76
    endloop
  endfacet
  facet normal 0.895755 -0.441747 0.0498296
    outer loop
      vertex 16.2813 -9.4 24
      vertex 18.4776 -7.65367 0
      vertex 17.1607 -7.61679 24
    endloop
  endfacet
  facet normal 0.895756 -0.441745 0.0498298
    outer loop
      vertex 18.4776 -7.65367 0
      vertex 16.2813 -9.4 24
      vertex 17.3205 -10 0
    endloop
  endfacet
  facet normal 0.895733 -0.441792 0.0498273
    outer loop
      vertex 15.1987 -8.775 49
      vertex 17.0509 -7.61371 26
      vertex 15.7889 -7.57837 49
    endloop
  endfacet
  facet normal 0.895767 -0.441721 0.0498336
    outer loop
      vertex 17.0509 -7.61371 26
      vertex 15.1987 -8.775 49
      vertex 16.1947 -9.35 26
    endloop
  endfacet
  facet normal 0.895726 -0.441806 0.0498271
    outer loop
      vertex 14.1162 -8.15 74
      vertex 15.6791 -7.5753 51
      vertex 14.4171 -7.53995 74
    endloop
  endfacet
  facet normal 0.895749 -0.441758 0.0498299
    outer loop
      vertex 15.6791 -7.5753 51
      vertex 14.1162 -8.15 74
      vertex 15.1121 -8.725 51
    endloop
  endfacet
  facet normal 0.830432 -0.554887 0.0498299
    outer loop
      vertex 11.9003 -9.13142 100
      vertex 14.0296 -8.1 76
      vertex 12.9904 -7.5 100
    endloop
  endfacet
  facet normal 0.830425 -0.554898 0.0498288
    outer loop
      vertex 14.0296 -8.1 76
      vertex 11.9003 -9.13142 100
      vertex 13.2011 -9.33988 76
    endloop
  endfacet
  facet normal 0.830455 -0.554853 0.04983
    outer loop
      vertex 16.2813 -9.4 24
      vertex 16.0197 -9.79154 24
      vertex 17.3205 -10 0
    endloop
  endfacet
  facet normal 0.830457 -0.55485 0.0498336
    outer loop
      vertex 14.6646 -9.5744 49
      vertex 16.1947 -9.35 26
      vertex 15.1987 -8.775 49
    endloop
  endfacet
  facet normal 0.830456 -0.554851 0.0498336
    outer loop
      vertex 16.1947 -9.35 26
      vertex 14.6646 -9.5744 49
      vertex 15.9113 -9.77417 26
    endloop
  endfacet
  facet normal 0.830455 -0.554852 0.04983
    outer loop
      vertex 13.3096 -9.35725 74
      vertex 15.1121 -8.725 51
      vertex 14.1162 -8.15 74
    endloop
  endfacet
  facet normal 0.830454 -0.554854 0.0498299
    outer loop
      vertex 15.1121 -8.725 51
      vertex 13.3096 -9.35725 74
      vertex 14.5562 -9.55702 51
    endloop
  endfacet
  facet normal -0.979555 -0.19491 0.0498307
    outer loop
      vertex -18.2513 -4.40394 24
      vertex -19.3185 -5.17638 0
      vertex -18.1594 -4.8658 24
    endloop
  endfacet
  facet normal -0.979566 -0.194854 0.0498294
    outer loop
      vertex -15.9389 -2.73033 76
      vertex -14.4889 -3.88229 100
      vertex -14.8717 -1.95789 100
    endloop
  endfacet
  facet normal -0.979569 -0.194837 0.0498305
    outer loop
      vertex -14.4889 -3.88229 100
      vertex -15.9389 -2.73033 76
      vertex -15.648 -4.19287 76
    endloop
  endfacet
  facet normal -0.97956 -0.194884 0.0498286
    outer loop
      vertex -18.1623 -4.33957 26
      vertex -16.952 -4.54227 49
      vertex -17.1396 -3.59932 49
    endloop
  endfacet
  facet normal -0.979577 -0.194799 0.0498302
    outer loop
      vertex -16.952 -4.54227 49
      vertex -18.1623 -4.33957 26
      vertex -18.0628 -4.83992 26
    endloop
  endfacet
  facet normal -0.979562 -0.194874 0.0498284
    outer loop
      vertex -17.0506 -3.53495 51
      vertex -15.7446 -4.21875 74
      vertex -16.0279 -2.7947 74
    endloop
  endfacet
  facet normal -0.979571 -0.194828 0.0498303
    outer loop
      vertex -15.7446 -4.21875 74
      vertex -17.0506 -3.53495 51
      vertex -16.8554 -4.51639 51
    endloop
  endfacet
  facet normal 0.945754 -0.321038 0.0498305
    outer loop
      vertex 17.5203 -6.74854 24
      vertex 19.3185 -5.17638 0
      vertex 18.1594 -4.8658 24
    endloop
  endfacet
  facet normal 0.945757 -0.321031 0.0498312
    outer loop
      vertex 19.3185 -5.17638 0
      vertex 17.5203 -6.74854 24
      vertex 18.4776 -7.65367 0
    endloop
  endfacet
  facet normal 0.945765 -0.321008 0.0498306
    outer loop
      vertex 15.648 -4.19287 76
      vertex 14.4889 -3.88229 100
      vertex 15.4462 -4.78742 76
    endloop
  endfacet
  facet normal 0.945748 -0.321058 0.0498304
    outer loop
      vertex 16.5231 -5.80569 49
      vertex 18.0628 -4.83992 26
      vertex 16.952 -4.54227 49
    endloop
  endfacet
  facet normal 0.945751 -0.321047 0.0498311
    outer loop
      vertex 18.0628 -4.83992 26
      vertex 16.5231 -5.80569 49
      vertex 17.4405 -6.67311 26
    endloop
  endfacet
  facet normal 0.945727 -0.32112 0.0498301
    outer loop
      vertex 15.5259 -4.86284 74
      vertex 16.8554 -4.51639 51
      vertex 15.7446 -4.21875 74
    endloop
  endfacet
  facet normal 0.945766 -0.321003 0.0498341
    outer loop
      vertex 16.8554 -4.51639 51
      vertex 15.5259 -4.86284 74
      vertex 16.4434 -5.73026 51
    endloop
  endfacet
  facet normal -0.554874 -0.83044 0.0498332
    outer loop
      vertex -10 -17.3205 0
      vertex -11.4447 -14.915 24
      vertex -12.1752 -15.8671 0
    endloop
  endfacet
  facet normal -0.554913 -0.830415 0.0498284
    outer loop
      vertex -11.4447 -14.915 24
      vertex -10 -17.3205 0
      vertex -9.79154 -16.0197 24
    endloop
  endfacet
  facet normal -0.554855 -0.830453 0.04983
    outer loop
      vertex -9.13142 -11.9003 100
      vertex -9.86193 -12.8523 76
      vertex -9.33988 -13.2011 76
    endloop
  endfacet
  facet normal -0.554909 -0.830418 0.0498272
    outer loop
      vertex -9.77417 -15.9113 26
      vertex -10.6838 -13.9234 49
      vertex -11.3838 -14.8357 26
    endloop
  endfacet
  facet normal -0.55484 -0.830463 0.0498339
    outer loop
      vertex -10.6838 -13.9234 49
      vertex -9.77417 -15.9113 26
      vertex -9.5744 -14.6646 49
    endloop
  endfacet
  facet normal -0.554881 -0.830436 0.0498293
    outer loop
      vertex -9.55702 -14.5562 51
      vertex -9.92281 -12.9317 74
      vertex -10.6229 -13.844 51
    endloop
  endfacet
  facet normal -0.554885 -0.830433 0.049829
    outer loop
      vertex -9.92281 -12.9317 74
      vertex -9.55702 -14.5562 51
      vertex -9.35725 -13.3096 74
    endloop
  endfacet
  facet normal 0.945732 -0.321105 0.0498329
    outer loop
      vertex 17.5203 -6.74854 24
      vertex 17.3689 -7.19445 24
      vertex 18.4776 -7.65367 0
    endloop
  endfacet
  facet normal 0.945753 -0.321044 0.0498315
    outer loop
      vertex 13.8582 -5.74025 100
      vertex 15.4462 -4.78742 76
      vertex 14.4889 -3.88229 100
    endloop
  endfacet
  facet normal 0.945739 -0.321084 0.0498289
    outer loop
      vertex 15.4462 -4.78742 76
      vertex 13.8582 -5.74025 100
      vertex 14.9668 -6.19947 76
    endloop
  endfacet
  facet normal 0.945766 -0.321004 0.04983
    outer loop
      vertex 16.2141 -6.71609 49
      vertex 17.4405 -6.67311 26
      vertex 16.5231 -5.80569 49
    endloop
  endfacet
  facet normal 0.945742 -0.321075 0.0498286
    outer loop
      vertex 17.4405 -6.67311 26
      vertex 16.2141 -6.71609 49
      vertex 17.2765 -7.15618 26
    endloop
  endfacet
  facet normal 0.945757 -0.32103 0.0498348
    outer loop
      vertex 15.0592 -6.23774 74
      vertex 16.4434 -5.73026 51
      vertex 15.5259 -4.86284 74
    endloop
  endfacet
  facet normal 0.94574 -0.321079 0.0498327
    outer loop
      vertex 16.4434 -5.73026 51
      vertex 15.0592 -6.23774 74
      vertex 16.1217 -6.67783 51
    endloop
  endfacet
  facet normal -0 0 1
    outer loop
      vertex 12.5207 -1.59079 100
      vertex 14.8717 -1.95789 100
      vertex 15 0 100
    endloop
  endfacet
  facet normal -0 0 1
    outer loop
      vertex 12.5058 -1.70402 100
      vertex 14.8717 -1.95789 100
      vertex 12.517 -1.64789 100
    endloop
  endfacet
  facet normal -0 0 1
    outer loop
      vertex 12.1948 -3.26759 100
      vertex 14.4889 -3.88229 100
      vertex 12.5058 -1.70402 100
    endloop
  endfacet
  facet normal 0 0 1
    outer loop
      vertex 12.5207 -1.59079 100
      vertex 15 0 100
      vertex 12.625 0 100
    endloop
  endfacet
  facet normal 0 0 1
    outer loop
      vertex 14.8717 -1.95789 100
      vertex 12.5207 -1.59079 100
      vertex 12.517 -1.64789 100
    endloop
  endfacet
  facet normal 0 0 1
    outer loop
      vertex 14.8717 -1.95789 100
      vertex 12.5058 -1.70402 100
      vertex 14.4889 -3.88229 100
    endloop
  endfacet
  facet normal 0 0 1
    outer loop
      vertex 11.6824 -4.77719 100
      vertex 14.4889 -3.88229 100
      vertex 12.1948 -3.26759 100
    endloop
  endfacet
  facet normal 0 0 1
    outer loop
      vertex 14.4889 -3.88229 100
      vertex 11.6824 -4.77719 100
      vertex 13.8582 -5.74025 100
    endloop
  endfacet
  facet normal -0 0 1
    outer loop
      vertex 11.664 -4.83138 100
      vertex 13.8582 -5.74025 100
      vertex 11.6824 -4.77719 100
    endloop
  endfacet
  facet normal 0 0 1
    outer loop
      vertex 10.9589 -6.26117 100
      vertex 13.8582 -5.74025 100
      vertex 11.664 -4.83138 100
    endloop
  endfacet
  facet normal 0 0 1
    outer loop
      vertex 13.8582 -5.74025 100
      vertex 10.9589 -6.26117 100
      vertex 12.9904 -7.5 100
    endloop
  endfacet
  facet normal -0 0 1
    outer loop
      vertex 10.9336 -6.3125 100
      vertex 12.9904 -7.5 100
      vertex 10.9589 -6.26117 100
    endloop
  endfacet
  facet normal -0 0 1
    outer loop
      vertex 10.9018 -6.36008 100
      vertex 12.9904 -7.5 100
      vertex 10.9336 -6.3125 100
    endloop
  endfacet
  facet normal 0 0 1
    outer loop
      vertex 12.9904 -7.5 100
      vertex 10.9018 -6.36008 100
      vertex 11.9003 -9.13142 100
    endloop
  endfacet
  facet normal -0 0 1
    outer loop
      vertex 10.0161 -7.68561 100
      vertex 11.9003 -9.13142 100
      vertex 10.9018 -6.36008 100
    endloop
  endfacet
  facet normal -0 0 1
    outer loop
      vertex 8.96496 -8.8842 100
      vertex 11.9003 -9.13142 100
      vertex 10.0161 -7.68561 100
    endloop
  endfacet
  facet normal 0 0 1
    outer loop
      vertex 11.9003 -9.13142 100
      vertex 8.96496 -8.8842 100
      vertex 10.6066 -10.6066 100
    endloop
  endfacet
  facet normal -0 0 1
    outer loop
      vertex 8.92722 -8.92722 100
      vertex 10.6066 -10.6066 100
      vertex 8.96496 -8.8842 100
    endloop
  endfacet
  facet normal -0 0 1
    outer loop
      vertex 8.8842 -8.96496 100
      vertex 10.6066 -10.6066 100
      vertex 8.92722 -8.92722 100
    endloop
  endfacet
  facet normal 0 0 1
    outer loop
      vertex 10.6066 -10.6066 100
      vertex 8.8842 -8.96496 100
      vertex 9.13142 -11.9003 100
    endloop
  endfacet
  facet normal -0 0 1
    outer loop
      vertex 7.68561 -10.0161 100
      vertex 9.13142 -11.9003 100
      vertex 8.8842 -8.96496 100
    endloop
  endfacet
  facet normal -0 0 1
    outer loop
      vertex 6.36008 -10.9018 100
      vertex 9.13142 -11.9003 100
      vertex 7.68561 -10.0161 100
    endloop
  endfacet
  facet normal 0 0 1
    outer loop
      vertex 9.13142 -11.9003 100
      vertex 6.36008 -10.9018 100
      vertex 7.5 -12.9904 100
    endloop
  endfacet
  facet normal -0 0 1
    outer loop
      vertex 6.3125 -10.9336 100
      vertex 7.5 -12.9904 100
      vertex 6.36008 -10.9018 100
    endloop
  endfacet
  facet normal -0 0 1
    outer loop
      vertex 6.26117 -10.9589 100
      vertex 7.5 -12.9904 100
      vertex 6.3125 -10.9336 100
    endloop
  endfacet
  facet normal 0 0 1
    outer loop
      vertex 6.26117 -10.9589 100
      vertex 5.74025 -13.8582 100
      vertex 7.5 -12.9904 100
    endloop
  endfacet
  facet normal -0 0 1
    outer loop
      vertex 4.83138 -11.664 100
      vertex 5.74025 -13.8582 100
      vertex 6.26117 -10.9589 100
    endloop
  endfacet
  facet normal -0 0 1
    outer loop
      vertex 4.77719 -11.6824 100
      vertex 5.74025 -13.8582 100
      vertex 4.83138 -11.664 100
    endloop
  endfacet
  facet normal 0 0 1
    outer loop
      vertex 4.77719 -11.6824 100
      vertex 3.88229 -14.4889 100
      vertex 5.74025 -13.8582 100
    endloop
  endfacet
  facet normal -0 0 1
    outer loop
      vertex 3.26759 -12.1948 100
      vertex 3.88229 -14.4889 100
      vertex 4.77719 -11.6824 100
    endloop
  endfacet
  facet normal -0 0 1
    outer loop
      vertex 1.70402 -12.5058 100
      vertex 3.88229 -14.4889 100
      vertex 3.26759 -12.1948 100
    endloop
  endfacet
  facet normal 0 0 1
    outer loop
      vertex 3.88229 -14.4889 100
      vertex 1.70402 -12.5058 100
      vertex 1.95789 -14.8717 100
    endloop
  endfacet
  facet normal -0 0 1
    outer loop
      vertex 1.64789 -12.517 100
      vertex 1.95789 -14.8717 100
      vertex 1.70402 -12.5058 100
    endloop
  endfacet
  facet normal -0 0 1
    outer loop
      vertex 1.59079 -12.5207 100
      vertex 1.95789 -14.8717 100
      vertex 1.64789 -12.517 100
    endloop
  endfacet
  facet normal 0 0 1
    outer loop
      vertex 0 -15 100
      vertex 1.59079 -12.5207 100
      vertex 0 -12.625 100
    endloop
  endfacet
  facet normal 0 0 1
    outer loop
      vertex 1.59079 -12.5207 100
      vertex 0 -15 100
      vertex 1.95789 -14.8717 100
    endloop
  endfacet
  facet normal 0 0 1
    outer loop
      vertex -1.59079 -12.5207 100
      vertex 0 -15 100
      vertex 0 -12.625 100
    endloop
  endfacet
  facet normal 0 0 1
    outer loop
      vertex -1.95789 -14.8717 100
      vertex -1.59079 -12.5207 100
      vertex -1.64789 -12.517 100
    endloop
  endfacet
  facet normal 0 0 1
    outer loop
      vertex -1.95789 -14.8717 100
      vertex -1.64789 -12.517 100
      vertex -1.70402 -12.5058 100
    endloop
  endfacet
  facet normal 0 0 1
    outer loop
      vertex -1.59079 -12.5207 100
      vertex -1.95789 -14.8717 100
      vertex 0 -15 100
    endloop
  endfacet
  facet normal 0 0 1
    outer loop
      vertex -3.88229 -14.4889 100
      vertex -1.70402 -12.5058 100
      vertex -3.26759 -12.1948 100
    endloop
  endfacet
  facet normal 0 0 1
    outer loop
      vertex -1.70402 -12.5058 100
      vertex -3.88229 -14.4889 100
      vertex -1.95789 -14.8717 100
    endloop
  endfacet
  facet normal 0 0 1
    outer loop
      vertex -4.77719 -11.6824 100
      vertex -3.88229 -14.4889 100
      vertex -3.26759 -12.1948 100
    endloop
  endfacet
  facet normal 0 0 1
    outer loop
      vertex -5.74025 -13.8582 100
      vertex -4.77719 -11.6824 100
      vertex -4.83138 -11.664 100
    endloop
  endfacet
  facet normal 0 0 1
    outer loop
      vertex -4.77719 -11.6824 100
      vertex -5.74025 -13.8582 100
      vertex -3.88229 -14.4889 100
    endloop
  endfacet
  facet normal 0 0 1
    outer loop
      vertex -6.26117 -10.9589 100
      vertex -5.74025 -13.8582 100
      vertex -4.83138 -11.664 100
    endloop
  endfacet
  facet normal 0 0 1
    outer loop
      vertex -7.5 -12.9904 100
      vertex -6.26117 -10.9589 100
      vertex -6.3125 -10.9336 100
    endloop
  endfacet
  facet normal 0 0 1
    outer loop
      vertex -7.5 -12.9904 100
      vertex -6.3125 -10.9336 100
      vertex -6.36008 -10.9018 100
    endloop
  endfacet
  facet normal 0 0 1
    outer loop
      vertex -6.26117 -10.9589 100
      vertex -7.5 -12.9904 100
      vertex -5.74025 -13.8582 100
    endloop
  endfacet
  facet normal 0 0 1
    outer loop
      vertex -9.13142 -11.9003 100
      vertex -6.36008 -10.9018 100
      vertex -7.68561 -10.0161 100
    endloop
  endfacet
  facet normal 0 0 1
    outer loop
      vertex -9.13142 -11.9003 100
      vertex -7.68561 -10.0161 100
      vertex -8.8842 -8.96496 100
    endloop
  endfacet
  facet normal 0 0 1
    outer loop
      vertex -10.6066 -10.6066 100
      vertex -8.8842 -8.96496 100
      vertex -8.92722 -8.92722 100
    endloop
  endfacet
  facet normal 0 0 1
    outer loop
      vertex -10.6066 -10.6066 100
      vertex -8.92722 -8.92722 100
      vertex -8.96496 -8.8842 100
    endloop
  endfacet
  facet normal 0 0 1
    outer loop
      vertex -6.36008 -10.9018 100
      vertex -9.13142 -11.9003 100
      vertex -7.5 -12.9904 100
    endloop
  endfacet
  facet normal 0 0 1
    outer loop
      vertex -11.9003 -9.13142 100
      vertex -8.96496 -8.8842 100
      vertex -10.0161 -7.68561 100
    endloop
  endfacet
  facet normal 0 0 1
    outer loop
      vertex -8.8842 -8.96496 100
      vertex -10.6066 -10.6066 100
      vertex -9.13142 -11.9003 100
    endloop
  endfacet
  facet normal 0 0 1
    outer loop
      vertex -11.9003 -9.13142 100
      vertex -10.0161 -7.68561 100
      vertex -10.9018 -6.36008 100
    endloop
  endfacet
  facet normal 0 0 1
    outer loop
      vertex -12.9904 -7.5 100
      vertex -10.9018 -6.36008 100
      vertex -10.9336 -6.3125 100
    endloop
  endfacet
  facet normal 0 0 1
    outer loop
      vertex -12.9904 -7.5 100
      vertex -10.9336 -6.3125 100
      vertex -10.9589 -6.26117 100
    endloop
  endfacet
  facet normal -0 0 1
    outer loop
      vertex -13.8582 -5.74025 100
      vertex -10.9589 -6.26117 100
      vertex -11.664 -4.83138 100
    endloop
  endfacet
  facet normal 0 0 1
    outer loop
      vertex -13.8582 -5.74025 100
      vertex -11.664 -4.83138 100
      vertex -11.6824 -4.77719 100
    endloop
  endfacet
  facet normal 0 0 1
    outer loop
      vertex -8.96496 -8.8842 100
      vertex -11.9003 -9.13142 100
      vertex -10.6066 -10.6066 100
    endloop
  endfacet
  facet normal -0 0 1
    outer loop
      vertex -14.4889 -3.88229 100
      vertex -11.6824 -4.77719 100
      vertex -12.1948 -3.26759 100
    endloop
  endfacet
  facet normal 0 0 1
    outer loop
      vertex -14.4889 -3.88229 100
      vertex -12.1948 -3.26759 100
      vertex -12.5058 -1.70402 100
    endloop
  endfacet
  facet normal 0 0 1
    outer loop
      vertex -14.8717 -1.95789 100
      vertex -12.5058 -1.70402 100
      vertex -12.517 -1.64789 100
    endloop
  endfacet
  facet normal -0 0 1
    outer loop
      vertex -15 0 100
      vertex -12.5207 -1.59079 100
      vertex -12.625 0 100
    endloop
  endfacet
  facet normal 0 0 1
    outer loop
      vertex -10.9018 -6.36008 100
      vertex -12.9904 -7.5 100
      vertex -11.9003 -9.13142 100
    endloop
  endfacet
  facet normal 0 0 1
    outer loop
      vertex -12.5207 -1.59079 100
      vertex -14.8717 -1.95789 100
      vertex -12.517 -1.64789 100
    endloop
  endfacet
  facet normal 0 0 1
    outer loop
      vertex -10.9589 -6.26117 100
      vertex -13.8582 -5.74025 100
      vertex -12.9904 -7.5 100
    endloop
  endfacet
  facet normal 0 0 1
    outer loop
      vertex -11.6824 -4.77719 100
      vertex -14.4889 -3.88229 100
      vertex -13.8582 -5.74025 100
    endloop
  endfacet
  facet normal 0 0 1
    outer loop
      vertex -12.5058 -1.70402 100
      vertex -14.8717 -1.95789 100
      vertex -14.4889 -3.88229 100
    endloop
  endfacet
  facet normal 0 0 1
    outer loop
      vertex -12.5207 -1.59079 100
      vertex -15 0 100
      vertex -14.8717 -1.95789 100
    endloop
  endfacet
  facet normal 0.979555 -0.19491 0.0498307
    outer loop
      vertex 18.2513 -4.40394 24
      vertex 18.1594 -4.8658 24
      vertex 19.3185 -5.17638 0
    endloop
  endfacet
  facet normal 0.979566 -0.194854 0.0498294
    outer loop
      vertex 14.4889 -3.88229 100
      vertex 15.9389 -2.73033 76
      vertex 14.8717 -1.95789 100
    endloop
  endfacet
  facet normal 0.979569 -0.194837 0.0498305
    outer loop
      vertex 15.9389 -2.73033 76
      vertex 14.4889 -3.88229 100
      vertex 15.648 -4.19287 76
    endloop
  endfacet
  facet normal 0.97956 -0.194884 0.0498286
    outer loop
      vertex 16.952 -4.54227 49
      vertex 18.1623 -4.33957 26
      vertex 17.1396 -3.59932 49
    endloop
  endfacet
  facet normal 0.979577 -0.194799 0.0498302
    outer loop
      vertex 18.1623 -4.33957 26
      vertex 16.952 -4.54227 49
      vertex 18.0628 -4.83992 26
    endloop
  endfacet
  facet normal 0.979562 -0.194874 0.0498284
    outer loop
      vertex 15.7446 -4.21875 74
      vertex 17.0506 -3.53495 51
      vertex 16.0279 -2.7947 74
    endloop
  endfacet
  facet normal 0.979571 -0.194828 0.0498303
    outer loop
      vertex 17.0506 -3.53495 51
      vertex 15.7446 -4.21875 74
      vertex 16.8554 -4.51639 51
    endloop
  endfacet
  facet normal -0.830415 -0.554913 0.0498284
    outer loop
      vertex -17.3205 -10 0
      vertex -14.915 -11.4447 24
      vertex -16.0197 -9.79154 24
    endloop
  endfacet
  facet normal -0.83044 -0.554874 0.0498332
    outer loop
      vertex -14.915 -11.4447 24
      vertex -17.3205 -10 0
      vertex -15.8671 -12.1752 0
    endloop
  endfacet
  facet normal -0.830453 -0.554855 0.04983
    outer loop
      vertex -11.9003 -9.13142 100
      vertex -13.2011 -9.33988 76
      vertex -12.8523 -9.86193 76
    endloop
  endfacet
  facet normal -0.830463 -0.55484 0.0498339
    outer loop
      vertex -15.9113 -9.77417 26
      vertex -13.9234 -10.6838 49
      vertex -14.6646 -9.5744 49
    endloop
  endfacet
  facet normal -0.830418 -0.554909 0.0498272
    outer loop
      vertex -13.9234 -10.6838 49
      vertex -15.9113 -9.77417 26
      vertex -14.8357 -11.3838 26
    endloop
  endfacet
  facet normal -0.830433 -0.554885 0.049829
    outer loop
      vertex -14.5562 -9.55702 51
      vertex -12.9317 -9.92281 74
      vertex -13.3096 -9.35725 74
    endloop
  endfacet
  facet normal -0.830436 -0.554881 0.0498293
    outer loop
      vertex -12.9317 -9.92281 74
      vertex -14.5562 -9.55702 51
      vertex -13.844 -10.6229 51
    endloop
  endfacet
  facet normal -0.554898 -0.830425 0.0498288
    outer loop
      vertex -8.1 -14.0296 76
      vertex -9.13142 -11.9003 100
      vertex -9.33988 -13.2011 76
    endloop
  endfacet
  facet normal -0.554887 -0.830432 0.0498299
    outer loop
      vertex -9.13142 -11.9003 100
      vertex -8.1 -14.0296 76
      vertex -7.5 -12.9904 100
    endloop
  endfacet
  facet normal -0.554853 -0.830455 0.04983
    outer loop
      vertex -9.79154 -16.0197 24
      vertex -10 -17.3205 0
      vertex -9.4 -16.2813 24
    endloop
  endfacet
  facet normal -0.554851 -0.830456 0.0498336
    outer loop
      vertex -9.35 -16.1947 26
      vertex -9.5744 -14.6646 49
      vertex -9.77417 -15.9113 26
    endloop
  endfacet
  facet normal -0.55485 -0.830457 0.0498336
    outer loop
      vertex -9.5744 -14.6646 49
      vertex -9.35 -16.1947 26
      vertex -8.775 -15.1987 49
    endloop
  endfacet
  facet normal -0.554854 -0.830454 0.0498299
    outer loop
      vertex -8.725 -15.1121 51
      vertex -9.35725 -13.3096 74
      vertex -9.55702 -14.5562 51
    endloop
  endfacet
  facet normal -0.554852 -0.830455 0.04983
    outer loop
      vertex -9.35725 -13.3096 74
      vertex -8.725 -15.1121 51
      vertex -8.15 -14.1162 74
    endloop
  endfacet
  facet normal -0.750929 -0.6585 0.0498331
    outer loop
      vertex -15.8671 -12.1752 0
      vertex -13.6041 -12.9396 24
      vertex -14.915 -11.4447 24
    endloop
  endfacet
  facet normal -0.750892 -0.658543 0.0498282
    outer loop
      vertex -13.6041 -12.9396 24
      vertex -15.8671 -12.1752 0
      vertex -14.1421 -14.1421 0
    endloop
  endfacet
  facet normal -0.750901 -0.658532 0.0498301
    outer loop
      vertex -11.9003 -9.13142 100
      vertex -12.8523 -9.86193 76
      vertex -12.4383 -10.334 76
    endloop
  endfacet
  facet normal -0.750867 -0.658571 0.0498268
    outer loop
      vertex -14.8357 -11.3838 26
      vertex -13.0436 -11.6869 49
      vertex -13.9234 -10.6838 49
    endloop
  endfacet
  facet normal -0.750916 -0.658515 0.0498313
    outer loop
      vertex -13.0436 -11.6869 49
      vertex -14.8357 -11.3838 26
      vertex -13.5593 -12.8393 26
    endloop
  endfacet
  facet normal -0.750889 -0.658546 0.0498295
    outer loop
      vertex -13.844 -10.6229 51
      vertex -12.4832 -10.4342 74
      vertex -12.9317 -9.92281 74
    endloop
  endfacet
  facet normal -0.750917 -0.658514 0.0498309
    outer loop
      vertex -12.4832 -10.4342 74
      vertex -13.844 -10.6229 51
      vertex -12.9988 -11.5867 51
    endloop
  endfacet
  facet normal -0.750905 -0.658527 0.0498299
    outer loop
      vertex -12.4383 -10.334 76
      vertex -10.6066 -10.6066 100
      vertex -11.9003 -9.13142 100
    endloop
  endfacet
  facet normal -0.750899 -0.658535 0.0498293
    outer loop
      vertex -10.6066 -10.6066 100
      vertex -12.4383 -10.334 76
      vertex -11.4551 -11.4551 76
    endloop
  endfacet
  facet normal -0.750853 -0.658587 0.0498296
    outer loop
      vertex -13.6041 -12.9396 24
      vertex -14.1421 -14.1421 0
      vertex -13.2936 -13.2936 24
    endloop
  endfacet
  facet normal -0.750895 -0.658539 0.049832
    outer loop
      vertex -13.5593 -12.8393 26
      vertex -12.4097 -12.4097 49
      vertex -13.0436 -11.6869 49
    endloop
  endfacet
  facet normal -0.750914 -0.658518 0.0498326
    outer loop
      vertex -12.4097 -12.4097 49
      vertex -13.5593 -12.8393 26
      vertex -13.2229 -13.2229 26
    endloop
  endfacet
  facet normal -0.750874 -0.658563 0.0498324
    outer loop
      vertex -12.9988 -11.5867 51
      vertex -11.5258 -11.5258 74
      vertex -12.4832 -10.4342 74
    endloop
  endfacet
  facet normal -0.750881 -0.658555 0.0498327
    outer loop
      vertex -11.5258 -11.5258 74
      vertex -12.9988 -11.5867 51
      vertex -12.339 -12.339 51
    endloop
  endfacet
  facet normal -0.0653283 0.996619 -0.0498321
    outer loop
      vertex 2.28421 -17.3503 2.5
      vertex 0.122368 -17.117 10
      vertex 2.23526 -16.9785 10
    endloop
  endfacet
  facet normal -0.0653154 0.99662 -0.0498284
    outer loop
      vertex 0.122368 -17.117 10
      vertex 2.28421 -17.3503 2.5
      vertex 0 -17.5 2.5
    endloop
  endfacet
  facet normal -0.0645827 0.996668 -0.0498289
    outer loop
      vertex 2.1961 -16.6811 16
      vertex 1.59079 -12.5207 100
      vertex 1.64789 -12.517 100
    endloop
  endfacet
  facet normal -0.0653203 0.996619 -0.0498318
    outer loop
      vertex 1.59079 -12.5207 100
      vertex 2.1961 -16.6811 16
      vertex 0.220263 -16.8106 16
    endloop
  endfacet
  facet normal 0.441742 0.895757 -0.0498308
    outer loop
      vertex -6.26117 -10.9589 100
      vertex -4.83138 -11.664 100
      vertex -6.69696 -16.1679 2.5
    endloop
  endfacet
  facet normal 0.895757 0.441742 -0.0498308
    outer loop
      vertex -11.664 -4.83138 100
      vertex -10.9589 -6.26117 100
      vertex -16.1679 -6.69696 2.5
    endloop
  endfacet
  facet normal -0.441758 0.895749 -0.0498304
    outer loop
      vertex 6.69696 -16.1679 2.5
      vertex 6.3125 -10.9336 100
      vertex 8.75 -15.1554 2.5
    endloop
  endfacet
  facet normal -0.441554 0.895849 -0.0498349
    outer loop
      vertex 6.3125 -10.9336 100
      vertex 6.69696 -16.1679 2.5
      vertex 6.26117 -10.9589 100
    endloop
  endfacet
  facet normal 0.441554 0.895849 -0.0498349
    outer loop
      vertex -6.69696 -16.1679 2.5
      vertex -6.3125 -10.9336 100
      vertex -6.26117 -10.9589 100
    endloop
  endfacet
  facet normal 0.441758 0.895749 -0.0498304
    outer loop
      vertex -6.3125 -10.9336 100
      vertex -6.69696 -16.1679 2.5
      vertex -8.75 -15.1554 2.5
    endloop
  endfacet
  facet normal 0.830372 0.554977 -0.04983
    outer loop
      vertex -10.9018 -6.36008 100
      vertex -15.1554 -8.75 2.5
      vertex -10.9336 -6.3125 100
    endloop
  endfacet
  facet normal 0.830446 0.554867 -0.0498305
    outer loop
      vertex -15.1554 -8.75 2.5
      vertex -10.9018 -6.36008 100
      vertex -13.8837 -10.6533 2.5
    endloop
  endfacet
  facet normal 0.321045 0.945752 -0.0498256
    outer loop
      vertex -4.5484 -16.5021 10
      vertex -4.52933 -16.9037 2.5
      vertex -5 -16.3488 10
    endloop
  endfacet
  facet normal 0.321118 0.945727 -0.0498285
    outer loop
      vertex -4.56365 -16.1807 16
      vertex -4.83138 -11.664 100
      vertex -4.77719 -11.6824 100
    endloop
  endfacet
  facet normal 0.321 0.945767 -0.049831
    outer loop
      vertex -5 -16.0326 16
      vertex -4.83138 -11.664 100
      vertex -4.56365 -16.1807 16
    endloop
  endfacet
  facet normal 0.321017 0.945761 -0.0498308
    outer loop
      vertex -5 -16.0326 16
      vertex -6.69696 -16.1679 2.5
      vertex -4.83138 -11.664 100
    endloop
  endfacet
  facet normal 0.321095 0.945735 -0.0498402
    outer loop
      vertex -5 -16.3488 10
      vertex -6.69696 -16.1679 2.5
      vertex -5 -16.0326 16
    endloop
  endfacet
  facet normal 0.321036 0.945755 -0.0498264
    outer loop
      vertex -6.69696 -16.1679 2.5
      vertex -5 -16.3488 10
      vertex -4.52933 -16.9037 2.5
    endloop
  endfacet
  facet normal -0.750798 0.65865 -0.0498277
    outer loop
      vertex 13.8837 -10.6533 2.5
      vertex 8.92722 -8.92722 100
      vertex 8.96496 -8.8842 100
    endloop
  endfacet
  facet normal -0.75092 0.658511 -0.0498314
    outer loop
      vertex 8.92722 -8.92722 100
      vertex 13.8837 -10.6533 2.5
      vertex 12.3744 -12.3744 2.5
    endloop
  endfacet
  facet normal -0.830372 0.554977 -0.04983
    outer loop
      vertex 15.1554 -8.75 2.5
      vertex 10.9018 -6.36008 100
      vertex 10.9336 -6.3125 100
    endloop
  endfacet
  facet normal -0.830446 0.554867 -0.0498305
    outer loop
      vertex 10.9018 -6.36008 100
      vertex 15.1554 -8.75 2.5
      vertex 13.8837 -10.6533 2.5
    endloop
  endfacet
  facet normal 0.945761 0.321018 -0.0498311
    outer loop
      vertex -12.1948 -3.26759 100
      vertex -11.6824 -4.77719 100
      vertex -16.9037 -4.52933 2.5
    endloop
  endfacet
  facet normal 0.945727 0.321118 -0.0498291
    outer loop
      vertex -11.664 -4.83138 100
      vertex -16.9037 -4.52933 2.5
      vertex -11.6824 -4.77719 100
    endloop
  endfacet
  facet normal 0.945755 0.321036 -0.0498308
    outer loop
      vertex -16.9037 -4.52933 2.5
      vertex -11.664 -4.83138 100
      vertex -16.1679 -6.69696 2.5
    endloop
  endfacet
  facet normal 0.979568 0.19484 -0.049831
    outer loop
      vertex -12.5058 -1.70402 100
      vertex -12.1948 -3.26759 100
      vertex -16.9037 -4.52933 2.5
    endloop
  endfacet
  facet normal -0.321118 0.945727 -0.0498292
    outer loop
      vertex 4.83138 -11.664 100
      vertex 5 -16.0326 16
      vertex 4.77719 -11.6824 100
    endloop
  endfacet
  facet normal -0.321017 0.945761 -0.0498308
    outer loop
      vertex 6.69696 -16.1679 2.5
      vertex 5 -16.0326 16
      vertex 4.83138 -11.664 100
    endloop
  endfacet
  facet normal -0.321095 0.945735 -0.0498402
    outer loop
      vertex 6.69696 -16.1679 2.5
      vertex 5 -16.3488 10
      vertex 5 -16.0326 16
    endloop
  endfacet
  facet normal -0.321036 0.945755 -0.0498264
    outer loop
      vertex 4.52933 -16.9037 2.5
      vertex 5 -16.3488 10
      vertex 6.69696 -16.1679 2.5
    endloop
  endfacet
  facet normal -0.321045 0.945752 -0.0498256
    outer loop
      vertex 5 -16.3488 10
      vertex 4.52933 -16.9037 2.5
      vertex 4.5484 -16.5021 10
    endloop
  endfacet
  facet normal -0.321 0.945767 -0.0498309
    outer loop
      vertex 4.77719 -11.6824 100
      vertex 5 -16.0326 16
      vertex 4.56365 -16.1807 16
    endloop
  endfacet
  facet normal -0.320913 0.945797 -0.0498283
    outer loop
      vertex 4.5484 -16.5021 10
      vertex 4.52933 -16.9037 2.5
      vertex 4.43228 -16.5415 10
    endloop
  endfacet
  facet normal -0.321232 0.945689 -0.0498261
    outer loop
      vertex 4.35463 -16.2517 16
      vertex 4.77719 -11.6824 100
      vertex 4.56365 -16.1807 16
    endloop
  endfacet
  facet normal -0.321018 0.945761 -0.0498312
    outer loop
      vertex 4.77719 -11.6824 100
      vertex 4.35463 -16.2517 16
      vertex 3.26759 -12.1948 100
    endloop
  endfacet
  facet normal -0.0651563 0.99663 -0.0498315
    outer loop
      vertex 0 -17.125 10
      vertex 0.122368 -17.117 10
      vertex 0 -17.5 2.5
    endloop
  endfacet
  facet normal -0.0653432 0.996618 -0.0498314
    outer loop
      vertex 0.220263 -16.8106 16
      vertex 0 -12.625 100
      vertex 1.59079 -12.5207 100
    endloop
  endfacet
  facet normal -0.0651561 0.99663 -0.0498315
    outer loop
      vertex 0 -12.625 100
      vertex 0.220263 -16.8106 16
      vertex 0 -16.825 16
    endloop
  endfacet
  facet normal -0.895849 0.441554 -0.0498349
    outer loop
      vertex 16.1679 -6.69696 2.5
      vertex 10.9336 -6.3125 100
      vertex 10.9589 -6.26117 100
    endloop
  endfacet
  facet normal -0.895749 0.441758 -0.0498304
    outer loop
      vertex 10.9336 -6.3125 100
      vertex 16.1679 -6.69696 2.5
      vertex 15.1554 -8.75 2.5
    endloop
  endfacet
  facet normal 0.996667 0.0645826 -0.0498458
    outer loop
      vertex -12.517 -1.64789 100
      vertex -17.5 0 2.5
      vertex -12.5207 -1.59079 100
    endloop
  endfacet
  facet normal 0.99662 0.0653153 -0.049831
    outer loop
      vertex -17.5 0 2.5
      vertex -12.517 -1.64789 100
      vertex -17.3503 -2.28421 2.5
    endloop
  endfacet
  facet normal 0.554977 0.830372 -0.04983
    outer loop
      vertex -8.75 -15.1554 2.5
      vertex -6.36008 -10.9018 100
      vertex -6.3125 -10.9336 100
    endloop
  endfacet
  facet normal 0.554867 0.830446 -0.0498305
    outer loop
      vertex -6.36008 -10.9018 100
      vertex -8.75 -15.1554 2.5
      vertex -10.6533 -13.8837 2.5
    endloop
  endfacet
  facet normal 0.0653283 0.996619 -0.0498281
    outer loop
      vertex 0 -17.5 2.5
      vertex -2.23526 -16.9785 10
      vertex -0.122368 -17.117 10
    endloop
  endfacet
  facet normal 0.0653153 0.99662 -0.049832
    outer loop
      vertex -2.23526 -16.9785 10
      vertex 0 -17.5 2.5
      vertex -2.28421 -17.3503 2.5
    endloop
  endfacet
  facet normal 0.0645826 0.996667 -0.0498463
    outer loop
      vertex -0.220263 -16.8106 16
      vertex -1.64789 -12.517 100
      vertex -1.59079 -12.5207 100
    endloop
  endfacet
  facet normal 0.0653203 0.996619 -0.0498313
    outer loop
      vertex -1.64789 -12.517 100
      vertex -0.220263 -16.8106 16
      vertex -2.1961 -16.6811 16
    endloop
  endfacet
  facet normal 0.895849 0.441554 -0.0498349
    outer loop
      vertex -10.9336 -6.3125 100
      vertex -16.1679 -6.69696 2.5
      vertex -10.9589 -6.26117 100
    endloop
  endfacet
  facet normal 0.895749 0.441758 -0.0498304
    outer loop
      vertex -16.1679 -6.69696 2.5
      vertex -10.9336 -6.3125 100
      vertex -15.1554 -8.75 2.5
    endloop
  endfacet
  facet normal -0.441742 0.895757 -0.0498308
    outer loop
      vertex 6.26117 -10.9589 100
      vertex 6.69696 -16.1679 2.5
      vertex 4.83138 -11.664 100
    endloop
  endfacet
  facet normal 0.830434 0.554884 -0.0498309
    outer loop
      vertex -10.9018 -6.36008 100
      vertex -10.0161 -7.68561 100
      vertex -13.8837 -10.6533 2.5
    endloop
  endfacet
  facet normal -0.945727 0.321118 -0.0498291
    outer loop
      vertex 16.9037 -4.52933 2.5
      vertex 11.664 -4.83138 100
      vertex 11.6824 -4.77719 100
    endloop
  endfacet
  facet normal -0.945755 0.321036 -0.0498308
    outer loop
      vertex 11.664 -4.83138 100
      vertex 16.9037 -4.52933 2.5
      vertex 16.1679 -6.69696 2.5
    endloop
  endfacet
  facet normal 0.320913 0.945797 -0.0498283
    outer loop
      vertex -4.43228 -16.5415 10
      vertex -4.52933 -16.9037 2.5
      vertex -4.5484 -16.5021 10
    endloop
  endfacet
  facet normal 0.321018 0.945761 -0.0498312
    outer loop
      vertex -4.35463 -16.2517 16
      vertex -4.77719 -11.6824 100
      vertex -3.26759 -12.1948 100
    endloop
  endfacet
  facet normal 0.321232 0.945689 -0.0498261
    outer loop
      vertex -4.77719 -11.6824 100
      vertex -4.35463 -16.2517 16
      vertex -4.56365 -16.1807 16
    endloop
  endfacet
  facet normal 0.65865 0.750798 -0.0498277
    outer loop
      vertex -10.6533 -13.8837 2.5
      vertex -8.92722 -8.92722 100
      vertex -8.8842 -8.96496 100
    endloop
  endfacet
  facet normal 0.658511 0.75092 -0.0498314
    outer loop
      vertex -8.92722 -8.92722 100
      vertex -10.6533 -13.8837 2.5
      vertex -12.3744 -12.3744 2.5
    endloop
  endfacet
  facet normal 0.996618 0.0653432 -0.0498309
    outer loop
      vertex -12.625 0 100
      vertex -12.5207 -1.59079 100
      vertex -17.5 0 2.5
    endloop
  endfacet
  facet normal -0.979568 0.19484 -0.049831
    outer loop
      vertex 12.5058 -1.70402 100
      vertex 16.9037 -4.52933 2.5
      vertex 12.1948 -3.26759 100
    endloop
  endfacet
  facet normal 0.97945 0.195436 -0.0498291
    outer loop
      vertex -12.5058 -1.70402 100
      vertex -17.3503 -2.28421 2.5
      vertex -12.517 -1.64789 100
    endloop
  endfacet
  facet normal 0.979565 0.194855 -0.0498314
    outer loop
      vertex -17.3503 -2.28421 2.5
      vertex -12.5058 -1.70402 100
      vertex -16.9037 -4.52933 2.5
    endloop
  endfacet
  facet normal -0.194855 0.979565 -0.0498313
    outer loop
      vertex 2.28421 -17.3503 2.5
      vertex 4.312 -16.5654 10
      vertex 4.52933 -16.9037 2.5
    endloop
  endfacet
  facet normal -0.194853 0.979566 -0.0498321
    outer loop
      vertex 4.312 -16.5654 10
      vertex 2.28421 -17.3503 2.5
      vertex 2.23526 -16.9785 10
    endloop
  endfacet
  facet normal -0.19485 0.979566 -0.0498317
    outer loop
      vertex 2.1961 -16.6811 16
      vertex 1.70402 -12.5058 100
      vertex 4.13814 -16.2948 16
    endloop
  endfacet
  facet normal -0.195436 0.97945 -0.0498294
    outer loop
      vertex 1.70402 -12.5058 100
      vertex 2.1961 -16.6811 16
      vertex 1.64789 -12.517 100
    endloop
  endfacet
  facet normal 0.750904 0.658528 -0.0498308
    outer loop
      vertex -10.0161 -7.68561 100
      vertex -8.96496 -8.8842 100
      vertex -13.8837 -10.6533 2.5
    endloop
  endfacet
  facet normal -0.658511 0.75092 -0.0498314
    outer loop
      vertex 10.6533 -13.8837 2.5
      vertex 8.92722 -8.92722 100
      vertex 12.3744 -12.3744 2.5
    endloop
  endfacet
  facet normal -0.65865 0.750798 -0.0498277
    outer loop
      vertex 8.92722 -8.92722 100
      vertex 10.6533 -13.8837 2.5
      vertex 8.8842 -8.96496 100
    endloop
  endfacet
  facet normal 0.554884 0.830434 -0.0498309
    outer loop
      vertex -7.68561 -10.0161 100
      vertex -6.36008 -10.9018 100
      vertex -10.6533 -13.8837 2.5
    endloop
  endfacet
  facet normal -0.750904 0.658528 -0.0498308
    outer loop
      vertex 10.0161 -7.68561 100
      vertex 13.8837 -10.6533 2.5
      vertex 8.96496 -8.8842 100
    endloop
  endfacet
  facet normal -0 0 1
    outer loop
      vertex 5.43461 -0.157229 2.5
      vertex 17.3503 -2.28421 2.5
      vertex 17.5 0 2.5
    endloop
  endfacet
  facet normal -0 0 1
    outer loop
      vertex 5.29012 -1.25471 2.5
      vertex 17.3503 -2.28421 2.5
      vertex 5.39833 -0.710703 2.5
    endloop
  endfacet
  facet normal -0 0 1
    outer loop
      vertex 5.25938 -1.40925 2.5
      vertex 16.9037 -4.52933 2.5
      vertex 5.29012 -1.25471 2.5
    endloop
  endfacet
  facet normal 0 0 1
    outer loop
      vertex 16.9037 -4.52933 2.5
      vertex 5.20873 -1.55845 2.5
      vertex 16.1679 -6.69696 2.5
    endloop
  endfacet
  facet normal -0 0 1
    outer loop
      vertex 4.96075 -2.225 2.5
      vertex 16.1679 -6.69696 2.5
      vertex 5.03044 -2.08368 2.5
    endloop
  endfacet
  facet normal -0 0 1
    outer loop
      vertex 4.71543 -2.72246 2.5
      vertex 15.1554 -8.75 2.5
      vertex 4.96075 -2.225 2.5
    endloop
  endfacet
  facet normal 0 0 1
    outer loop
      vertex 15.1554 -8.75 2.5
      vertex 4.62789 -2.85347 2.5
      vertex 13.8837 -10.6533 2.5
    endloop
  endfacet
  facet normal -0 0 1
    outer loop
      vertex 3.95403 -3.73167 2.5
      vertex 13.8837 -10.6533 2.5
      vertex 4.31974 -3.31465 2.5
    endloop
  endfacet
  facet normal 0 0 1
    outer loop
      vertex 5.43461 -0.157229 2.5
      vertex 17.5 0 2.5
      vertex 5.44491 0 2.5
    endloop
  endfacet
  facet normal 0 0 1
    outer loop
      vertex 17.3503 -2.28421 2.5
      vertex 5.43461 -0.157229 2.5
      vertex 5.39833 -0.710703 2.5
    endloop
  endfacet
  facet normal 0 0 1
    outer loop
      vertex 17.3503 -2.28421 2.5
      vertex 5.29012 -1.25471 2.5
      vertex 16.9037 -4.52933 2.5
    endloop
  endfacet
  facet normal -0 0 1
    outer loop
      vertex 5.20873 -1.55845 2.5
      vertex 16.9037 -4.52933 2.5
      vertex 5.25938 -1.40925 2.5
    endloop
  endfacet
  facet normal -0 0 1
    outer loop
      vertex 5.03044 -2.08368 2.5
      vertex 16.1679 -6.69696 2.5
      vertex 5.20873 -1.55845 2.5
    endloop
  endfacet
  facet normal 0 0 1
    outer loop
      vertex 16.1679 -6.69696 2.5
      vertex 4.96075 -2.225 2.5
      vertex 15.1554 -8.75 2.5
    endloop
  endfacet
  facet normal -0 0 1
    outer loop
      vertex 4.62789 -2.85347 2.5
      vertex 15.1554 -8.75 2.5
      vertex 4.71543 -2.72246 2.5
    endloop
  endfacet
  facet normal -0 0 1
    outer loop
      vertex 4.31974 -3.31465 2.5
      vertex 13.8837 -10.6533 2.5
      vertex 4.62789 -2.85347 2.5
    endloop
  endfacet
  facet normal 0 0 1
    outer loop
      vertex 13.8837 -10.6533 2.5
      vertex 3.95403 -3.73167 2.5
      vertex 12.3744 -12.3744 2.5
    endloop
  endfacet
  facet normal -0 0 1
    outer loop
      vertex 3.85014 -3.85014 2.5
      vertex 12.3744 -12.3744 2.5
      vertex 3.95403 -3.73167 2.5
    endloop
  endfacet
  facet normal -0 0 1
    outer loop
      vertex 3.73167 -3.95403 2.5
      vertex 12.3744 -12.3744 2.5
      vertex 3.85014 -3.85014 2.5
    endloop
  endfacet
  facet normal 0 0 1
    outer loop
      vertex 12.3744 -12.3744 2.5
      vertex 3.73167 -3.95403 2.5
      vertex 10.6533 -13.8837 2.5
    endloop
  endfacet
  facet normal -0 0 1
    outer loop
      vertex 3.31465 -4.31974 2.5
      vertex 10.6533 -13.8837 2.5
      vertex 3.73167 -3.95403 2.5
    endloop
  endfacet
  facet normal -0 0 1
    outer loop
      vertex 2.85347 -4.62789 2.5
      vertex 10.6533 -13.8837 2.5
      vertex 3.31465 -4.31974 2.5
    endloop
  endfacet
  facet normal 0 0 1
    outer loop
      vertex 10.6533 -13.8837 2.5
      vertex 2.85347 -4.62789 2.5
      vertex 8.75 -15.1554 2.5
    endloop
  endfacet
  facet normal -0 0 1
    outer loop
      vertex 2.72246 -4.71543 2.5
      vertex 8.75 -15.1554 2.5
      vertex 2.85347 -4.62789 2.5
    endloop
  endfacet
  facet normal -0 0 1
    outer loop
      vertex 2.225 -4.96075 2.5
      vertex 8.75 -15.1554 2.5
      vertex 2.72246 -4.71543 2.5
    endloop
  endfacet
  facet normal 0 0 1
    outer loop
      vertex 8.75 -15.1554 2.5
      vertex 2.225 -4.96075 2.5
      vertex 6.69696 -16.1679 2.5
    endloop
  endfacet
  facet normal -0 0 1
    outer loop
      vertex 2.08368 -5.03044 2.5
      vertex 6.69696 -16.1679 2.5
      vertex 2.225 -4.96075 2.5
    endloop
  endfacet
  facet normal -0 0 1
    outer loop
      vertex 1.55845 -5.20873 2.5
      vertex 6.69696 -16.1679 2.5
      vertex 2.08368 -5.03044 2.5
    endloop
  endfacet
  facet normal 0 0 1
    outer loop
      vertex 6.69696 -16.1679 2.5
      vertex 1.55845 -5.20873 2.5
      vertex 4.52933 -16.9037 2.5
    endloop
  endfacet
  facet normal -0 0 1
    outer loop
      vertex 1.40925 -5.25938 2.5
      vertex 4.52933 -16.9037 2.5
      vertex 1.55845 -5.20873 2.5
    endloop
  endfacet
  facet normal -0 0 1
    outer loop
      vertex 1.25471 -5.29012 2.5
      vertex 4.52933 -16.9037 2.5
      vertex 1.40925 -5.25938 2.5
    endloop
  endfacet
  facet normal 0 0 1
    outer loop
      vertex 4.52933 -16.9037 2.5
      vertex 1.25471 -5.29012 2.5
      vertex 2.28421 -17.3503 2.5
    endloop
  endfacet
  facet normal -0 0 1
    outer loop
      vertex 0.710703 -5.39833 2.5
      vertex 2.28421 -17.3503 2.5
      vertex 1.25471 -5.29012 2.5
    endloop
  endfacet
  facet normal -0 0 1
    outer loop
      vertex 0.157229 -5.43461 2.5
      vertex 2.28421 -17.3503 2.5
      vertex 0.710703 -5.39833 2.5
    endloop
  endfacet
  facet normal 0 0 1
    outer loop
      vertex 0 -17.5 2.5
      vertex 0.157229 -5.43461 2.5
      vertex 0 -5.44491 2.5
    endloop
  endfacet
  facet normal 0 0 1
    outer loop
      vertex 0.157229 -5.43461 2.5
      vertex 0 -17.5 2.5
      vertex 2.28421 -17.3503 2.5
    endloop
  endfacet
  facet normal 0 0 1
    outer loop
      vertex -0.157229 -5.43461 2.5
      vertex 0 -17.5 2.5
      vertex 0 -5.44491 2.5
    endloop
  endfacet
  facet normal 0 0 1
    outer loop
      vertex -2.28421 -17.3503 2.5
      vertex -0.157229 -5.43461 2.5
      vertex -0.710703 -5.39833 2.5
    endloop
  endfacet
  facet normal 0 0 1
    outer loop
      vertex -2.28421 -17.3503 2.5
      vertex -0.710703 -5.39833 2.5
      vertex -1.25471 -5.29012 2.5
    endloop
  endfacet
  facet normal 0 0 1
    outer loop
      vertex -4.52933 -16.9037 2.5
      vertex -1.25471 -5.29012 2.5
      vertex -1.40925 -5.25938 2.5
    endloop
  endfacet
  facet normal 0 0 1
    outer loop
      vertex -4.52933 -16.9037 2.5
      vertex -1.40925 -5.25938 2.5
      vertex -1.55845 -5.20873 2.5
    endloop
  endfacet
  facet normal 0 0 1
    outer loop
      vertex -6.69696 -16.1679 2.5
      vertex -1.55845 -5.20873 2.5
      vertex -2.08368 -5.03044 2.5
    endloop
  endfacet
  facet normal 0 0 1
    outer loop
      vertex -6.69696 -16.1679 2.5
      vertex -2.08368 -5.03044 2.5
      vertex -2.225 -4.96075 2.5
    endloop
  endfacet
  facet normal 0 0 1
    outer loop
      vertex -0.157229 -5.43461 2.5
      vertex -2.28421 -17.3503 2.5
      vertex 0 -17.5 2.5
    endloop
  endfacet
  facet normal 0 0 1
    outer loop
      vertex -8.75 -15.1554 2.5
      vertex -2.225 -4.96075 2.5
      vertex -2.72246 -4.71543 2.5
    endloop
  endfacet
  facet normal 0 0 1
    outer loop
      vertex -8.75 -15.1554 2.5
      vertex -2.72246 -4.71543 2.5
      vertex -2.85347 -4.62789 2.5
    endloop
  endfacet
  facet normal 0 0 1
    outer loop
      vertex -10.6533 -13.8837 2.5
      vertex -2.85347 -4.62789 2.5
      vertex -3.31465 -4.31974 2.5
    endloop
  endfacet
  facet normal 0 0 1
    outer loop
      vertex -10.6533 -13.8837 2.5
      vertex -3.31465 -4.31974 2.5
      vertex -3.73167 -3.95403 2.5
    endloop
  endfacet
  facet normal 0 0 1
    outer loop
      vertex -12.3744 -12.3744 2.5
      vertex -3.73167 -3.95403 2.5
      vertex -3.85014 -3.85014 2.5
    endloop
  endfacet
  facet normal 0 0 1
    outer loop
      vertex -12.3744 -12.3744 2.5
      vertex -3.85014 -3.85014 2.5
      vertex -3.95403 -3.73167 2.5
    endloop
  endfacet
  facet normal 0 0 1
    outer loop
      vertex -13.8837 -10.6533 2.5
      vertex -3.95403 -3.73167 2.5
      vertex -4.31974 -3.31465 2.5
    endloop
  endfacet
  facet normal 0 0 1
    outer loop
      vertex -1.25471 -5.29012 2.5
      vertex -4.52933 -16.9037 2.5
      vertex -2.28421 -17.3503 2.5
    endloop
  endfacet
  facet normal 0 0 1
    outer loop
      vertex -13.8837 -10.6533 2.5
      vertex -4.31974 -3.31465 2.5
      vertex -4.62789 -2.85347 2.5
    endloop
  endfacet
  facet normal 0 0 1
    outer loop
      vertex -15.1554 -8.75 2.5
      vertex -4.62789 -2.85347 2.5
      vertex -4.71543 -2.72246 2.5
    endloop
  endfacet
  facet normal 0 0 1
    outer loop
      vertex -15.1554 -8.75 2.5
      vertex -4.71543 -2.72246 2.5
      vertex -4.96075 -2.225 2.5
    endloop
  endfacet
  facet normal 0 0 1
    outer loop
      vertex -16.1679 -6.69696 2.5
      vertex -4.96075 -2.225 2.5
      vertex -5.03044 -2.08368 2.5
    endloop
  endfacet
  facet normal 0 0 1
    outer loop
      vertex -16.1679 -6.69696 2.5
      vertex -5.03044 -2.08368 2.5
      vertex -5.20873 -1.55845 2.5
    endloop
  endfacet
  facet normal 0 0 1
    outer loop
      vertex -16.9037 -4.52933 2.5
      vertex -5.20873 -1.55845 2.5
      vertex -5.25938 -1.40925 2.5
    endloop
  endfacet
  facet normal 0 0 1
    outer loop
      vertex -16.9037 -4.52933 2.5
      vertex -5.25938 -1.40925 2.5
      vertex -5.29012 -1.25471 2.5
    endloop
  endfacet
  facet normal 0 0 1
    outer loop
      vertex -17.3503 -2.28421 2.5
      vertex -5.29012 -1.25471 2.5
      vertex -5.39833 -0.710703 2.5
    endloop
  endfacet
  facet normal 0 0 1
    outer loop
      vertex -17.3503 -2.28421 2.5
      vertex -5.39833 -0.710703 2.5
      vertex -5.43461 -0.157229 2.5
    endloop
  endfacet
  facet normal -0 0 1
    outer loop
      vertex -17.5 0 2.5
      vertex -5.43461 -0.157229 2.5
      vertex -5.44491 0 2.5
    endloop
  endfacet
  facet normal 0 0 1
    outer loop
      vertex -1.55845 -5.20873 2.5
      vertex -6.69696 -16.1679 2.5
      vertex -4.52933 -16.9037 2.5
    endloop
  endfacet
  facet normal 0 0 1
    outer loop
      vertex -2.225 -4.96075 2.5
      vertex -8.75 -15.1554 2.5
      vertex -6.69696 -16.1679 2.5
    endloop
  endfacet
  facet normal 0 0 1
    outer loop
      vertex -2.85347 -4.62789 2.5
      vertex -10.6533 -13.8837 2.5
      vertex -8.75 -15.1554 2.5
    endloop
  endfacet
  facet normal 0 0 1
    outer loop
      vertex -3.73167 -3.95403 2.5
      vertex -12.3744 -12.3744 2.5
      vertex -10.6533 -13.8837 2.5
    endloop
  endfacet
  facet normal 0 0 1
    outer loop
      vertex -3.95403 -3.73167 2.5
      vertex -13.8837 -10.6533 2.5
      vertex -12.3744 -12.3744 2.5
    endloop
  endfacet
  facet normal 0 0 1
    outer loop
      vertex -4.62789 -2.85347 2.5
      vertex -15.1554 -8.75 2.5
      vertex -13.8837 -10.6533 2.5
    endloop
  endfacet
  facet normal 0 0 1
    outer loop
      vertex -4.96075 -2.225 2.5
      vertex -16.1679 -6.69696 2.5
      vertex -15.1554 -8.75 2.5
    endloop
  endfacet
  facet normal 0 0 1
    outer loop
      vertex -5.20873 -1.55845 2.5
      vertex -16.9037 -4.52933 2.5
      vertex -16.1679 -6.69696 2.5
    endloop
  endfacet
  facet normal 0 0 1
    outer loop
      vertex -5.29012 -1.25471 2.5
      vertex -17.3503 -2.28421 2.5
      vertex -16.9037 -4.52933 2.5
    endloop
  endfacet
  facet normal 0 0 1
    outer loop
      vertex -5.43461 -0.157229 2.5
      vertex -17.5 0 2.5
      vertex -17.3503 -2.28421 2.5
    endloop
  endfacet
  facet normal -0.979565 0.194855 -0.0498325
    outer loop
      vertex 16.9037 -4.52933 2.5
      vertex 16.0923 -2.11859 27.8763
      vertex 17.3503 -2.28421 2.5
    endloop
  endfacet
  facet normal -0.983578 0.173992 -0.0479788
    outer loop
      vertex 16.0923 -2.11859 27.8763
      vertex 16.9037 -4.52933 2.5
      vertex 16.0917 -2.12132 27.8787
    endloop
  endfacet
  facet normal -0.979549 0.194937 -0.0498372
    outer loop
      vertex 16.0917 -2.12132 27.8787
      vertex 16.9037 -4.52933 2.5
      vertex 16.0252 -2.38006 28.1737
    endloop
  endfacet
  facet normal -0.97954 0.19498 -0.0498405
    outer loop
      vertex 16.0252 -2.38006 28.1737
      vertex 16.9037 -4.52933 2.5
      vertex 15.9652 -2.59808 28.5
    endloop
  endfacet
  facet normal -0.97959 0.194731 -0.0498238
    outer loop
      vertex 15.9652 -2.59808 28.5
      vertex 16.9037 -4.52933 2.5
      vertex 15.9128 -2.77164 28.8519
    endloop
  endfacet
  facet normal -0.979559 0.194884 -0.0498329
    outer loop
      vertex 15.9128 -2.77164 28.8519
      vertex 16.9037 -4.52933 2.5
      vertex 15.8688 -2.89778 29.2235
    endloop
  endfacet
  facet normal -0.97958 0.194784 -0.0498276
    outer loop
      vertex 15.8688 -2.89778 29.2235
      vertex 16.9037 -4.52933 2.5
      vertex 15.834 -2.97433 29.6084
    endloop
  endfacet
  facet normal -0.979672 0.194323 -0.0498048
    outer loop
      vertex 15.834 -2.97433 29.6084
      vertex 16.9037 -4.52933 2.5
      vertex 15.809 -3 30
    endloop
  endfacet
  facet normal -0.97945 0.195436 -0.0498295
    outer loop
      vertex 15.8806 -2.09071 32.1482
      vertex 12.5058 -1.70402 100
      vertex 12.517 -1.64789 100
    endloop
  endfacet
  facet normal -0.979074 0.197313 -0.0498215
    outer loop
      vertex 15.8758 -2.12132 32.1213
      vertex 12.5058 -1.70402 100
      vertex 15.8806 -2.09071 32.1482
    endloop
  endfacet
  facet normal -0.97961 0.194628 -0.0498316
    outer loop
      vertex 15.8394 -2.38006 31.8263
      vertex 12.5058 -1.70402 100
      vertex 15.8758 -2.12132 32.1213
    endloop
  endfacet
  facet normal -0.979539 0.19499 -0.0498317
    outer loop
      vertex 15.8126 -2.59808 31.5
      vertex 12.5058 -1.70402 100
      vertex 15.8394 -2.38006 31.8263
    endloop
  endfacet
  facet normal -0.979585 0.194754 -0.0498309
    outer loop
      vertex 15.796 -2.77164 31.148
      vertex 12.5058 -1.70402 100
      vertex 15.8126 -2.59808 31.5
    endloop
  endfacet
  facet normal -0.979555 0.194908 -0.0498318
    outer loop
      vertex 15.7898 -2.89778 30.7765
      vertex 12.5058 -1.70402 100
      vertex 15.796 -2.77164 31.148
    endloop
  endfacet
  facet normal -0.979692 0.19422 -0.0498264
    outer loop
      vertex 15.7942 -2.97433 30.3916
      vertex 12.5058 -1.70402 100
      vertex 15.7898 -2.89778 30.7765
    endloop
  endfacet
  facet normal -0.979413 0.19562 -0.0498388
    outer loop
      vertex 15.809 -3 30
      vertex 12.5058 -1.70402 100
      vertex 15.7942 -2.97433 30.3916
    endloop
  endfacet
  facet normal -0.979556 0.1949 -0.0498322
    outer loop
      vertex 12.5058 -1.70402 100
      vertex 15.809 -3 30
      vertex 16.9037 -4.52933 2.5
    endloop
  endfacet
  facet normal -0.945761 0.321018 -0.0498311
    outer loop
      vertex 12.1948 -3.26759 100
      vertex 16.9037 -4.52933 2.5
      vertex 11.6824 -4.77719 100
    endloop
  endfacet
  facet normal -0.658528 0.750904 -0.0498308
    outer loop
      vertex 8.8842 -8.96496 100
      vertex 10.6533 -13.8837 2.5
      vertex 7.68561 -10.0161 100
    endloop
  endfacet
  facet normal -0.830434 0.554884 -0.0498309
    outer loop
      vertex 10.9018 -6.36008 100
      vertex 13.8837 -10.6533 2.5
      vertex 10.0161 -7.68561 100
    endloop
  endfacet
  facet normal 0.750798 0.65865 -0.0498277
    outer loop
      vertex -8.92722 -8.92722 100
      vertex -13.8837 -10.6533 2.5
      vertex -8.96496 -8.8842 100
    endloop
  endfacet
  facet normal 0.75092 0.658511 -0.0498314
    outer loop
      vertex -13.8837 -10.6533 2.5
      vertex -8.92722 -8.92722 100
      vertex -12.3744 -12.3744 2.5
    endloop
  endfacet
  facet normal -0.895757 0.441742 -0.0498308
    outer loop
      vertex 11.664 -4.83138 100
      vertex 16.1679 -6.69696 2.5
      vertex 10.9589 -6.26117 100
    endloop
  endfacet
  facet normal -0.99662 0.0653153 -0.0498311
    outer loop
      vertex 17.3503 -2.28421 2.5
      vertex 16.2474 -0.400183 27.0274
      vertex 17.5 0 2.5
    endloop
  endfacet
  facet normal -0.99662 0.0653158 -0.0498311
    outer loop
      vertex 16.2474 -0.400183 27.0274
      vertex 17.3503 -2.28421 2.5
      vertex 16.219 -0.776457 27.1022
    endloop
  endfacet
  facet normal -0.996613 0.065412 -0.0498367
    outer loop
      vertex 16.219 -0.776457 27.1022
      vertex 17.3503 -2.28421 2.5
      vertex 16.1883 -1.14805 27.2284
    endloop
  endfacet
  facet normal -0.996627 0.0652023 -0.0498278
    outer loop
      vertex 16.1883 -1.14805 27.2284
      vertex 17.3503 -2.28421 2.5
      vertex 16.1566 -1.5 27.4019
    endloop
  endfacet
  facet normal -0.996616 0.0653649 -0.0498324
    outer loop
      vertex 16.1566 -1.5 27.4019
      vertex 17.3503 -2.28421 2.5
      vertex 16.1243 -1.82628 27.6199
    endloop
  endfacet
  facet normal -0.996615 0.0653913 -0.0498328
    outer loop
      vertex 16.1243 -1.82628 27.6199
      vertex 17.3503 -2.28421 2.5
      vertex 16.0923 -2.11859 27.8763
    endloop
  endfacet
  facet normal -0.996607 0.0655162 -0.0498274
    outer loop
      vertex 12.517 -1.64789 100
      vertex 15.9448 -0.49687 32.9534
      vertex 15.9292 -0.776457 32.8978
    endloop
  endfacet
  facet normal -0.996627 0.0652008 -0.0498325
    outer loop
      vertex 12.517 -1.64789 100
      vertex 15.9292 -0.776457 32.8978
      vertex 15.9112 -1.14805 32.7716
    endloop
  endfacet
  facet normal -0.996618 0.0653416 -0.049831
    outer loop
      vertex 12.517 -1.64789 100
      vertex 15.9112 -1.14805 32.7716
      vertex 15.8968 -1.5 32.5981
    endloop
  endfacet
  facet normal -0.996667 0.0645826 -0.0498465
    outer loop
      vertex 15.9448 -0.49687 32.9534
      vertex 12.517 -1.64789 100
      vertex 12.5207 -1.59079 100
    endloop
  endfacet
  facet normal -0.996616 0.065366 -0.0498309
    outer loop
      vertex 15.8863 -1.82628 32.3801
      vertex 12.517 -1.64789 100
      vertex 15.8968 -1.5 32.5981
    endloop
  endfacet
  facet normal -0.996628 0.065184 -0.049831
    outer loop
      vertex 12.517 -1.64789 100
      vertex 15.8863 -1.82628 32.3801
      vertex 15.8806 -2.09071 32.1482
    endloop
  endfacet
  facet normal -0.996628 0.0651942 -0.0498314
    outer loop
      vertex 17.5 0 2.5
      vertex 16.2481 -0.391578 27.0257
      vertex 16.275 0 27
    endloop
  endfacet
  facet normal -0.996221 0.0712191 -0.0497144
    outer loop
      vertex 16.2481 -0.391578 27.0257
      vertex 17.5 0 2.5
      vertex 16.2474 -0.400183 27.0274
    endloop
  endfacet
  facet normal -0.996616 0.0653716 -0.0498301
    outer loop
      vertex 12.5207 -1.59079 100
      vertex 15.975 0 33
      vertex 15.9506 -0.391578 32.9743
    endloop
  endfacet
  facet normal -0.996653 0.064794 -0.0498424
    outer loop
      vertex 12.5207 -1.59079 100
      vertex 15.9506 -0.391578 32.9743
      vertex 15.9448 -0.49687 32.9534
    endloop
  endfacet
  facet normal -0.996618 0.0653432 -0.0498309
    outer loop
      vertex 15.975 0 33
      vertex 12.5207 -1.59079 100
      vertex 12.625 0 100
    endloop
  endfacet
  facet normal 0.194853 0.979566 -0.0498321
    outer loop
      vertex -2.28421 -17.3503 2.5
      vertex -4.312 -16.5654 10
      vertex -2.23526 -16.9785 10
    endloop
  endfacet
  facet normal 0.194855 0.979565 -0.0498313
    outer loop
      vertex -4.312 -16.5654 10
      vertex -2.28421 -17.3503 2.5
      vertex -4.52933 -16.9037 2.5
    endloop
  endfacet
  facet normal 0.195436 0.97945 -0.0498294
    outer loop
      vertex -2.1961 -16.6811 16
      vertex -1.70402 -12.5058 100
      vertex -1.64789 -12.517 100
    endloop
  endfacet
  facet normal 0.19485 0.979566 -0.0498317
    outer loop
      vertex -1.70402 -12.5058 100
      vertex -2.1961 -16.6811 16
      vertex -4.13814 -16.2948 16
    endloop
  endfacet
  facet normal -0.194651 0.979606 -0.0498272
    outer loop
      vertex 4.43228 -16.5415 10
      vertex 4.52933 -16.9037 2.5
      vertex 4.312 -16.5654 10
    endloop
  endfacet
  facet normal -0.195011 0.979534 -0.0498316
    outer loop
      vertex 4.13814 -16.2948 16
      vertex 3.26759 -12.1948 100
      vertex 4.35463 -16.2517 16
    endloop
  endfacet
  facet normal -0.19484 0.979568 -0.0498315
    outer loop
      vertex 3.26759 -12.1948 100
      vertex 4.13814 -16.2948 16
      vertex 1.70402 -12.5058 100
    endloop
  endfacet
  facet normal 0.0651563 0.99663 -0.0498315
    outer loop
      vertex 0 -17.125 10
      vertex 0 -17.5 2.5
      vertex -0.122368 -17.117 10
    endloop
  endfacet
  facet normal 0.0651561 0.99663 -0.0498315
    outer loop
      vertex -0.220263 -16.8106 16
      vertex 0 -12.625 100
      vertex 0 -16.825 16
    endloop
  endfacet
  facet normal 0.0653432 0.996618 -0.0498314
    outer loop
      vertex 0 -12.625 100
      vertex -0.220263 -16.8106 16
      vertex -1.59079 -12.5207 100
    endloop
  endfacet
  facet normal -0.554867 0.830446 -0.0498305
    outer loop
      vertex 8.75 -15.1554 2.5
      vertex 6.36008 -10.9018 100
      vertex 10.6533 -13.8837 2.5
    endloop
  endfacet
  facet normal -0.554977 0.830372 -0.04983
    outer loop
      vertex 6.36008 -10.9018 100
      vertex 8.75 -15.1554 2.5
      vertex 6.3125 -10.9336 100
    endloop
  endfacet
  facet normal -0.554884 0.830434 -0.0498309
    outer loop
      vertex 7.68561 -10.0161 100
      vertex 10.6533 -13.8837 2.5
      vertex 6.36008 -10.9018 100
    endloop
  endfacet
  facet normal 0.658528 0.750904 -0.0498308
    outer loop
      vertex -8.8842 -8.96496 100
      vertex -7.68561 -10.0161 100
      vertex -10.6533 -13.8837 2.5
    endloop
  endfacet
  facet normal 0.194651 0.979606 -0.0498272
    outer loop
      vertex -4.43228 -16.5415 10
      vertex -4.312 -16.5654 10
      vertex -4.52933 -16.9037 2.5
    endloop
  endfacet
  facet normal 0.19484 0.979568 -0.0498315
    outer loop
      vertex -4.13814 -16.2948 16
      vertex -3.26759 -12.1948 100
      vertex -1.70402 -12.5058 100
    endloop
  endfacet
  facet normal 0.195011 0.979534 -0.0498316
    outer loop
      vertex -3.26759 -12.1948 100
      vertex -4.13814 -16.2948 16
      vertex -4.35463 -16.2517 16
    endloop
  endfacet
  facet normal 1 -0 0
    outer loop
      vertex 24.75 -4.5 27.5
      vertex 24.75 0.0499992 22.5
      vertex 24.75 0.0499992 27.5
    endloop
  endfacet
  facet normal 1 0 0
    outer loop
      vertex 24.75 0.0499992 22.5
      vertex 24.75 -4.5 27.5
      vertex 24.75 -4.5 22.5
    endloop
  endfacet
  facet normal 0 0 1
    outer loop
      vertex 21 0 27.5
      vertex 24.75 0.0499992 27.5
      vertex 21 0.0499992 27.5
    endloop
  endfacet
  facet normal 0 0 1
    outer loop
      vertex 20.5 -1.64678 27.5
      vertex 24.75 0.0499992 27.5
      vertex 21 0 27.5
    endloop
  endfacet
  facet normal 0 0 1
    outer loop
      vertex 20.5 -1.64678 27.5
      vertex 21 0 27.5
      vertex 20.5 0 27.5
    endloop
  endfacet
  facet normal 0 0 1
    outer loop
      vertex 24.75 0.0499992 27.5
      vertex 20.5 -1.64678 27.5
      vertex 24.75 -4.5 27.5
    endloop
  endfacet
  facet normal 0 0 1
    outer loop
      vertex 18.7 -4.5 27.5
      vertex 20.5 -1.64678 27.5
      vertex 18.7 -1.64678 27.5
    endloop
  endfacet
  facet normal 0 0 1
    outer loop
      vertex 20.5 -1.64678 27.5
      vertex 18.7 -4.5 27.5
      vertex 24.75 -4.5 27.5
    endloop
  endfacet
  facet normal 0 0 -1
    outer loop
      vertex 24.75 -4.5 22.5
      vertex 21 0 22.5
      vertex 24.75 0.0499992 22.5
    endloop
  endfacet
  facet normal 0 0 -1
    outer loop
      vertex 18.7135 -2.46368 22.5
      vertex 21 0 22.5
      vertex 24.75 -4.5 22.5
    endloop
  endfacet
  facet normal -0 0 -1
    outer loop
      vertex 21 0 22.5
      vertex 18.8461 -0.440526 22.5
      vertex 18.875 0 22.5
    endloop
  endfacet
  facet normal 0 0 -1
    outer loop
      vertex 21 0 22.5
      vertex 18.7135 -2.46368 22.5
      vertex 18.8461 -0.440526 22.5
    endloop
  endfacet
  facet normal 0 0 -1
    outer loop
      vertex 18.7 -2.53166 22.5
      vertex 24.75 -4.5 22.5
      vertex 18.7 -4.5 22.5
    endloop
  endfacet
  facet normal 0 0 -1
    outer loop
      vertex 24.75 -4.5 22.5
      vertex 18.7 -2.53166 22.5
      vertex 18.7135 -2.46368 22.5
    endloop
  endfacet
  facet normal -0 0 -1
    outer loop
      vertex 24.75 0.0499992 22.5
      vertex 21 0 22.5
      vertex 21 0.0499992 22.5
    endloop
  endfacet
  facet normal -1 0 0
    outer loop
      vertex 18.7 0 24
      vertex 18.7 -2.91004e-06 26
      vertex 18.7 0 26
    endloop
  endfacet
  facet normal -1 0 0
    outer loop
      vertex 18.7 -1.5257 24
      vertex 18.7 -2.91004e-06 26
      vertex 18.7 0 24
    endloop
  endfacet
  facet normal -1 0 -0
    outer loop
      vertex 18.7 -1.14805 27.2284
      vertex 18.7 -2.91004e-06 26
      vertex 18.7 -1.5257 24
    endloop
  endfacet
  facet normal -1 0 0
    outer loop
      vertex 18.7 -2.91004e-06 26
      vertex 18.7 -0.776457 27.1022
      vertex 18.7 -0.391578 27.0257
    endloop
  endfacet
  facet normal -1 0 0
    outer loop
      vertex 18.7 -2.91004e-06 26
      vertex 18.7 -1.14805 27.2284
      vertex 18.7 -0.776457 27.1022
    endloop
  endfacet
  facet normal -1 -0 0
    outer loop
      vertex 18.7 -1.14805 27.2284
      vertex 18.7 -1.5257 24
      vertex 18.7 -1.5 27.4019
    endloop
  endfacet
  facet normal -1 0 0
    outer loop
      vertex 18.7 -1.5257 24
      vertex 18.7 -1.64678 27.5
      vertex 18.7 -1.5 27.4019
    endloop
  endfacet
  facet normal -1 0 0
    outer loop
      vertex 18.7 -4.5 22.5
      vertex 18.7 -1.5257 24
      vertex 18.7 -2.4619 22.7728
    endloop
  endfacet
  facet normal -1 0 0
    outer loop
      vertex 18.7 -4.5 22.5
      vertex 18.7 -2.4619 22.7728
      vertex 18.7 -2.53166 22.5
    endloop
  endfacet
  facet normal -1 -0 0
    outer loop
      vertex 18.7 -1.5257 24
      vertex 18.7 -4.5 22.5
      vertex 18.7 -4.5 27.5
    endloop
  endfacet
  facet normal -1 0 0
    outer loop
      vertex 18.7 -1.5257 24
      vertex 18.7 -4.5 27.5
      vertex 18.7 -1.64678 27.5
    endloop
  endfacet
  facet normal -1 0 0
    outer loop
      vertex 18.7 -0.391578 27.0257
      vertex 18.7 0 26
      vertex 18.7 -2.91004e-06 26
    endloop
  endfacet
  facet normal -1 0 0
    outer loop
      vertex 18.7 0 26
      vertex 18.7 -0.391578 27.0257
      vertex 18.7 0 27
    endloop
  endfacet
  facet normal 0 1 -0
    outer loop
      vertex 22.0561 0.0499992 25.7391
      vertex 21 0.0499992 27.5
      vertex 24.75 0.0499992 27.5
    endloop
  endfacet
  facet normal 0 1 0
    outer loop
      vertex 21 0.0499992 27.5
      vertex 21.8544 0.0499992 25.7932
      vertex 21.75 0.0499992 25.8
    endloop
  endfacet
  facet normal 0 1 0
    outer loop
      vertex 21 0.0499992 27.5
      vertex 21.9571 0.0499992 25.7727
      vertex 21.8544 0.0499992 25.7932
    endloop
  endfacet
  facet normal 0 1 0
    outer loop
      vertex 21 0.0499992 27.5
      vertex 22.0561 0.0499992 25.7391
      vertex 21.9571 0.0499992 25.7727
    endloop
  endfacet
  facet normal 0 1 0
    outer loop
      vertex 24.75 0.0499992 27.5
      vertex 22.15 0.0499992 25.6928
      vertex 22.0561 0.0499992 25.7391
    endloop
  endfacet
  facet normal 0 1 0
    outer loop
      vertex 24.75 0.0499992 27.5
      vertex 22.237 0.0499992 25.6347
      vertex 22.15 0.0499992 25.6928
    endloop
  endfacet
  facet normal 0 1 0
    outer loop
      vertex 24.75 0.0499992 27.5
      vertex 22.3157 0.0499992 25.5657
      vertex 22.237 0.0499992 25.6347
    endloop
  endfacet
  facet normal 0 1 0
    outer loop
      vertex 24.75 0.0499992 27.5
      vertex 22.3847 0.0499992 25.487
      vertex 22.3157 0.0499992 25.5657
    endloop
  endfacet
  facet normal 0 1 0
    outer loop
      vertex 24.75 0.0499992 27.5
      vertex 22.4428 0.0499992 25.4
      vertex 22.3847 0.0499992 25.487
    endloop
  endfacet
  facet normal 0 1 0
    outer loop
      vertex 24.75 0.0499992 27.5
      vertex 22.4891 0.0499992 25.3061
      vertex 22.4428 0.0499992 25.4
    endloop
  endfacet
  facet normal 0 1 0
    outer loop
      vertex 24.75 0.0499992 27.5
      vertex 22.5227 0.0499992 25.2071
      vertex 22.4891 0.0499992 25.3061
    endloop
  endfacet
  facet normal 0 1 0
    outer loop
      vertex 24.75 0.0499992 27.5
      vertex 22.5432 0.0499992 25.1044
      vertex 22.5227 0.0499992 25.2071
    endloop
  endfacet
  facet normal 0 1 0
    outer loop
      vertex 24.75 0.0499992 27.5
      vertex 22.55 0.0499992 25
      vertex 22.5432 0.0499992 25.1044
    endloop
  endfacet
  facet normal 0 1 -0
    outer loop
      vertex 24.75 0.0499992 22.5
      vertex 22.55 0.0499992 25
      vertex 24.75 0.0499992 27.5
    endloop
  endfacet
  facet normal 0 1 0
    outer loop
      vertex 22.55 0.0499992 25
      vertex 24.75 0.0499992 22.5
      vertex 22.5432 0.0499992 24.8956
    endloop
  endfacet
  facet normal 0 1 0
    outer loop
      vertex 22.5432 0.0499992 24.8956
      vertex 24.75 0.0499992 22.5
      vertex 22.5227 0.0499992 24.7929
    endloop
  endfacet
  facet normal 0 1 0
    outer loop
      vertex 22.5227 0.0499992 24.7929
      vertex 24.75 0.0499992 22.5
      vertex 22.4891 0.0499992 24.6939
    endloop
  endfacet
  facet normal 0 1 0
    outer loop
      vertex 22.4891 0.0499992 24.6939
      vertex 24.75 0.0499992 22.5
      vertex 22.4428 0.0499992 24.6
    endloop
  endfacet
  facet normal 0 1 0
    outer loop
      vertex 21.9571 0.0499992 24.2273
      vertex 21 0.0499992 22.5
      vertex 21.8544 0.0499992 24.2068
    endloop
  endfacet
  facet normal 0 1 0
    outer loop
      vertex 22.0561 0.0499992 24.2609
      vertex 21 0.0499992 22.5
      vertex 21.9571 0.0499992 24.2273
    endloop
  endfacet
  facet normal 0 1 0
    outer loop
      vertex 21 0.0499992 22.5
      vertex 22.0561 0.0499992 24.2609
      vertex 24.75 0.0499992 22.5
    endloop
  endfacet
  facet normal 0 1 0
    outer loop
      vertex 22.15 0.0499992 24.3072
      vertex 24.75 0.0499992 22.5
      vertex 22.0561 0.0499992 24.2609
    endloop
  endfacet
  facet normal 0 1 0
    outer loop
      vertex 22.237 0.0499992 24.3653
      vertex 24.75 0.0499992 22.5
      vertex 22.15 0.0499992 24.3072
    endloop
  endfacet
  facet normal 0 1 0
    outer loop
      vertex 22.3157 0.0499992 24.4343
      vertex 24.75 0.0499992 22.5
      vertex 22.237 0.0499992 24.3653
    endloop
  endfacet
  facet normal 0 1 0
    outer loop
      vertex 22.3847 0.0499992 24.513
      vertex 24.75 0.0499992 22.5
      vertex 22.3157 0.0499992 24.4343
    endloop
  endfacet
  facet normal 0 1 0
    outer loop
      vertex 22.4428 0.0499992 24.6
      vertex 24.75 0.0499992 22.5
      vertex 22.3847 0.0499992 24.513
    endloop
  endfacet
  facet normal 0 1 -0
    outer loop
      vertex 21.6456 0.0499992 25.7932
      vertex 21 0.0499992 27.5
      vertex 21.75 0.0499992 25.8
    endloop
  endfacet
  facet normal 0 1 -0
    outer loop
      vertex 21.5429 0.0499992 25.7727
      vertex 21 0.0499992 27.5
      vertex 21.6456 0.0499992 25.7932
    endloop
  endfacet
  facet normal 0 1 -0
    outer loop
      vertex 21.4439 0.0499992 25.7391
      vertex 21 0.0499992 27.5
      vertex 21.5429 0.0499992 25.7727
    endloop
  endfacet
  facet normal 0 1 -0
    outer loop
      vertex 21.35 0.0499992 25.6928
      vertex 21 0.0499992 27.5
      vertex 21.4439 0.0499992 25.7391
    endloop
  endfacet
  facet normal 0 1 -0
    outer loop
      vertex 21.263 0.0499992 25.6347
      vertex 21 0.0499992 27.5
      vertex 21.35 0.0499992 25.6928
    endloop
  endfacet
  facet normal 0 1 -0
    outer loop
      vertex 21.1843 0.0499992 25.5657
      vertex 21 0.0499992 27.5
      vertex 21.263 0.0499992 25.6347
    endloop
  endfacet
  facet normal 0 1 -0
    outer loop
      vertex 21.1153 0.0499992 25.487
      vertex 21 0.0499992 27.5
      vertex 21.1843 0.0499992 25.5657
    endloop
  endfacet
  facet normal 0 1 -0
    outer loop
      vertex 21.0572 0.0499992 25.4
      vertex 21 0.0499992 27.5
      vertex 21.1153 0.0499992 25.487
    endloop
  endfacet
  facet normal 0 1 -0
    outer loop
      vertex 21.0109 0.0499992 25.3061
      vertex 21 0.0499992 27.5
      vertex 21.0572 0.0499992 25.4
    endloop
  endfacet
  facet normal 0 1 0
    outer loop
      vertex 21 0.0499992 27.5
      vertex 21.0109 0.0499992 25.3061
      vertex 21 0.0499992 25.274
    endloop
  endfacet
  facet normal 0 1 0
    outer loop
      vertex 21.8544 0.0499992 24.2068
      vertex 21 0.0499992 22.5
      vertex 21.75 0.0499992 24.2
    endloop
  endfacet
  facet normal 0 1 0
    outer loop
      vertex 21.75 0.0499992 24.2
      vertex 21 0.0499992 22.5
      vertex 21.6456 0.0499992 24.2068
    endloop
  endfacet
  facet normal 0 1 0
    outer loop
      vertex 21.6456 0.0499992 24.2068
      vertex 21 0.0499992 22.5
      vertex 21.5429 0.0499992 24.2273
    endloop
  endfacet
  facet normal 0 1 0
    outer loop
      vertex 21.5429 0.0499992 24.2273
      vertex 21 0.0499992 22.5
      vertex 21.4439 0.0499992 24.2609
    endloop
  endfacet
  facet normal 0 1 0
    outer loop
      vertex 21.0109 0.0499992 24.6939
      vertex 21 0.0499992 22.5
      vertex 21 0.0499992 24.726
    endloop
  endfacet
  facet normal 0 1 0
    outer loop
      vertex 21.0572 0.0499992 24.6
      vertex 21 0.0499992 22.5
      vertex 21.0109 0.0499992 24.6939
    endloop
  endfacet
  facet normal 0 1 0
    outer loop
      vertex 21.1153 0.0499992 24.513
      vertex 21 0.0499992 22.5
      vertex 21.0572 0.0499992 24.6
    endloop
  endfacet
  facet normal 0 1 0
    outer loop
      vertex 21.1843 0.0499992 24.4343
      vertex 21 0.0499992 22.5
      vertex 21.1153 0.0499992 24.513
    endloop
  endfacet
  facet normal 0 1 0
    outer loop
      vertex 21.263 0.0499992 24.3653
      vertex 21 0.0499992 22.5
      vertex 21.1843 0.0499992 24.4343
    endloop
  endfacet
  facet normal 0 1 0
    outer loop
      vertex 21.35 0.0499992 24.3072
      vertex 21 0.0499992 22.5
      vertex 21.263 0.0499992 24.3653
    endloop
  endfacet
  facet normal 0 1 0
    outer loop
      vertex 21.4439 0.0499992 24.2609
      vertex 21 0.0499992 22.5
      vertex 21.35 0.0499992 24.3072
    endloop
  endfacet
  facet normal 0 -1 0
    outer loop
      vertex 18.7 -4.5 27.5
      vertex 21.75 -4.5 25.8
      vertex 24.75 -4.5 27.5
    endloop
  endfacet
  facet normal 0 -1 0
    outer loop
      vertex 18.7 -4.5 27.5
      vertex 21.6456 -4.5 25.7932
      vertex 21.75 -4.5 25.8
    endloop
  endfacet
  facet normal 0 -1 0
    outer loop
      vertex 18.7 -4.5 27.5
      vertex 21.5429 -4.5 25.7727
      vertex 21.6456 -4.5 25.7932
    endloop
  endfacet
  facet normal 0 -1 0
    outer loop
      vertex 18.7 -4.5 27.5
      vertex 21.4439 -4.5 25.7391
      vertex 21.5429 -4.5 25.7727
    endloop
  endfacet
  facet normal 0 -1 0
    outer loop
      vertex 18.7 -4.5 27.5
      vertex 21.35 -4.5 25.6928
      vertex 21.4439 -4.5 25.7391
    endloop
  endfacet
  facet normal 0 -1 0
    outer loop
      vertex 18.7 -4.5 27.5
      vertex 21.263 -4.5 25.6347
      vertex 21.35 -4.5 25.6928
    endloop
  endfacet
  facet normal 0 -1 0
    outer loop
      vertex 18.7 -4.5 27.5
      vertex 21.1843 -4.5 25.5657
      vertex 21.263 -4.5 25.6347
    endloop
  endfacet
  facet normal 0 -1 0
    outer loop
      vertex 18.7 -4.5 27.5
      vertex 21.1153 -4.5 25.487
      vertex 21.1843 -4.5 25.5657
    endloop
  endfacet
  facet normal 0 -1 0
    outer loop
      vertex 18.7 -4.5 27.5
      vertex 21.0572 -4.5 25.4
      vertex 21.1153 -4.5 25.487
    endloop
  endfacet
  facet normal 0 -1 0
    outer loop
      vertex 18.7 -4.5 27.5
      vertex 21.0109 -4.5 25.3061
      vertex 21.0572 -4.5 25.4
    endloop
  endfacet
  facet normal 0 -1 0
    outer loop
      vertex 18.7 -4.5 27.5
      vertex 20.9773 -4.5 25.2071
      vertex 21.0109 -4.5 25.3061
    endloop
  endfacet
  facet normal 0 -1 0
    outer loop
      vertex 18.7 -4.5 27.5
      vertex 20.9568 -4.5 25.1044
      vertex 20.9773 -4.5 25.2071
    endloop
  endfacet
  facet normal 0 -1 0
    outer loop
      vertex 18.7 -4.5 27.5
      vertex 20.95 -4.5 25
      vertex 20.9568 -4.5 25.1044
    endloop
  endfacet
  facet normal 0 -1 0
    outer loop
      vertex 18.7 -4.5 22.5
      vertex 20.95 -4.5 25
      vertex 18.7 -4.5 27.5
    endloop
  endfacet
  facet normal 0 -1 -0
    outer loop
      vertex 20.95 -4.5 25
      vertex 18.7 -4.5 22.5
      vertex 20.9568 -4.5 24.8956
    endloop
  endfacet
  facet normal 0 -1 -0
    outer loop
      vertex 20.9568 -4.5 24.8956
      vertex 18.7 -4.5 22.5
      vertex 20.9773 -4.5 24.7929
    endloop
  endfacet
  facet normal 0 -1 -0
    outer loop
      vertex 20.9773 -4.5 24.7929
      vertex 18.7 -4.5 22.5
      vertex 21.0109 -4.5 24.6939
    endloop
  endfacet
  facet normal 0 -1 -0
    outer loop
      vertex 21.0109 -4.5 24.6939
      vertex 18.7 -4.5 22.5
      vertex 21.0572 -4.5 24.6
    endloop
  endfacet
  facet normal 0 -1 -0
    outer loop
      vertex 21.6456 -4.5 24.2068
      vertex 18.7 -4.5 22.5
      vertex 21.75 -4.5 24.2
    endloop
  endfacet
  facet normal 0 -1 -0
    outer loop
      vertex 21.5429 -4.5 24.2273
      vertex 18.7 -4.5 22.5
      vertex 21.6456 -4.5 24.2068
    endloop
  endfacet
  facet normal 0 -1 -0
    outer loop
      vertex 21.4439 -4.5 24.2609
      vertex 18.7 -4.5 22.5
      vertex 21.5429 -4.5 24.2273
    endloop
  endfacet
  facet normal 0 -1 -0
    outer loop
      vertex 21.35 -4.5 24.3072
      vertex 18.7 -4.5 22.5
      vertex 21.4439 -4.5 24.2609
    endloop
  endfacet
  facet normal 0 -1 -0
    outer loop
      vertex 21.263 -4.5 24.3653
      vertex 18.7 -4.5 22.5
      vertex 21.35 -4.5 24.3072
    endloop
  endfacet
  facet normal 0 -1 -0
    outer loop
      vertex 21.1843 -4.5 24.4343
      vertex 18.7 -4.5 22.5
      vertex 21.263 -4.5 24.3653
    endloop
  endfacet
  facet normal 0 -1 -0
    outer loop
      vertex 21.1153 -4.5 24.513
      vertex 18.7 -4.5 22.5
      vertex 21.1843 -4.5 24.4343
    endloop
  endfacet
  facet normal 0 -1 -0
    outer loop
      vertex 21.0572 -4.5 24.6
      vertex 18.7 -4.5 22.5
      vertex 21.1153 -4.5 24.513
    endloop
  endfacet
  facet normal 0 -1 0
    outer loop
      vertex 21.8544 -4.5 25.7932
      vertex 24.75 -4.5 27.5
      vertex 21.75 -4.5 25.8
    endloop
  endfacet
  facet normal 0 -1 0
    outer loop
      vertex 21.9571 -4.5 25.7727
      vertex 24.75 -4.5 27.5
      vertex 21.8544 -4.5 25.7932
    endloop
  endfacet
  facet normal 0 -1 0
    outer loop
      vertex 22.0561 -4.5 25.7391
      vertex 24.75 -4.5 27.5
      vertex 21.9571 -4.5 25.7727
    endloop
  endfacet
  facet normal 0 -1 0
    outer loop
      vertex 22.15 -4.5 25.6928
      vertex 24.75 -4.5 27.5
      vertex 22.0561 -4.5 25.7391
    endloop
  endfacet
  facet normal 0 -1 0
    outer loop
      vertex 22.237 -4.5 25.6347
      vertex 24.75 -4.5 27.5
      vertex 22.15 -4.5 25.6928
    endloop
  endfacet
  facet normal 0 -1 0
    outer loop
      vertex 22.3157 -4.5 25.5657
      vertex 24.75 -4.5 27.5
      vertex 22.237 -4.5 25.6347
    endloop
  endfacet
  facet normal 0 -1 0
    outer loop
      vertex 22.3847 -4.5 25.487
      vertex 24.75 -4.5 27.5
      vertex 22.3157 -4.5 25.5657
    endloop
  endfacet
  facet normal 0 -1 0
    outer loop
      vertex 22.4428 -4.5 25.4
      vertex 24.75 -4.5 27.5
      vertex 22.3847 -4.5 25.487
    endloop
  endfacet
  facet normal 0 -1 0
    outer loop
      vertex 22.4891 -4.5 25.3061
      vertex 24.75 -4.5 27.5
      vertex 22.4428 -4.5 25.4
    endloop
  endfacet
  facet normal 0 -1 0
    outer loop
      vertex 22.5227 -4.5 25.2071
      vertex 24.75 -4.5 27.5
      vertex 22.4891 -4.5 25.3061
    endloop
  endfacet
  facet normal 0 -1 0
    outer loop
      vertex 22.5432 -4.5 25.1044
      vertex 24.75 -4.5 27.5
      vertex 22.5227 -4.5 25.2071
    endloop
  endfacet
  facet normal 0 -1 0
    outer loop
      vertex 22.55 -4.5 25
      vertex 24.75 -4.5 27.5
      vertex 22.5432 -4.5 25.1044
    endloop
  endfacet
  facet normal 0 -1 0
    outer loop
      vertex 24.75 -4.5 22.5
      vertex 22.55 -4.5 25
      vertex 22.5432 -4.5 24.8956
    endloop
  endfacet
  facet normal 0 -1 0
    outer loop
      vertex 24.75 -4.5 22.5
      vertex 22.5432 -4.5 24.8956
      vertex 22.5227 -4.5 24.7929
    endloop
  endfacet
  facet normal 0 -1 0
    outer loop
      vertex 24.75 -4.5 22.5
      vertex 22.5227 -4.5 24.7929
      vertex 22.4891 -4.5 24.6939
    endloop
  endfacet
  facet normal 0 -1 0
    outer loop
      vertex 24.75 -4.5 22.5
      vertex 22.4891 -4.5 24.6939
      vertex 22.4428 -4.5 24.6
    endloop
  endfacet
  facet normal 0 -1 0
    outer loop
      vertex 24.75 -4.5 22.5
      vertex 22.4428 -4.5 24.6
      vertex 22.3847 -4.5 24.513
    endloop
  endfacet
  facet normal 0 -1 0
    outer loop
      vertex 24.75 -4.5 22.5
      vertex 21.75 -4.5 24.2
      vertex 18.7 -4.5 22.5
    endloop
  endfacet
  facet normal 0 -1 0
    outer loop
      vertex 21.75 -4.5 24.2
      vertex 24.75 -4.5 22.5
      vertex 21.8544 -4.5 24.2068
    endloop
  endfacet
  facet normal 0 -1 0
    outer loop
      vertex 21.8544 -4.5 24.2068
      vertex 24.75 -4.5 22.5
      vertex 21.9571 -4.5 24.2273
    endloop
  endfacet
  facet normal 0 -1 0
    outer loop
      vertex 21.9571 -4.5 24.2273
      vertex 24.75 -4.5 22.5
      vertex 22.0561 -4.5 24.2609
    endloop
  endfacet
  facet normal 0 -1 0
    outer loop
      vertex 22.55 -4.5 25
      vertex 24.75 -4.5 22.5
      vertex 24.75 -4.5 27.5
    endloop
  endfacet
  facet normal 0 -1 0
    outer loop
      vertex 22.3157 -4.5 24.4343
      vertex 24.75 -4.5 22.5
      vertex 22.3847 -4.5 24.513
    endloop
  endfacet
  facet normal 0 -1 0
    outer loop
      vertex 22.237 -4.5 24.3653
      vertex 24.75 -4.5 22.5
      vertex 22.3157 -4.5 24.4343
    endloop
  endfacet
  facet normal 0 -1 0
    outer loop
      vertex 22.15 -4.5 24.3072
      vertex 24.75 -4.5 22.5
      vertex 22.237 -4.5 24.3653
    endloop
  endfacet
  facet normal 0 -1 0
    outer loop
      vertex 22.0561 -4.5 24.2609
      vertex 24.75 -4.5 22.5
      vertex 22.15 -4.5 24.3072
    endloop
  endfacet
  facet normal 1 -0 0
    outer loop
      vertex 23.5 -4.5 52.5
      vertex 23.5 0.0499992 47.5
      vertex 23.5 0.0499992 52.5
    endloop
  endfacet
  facet normal 1 0 0
    outer loop
      vertex 23.5 0.0499992 47.5
      vertex 23.5 -4.5 52.5
      vertex 23.5 -4.5 47.5
    endloop
  endfacet
  facet normal 0 0 1
    outer loop
      vertex 21 0 52.5
      vertex 23.5 0.0499992 52.5
      vertex 21 0.0499992 52.5
    endloop
  endfacet
  facet normal 0 0 1
    outer loop
      vertex 23.5 0.0499992 52.5
      vertex 21 0 52.5
      vertex 23.5 -4.5 52.5
    endloop
  endfacet
  facet normal 0 0 1
    outer loop
      vertex 17.45 -4.5 52.5
      vertex 21 0 52.5
      vertex 17.45 0 52.5
    endloop
  endfacet
  facet normal 0 0 1
    outer loop
      vertex 21 0 52.5
      vertex 17.45 -4.5 52.5
      vertex 23.5 -4.5 52.5
    endloop
  endfacet
  facet normal 0 0 -1
    outer loop
      vertex 23.5 -4.5 47.5
      vertex 21 0 47.5
      vertex 23.5 0.0499992 47.5
    endloop
  endfacet
  facet normal 0 0 -1
    outer loop
      vertex 17.45 -2.42226 47.5
      vertex 21 0 47.5
      vertex 23.5 -4.5 47.5
    endloop
  endfacet
  facet normal -0 0 -1
    outer loop
      vertex 21 0 47.5
      vertex 17.564 -0.929999 47.5
      vertex 17.625 0 47.5
    endloop
  endfacet
  facet normal 0 0 -1
    outer loop
      vertex 21 0 47.5
      vertex 17.4742 -2.30052 47.5
      vertex 17.564 -0.929999 47.5
    endloop
  endfacet
  facet normal 0 0 -1
    outer loop
      vertex 17.45 -2.42226 47.5
      vertex 23.5 -4.5 47.5
      vertex 17.45 -4.5 47.5
    endloop
  endfacet
  facet normal 0 0 -1
    outer loop
      vertex 21 0 47.5
      vertex 17.45 -2.42226 47.5
      vertex 17.4742 -2.30052 47.5
    endloop
  endfacet
  facet normal -0 0 -1
    outer loop
      vertex 23.5 0.0499992 47.5
      vertex 21 0 47.5
      vertex 21 0.0499992 47.5
    endloop
  endfacet
  facet normal -1 0 0
    outer loop
      vertex 17.45 0 49
      vertex 17.45 -2.91004e-06 51
      vertex 17.45 0 51
    endloop
  endfacet
  facet normal -1 0 -0
    outer loop
      vertex 17.45 -2.91004e-06 51
      vertex 17.45 0 49
      vertex 17.45 -1.5257 49
    endloop
  endfacet
  facet normal -1 0 0
    outer loop
      vertex 17.45 -2.91004e-06 51
      vertex 17.45 0 52.5
      vertex 17.45 0 51
    endloop
  endfacet
  facet normal -1 0 0
    outer loop
      vertex 17.45 -4.5 52.5
      vertex 17.45 -2.91004e-06 51
      vertex 17.45 -1.5257 49
    endloop
  endfacet
  facet normal -1 0 0
    outer loop
      vertex 17.45 -4.5 52.5
      vertex 17.45 -1.5257 49
      vertex 17.45 -2.29734 47.9885
    endloop
  endfacet
  facet normal -1 0 0
    outer loop
      vertex 17.45 -4.5 47.5
      vertex 17.45 -2.29734 47.9885
      vertex 17.45 -2.42226 47.5
    endloop
  endfacet
  facet normal -1 0 0
    outer loop
      vertex 17.45 -4.5 52.5
      vertex 17.45 -2.29734 47.9885
      vertex 17.45 -4.5 47.5
    endloop
  endfacet
  facet normal -1 0 0
    outer loop
      vertex 17.45 -2.91004e-06 51
      vertex 17.45 -4.5 52.5
      vertex 17.45 0 52.5
    endloop
  endfacet
  facet normal 0 1 -0
    outer loop
      vertex 21.0657 0.0499992 50.5657
      vertex 21 0.0499992 52.5
      vertex 23.5 0.0499992 52.5
    endloop
  endfacet
  facet normal 0 1 0
    outer loop
      vertex 21 0.0499992 52.5
      vertex 21.0657 0.0499992 50.5657
      vertex 21 0.0499992 50.6233
    endloop
  endfacet
  facet normal 0 1 0
    outer loop
      vertex 23.5 0.0499992 52.5
      vertex 21.1347 0.0499992 50.487
      vertex 21.0657 0.0499992 50.5657
    endloop
  endfacet
  facet normal 0 1 0
    outer loop
      vertex 23.5 0.0499992 52.5
      vertex 21.1928 0.0499992 50.4
      vertex 21.1347 0.0499992 50.487
    endloop
  endfacet
  facet normal 0 1 0
    outer loop
      vertex 23.5 0.0499992 52.5
      vertex 21.2391 0.0499992 50.3061
      vertex 21.1928 0.0499992 50.4
    endloop
  endfacet
  facet normal 0 1 0
    outer loop
      vertex 23.5 0.0499992 52.5
      vertex 21.2727 0.0499992 50.2071
      vertex 21.2391 0.0499992 50.3061
    endloop
  endfacet
  facet normal 0 1 0
    outer loop
      vertex 23.5 0.0499992 52.5
      vertex 21.2932 0.0499992 50.1044
      vertex 21.2727 0.0499992 50.2071
    endloop
  endfacet
  facet normal 0 1 0
    outer loop
      vertex 23.5 0.0499992 52.5
      vertex 21.3 0.0499992 50
      vertex 21.2932 0.0499992 50.1044
    endloop
  endfacet
  facet normal 0 1 -0
    outer loop
      vertex 23.5 0.0499992 47.5
      vertex 21.3 0.0499992 50
      vertex 23.5 0.0499992 52.5
    endloop
  endfacet
  facet normal 0 1 0
    outer loop
      vertex 21.3 0.0499992 50
      vertex 23.5 0.0499992 47.5
      vertex 21.2932 0.0499992 49.8956
    endloop
  endfacet
  facet normal 0 1 0
    outer loop
      vertex 21.2932 0.0499992 49.8956
      vertex 23.5 0.0499992 47.5
      vertex 21.2727 0.0499992 49.7929
    endloop
  endfacet
  facet normal 0 1 0
    outer loop
      vertex 21.2727 0.0499992 49.7929
      vertex 23.5 0.0499992 47.5
      vertex 21.2391 0.0499992 49.6939
    endloop
  endfacet
  facet normal 0 1 0
    outer loop
      vertex 21.2391 0.0499992 49.6939
      vertex 23.5 0.0499992 47.5
      vertex 21.1928 0.0499992 49.6
    endloop
  endfacet
  facet normal 0 1 0
    outer loop
      vertex 21.1928 0.0499992 49.6
      vertex 23.5 0.0499992 47.5
      vertex 21.1347 0.0499992 49.513
    endloop
  endfacet
  facet normal 0 1 0
    outer loop
      vertex 23.5 0.0499992 47.5
      vertex 21.0657 0.0499992 49.4343
      vertex 21.1347 0.0499992 49.513
    endloop
  endfacet
  facet normal 0 1 0
    outer loop
      vertex 21 0.0499992 47.5
      vertex 21.0657 0.0499992 49.4343
      vertex 23.5 0.0499992 47.5
    endloop
  endfacet
  facet normal 0 1 0
    outer loop
      vertex 21.0657 0.0499992 49.4343
      vertex 21 0.0499992 47.5
      vertex 21 0.0499992 49.3767
    endloop
  endfacet
  facet normal 0 -1 0
    outer loop
      vertex 17.45 -4.5 52.5
      vertex 20.5 -4.5 50.8
      vertex 23.5 -4.5 52.5
    endloop
  endfacet
  facet normal 0 -1 0
    outer loop
      vertex 17.45 -4.5 52.5
      vertex 20.3956 -4.5 50.7932
      vertex 20.5 -4.5 50.8
    endloop
  endfacet
  facet normal 0 -1 0
    outer loop
      vertex 17.45 -4.5 52.5
      vertex 20.2929 -4.5 50.7727
      vertex 20.3956 -4.5 50.7932
    endloop
  endfacet
  facet normal 0 -1 0
    outer loop
      vertex 17.45 -4.5 52.5
      vertex 20.1939 -4.5 50.7391
      vertex 20.2929 -4.5 50.7727
    endloop
  endfacet
  facet normal 0 -1 0
    outer loop
      vertex 17.45 -4.5 52.5
      vertex 20.1 -4.5 50.6928
      vertex 20.1939 -4.5 50.7391
    endloop
  endfacet
  facet normal 0 -1 0
    outer loop
      vertex 17.45 -4.5 52.5
      vertex 20.013 -4.5 50.6347
      vertex 20.1 -4.5 50.6928
    endloop
  endfacet
  facet normal 0 -1 0
    outer loop
      vertex 17.45 -4.5 52.5
      vertex 19.9343 -4.5 50.5657
      vertex 20.013 -4.5 50.6347
    endloop
  endfacet
  facet normal 0 -1 0
    outer loop
      vertex 17.45 -4.5 52.5
      vertex 19.8653 -4.5 50.487
      vertex 19.9343 -4.5 50.5657
    endloop
  endfacet
  facet normal 0 -1 0
    outer loop
      vertex 17.45 -4.5 52.5
      vertex 19.8072 -4.5 50.4
      vertex 19.8653 -4.5 50.487
    endloop
  endfacet
  facet normal 0 -1 0
    outer loop
      vertex 17.45 -4.5 52.5
      vertex 19.7609 -4.5 50.3061
      vertex 19.8072 -4.5 50.4
    endloop
  endfacet
  facet normal 0 -1 0
    outer loop
      vertex 17.45 -4.5 52.5
      vertex 19.7273 -4.5 50.2071
      vertex 19.7609 -4.5 50.3061
    endloop
  endfacet
  facet normal 0 -1 0
    outer loop
      vertex 17.45 -4.5 52.5
      vertex 19.7068 -4.5 50.1044
      vertex 19.7273 -4.5 50.2071
    endloop
  endfacet
  facet normal 0 -1 0
    outer loop
      vertex 17.45 -4.5 52.5
      vertex 19.7 -4.5 50
      vertex 19.7068 -4.5 50.1044
    endloop
  endfacet
  facet normal 0 -1 0
    outer loop
      vertex 17.45 -4.5 47.5
      vertex 19.7 -4.5 50
      vertex 17.45 -4.5 52.5
    endloop
  endfacet
  facet normal 0 -1 -0
    outer loop
      vertex 19.7 -4.5 50
      vertex 17.45 -4.5 47.5
      vertex 19.7068 -4.5 49.8956
    endloop
  endfacet
  facet normal 0 -1 -0
    outer loop
      vertex 19.7068 -4.5 49.8956
      vertex 17.45 -4.5 47.5
      vertex 19.7273 -4.5 49.7929
    endloop
  endfacet
  facet normal 0 -1 -0
    outer loop
      vertex 19.7273 -4.5 49.7929
      vertex 17.45 -4.5 47.5
      vertex 19.7609 -4.5 49.6939
    endloop
  endfacet
  facet normal 0 -1 -0
    outer loop
      vertex 19.7609 -4.5 49.6939
      vertex 17.45 -4.5 47.5
      vertex 19.8072 -4.5 49.6
    endloop
  endfacet
  facet normal 0 -1 -0
    outer loop
      vertex 20.3956 -4.5 49.2068
      vertex 17.45 -4.5 47.5
      vertex 20.5 -4.5 49.2
    endloop
  endfacet
  facet normal 0 -1 -0
    outer loop
      vertex 20.2929 -4.5 49.2273
      vertex 17.45 -4.5 47.5
      vertex 20.3956 -4.5 49.2068
    endloop
  endfacet
  facet normal 0 -1 -0
    outer loop
      vertex 20.1939 -4.5 49.2609
      vertex 17.45 -4.5 47.5
      vertex 20.2929 -4.5 49.2273
    endloop
  endfacet
  facet normal 0 -1 -0
    outer loop
      vertex 20.1 -4.5 49.3072
      vertex 17.45 -4.5 47.5
      vertex 20.1939 -4.5 49.2609
    endloop
  endfacet
  facet normal 0 -1 -0
    outer loop
      vertex 20.013 -4.5 49.3653
      vertex 17.45 -4.5 47.5
      vertex 20.1 -4.5 49.3072
    endloop
  endfacet
  facet normal 0 -1 -0
    outer loop
      vertex 19.9343 -4.5 49.4343
      vertex 17.45 -4.5 47.5
      vertex 20.013 -4.5 49.3653
    endloop
  endfacet
  facet normal 0 -1 -0
    outer loop
      vertex 19.8653 -4.5 49.513
      vertex 17.45 -4.5 47.5
      vertex 19.9343 -4.5 49.4343
    endloop
  endfacet
  facet normal 0 -1 -0
    outer loop
      vertex 19.8072 -4.5 49.6
      vertex 17.45 -4.5 47.5
      vertex 19.8653 -4.5 49.513
    endloop
  endfacet
  facet normal 0 -1 0
    outer loop
      vertex 20.6044 -4.5 50.7932
      vertex 23.5 -4.5 52.5
      vertex 20.5 -4.5 50.8
    endloop
  endfacet
  facet normal 0 -1 0
    outer loop
      vertex 20.7071 -4.5 50.7727
      vertex 23.5 -4.5 52.5
      vertex 20.6044 -4.5 50.7932
    endloop
  endfacet
  facet normal 0 -1 0
    outer loop
      vertex 20.8061 -4.5 50.7391
      vertex 23.5 -4.5 52.5
      vertex 20.7071 -4.5 50.7727
    endloop
  endfacet
  facet normal 0 -1 0
    outer loop
      vertex 20.9 -4.5 50.6928
      vertex 23.5 -4.5 52.5
      vertex 20.8061 -4.5 50.7391
    endloop
  endfacet
  facet normal 0 -1 0
    outer loop
      vertex 20.987 -4.5 50.6347
      vertex 23.5 -4.5 52.5
      vertex 20.9 -4.5 50.6928
    endloop
  endfacet
  facet normal 0 -1 0
    outer loop
      vertex 21.0657 -4.5 50.5657
      vertex 23.5 -4.5 52.5
      vertex 20.987 -4.5 50.6347
    endloop
  endfacet
  facet normal 0 -1 0
    outer loop
      vertex 21.1347 -4.5 50.487
      vertex 23.5 -4.5 52.5
      vertex 21.0657 -4.5 50.5657
    endloop
  endfacet
  facet normal 0 -1 0
    outer loop
      vertex 21.1928 -4.5 50.4
      vertex 23.5 -4.5 52.5
      vertex 21.1347 -4.5 50.487
    endloop
  endfacet
  facet normal 0 -1 0
    outer loop
      vertex 21.2391 -4.5 50.3061
      vertex 23.5 -4.5 52.5
      vertex 21.1928 -4.5 50.4
    endloop
  endfacet
  facet normal 0 -1 0
    outer loop
      vertex 21.2727 -4.5 50.2071
      vertex 23.5 -4.5 52.5
      vertex 21.2391 -4.5 50.3061
    endloop
  endfacet
  facet normal 0 -1 0
    outer loop
      vertex 21.2932 -4.5 50.1044
      vertex 23.5 -4.5 52.5
      vertex 21.2727 -4.5 50.2071
    endloop
  endfacet
  facet normal 0 -1 0
    outer loop
      vertex 21.3 -4.5 50
      vertex 23.5 -4.5 52.5
      vertex 21.2932 -4.5 50.1044
    endloop
  endfacet
  facet normal 0 -1 0
    outer loop
      vertex 23.5 -4.5 47.5
      vertex 21.3 -4.5 50
      vertex 21.2932 -4.5 49.8956
    endloop
  endfacet
  facet normal 0 -1 0
    outer loop
      vertex 23.5 -4.5 47.5
      vertex 21.2932 -4.5 49.8956
      vertex 21.2727 -4.5 49.7929
    endloop
  endfacet
  facet normal 0 -1 0
    outer loop
      vertex 23.5 -4.5 47.5
      vertex 21.2727 -4.5 49.7929
      vertex 21.2391 -4.5 49.6939
    endloop
  endfacet
  facet normal 0 -1 0
    outer loop
      vertex 23.5 -4.5 47.5
      vertex 21.2391 -4.5 49.6939
      vertex 21.1928 -4.5 49.6
    endloop
  endfacet
  facet normal 0 -1 0
    outer loop
      vertex 23.5 -4.5 47.5
      vertex 21.1928 -4.5 49.6
      vertex 21.1347 -4.5 49.513
    endloop
  endfacet
  facet normal 0 -1 0
    outer loop
      vertex 23.5 -4.5 47.5
      vertex 20.5 -4.5 49.2
      vertex 17.45 -4.5 47.5
    endloop
  endfacet
  facet normal 0 -1 0
    outer loop
      vertex 20.5 -4.5 49.2
      vertex 23.5 -4.5 47.5
      vertex 20.6044 -4.5 49.2068
    endloop
  endfacet
  facet normal 0 -1 0
    outer loop
      vertex 20.6044 -4.5 49.2068
      vertex 23.5 -4.5 47.5
      vertex 20.7071 -4.5 49.2273
    endloop
  endfacet
  facet normal 0 -1 0
    outer loop
      vertex 20.7071 -4.5 49.2273
      vertex 23.5 -4.5 47.5
      vertex 20.8061 -4.5 49.2609
    endloop
  endfacet
  facet normal 0 -1 0
    outer loop
      vertex 21.3 -4.5 50
      vertex 23.5 -4.5 47.5
      vertex 23.5 -4.5 52.5
    endloop
  endfacet
  facet normal 0 -1 0
    outer loop
      vertex 21.0657 -4.5 49.4343
      vertex 23.5 -4.5 47.5
      vertex 21.1347 -4.5 49.513
    endloop
  endfacet
  facet normal 0 -1 0
    outer loop
      vertex 20.987 -4.5 49.3653
      vertex 23.5 -4.5 47.5
      vertex 21.0657 -4.5 49.4343
    endloop
  endfacet
  facet normal 0 -1 0
    outer loop
      vertex 20.9 -4.5 49.3072
      vertex 23.5 -4.5 47.5
      vertex 20.987 -4.5 49.3653
    endloop
  endfacet
  facet normal 0 -1 0
    outer loop
      vertex 20.8061 -4.5 49.2609
      vertex 23.5 -4.5 47.5
      vertex 20.9 -4.5 49.3072
    endloop
  endfacet
  facet normal 1 -0 0
    outer loop
      vertex 22.25 -4.5 77.5
      vertex 22.25 0.0499992 72.5
      vertex 22.25 0.0499992 77.5
    endloop
  endfacet
  facet normal 1 0 0
    outer loop
      vertex 22.25 0.0499992 72.5
      vertex 22.25 -4.5 77.5
      vertex 22.25 -4.5 72.5
    endloop
  endfacet
  facet normal 0 0 1
    outer loop
      vertex 21 0 77.5
      vertex 22.25 0.0499992 77.5
      vertex 21 0.0499992 77.5
    endloop
  endfacet
  facet normal 0 0 1
    outer loop
      vertex 22.25 0.0499992 77.5
      vertex 21 0 77.5
      vertex 22.25 -4.5 77.5
    endloop
  endfacet
  facet normal 0 0 1
    outer loop
      vertex 16.2 -4.5 77.5
      vertex 21 0 77.5
      vertex 16.2 0 77.5
    endloop
  endfacet
  facet normal 0 0 1
    outer loop
      vertex 21 0 77.5
      vertex 16.2 -4.5 77.5
      vertex 22.25 -4.5 77.5
    endloop
  endfacet
  facet normal 0 0 -1
    outer loop
      vertex 22.25 -4.5 72.5
      vertex 21 0 72.5
      vertex 22.25 0.0499992 72.5
    endloop
  endfacet
  facet normal 0 0 -1
    outer loop
      vertex 16.2349 -2.13737 72.5
      vertex 21 0 72.5
      vertex 22.25 -4.5 72.5
    endloop
  endfacet
  facet normal -0 0 -1
    outer loop
      vertex 21 0 72.5
      vertex 16.282 -1.41947 72.5
      vertex 16.375 0 72.5
    endloop
  endfacet
  facet normal 0 0 -1
    outer loop
      vertex 21 0 72.5
      vertex 16.2349 -2.13737 72.5
      vertex 16.282 -1.41947 72.5
    endloop
  endfacet
  facet normal 0 0 -1
    outer loop
      vertex 16.2 -2.31287 72.5
      vertex 22.25 -4.5 72.5
      vertex 16.2 -4.5 72.5
    endloop
  endfacet
  facet normal 0 0 -1
    outer loop
      vertex 22.25 -4.5 72.5
      vertex 16.2 -2.31287 72.5
      vertex 16.2349 -2.13737 72.5
    endloop
  endfacet
  facet normal -0 0 -1
    outer loop
      vertex 22.25 0.0499992 72.5
      vertex 21 0 72.5
      vertex 21 0.0499992 72.5
    endloop
  endfacet
  facet normal -1 0 0
    outer loop
      vertex 16.2 -1.5257 74
      vertex 16.2 0 76
      vertex 16.2 0 74
    endloop
  endfacet
  facet normal -1 0 0
    outer loop
      vertex 16.2 -4.5 77.5
      vertex 16.2 0 76
      vertex 16.2 -1.5257 74
    endloop
  endfacet
  facet normal -1 0 0
    outer loop
      vertex 16.2 -4.5 77.5
      vertex 16.2 -1.5257 74
      vertex 16.2 -2.13277 73.2042
    endloop
  endfacet
  facet normal -1 0 0
    outer loop
      vertex 16.2 -4.5 72.5
      vertex 16.2 -2.13277 73.2042
      vertex 16.2 -2.31287 72.5
    endloop
  endfacet
  facet normal -1 0 0
    outer loop
      vertex 16.2 -4.5 77.5
      vertex 16.2 -2.13277 73.2042
      vertex 16.2 -4.5 72.5
    endloop
  endfacet
  facet normal -1 0 0
    outer loop
      vertex 16.2 0 76
      vertex 16.2 -4.5 77.5
      vertex 16.2 0 77.5
    endloop
  endfacet
  facet normal 0 1 -0
    outer loop
      vertex 22.25 0.0499992 72.5
      vertex 21 0.0499992 77.5
      vertex 22.25 0.0499992 77.5
    endloop
  endfacet
  facet normal 0 1 0
    outer loop
      vertex 21 0.0499992 77.5
      vertex 22.25 0.0499992 72.5
      vertex 21 0.0499992 72.5
    endloop
  endfacet
  facet normal 0 -1 0
    outer loop
      vertex 16.2 -4.5 77.5
      vertex 19.25 -4.5 75.8
      vertex 22.25 -4.5 77.5
    endloop
  endfacet
  facet normal 0 -1 0
    outer loop
      vertex 16.2 -4.5 77.5
      vertex 19.1456 -4.5 75.7932
      vertex 19.25 -4.5 75.8
    endloop
  endfacet
  facet normal 0 -1 0
    outer loop
      vertex 16.2 -4.5 77.5
      vertex 19.0429 -4.5 75.7727
      vertex 19.1456 -4.5 75.7932
    endloop
  endfacet
  facet normal 0 -1 0
    outer loop
      vertex 16.2 -4.5 77.5
      vertex 18.9439 -4.5 75.7391
      vertex 19.0429 -4.5 75.7727
    endloop
  endfacet
  facet normal 0 -1 0
    outer loop
      vertex 16.2 -4.5 77.5
      vertex 18.85 -4.5 75.6928
      vertex 18.9439 -4.5 75.7391
    endloop
  endfacet
  facet normal 0 -1 0
    outer loop
      vertex 16.2 -4.5 77.5
      vertex 18.763 -4.5 75.6347
      vertex 18.85 -4.5 75.6928
    endloop
  endfacet
  facet normal 0 -1 0
    outer loop
      vertex 16.2 -4.5 77.5
      vertex 18.6843 -4.5 75.5657
      vertex 18.763 -4.5 75.6347
    endloop
  endfacet
  facet normal 0 -1 0
    outer loop
      vertex 16.2 -4.5 77.5
      vertex 18.6153 -4.5 75.487
      vertex 18.6843 -4.5 75.5657
    endloop
  endfacet
  facet normal 0 -1 0
    outer loop
      vertex 16.2 -4.5 77.5
      vertex 18.5572 -4.5 75.4
      vertex 18.6153 -4.5 75.487
    endloop
  endfacet
  facet normal 0 -1 0
    outer loop
      vertex 16.2 -4.5 77.5
      vertex 18.5109 -4.5 75.3061
      vertex 18.5572 -4.5 75.4
    endloop
  endfacet
  facet normal 0 -1 0
    outer loop
      vertex 16.2 -4.5 77.5
      vertex 18.4773 -4.5 75.2071
      vertex 18.5109 -4.5 75.3061
    endloop
  endfacet
  facet normal 0 -1 0
    outer loop
      vertex 16.2 -4.5 77.5
      vertex 18.4568 -4.5 75.1044
      vertex 18.4773 -4.5 75.2071
    endloop
  endfacet
  facet normal 0 -1 0
    outer loop
      vertex 16.2 -4.5 77.5
      vertex 18.45 -4.5 75
      vertex 18.4568 -4.5 75.1044
    endloop
  endfacet
  facet normal 0 -1 0
    outer loop
      vertex 16.2 -4.5 72.5
      vertex 18.45 -4.5 75
      vertex 16.2 -4.5 77.5
    endloop
  endfacet
  facet normal 0 -1 -0
    outer loop
      vertex 18.45 -4.5 75
      vertex 16.2 -4.5 72.5
      vertex 18.4568 -4.5 74.8956
    endloop
  endfacet
  facet normal 0 -1 -0
    outer loop
      vertex 18.4568 -4.5 74.8956
      vertex 16.2 -4.5 72.5
      vertex 18.4773 -4.5 74.7929
    endloop
  endfacet
  facet normal 0 -1 -0
    outer loop
      vertex 18.4773 -4.5 74.7929
      vertex 16.2 -4.5 72.5
      vertex 18.5109 -4.5 74.6939
    endloop
  endfacet
  facet normal 0 -1 -0
    outer loop
      vertex 18.5109 -4.5 74.6939
      vertex 16.2 -4.5 72.5
      vertex 18.5572 -4.5 74.6
    endloop
  endfacet
  facet normal 0 -1 -0
    outer loop
      vertex 19.1456 -4.5 74.2068
      vertex 16.2 -4.5 72.5
      vertex 19.25 -4.5 74.2
    endloop
  endfacet
  facet normal 0 -1 -0
    outer loop
      vertex 19.0429 -4.5 74.2273
      vertex 16.2 -4.5 72.5
      vertex 19.1456 -4.5 74.2068
    endloop
  endfacet
  facet normal 0 -1 -0
    outer loop
      vertex 18.9439 -4.5 74.2609
      vertex 16.2 -4.5 72.5
      vertex 19.0429 -4.5 74.2273
    endloop
  endfacet
  facet normal 0 -1 -0
    outer loop
      vertex 18.85 -4.5 74.3072
      vertex 16.2 -4.5 72.5
      vertex 18.9439 -4.5 74.2609
    endloop
  endfacet
  facet normal 0 -1 -0
    outer loop
      vertex 18.763 -4.5 74.3653
      vertex 16.2 -4.5 72.5
      vertex 18.85 -4.5 74.3072
    endloop
  endfacet
  facet normal 0 -1 -0
    outer loop
      vertex 18.6843 -4.5 74.4343
      vertex 16.2 -4.5 72.5
      vertex 18.763 -4.5 74.3653
    endloop
  endfacet
  facet normal 0 -1 -0
    outer loop
      vertex 18.6153 -4.5 74.513
      vertex 16.2 -4.5 72.5
      vertex 18.6843 -4.5 74.4343
    endloop
  endfacet
  facet normal 0 -1 -0
    outer loop
      vertex 18.5572 -4.5 74.6
      vertex 16.2 -4.5 72.5
      vertex 18.6153 -4.5 74.513
    endloop
  endfacet
  facet normal 0 -1 0
    outer loop
      vertex 19.3544 -4.5 75.7932
      vertex 22.25 -4.5 77.5
      vertex 19.25 -4.5 75.8
    endloop
  endfacet
  facet normal 0 -1 0
    outer loop
      vertex 19.4571 -4.5 75.7727
      vertex 22.25 -4.5 77.5
      vertex 19.3544 -4.5 75.7932
    endloop
  endfacet
  facet normal 0 -1 0
    outer loop
      vertex 19.5561 -4.5 75.7391
      vertex 22.25 -4.5 77.5
      vertex 19.4571 -4.5 75.7727
    endloop
  endfacet
  facet normal 0 -1 0
    outer loop
      vertex 19.65 -4.5 75.6928
      vertex 22.25 -4.5 77.5
      vertex 19.5561 -4.5 75.7391
    endloop
  endfacet
  facet normal 0 -1 0
    outer loop
      vertex 19.737 -4.5 75.6347
      vertex 22.25 -4.5 77.5
      vertex 19.65 -4.5 75.6928
    endloop
  endfacet
  facet normal 0 -1 0
    outer loop
      vertex 19.8157 -4.5 75.5657
      vertex 22.25 -4.5 77.5
      vertex 19.737 -4.5 75.6347
    endloop
  endfacet
  facet normal 0 -1 0
    outer loop
      vertex 19.8847 -4.5 75.487
      vertex 22.25 -4.5 77.5
      vertex 19.8157 -4.5 75.5657
    endloop
  endfacet
  facet normal 0 -1 0
    outer loop
      vertex 19.9428 -4.5 75.4
      vertex 22.25 -4.5 77.5
      vertex 19.8847 -4.5 75.487
    endloop
  endfacet
  facet normal 0 -1 0
    outer loop
      vertex 19.9891 -4.5 75.3061
      vertex 22.25 -4.5 77.5
      vertex 19.9428 -4.5 75.4
    endloop
  endfacet
  facet normal 0 -1 0
    outer loop
      vertex 20.0227 -4.5 75.2071
      vertex 22.25 -4.5 77.5
      vertex 19.9891 -4.5 75.3061
    endloop
  endfacet
  facet normal 0 -1 0
    outer loop
      vertex 20.0432 -4.5 75.1044
      vertex 22.25 -4.5 77.5
      vertex 20.0227 -4.5 75.2071
    endloop
  endfacet
  facet normal 0 -1 0
    outer loop
      vertex 20.05 -4.5 75
      vertex 22.25 -4.5 77.5
      vertex 20.0432 -4.5 75.1044
    endloop
  endfacet
  facet normal 0 -1 0
    outer loop
      vertex 22.25 -4.5 72.5
      vertex 20.05 -4.5 75
      vertex 20.0432 -4.5 74.8956
    endloop
  endfacet
  facet normal 0 -1 0
    outer loop
      vertex 22.25 -4.5 72.5
      vertex 20.0432 -4.5 74.8956
      vertex 20.0227 -4.5 74.7929
    endloop
  endfacet
  facet normal 0 -1 0
    outer loop
      vertex 22.25 -4.5 72.5
      vertex 20.0227 -4.5 74.7929
      vertex 19.9891 -4.5 74.6939
    endloop
  endfacet
  facet normal 0 -1 0
    outer loop
      vertex 22.25 -4.5 72.5
      vertex 19.9891 -4.5 74.6939
      vertex 19.9428 -4.5 74.6
    endloop
  endfacet
  facet normal 0 -1 0
    outer loop
      vertex 22.25 -4.5 72.5
      vertex 19.9428 -4.5 74.6
      vertex 19.8847 -4.5 74.513
    endloop
  endfacet
  facet normal 0 -1 0
    outer loop
      vertex 22.25 -4.5 72.5
      vertex 19.25 -4.5 74.2
      vertex 16.2 -4.5 72.5
    endloop
  endfacet
  facet normal 0 -1 0
    outer loop
      vertex 19.25 -4.5 74.2
      vertex 22.25 -4.5 72.5
      vertex 19.3544 -4.5 74.2068
    endloop
  endfacet
  facet normal 0 -1 0
    outer loop
      vertex 19.3544 -4.5 74.2068
      vertex 22.25 -4.5 72.5
      vertex 19.4571 -4.5 74.2273
    endloop
  endfacet
  facet normal 0 -1 0
    outer loop
      vertex 19.4571 -4.5 74.2273
      vertex 22.25 -4.5 72.5
      vertex 19.5561 -4.5 74.2609
    endloop
  endfacet
  facet normal 0 -1 0
    outer loop
      vertex 20.05 -4.5 75
      vertex 22.25 -4.5 72.5
      vertex 22.25 -4.5 77.5
    endloop
  endfacet
  facet normal 0 -1 0
    outer loop
      vertex 19.8157 -4.5 74.4343
      vertex 22.25 -4.5 72.5
      vertex 19.8847 -4.5 74.513
    endloop
  endfacet
  facet normal 0 -1 0
    outer loop
      vertex 19.737 -4.5 74.3653
      vertex 22.25 -4.5 72.5
      vertex 19.8157 -4.5 74.4343
    endloop
  endfacet
  facet normal 0 -1 0
    outer loop
      vertex 19.65 -4.5 74.3072
      vertex 22.25 -4.5 72.5
      vertex 19.737 -4.5 74.3653
    endloop
  endfacet
  facet normal 0 -1 0
    outer loop
      vertex 19.5561 -4.5 74.2609
      vertex 22.25 -4.5 72.5
      vertex 19.65 -4.5 74.3072
    endloop
  endfacet
  facet normal -0.278235 -0.416404 -0.865559
    outer loop
      vertex -1.66671 -2.88683 -4.98882
      vertex -2.02926 -2.64458 -4.98882
      vertex -1.61549 -2.10535 -5.38124
    endloop
  endfacet
  facet normal -0.258781 -0.0169544 0.965787
    outer loop
      vertex -1.17054 0 5.88471
      vertex -1.91214 -0.251738 5.68158
      vertex -1.16053 -0.152786 5.88471
    endloop
  endfacet
  facet normal 0.608277 -0.039863 -0.792723
    outer loop
      vertex 3.92223 -0.516371 -4.51104
      vertex 3.3049 -0.435099 -4.98882
      vertex 3.95607 0 -4.51104
    endloop
  endfacet
  facet normal -0.768422 -0.513438 -0.38198
    outer loop
      vertex -4.5075 -3.45873 -1.92864
      vertex -4.92039 -2.84079 -1.92864
      vertex -4.66029 -2.69062 -2.65373
    endloop
  endfacet
  facet normal 0.694262 -0.138103 0.706348
    outer loop
      vertex 3.92223 -0.516371 4.51104
      vertex 3.82127 -1.02391 4.51104
      vertex 4.35733 -1.16754 3.95607
    endloop
  endfacet
  facet normal -0.481398 -0.720454 0.4992
    outer loop
      vertex -2.49441 -4.32044 3.33342
      vertex -3.27589 -4.26922 2.65373
      vertex -2.69062 -4.66029 2.65373
    endloop
  endfacet
  facet normal 0.0604134 -0.922207 0.381948
    outer loop
      vertex 0 -5.38124 2.65373
      vertex 0 -5.44491 2.5
      vertex 0.157229 -5.43461 2.5
    endloop
  endfacet
  facet normal 0.726318 -0.636976 -0.258308
    outer loop
      vertex 4.16112 -4.16112 -1.17054
      vertex 4.01748 -4.01748 -1.92864
      vertex 4.5075 -3.45873 -1.92864
    endloop
  endfacet
  facet normal 0.169038 -0.849842 0.499195
    outer loop
      vertex 1.39277 -5.19788 2.65373
      vertex 0.651171 -4.94614 3.33342
      vertex 0.702392 -5.3352 2.65373
    endloop
  endfacet
  facet normal -0.906427 -0.1803 0.381946
    outer loop
      vertex -5.19788 -1.39277 2.65373
      vertex -5.29012 -1.25471 2.5
      vertex -5.25938 -1.40925 2.5
    endloop
  endfacet
  facet normal -0.114702 -0.232591 -0.965787
    outer loop
      vertex -0.738057 -1.78183 -5.68158
      vertex -0.964318 -1.67025 -5.68158
      vertex -0.585271 -1.01372 -5.88471
    endloop
  endfacet
  facet normal 0.864633 -0.056671 0.499197
    outer loop
      vertex 4.98882 0 3.33342
      vertex 4.94614 -0.651171 3.33342
      vertex 5.38124 0 2.65373
    endloop
  endfacet
  facet normal -0.458297 -0.401929 0.792727
    outer loop
      vertex -2.64458 -2.02926 4.98882
      vertex -2.79737 -2.79737 4.51104
      vertex -2.35708 -2.35708 4.98882
    endloop
  endfacet
  facet normal 0.831468 -0.555572 0
    outer loop
      vertex 4.74993 -3.64475 0
      vertex 5.18503 -2.99358 -0.392418
      vertex 5.18503 -2.99358 0
    endloop
  endfacet
  facet normal 0.831468 -0.555572 0
    outer loop
      vertex 5.18503 -2.99358 -0.392418
      vertex 4.74993 -3.64475 0
      vertex 4.74993 -3.64475 -0.392418
    endloop
  endfacet
  facet normal -0.376011 -0.0747982 0.923591
    outer loop
      vertex -1.91214 -0.251738 5.68158
      vertex -2.56331 -0.686836 5.38124
      vertex -1.86292 -0.499167 5.68158
    endloop
  endfacet
  facet normal -0.427288 -0.866431 -0.258307
    outer loop
      vertex -2.17425 -5.2491 -1.92864
      vertex -2.94236 -5.09631 -1.17054
      vertex -2.84079 -4.92039 -1.92864
    endloop
  endfacet
  facet normal -0.914798 -0.310534 -0.258289
    outer loop
      vertex -5.43676 -2.25198 -1.17054
      vertex -5.68419 -1.52308 -1.17054
      vertex -5.2491 -2.17425 -1.92864
    endloop
  endfacet
  facet normal -0.180299 -0.906415 -0.381974
    outer loop
      vertex -0.741594 -5.63297 -1.92864
      vertex -1.4705 -5.48798 -1.92864
      vertex -1.39277 -5.19788 -2.65373
    endloop
  endfacet
  facet normal 0.188472 -0.947501 -0.258302
    outer loop
      vertex 1.52308 -5.68419 -1.17054
      vertex 0.741594 -5.63297 -1.92864
      vertex 1.4705 -5.48798 -1.92864
    endloop
  endfacet
  facet normal 0.571312 -0.651462 0.499199
    outer loop
      vertex 3.80511 -3.80511 2.65373
      vertex 3.037 -3.95789 3.33342
      vertex 3.27589 -4.26922 2.65373
    endloop
  endfacet
  facet normal -0.555572 -0.831468 0
    outer loop
      vertex -3.64475 -4.74993 -0.392418
      vertex -2.99358 -5.18503 0
      vertex -3.64475 -4.74993 0
    endloop
  endfacet
  facet normal -0.555572 -0.831468 -0
    outer loop
      vertex -2.99358 -5.18503 0
      vertex -3.64475 -4.74993 -0.392418
      vertex -2.99358 -5.18503 -0.392418
    endloop
  endfacet
  facet normal 0.609343 -0.694835 0.381976
    outer loop
      vertex 3.73167 -3.95403 2.5
      vertex 3.27589 -4.26922 2.65373
      vertex 3.31465 -4.31974 2.5
    endloop
  endfacet
  facet normal 0.609342 -0.694827 0.381991
    outer loop
      vertex 3.27589 -4.26922 2.65373
      vertex 3.73167 -3.95403 2.5
      vertex 3.80511 -3.80511 2.65373
    endloop
  endfacet
  facet normal 0.546719 -0.269606 -0.792724
    outer loop
      vertex 3.65494 -1.51392 -4.51104
      vertex 2.88683 -1.66671 -4.98882
      vertex 3.07968 -1.27564 -4.98882
    endloop
  endfacet
  facet normal 0.596954 -0.523501 -0.607941
    outer loop
      vertex 3.52763 -3.52763 -3.33342
      vertex 3.18979 -3.18979 -3.95607
      vertex 3.95789 -3.037 -3.33342
    endloop
  endfacet
  facet normal 0.466732 -0.5322 0.706346
    outer loop
      vertex 2.79737 -2.79737 4.51104
      vertex 2.40831 -3.13857 4.51104
      vertex 3.18979 -3.18979 3.95607
    endloop
  endfacet
  facet normal -0.906414 -0.180291 -0.381981
    outer loop
      vertex -5.19788 -1.39277 -2.65373
      vertex -5.63297 -0.741594 -1.92864
      vertex -5.3352 -0.702392 -2.65373
    endloop
  endfacet
  facet normal -0.922191 -0.0604478 -0.381981
    outer loop
      vertex -5.63297 -0.741594 -1.92864
      vertex -5.68158 0 -1.92864
      vertex -5.38124 0 -2.65373
    endloop
  endfacet
  facet normal 0.144081 -0.215629 -0.965787
    outer loop
      vertex 1.17408 -1.53009 -5.68158
      vertex 0.585271 -1.01372 -5.88471
      vertex 0.712581 -0.928653 -5.88471
    endloop
  endfacet
  facet normal 0.875131 -0.297053 -0.381974
    outer loop
      vertex 5.2491 -2.17425 -1.92864
      vertex 5.19788 -1.39277 -2.65373
      vertex 5.48798 -1.4705 -1.92864
    endloop
  endfacet
  facet normal 0.694835 -0.609322 0.382009
    outer loop
      vertex 3.95403 -3.73167 2.5
      vertex 3.80511 -3.80511 2.65373
      vertex 3.85014 -3.85014 2.5
    endloop
  endfacet
  facet normal -0.875132 -0.297087 0.381946
    outer loop
      vertex -5.19788 -1.39277 2.65373
      vertex -5.25938 -1.40925 2.5
      vertex -5.20873 -1.55845 2.5
    endloop
  endfacet
  facet normal -0.866444 -0.427273 -0.258289
    outer loop
      vertex -5.09631 -2.94236 -1.17054
      vertex -5.43676 -2.25198 -1.17054
      vertex -5.2491 -2.17425 -1.92864
    endloop
  endfacet
  facet normal -0.160982 -0.474226 -0.86556
    outer loop
      vertex -0.862753 -3.21984 -4.98882
      vertex -1.27564 -3.07968 -4.98882
      vertex -0.686836 -2.56331 -5.38124
    endloop
  endfacet
  facet normal -0.0255174 -0.128285 -0.991409
    outer loop
      vertex -0.0512209 -0.389061 -5.98715
      vertex -0.152786 -1.16053 -5.88471
      vertex -0.101565 -0.379047 -5.98715
    endloop
  endfacet
  facet normal 0.550839 -0.824385 -0.130254
    outer loop
      vertex 2.99358 -5.18503 -0.392418
      vertex 2.94236 -5.09631 -1.17054
      vertex 3.64475 -4.74993 -0.392418
    endloop
  endfacet
  facet normal -0.123233 -0.363034 0.923591
    outer loop
      vertex -0.738057 -1.78183 5.68158
      vertex -1.01554 -2.45173 5.38124
      vertex -0.686836 -2.56331 5.38124
    endloop
  endfacet
  facet normal -0.466732 -0.5322 0.706346
    outer loop
      vertex -2.79737 -2.79737 4.51104
      vertex -3.18979 -3.18979 3.95607
      vertex -2.40831 -3.13857 4.51104
    endloop
  endfacet
  facet normal -0.138101 -0.694264 0.706347
    outer loop
      vertex -0.516371 -3.92223 4.51104
      vertex -1.16754 -4.35733 3.95607
      vertex -0.588808 -4.47245 3.95607
    endloop
  endfacet
  facet normal -0.596954 -0.523501 0.607941
    outer loop
      vertex -3.18979 -3.18979 3.95607
      vertex -3.95789 -3.037 3.33342
      vertex -3.52763 -3.52763 3.33342
    endloop
  endfacet
  facet normal 0.980787 -0.195082 0
    outer loop
      vertex 5.78315 -1.54959 0
      vertex 5.93593 -0.78148 -0.392418
      vertex 5.93593 -0.78148 0
    endloop
  endfacet
  facet normal 0.980787 -0.195082 0
    outer loop
      vertex 5.93593 -0.78148 -0.392418
      vertex 5.78315 -1.54959 0
      vertex 5.78315 -1.54959 -0.392418
    endloop
  endfacet
  facet normal 0.70635 -0.0462936 -0.706347
    outer loop
      vertex 4.47245 -0.588808 -3.95607
      vertex 3.92223 -0.516371 -4.51104
      vertex 4.51104 0 -3.95607
    endloop
  endfacet
  facet normal 0.745437 -0.653727 -0.130247
    outer loop
      vertex 4.74993 -3.64475 -0.392418
      vertex 4.23356 -4.23356 -0.392418
      vertex 4.66866 -3.58239 -1.17054
    endloop
  endfacet
  facet normal -0.0604473 -0.922191 -0.381981
    outer loop
      vertex 0 -5.38124 -2.65373
      vertex -0.741594 -5.63297 -1.92864
      vertex -0.702392 -5.3352 -2.65373
    endloop
  endfacet
  facet normal 0.792282 -0.0519255 0.607941
    outer loop
      vertex 4.51104 0 3.95607
      vertex 4.47245 -0.588808 3.95607
      vertex 4.94614 -0.651171 3.33342
    endloop
  endfacet
  facet normal 0.383248 -0.777131 0.499188
    outer loop
      vertex 2.49441 -4.32044 3.33342
      vertex 1.90914 -4.60907 3.33342
      vertex 2.05931 -4.97161 2.65373
    endloop
  endfacet
  facet normal 0.849838 -0.169044 0.499199
    outer loop
      vertex 4.94614 -0.651171 3.33342
      vertex 4.81883 -1.2912 3.33342
      vertex 5.19788 -1.39277 2.65373
    endloop
  endfacet
  facet normal 0.636975 -0.72632 -0.258306
    outer loop
      vertex 3.58239 -4.66866 -1.17054
      vertex 3.45873 -4.5075 -1.92864
      vertex 4.16112 -4.16112 -1.17054
    endloop
  endfacet
  facet normal 0.670303 -0.227529 0.706345
    outer loop
      vertex 3.82127 -1.02391 4.51104
      vertex 3.65494 -1.51392 4.51104
      vertex 4.16766 -1.7263 3.95607
    endloop
  endfacet
  facet normal 0.0505974 -0.254353 0.965787
    outer loop
      vertex 0.302958 -1.13066 5.88471
      vertex 0.251738 -1.91214 5.68158
      vertex 0.499167 -1.86292 5.68158
    endloop
  endfacet
  facet normal 0.474229 -0.160979 0.865559
    outer loop
      vertex 2.56331 -0.686836 5.38124
      vertex 2.45173 -1.01554 5.38124
      vertex 3.07968 -1.27564 4.98882
    endloop
  endfacet
  facet normal -0.382561 -0.0250747 -0.92359
    outer loop
      vertex -1.91214 -0.251738 -5.68158
      vertex -2.65373 0 -5.38124
      vertex -1.92864 0 -5.68158
    endloop
  endfacet
  facet normal 0.914798 -0.310534 -0.258289
    outer loop
      vertex 5.43676 -2.25198 -1.17054
      vertex 5.2491 -2.17425 -1.92864
      vertex 5.68419 -1.52308 -1.17054
    endloop
  endfacet
  facet normal -0.130519 -0.00855419 0.991409
    outer loop
      vertex -0.392418 0 5.98715
      vertex -1.17054 0 5.88471
      vertex -0.389061 -0.0512209 5.98715
    endloop
  endfacet
  facet normal -0.0462936 -0.70635 0.706347
    outer loop
      vertex -0.516371 -3.92223 4.51104
      vertex -0.588808 -4.47245 3.95607
      vertex 0 -4.51104 3.95607
    endloop
  endfacet
  facet normal -0.577235 -0.19595 0.792719
    outer loop
      vertex -3.21984 -0.862753 4.98882
      vertex -3.82127 -1.02391 4.51104
      vertex -3.07968 -1.27564 4.98882
    endloop
  endfacet
  facet normal -0.828865 -0.408741 0.381987
    outer loop
      vertex -4.96075 -2.225 2.5
      vertex -4.66029 -2.69062 2.65373
      vertex -4.97161 -2.05931 2.65373
    endloop
  endfacet
  facet normal -0.828871 -0.408754 0.38196
    outer loop
      vertex -4.66029 -2.69062 2.65373
      vertex -4.96075 -2.225 2.5
      vertex -4.71543 -2.72246 2.5
    endloop
  endfacet
  facet normal -0.864633 -0.056671 0.499197
    outer loop
      vertex -4.98882 0 3.33342
      vertex -5.38124 0 2.65373
      vertex -4.94614 -0.651171 3.33342
    endloop
  endfacet
  facet normal 0.828853 -0.408756 -0.381995
    outer loop
      vertex 5.2491 -2.17425 -1.92864
      vertex 4.92039 -2.84079 -1.92864
      vertex 4.97161 -2.05931 -2.65373
    endloop
  endfacet
  facet normal -0.803255 -0.536712 -0.258307
    outer loop
      vertex -4.66866 -3.58239 -1.17054
      vertex -4.92039 -2.84079 -1.92864
      vertex -4.5075 -3.45873 -1.92864
    endloop
  endfacet
  facet normal -0.745437 -0.653727 -0.130247
    outer loop
      vertex -4.23356 -4.23356 -0.392418
      vertex -4.74993 -3.64475 -0.392418
      vertex -4.66866 -3.58239 -1.17054
    endloop
  endfacet
  facet normal -0.154898 -0.778724 0.607943
    outer loop
      vertex -1.16754 -4.35733 3.95607
      vertex -1.2912 -4.81883 3.33342
      vertex -0.651171 -4.94614 3.33342
    endloop
  endfacet
  facet normal -0.269606 -0.546719 -0.792724
    outer loop
      vertex -1.51392 -3.65494 -4.51104
      vertex -1.66671 -2.88683 -4.98882
      vertex -1.27564 -3.07968 -4.98882
    endloop
  endfacet
  facet normal 0.363034 -0.123233 0.923591
    outer loop
      vertex 2.56331 -0.686836 5.38124
      vertex 1.78183 -0.738057 5.68158
      vertex 2.45173 -1.01554 5.38124
    endloop
  endfacet
  facet normal 0.46673 -0.532206 0.706343
    outer loop
      vertex 3.18979 -3.18979 3.95607
      vertex 2.40831 -3.13857 4.51104
      vertex 2.74615 -3.57885 3.95607
    endloop
  endfacet
  facet normal -0.491185 -0.0977017 0.865559
    outer loop
      vertex -2.63103 -0.346381 5.38124
      vertex -3.3049 -0.435099 4.98882
      vertex -2.56331 -0.686836 5.38124
    endloop
  endfacet
  facet normal 0.0566746 -0.864634 0.499195
    outer loop
      vertex 0.651171 -4.94614 3.33342
      vertex 0 -5.38124 2.65373
      vertex 0.702392 -5.3352 2.65373
    endloop
  endfacet
  facet normal 0.636976 -0.726318 -0.258308
    outer loop
      vertex 4.16112 -4.16112 -1.17054
      vertex 3.45873 -4.5075 -1.92864
      vertex 4.01748 -4.01748 -1.92864
    endloop
  endfacet
  facet normal 0.297075 -0.875115 -0.381996
    outer loop
      vertex 2.17425 -5.2491 -1.92864
      vertex 1.39277 -5.19788 -2.65373
      vertex 2.05931 -4.97161 -2.65373
    endloop
  endfacet
  facet normal 0.255214 -0.751845 -0.607943
    outer loop
      vertex 1.90914 -4.60907 -3.33342
      vertex 1.2912 -4.81883 -3.33342
      vertex 1.7263 -4.16766 -3.95607
    endloop
  endfacet
  facet normal 0.188478 -0.947498 -0.258308
    outer loop
      vertex 0.768108 -5.83437 -1.17054
      vertex 0.741594 -5.63297 -1.92864
      vertex 1.52308 -5.68419 -1.17054
    endloop
  endfacet
  facet normal 0.310534 -0.914798 -0.258289
    outer loop
      vertex 2.25198 -5.43676 -1.17054
      vertex 1.52308 -5.68419 -1.17054
      vertex 2.17425 -5.2491 -1.92864
    endloop
  endfacet
  facet normal 0.922207 -0.0604134 0.381948
    outer loop
      vertex 5.44491 0 2.5
      vertex 5.38124 0 2.65373
      vertex 5.43461 -0.157229 2.5
    endloop
  endfacet
  facet normal -0.0519288 -0.792281 0.607943
    outer loop
      vertex 0 -4.51104 3.95607
      vertex -0.651171 -4.94614 3.33342
      vertex 0 -4.98882 3.33342
    endloop
  endfacet
  facet normal 0.138101 -0.694264 0.706347
    outer loop
      vertex 1.16754 -4.35733 3.95607
      vertex 0.516371 -3.92223 4.51104
      vertex 0.588808 -4.47245 3.95607
    endloop
  endfacet
  facet normal 0.577233 -0.195937 0.792723
    outer loop
      vertex 3.82127 -1.02391 4.51104
      vertex 3.07968 -1.27564 4.98882
      vertex 3.65494 -1.51392 4.51104
    endloop
  endfacet
  facet normal 0.481398 -0.720454 0.4992
    outer loop
      vertex 3.27589 -4.26922 2.65373
      vertex 2.49441 -4.32044 3.33342
      vertex 2.69062 -4.66029 2.65373
    endloop
  endfacet
  facet normal 0.660176 -0.441104 0.607944
    outer loop
      vertex 3.90667 -2.25552 3.95607
      vertex 3.57885 -2.74615 3.95607
      vertex 4.32044 -2.49441 3.33342
    endloop
  endfacet
  facet normal 0.6703 -0.227532 0.706347
    outer loop
      vertex 4.35733 -1.16754 3.95607
      vertex 3.82127 -1.02391 4.51104
      vertex 4.16766 -1.7263 3.95607
    endloop
  endfacet
  facet normal 0.1147 -0.232591 0.965787
    outer loop
      vertex 0.585271 -1.01372 5.88471
      vertex 0.447947 -1.08144 5.88471
      vertex 0.738057 -1.78183 5.68158
    endloop
  endfacet
  facet normal 0.597876 -0.118917 0.792719
    outer loop
      vertex 3.3049 -0.435099 4.98882
      vertex 3.21984 -0.862753 4.98882
      vertex 3.82127 -1.02391 4.51104
    endloop
  endfacet
  facet normal 0.38256 -0.025071 0.923591
    outer loop
      vertex 2.65373 0 5.38124
      vertex 1.91214 -0.251738 5.68158
      vertex 2.63103 -0.346381 5.38124
    endloop
  endfacet
  facet normal -0.128286 -0.0255167 0.991409
    outer loop
      vertex -0.379047 -0.101565 5.98715
      vertex -1.16053 -0.152786 5.88471
      vertex -1.13066 -0.302958 5.88471
    endloop
  endfacet
  facet normal 0.170995 -0.194978 -0.965787
    outer loop
      vertex 1.17408 -1.53009 -5.68158
      vertex 0.827698 -0.827698 -5.88471
      vertex 1.36375 -1.36375 -5.68158
    endloop
  endfacet
  facet normal 0.19595 -0.577235 -0.792719
    outer loop
      vertex 1.02391 -3.82127 -4.51104
      vertex 0.862753 -3.21984 -4.98882
      vertex 1.27564 -3.07968 -4.98882
    endloop
  endfacet
  facet normal 0.108755 -0.0726682 0.991409
    outer loop
      vertex 0.339844 -0.196209 5.98715
      vertex 0.311326 -0.238889 5.98715
      vertex 1.01372 -0.585271 5.88471
    endloop
  endfacet
  facet normal 0.792281 -0.0519288 0.607943
    outer loop
      vertex 4.98882 0 3.33342
      vertex 4.51104 0 3.95607
      vertex 4.94614 -0.651171 3.33342
    endloop
  endfacet
  facet normal -0.828853 -0.408756 -0.381995
    outer loop
      vertex -4.92039 -2.84079 -1.92864
      vertex -5.2491 -2.17425 -1.92864
      vertex -4.97161 -2.05931 -2.65373
    endloop
  endfacet
  facet normal -0.636976 -0.726318 -0.258308
    outer loop
      vertex -3.45873 -4.5075 -1.92864
      vertex -4.16112 -4.16112 -1.17054
      vertex -4.01748 -4.01748 -1.92864
    endloop
  endfacet
  facet normal -0.609322 -0.694835 0.382009
    outer loop
      vertex -3.80511 -3.80511 2.65373
      vertex -3.85014 -3.85014 2.5
      vertex -3.73167 -3.95403 2.5
    endloop
  endfacet
  facet normal -0.338661 -0.506855 0.792721
    outer loop
      vertex -1.66671 -2.88683 4.98882
      vertex -2.40831 -3.13857 4.51104
      vertex -1.97804 -3.42606 4.51104
    endloop
  endfacet
  facet normal -0.694835 -0.609322 0.382009
    outer loop
      vertex -3.80511 -3.80511 2.65373
      vertex -3.95403 -3.73167 2.5
      vertex -3.85014 -3.85014 2.5
    endloop
  endfacet
  facet normal -0.706349 -0.0462901 0.706349
    outer loop
      vertex -3.95607 0 4.51104
      vertex -4.51104 0 3.95607
      vertex -3.92223 -0.516371 4.51104
    endloop
  endfacet
  facet normal 0.466732 -0.5322 -0.706346
    outer loop
      vertex 3.18979 -3.18979 -3.95607
      vertex 2.40831 -3.13857 -4.51104
      vertex 2.79737 -2.79737 -4.51104
    endloop
  endfacet
  facet normal 0.481397 -0.720456 -0.499199
    outer loop
      vertex 3.27589 -4.26922 -2.65373
      vertex 2.49441 -4.32044 -3.33342
      vertex 3.037 -3.95789 -3.33342
    endloop
  endfacet
  facet normal 0.499736 -0.0327501 -0.865559
    outer loop
      vertex 3.3049 -0.435099 -4.98882
      vertex 2.63103 -0.346381 -5.38124
      vertex 2.65373 0 -5.38124
    endloop
  endfacet
  facet normal 0.52351 -0.596952 -0.607936
    outer loop
      vertex 3.037 -3.95789 -3.33342
      vertex 2.74615 -3.57885 -3.95607
      vertex 3.18979 -3.18979 -3.95607
    endloop
  endfacet
  facet normal 0.0631879 -0.963994 -0.258309
    outer loop
      vertex 0.768108 -5.83437 -1.17054
      vertex 0 -5.68158 -1.92864
      vertex 0.741594 -5.63297 -1.92864
    endloop
  endfacet
  facet normal 0.31309 -0.634866 -0.706343
    outer loop
      vertex 2.25552 -3.90667 -3.95607
      vertex 1.7263 -4.16766 -3.95607
      vertex 1.97804 -3.42606 -4.51104
    endloop
  endfacet
  facet normal -0.751845 -0.255214 -0.607943
    outer loop
      vertex -4.60907 -1.90914 -3.33342
      vertex -4.81883 -1.2912 -3.33342
      vertex -4.16766 -1.7263 -3.95607
    endloop
  endfacet
  facet normal -0.506855 -0.338661 -0.792721
    outer loop
      vertex -3.13857 -2.40831 -4.51104
      vertex -3.42606 -1.97804 -4.51104
      vertex -2.88683 -1.66671 -4.98882
    endloop
  endfacet
  facet normal 0.441118 -0.660174 0.607936
    outer loop
      vertex 2.74615 -3.57885 3.95607
      vertex 2.49441 -4.32044 3.33342
      vertex 3.037 -3.95789 3.33342
    endloop
  endfacet
  facet normal 0.0519288 -0.792281 0.607943
    outer loop
      vertex 0 -4.51104 3.95607
      vertex 0 -4.98882 3.33342
      vertex 0.651171 -4.94614 3.33342
    endloop
  endfacet
  facet normal -0.195082 -0.980787 0
    outer loop
      vertex -1.54959 -5.78315 -0.392418
      vertex -0.78148 -5.93593 0
      vertex -1.54959 -5.78315 0
    endloop
  endfacet
  facet normal -0.195082 -0.980787 -0
    outer loop
      vertex -0.78148 -5.93593 0
      vertex -1.54959 -5.78315 -0.392418
      vertex -0.78148 -5.93593 -0.392418
    endloop
  endfacet
  facet normal -0.310534 -0.914798 -0.258289
    outer loop
      vertex -1.52308 -5.68419 -1.17054
      vertex -2.25198 -5.43676 -1.17054
      vertex -2.17425 -5.2491 -1.92864
    endloop
  endfacet
  facet normal -0.38323 -0.777132 -0.499201
    outer loop
      vertex -2.05931 -4.97161 -2.65373
      vertex -2.69062 -4.66029 -2.65373
      vertex -2.49441 -4.32044 -3.33342
    endloop
  endfacet
  facet normal -0.38256 -0.025071 -0.923591
    outer loop
      vertex -2.63103 -0.346381 -5.38124
      vertex -2.65373 0 -5.38124
      vertex -1.91214 -0.251738 -5.68158
    endloop
  endfacet
  facet normal -0.408742 -0.828868 -0.381979
    outer loop
      vertex -2.05931 -4.97161 -2.65373
      vertex -2.84079 -4.92039 -1.92864
      vertex -2.69062 -4.66029 -2.65373
    endloop
  endfacet
  facet normal 0.499736 -0.0327501 0.865559
    outer loop
      vertex 2.65373 0 5.38124
      vertex 2.63103 -0.346381 5.38124
      vertex 3.3049 -0.435099 4.98882
    endloop
  endfacet
  facet normal 0.33021 -0.376522 0.865559
    outer loop
      vertex 1.87647 -1.87647 5.38124
      vertex 1.61549 -2.10535 5.38124
      vertex 2.02926 -2.64458 4.98882
    endloop
  endfacet
  facet normal -0.221497 -0.449162 0.865559
    outer loop
      vertex -1.01554 -2.45173 5.38124
      vertex -1.66671 -2.88683 4.98882
      vertex -1.27564 -3.07968 4.98882
    endloop
  endfacet
  facet normal -0.506855 -0.338661 0.792721
    outer loop
      vertex -2.88683 -1.66671 4.98882
      vertex -3.42606 -1.97804 4.51104
      vertex -3.13857 -2.40831 4.51104
    endloop
  endfacet
  facet normal -0.0420461 -0.123856 0.991409
    outer loop
      vertex -0.101565 -0.379047 5.98715
      vertex -0.447947 -1.08144 5.88471
      vertex -0.302958 -1.13066 5.88471
    endloop
  endfacet
  facet normal 0.82051 -0.278522 0.499188
    outer loop
      vertex 4.81883 -1.2912 3.33342
      vertex 4.60907 -1.90914 3.33342
      vertex 4.97161 -2.05931 2.65373
    endloop
  endfacet
  facet normal 0.824385 -0.550839 -0.130254
    outer loop
      vertex 5.18503 -2.99358 -0.392418
      vertex 4.74993 -3.64475 -0.392418
      vertex 5.09631 -2.94236 -1.17054
    endloop
  endfacet
  facet normal 0.820499 -0.278534 0.499199
    outer loop
      vertex 5.19788 -1.39277 2.65373
      vertex 4.81883 -1.2912 3.33342
      vertex 4.97161 -2.05931 2.65373
    endloop
  endfacet
  facet normal 0.660174 -0.441118 0.607936
    outer loop
      vertex 4.32044 -2.49441 3.33342
      vertex 3.57885 -2.74615 3.95607
      vertex 3.95789 -3.037 3.33342
    endloop
  endfacet
  facet normal 0.824389 -0.550834 -0.130247
    outer loop
      vertex 4.74993 -3.64475 -0.392418
      vertex 4.66866 -3.58239 -1.17054
      vertex 5.09631 -2.94236 -1.17054
    endloop
  endfacet
  facet normal 0.768414 -0.513444 -0.381988
    outer loop
      vertex 4.5075 -3.45873 -1.92864
      vertex 4.26922 -3.27589 -2.65373
      vertex 4.66029 -2.69062 -2.65373
    endloop
  endfacet
  facet normal 0.408756 -0.828853 -0.381995
    outer loop
      vertex 2.17425 -5.2491 -1.92864
      vertex 2.05931 -4.97161 -2.65373
      vertex 2.84079 -4.92039 -1.92864
    endloop
  endfacet
  facet normal 0.338666 -0.506846 -0.792725
    outer loop
      vertex 2.40831 -3.13857 -4.51104
      vertex 1.66671 -2.88683 -4.98882
      vertex 2.02926 -2.64458 -4.98882
    endloop
  endfacet
  facet normal 0.864633 -0.056671 -0.499197
    outer loop
      vertex 5.38124 0 -2.65373
      vertex 4.94614 -0.651171 -3.33342
      vertex 4.98882 0 -3.33342
    endloop
  endfacet
  facet normal 0.255212 -0.751845 -0.607944
    outer loop
      vertex 1.2912 -4.81883 -3.33342
      vertex 1.16754 -4.35733 -3.95607
      vertex 1.7263 -4.16766 -3.95607
    endloop
  endfacet
  facet normal -0.118928 -0.597868 -0.792723
    outer loop
      vertex -0.516371 -3.92223 -4.51104
      vertex -1.02391 -3.82127 -4.51104
      vertex -0.435099 -3.3049 -4.98882
    endloop
  endfacet
  facet normal 0.310518 -0.914799 -0.258303
    outer loop
      vertex 1.52308 -5.68419 -1.17054
      vertex 1.4705 -5.48798 -1.92864
      vertex 2.17425 -5.2491 -1.92864
    endloop
  endfacet
  facet normal -0.0631781 -0.963997 -0.258299
    outer loop
      vertex 0 -5.88471 -1.17054
      vertex -0.768108 -5.83437 -1.17054
      vertex 0 -5.68158 -1.92864
    endloop
  endfacet
  facet normal 0.318705 -0.938861 -0.13026
    outer loop
      vertex 1.54959 -5.78315 -0.392418
      vertex 1.52308 -5.68419 -1.17054
      vertex 2.29118 -5.53141 -0.392418
    endloop
  endfacet
  facet normal 0.442283 -0.896875 0
    outer loop
      vertex 2.29118 -5.53141 -0.392418
      vertex 2.99358 -5.18503 0
      vertex 2.29118 -5.53141 0
    endloop
  endfacet
  facet normal 0.442283 -0.896875 0
    outer loop
      vertex 2.99358 -5.18503 0
      vertex 2.29118 -5.53141 -0.392418
      vertex 2.99358 -5.18503 -0.392418
    endloop
  endfacet
  facet normal 0.864634 -0.0566746 0.499195
    outer loop
      vertex 5.38124 0 2.65373
      vertex 4.94614 -0.651171 3.33342
      vertex 5.3352 -0.702392 2.65373
    endloop
  endfacet
  facet normal 0.849842 -0.169038 0.499195
    outer loop
      vertex 5.3352 -0.702392 2.65373
      vertex 4.94614 -0.651171 3.33342
      vertex 5.19788 -1.39277 2.65373
    endloop
  endfacet
  facet normal 0.351175 -0.712097 0.607943
    outer loop
      vertex 2.49441 -4.32044 3.33342
      vertex 1.7263 -4.16766 3.95607
      vertex 1.90914 -4.60907 3.33342
    endloop
  endfacet
  facet normal 0.212995 -0.318766 0.923592
    outer loop
      vertex 1.17408 -1.53009 5.68158
      vertex 0.964318 -1.67025 5.68158
      vertex 1.61549 -2.10535 5.38124
    endloop
  endfacet
  facet normal -0.31309 -0.634866 0.706343
    outer loop
      vertex -1.97804 -3.42606 4.51104
      vertex -2.25552 -3.90667 3.95607
      vertex -1.7263 -4.16766 3.95607
    endloop
  endfacet
  facet normal 0.313083 -0.634866 0.706346
    outer loop
      vertex 1.97804 -3.42606 4.51104
      vertex 1.51392 -3.65494 4.51104
      vertex 1.7263 -4.16766 3.95607
    endloop
  endfacet
  facet normal -0.180293 -0.906426 0.381952
    outer loop
      vertex -1.25471 -5.29012 2.5
      vertex -0.702392 -5.3352 2.65373
      vertex -1.39277 -5.19788 2.65373
    endloop
  endfacet
  facet normal -0.180298 -0.906416 0.381972
    outer loop
      vertex -0.702392 -5.3352 2.65373
      vertex -1.25471 -5.29012 2.5
      vertex -0.710703 -5.39833 2.5
    endloop
  endfacet
  facet normal 0.651469 -0.571309 0.499193
    outer loop
      vertex 3.95789 -3.037 3.33342
      vertex 3.52763 -3.52763 3.33342
      vertex 3.80511 -3.80511 2.65373
    endloop
  endfacet
  facet normal 0.52351 -0.596952 0.607936
    outer loop
      vertex 3.18979 -3.18979 3.95607
      vertex 2.74615 -3.57885 3.95607
      vertex 3.037 -3.95789 3.33342
    endloop
  endfacet
  facet normal 0.506855 -0.338661 0.792721
    outer loop
      vertex 3.42606 -1.97804 4.51104
      vertex 2.88683 -1.66671 4.98882
      vertex 3.13857 -2.40831 4.51104
    endloop
  endfacet
  facet normal 0.588577 -0.393264 0.706343
    outer loop
      vertex 3.90667 -2.25552 3.95607
      vertex 3.13857 -2.40831 4.51104
      vertex 3.57885 -2.74615 3.95607
    endloop
  endfacet
  facet normal 0.777131 -0.383248 0.499188
    outer loop
      vertex 4.60907 -1.90914 3.33342
      vertex 4.32044 -2.49441 3.33342
      vertex 4.97161 -2.05931 2.65373
    endloop
  endfacet
  facet normal 0.768421 -0.513453 0.381962
    outer loop
      vertex 4.66029 -2.69062 2.65373
      vertex 4.62789 -2.85347 2.5
      vertex 4.71543 -2.72246 2.5
    endloop
  endfacet
  facet normal 0.376014 -0.074793 0.923591
    outer loop
      vertex 2.63103 -0.346381 5.38124
      vertex 1.91214 -0.251738 5.68158
      vertex 2.56331 -0.686836 5.38124
    endloop
  endfacet
  facet normal -0.252783 -0.288237 0.923591
    outer loop
      vertex -1.36375 -1.36375 5.68158
      vertex -1.87647 -1.87647 5.38124
      vertex -1.17408 -1.53009 5.68158
    endloop
  endfacet
  facet normal 0.499732 -0.0327566 0.86556
    outer loop
      vertex 3.33342 0 4.98882
      vertex 2.65373 0 5.38124
      vertex 3.3049 -0.435099 4.98882
    endloop
  endfacet
  facet normal 0.0983399 -0.0862418 0.991409
    outer loop
      vertex 0.928653 -0.712581 5.88471
      vertex 0.311326 -0.238889 5.98715
      vertex 0.827698 -0.827698 5.88471
    endloop
  endfacet
  facet normal 0.751845 -0.255212 0.607944
    outer loop
      vertex 4.35733 -1.16754 3.95607
      vertex 4.16766 -1.7263 3.95607
      vertex 4.81883 -1.2912 3.33342
    endloop
  endfacet
  facet normal 0.108755 -0.0726687 -0.991409
    outer loop
      vertex 0.928653 -0.712581 -5.88471
      vertex 0.311326 -0.238889 -5.98715
      vertex 1.01372 -0.585271 -5.88471
    endloop
  endfacet
  facet normal 0.195937 -0.577233 -0.792723
    outer loop
      vertex 1.51392 -3.65494 -4.51104
      vertex 1.02391 -3.82127 -4.51104
      vertex 1.27564 -3.07968 -4.98882
    endloop
  endfacet
  facet normal 0.499732 -0.0327566 -0.86556
    outer loop
      vertex 3.3049 -0.435099 -4.98882
      vertex 2.65373 0 -5.38124
      vertex 3.33342 0 -4.98882
    endloop
  endfacet
  facet normal 0.60828 -0.0398717 -0.79272
    outer loop
      vertex 3.95607 0 -4.51104
      vertex 3.3049 -0.435099 -4.98882
      vertex 3.33342 0 -4.98882
    endloop
  endfacet
  facet normal 0.938862 -0.318703 -0.130258
    outer loop
      vertex 5.53141 -2.29118 -0.392418
      vertex 5.43676 -2.25198 -1.17054
      vertex 5.68419 -1.52308 -1.17054
    endloop
  endfacet
  facet normal 0.491184 -0.097696 0.86556
    outer loop
      vertex 3.3049 -0.435099 4.98882
      vertex 2.56331 -0.686836 5.38124
      vertex 3.21984 -0.862753 4.98882
    endloop
  endfacet
  facet normal 0.491185 -0.0977017 0.865559
    outer loop
      vertex 2.63103 -0.346381 5.38124
      vertex 2.56331 -0.686836 5.38124
      vertex 3.3049 -0.435099 4.98882
    endloop
  endfacet
  facet normal 0.0420461 -0.123856 0.991409
    outer loop
      vertex 0.447947 -1.08144 5.88471
      vertex 0.101565 -0.379047 5.98715
      vertex 0.302958 -1.13066 5.88471
    endloop
  endfacet
  facet normal 0.170992 -0.194979 0.965787
    outer loop
      vertex 0.827698 -0.827698 5.88471
      vertex 0.712581 -0.928653 5.88471
      vertex 1.17408 -1.53009 5.68158
    endloop
  endfacet
  facet normal -0.596954 -0.523501 -0.607941
    outer loop
      vertex -3.52763 -3.52763 -3.33342
      vertex -3.95789 -3.037 -3.33342
      vertex -3.18979 -3.18979 -3.95607
    endloop
  endfacet
  facet normal -0.896875 -0.442283 0
    outer loop
      vertex -5.18503 -2.99358 -0.392418
      vertex -5.53141 -2.29118 0
      vertex -5.53141 -2.29118 -0.392418
    endloop
  endfacet
  facet normal -0.896875 -0.442283 0
    outer loop
      vertex -5.53141 -2.29118 0
      vertex -5.18503 -2.99358 -0.392418
      vertex -5.18503 -2.99358 0
    endloop
  endfacet
  facet normal -0.824385 -0.550839 -0.130254
    outer loop
      vertex -4.74993 -3.64475 -0.392418
      vertex -5.18503 -2.99358 -0.392418
      vertex -5.09631 -2.94236 -1.17054
    endloop
  endfacet
  facet normal -0.889236 -0.438512 -0.130257
    outer loop
      vertex -5.09631 -2.94236 -1.17054
      vertex -5.53141 -2.29118 -0.392418
      vertex -5.43676 -2.25198 -1.17054
    endloop
  endfacet
  facet normal 0.0747982 -0.376011 0.923591
    outer loop
      vertex 0.499167 -1.86292 5.68158
      vertex 0.251738 -1.91214 5.68158
      vertex 0.686836 -2.56331 5.38124
    endloop
  endfacet
  facet normal -0.694264 -0.138101 0.706347
    outer loop
      vertex -3.92223 -0.516371 4.51104
      vertex -4.47245 -0.588808 3.95607
      vertex -4.35733 -1.16754 3.95607
    endloop
  endfacet
  facet normal -0.849842 -0.169038 0.499195
    outer loop
      vertex -4.94614 -0.651171 3.33342
      vertex -5.3352 -0.702392 2.65373
      vertex -5.19788 -1.39277 2.65373
    endloop
  endfacet
  facet normal -0.864634 -0.0566746 0.499195
    outer loop
      vertex -4.94614 -0.651171 3.33342
      vertex -5.38124 0 2.65373
      vertex -5.3352 -0.702392 2.65373
    endloop
  endfacet
  facet normal -0.382561 -0.0250747 0.92359
    outer loop
      vertex -1.92864 0 5.68158
      vertex -2.65373 0 5.38124
      vertex -1.91214 -0.251738 5.68158
    endloop
  endfacet
  facet normal -0.849838 -0.169044 0.499199
    outer loop
      vertex -4.94614 -0.651171 3.33342
      vertex -5.19788 -1.39277 2.65373
      vertex -4.81883 -1.2912 3.33342
    endloop
  endfacet
  facet normal -0.778724 -0.154898 0.607943
    outer loop
      vertex -4.35733 -1.16754 3.95607
      vertex -4.94614 -0.651171 3.33342
      vertex -4.81883 -1.2912 3.33342
    endloop
  endfacet
  facet normal -0.997859 -0.065402 0
    outer loop
      vertex -5.93593 -0.78148 -0.392418
      vertex -5.98715 0 0
      vertex -5.98715 0 -0.392418
    endloop
  endfacet
  facet normal -0.997859 -0.065402 0
    outer loop
      vertex -5.98715 0 0
      vertex -5.93593 -0.78148 -0.392418
      vertex -5.93593 -0.78148 0
    endloop
  endfacet
  facet normal -0.441104 -0.660176 -0.607944
    outer loop
      vertex -2.49441 -4.32044 -3.33342
      vertex -2.74615 -3.57885 -3.95607
      vertex -2.25552 -3.90667 -3.95607
    endloop
  endfacet
  facet normal -0.938862 -0.318703 -0.130258
    outer loop
      vertex -5.53141 -2.29118 -0.392418
      vertex -5.68419 -1.52308 -1.17054
      vertex -5.43676 -2.25198 -1.17054
    endloop
  endfacet
  facet normal 0.513444 -0.768414 -0.381988
    outer loop
      vertex 3.45873 -4.5075 -1.92864
      vertex 2.69062 -4.66029 -2.65373
      vertex 3.27589 -4.26922 -2.65373
    endloop
  endfacet
  facet normal 0.609343 -0.694828 -0.381988
    outer loop
      vertex 3.45873 -4.5075 -1.92864
      vertex 3.27589 -4.26922 -2.65373
      vertex 3.80511 -3.80511 -2.65373
    endloop
  endfacet
  facet normal 0.252783 -0.288237 -0.923591
    outer loop
      vertex 1.87647 -1.87647 -5.38124
      vertex 1.17408 -1.53009 -5.68158
      vertex 1.36375 -1.36375 -5.68158
    endloop
  endfacet
  facet normal 0.351177 -0.712095 -0.607944
    outer loop
      vertex 2.49441 -4.32044 -3.33342
      vertex 1.7263 -4.16766 -3.95607
      vertex 2.25552 -3.90667 -3.95607
    endloop
  endfacet
  facet normal 0.215629 -0.144081 -0.965787
    outer loop
      vertex 1.53009 -1.17408 -5.68158
      vertex 0.928653 -0.712581 -5.88471
      vertex 1.01372 -0.585271 -5.88471
    endloop
  endfacet
  facet normal -0.123233 -0.363034 -0.923591
    outer loop
      vertex -0.686836 -2.56331 -5.38124
      vertex -1.01554 -2.45173 -5.38124
      vertex -0.738057 -1.78183 -5.68158
    endloop
  endfacet
  facet normal -0.393265 -0.588577 -0.706343
    outer loop
      vertex -2.25552 -3.90667 -3.95607
      vertex -2.40831 -3.13857 -4.51104
      vertex -1.97804 -3.42606 -4.51104
    endloop
  endfacet
  facet normal -0.221499 -0.449159 -0.86556
    outer loop
      vertex -1.01554 -2.45173 -5.38124
      vertex -1.66671 -2.88683 -4.98882
      vertex -1.32687 -2.2982 -5.38124
    endloop
  endfacet
  facet normal -0.820499 -0.278534 -0.499199
    outer loop
      vertex -4.97161 -2.05931 -2.65373
      vertex -5.19788 -1.39277 -2.65373
      vertex -4.81883 -1.2912 -3.33342
    endloop
  endfacet
  facet normal 0.0578504 -0.11731 -0.991409
    outer loop
      vertex 0.447947 -1.08144 -5.88471
      vertex 0.150171 -0.362547 -5.98715
      vertex 0.585271 -1.01372 -5.88471
    endloop
  endfacet
  facet normal 0.0983389 -0.0862427 -0.991409
    outer loop
      vertex 0.827698 -0.827698 -5.88471
      vertex 0.277481 -0.277481 -5.98715
      vertex 0.311326 -0.238889 -5.98715
    endloop
  endfacet
  facet normal -0.33021 -0.376522 -0.865559
    outer loop
      vertex -1.61549 -2.10535 -5.38124
      vertex -2.02926 -2.64458 -4.98882
      vertex -1.87647 -1.87647 -5.38124
    endloop
  endfacet
  facet normal -0.408754 -0.828871 0.38196
    outer loop
      vertex -2.225 -4.96075 2.5
      vertex -2.69062 -4.66029 2.65373
      vertex -2.72246 -4.71543 2.5
    endloop
  endfacet
  facet normal -0.408741 -0.828865 0.381987
    outer loop
      vertex -2.69062 -4.66029 2.65373
      vertex -2.225 -4.96075 2.5
      vertex -2.05931 -4.97161 2.65373
    endloop
  endfacet
  facet normal -0.0604495 -0.922195 0.381972
    outer loop
      vertex -0.157229 -5.43461 2.5
      vertex -0.702392 -5.3352 2.65373
      vertex -0.710703 -5.39833 2.5
    endloop
  endfacet
  facet normal -0.0604474 -0.922192 0.381978
    outer loop
      vertex -0.702392 -5.3352 2.65373
      vertex -0.157229 -5.43461 2.5
      vertex 0 -5.38124 2.65373
    endloop
  endfacet
  facet normal -0.383248 -0.777131 0.499188
    outer loop
      vertex -1.90914 -4.60907 3.33342
      vertex -2.49441 -4.32044 3.33342
      vertex -2.05931 -4.97161 2.65373
    endloop
  endfacet
  facet normal -0.278534 -0.820499 -0.499199
    outer loop
      vertex -1.39277 -5.19788 -2.65373
      vertex -2.05931 -4.97161 -2.65373
      vertex -1.2912 -4.81883 -3.33342
    endloop
  endfacet
  facet normal 0.0566746 -0.864634 -0.499195
    outer loop
      vertex 0.702392 -5.3352 -2.65373
      vertex 0 -5.38124 -2.65373
      vertex 0.651171 -4.94614 -3.33342
    endloop
  endfacet
  facet normal -0.180291 -0.906414 -0.381981
    outer loop
      vertex -0.741594 -5.63297 -1.92864
      vertex -1.39277 -5.19788 -2.65373
      vertex -0.702392 -5.3352 -2.65373
    endloop
  endfacet
  facet normal -0.31309 -0.634866 -0.706343
    outer loop
      vertex -1.7263 -4.16766 -3.95607
      vertex -2.25552 -3.90667 -3.95607
      vertex -1.97804 -3.42606 -4.51104
    endloop
  endfacet
  facet normal -0.188478 -0.947498 -0.258308
    outer loop
      vertex -0.768108 -5.83437 -1.17054
      vertex -1.52308 -5.68419 -1.17054
      vertex -0.741594 -5.63297 -1.92864
    endloop
  endfacet
  facet normal -0.0604478 -0.922191 -0.381981
    outer loop
      vertex 0 -5.68158 -1.92864
      vertex -0.741594 -5.63297 -1.92864
      vertex 0 -5.38124 -2.65373
    endloop
  endfacet
  facet normal -0.751841 -0.659344 0
    outer loop
      vertex -4.23356 -4.23356 -0.392418
      vertex -4.74993 -3.64475 0
      vertex -4.74993 -3.64475 -0.392418
    endloop
  endfacet
  facet normal -0.751841 -0.659344 0
    outer loop
      vertex -4.74993 -3.64475 0
      vertex -4.23356 -4.23356 -0.392418
      vertex -4.23356 -4.23356 0
    endloop
  endfacet
  facet normal -0.653734 -0.74543 -0.130256
    outer loop
      vertex -3.58239 -4.66866 -1.17054
      vertex -4.23356 -4.23356 -0.392418
      vertex -4.16112 -4.16112 -1.17054
    endloop
  endfacet
  facet normal -0.449162 -0.221497 0.865559
    outer loop
      vertex -2.45173 -1.01554 5.38124
      vertex -3.07968 -1.27564 4.98882
      vertex -2.88683 -1.66671 4.98882
    endloop
  endfacet
  facet normal -0.232591 -0.1147 0.965787
    outer loop
      vertex -1.08144 -0.447947 5.88471
      vertex -1.78183 -0.738057 5.68158
      vertex -1.01372 -0.585271 5.88471
    endloop
  endfacet
  facet normal -0.0747982 -0.376011 0.923591
    outer loop
      vertex -0.499167 -1.86292 5.68158
      vertex -0.686836 -2.56331 5.38124
      vertex -0.251738 -1.91214 5.68158
    endloop
  endfacet
  facet normal 0.097696 -0.491184 0.86556
    outer loop
      vertex 0.686836 -2.56331 5.38124
      vertex 0.435099 -3.3049 4.98882
      vertex 0.862753 -3.21984 4.98882
    endloop
  endfacet
  facet normal -0.401926 -0.458304 0.792725
    outer loop
      vertex -2.02926 -2.64458 4.98882
      vertex -2.79737 -2.79737 4.51104
      vertex -2.40831 -3.13857 4.51104
    endloop
  endfacet
  facet normal -0.227532 -0.6703 0.706347
    outer loop
      vertex -1.02391 -3.82127 4.51104
      vertex -1.7263 -4.16766 3.95607
      vertex -1.16754 -4.35733 3.95607
    endloop
  endfacet
  facet normal -0.351175 -0.712097 0.607943
    outer loop
      vertex -1.7263 -4.16766 3.95607
      vertex -2.49441 -4.32044 3.33342
      vertex -1.90914 -4.60907 3.33342
    endloop
  endfacet
  facet normal -0.597868 -0.118928 0.792723
    outer loop
      vertex -3.3049 -0.435099 4.98882
      vertex -3.92223 -0.516371 4.51104
      vertex -3.82127 -1.02391 4.51104
    endloop
  endfacet
  facet normal 0.297087 -0.875132 0.381946
    outer loop
      vertex 1.55845 -5.20873 2.5
      vertex 1.39277 -5.19788 2.65373
      vertex 1.40925 -5.25938 2.5
    endloop
  endfacet
  facet normal 0.720454 -0.481398 0.4992
    outer loop
      vertex 4.32044 -2.49441 3.33342
      vertex 4.26922 -3.27589 2.65373
      vertex 4.66029 -2.69062 2.65373
    endloop
  endfacet
  facet normal 0.875136 -0.297082 0.381941
    outer loop
      vertex 4.97161 -2.05931 2.65373
      vertex 5.20873 -1.55845 2.5
      vertex 5.19788 -1.39277 2.65373
    endloop
  endfacet
  facet normal 0.875123 -0.297062 0.381987
    outer loop
      vertex 5.20873 -1.55845 2.5
      vertex 4.97161 -2.05931 2.65373
      vertex 5.03044 -2.08368 2.5
    endloop
  endfacet
  facet normal 0.828863 -0.408742 0.381988
    outer loop
      vertex 4.97161 -2.05931 2.65373
      vertex 4.96075 -2.225 2.5
      vertex 5.03044 -2.08368 2.5
    endloop
  endfacet
  facet normal 0.849838 -0.169044 -0.499199
    outer loop
      vertex 5.19788 -1.39277 -2.65373
      vertex 4.81883 -1.2912 -3.33342
      vertex 4.94614 -0.651171 -3.33342
    endloop
  endfacet
  facet normal 0.972427 -0.193436 -0.130262
    outer loop
      vertex 5.78315 -1.54959 -0.392418
      vertex 5.68419 -1.52308 -1.17054
      vertex 5.83437 -0.768108 -1.17054
    endloop
  endfacet
  facet normal 0.866431 -0.427288 -0.258307
    outer loop
      vertex 5.09631 -2.94236 -1.17054
      vertex 4.92039 -2.84079 -1.92864
      vertex 5.2491 -2.17425 -1.92864
    endloop
  endfacet
  facet normal 0.588577 -0.393265 -0.706343
    outer loop
      vertex 3.90667 -2.25552 -3.95607
      vertex 3.13857 -2.40831 -4.51104
      vertex 3.42606 -1.97804 -4.51104
    endloop
  endfacet
  facet normal 0.803255 -0.536712 -0.258307
    outer loop
      vertex 5.09631 -2.94236 -1.17054
      vertex 4.66866 -3.58239 -1.17054
      vertex 4.92039 -2.84079 -1.92864
    endloop
  endfacet
  facet normal 0.694823 -0.609355 -0.381978
    outer loop
      vertex 4.01748 -4.01748 -1.92864
      vertex 3.80511 -3.80511 -2.65373
      vertex 4.5075 -3.45873 -1.92864
    endloop
  endfacet
  facet normal 0.651469 -0.571309 -0.499193
    outer loop
      vertex 3.80511 -3.80511 -2.65373
      vertex 3.52763 -3.52763 -3.33342
      vertex 3.95789 -3.037 -3.33342
    endloop
  endfacet
  facet normal 0.922191 -0.0604473 -0.381981
    outer loop
      vertex 5.63297 -0.741594 -1.92864
      vertex 5.3352 -0.702392 -2.65373
      vertex 5.38124 0 -2.65373
    endloop
  endfacet
  facet normal 0.0604473 -0.922191 -0.381981
    outer loop
      vertex 0.741594 -5.63297 -1.92864
      vertex 0 -5.38124 -2.65373
      vertex 0.702392 -5.3352 -2.65373
    endloop
  endfacet
  facet normal 0.180291 -0.906414 -0.381981
    outer loop
      vertex 0.741594 -5.63297 -1.92864
      vertex 0.702392 -5.3352 -2.65373
      vertex 1.39277 -5.19788 -2.65373
    endloop
  endfacet
  facet normal 0.0648449 -0.989359 -0.130245
    outer loop
      vertex 0.78148 -5.93593 -0.392418
      vertex 0 -5.98715 -0.392418
      vertex 0.768108 -5.83437 -1.17054
    endloop
  endfacet
  facet normal 0.193436 -0.972427 -0.130262
    outer loop
      vertex 1.54959 -5.78315 -0.392418
      vertex 0.768108 -5.83437 -1.17054
      vertex 1.52308 -5.68419 -1.17054
    endloop
  endfacet
  facet normal 0.427273 -0.866444 -0.258289
    outer loop
      vertex 2.25198 -5.43676 -1.17054
      vertex 2.17425 -5.2491 -1.92864
      vertex 2.94236 -5.09631 -1.17054
    endloop
  endfacet
  facet normal 0.38323 -0.777132 -0.499201
    outer loop
      vertex 2.69062 -4.66029 -2.65373
      vertex 2.05931 -4.97161 -2.65373
      vertex 2.49441 -4.32044 -3.33342
    endloop
  endfacet
  facet normal 0.481398 -0.720454 -0.4992
    outer loop
      vertex 2.69062 -4.66029 -2.65373
      vertex 2.49441 -4.32044 -3.33342
      vertex 3.27589 -4.26922 -2.65373
    endloop
  endfacet
  facet normal 0.427288 -0.866431 -0.258307
    outer loop
      vertex 2.94236 -5.09631 -1.17054
      vertex 2.17425 -5.2491 -1.92864
      vertex 2.84079 -4.92039 -1.92864
    endloop
  endfacet
  facet normal 0.318703 -0.938862 -0.130258
    outer loop
      vertex 2.29118 -5.53141 -0.392418
      vertex 1.52308 -5.68419 -1.17054
      vertex 2.25198 -5.43676 -1.17054
    endloop
  endfacet
  facet normal 0.596954 -0.523501 0.607941
    outer loop
      vertex 3.95789 -3.037 3.33342
      vertex 3.18979 -3.18979 3.95607
      vertex 3.52763 -3.52763 3.33342
    endloop
  endfacet
  facet normal 0.596952 -0.52351 0.607936
    outer loop
      vertex 3.57885 -2.74615 3.95607
      vertex 3.18979 -3.18979 3.95607
      vertex 3.95789 -3.037 3.33342
    endloop
  endfacet
  facet normal 0.255214 -0.751845 0.607943
    outer loop
      vertex 1.7263 -4.16766 3.95607
      vertex 1.2912 -4.81883 3.33342
      vertex 1.90914 -4.60907 3.33342
    endloop
  endfacet
  facet normal 0.393265 -0.588577 0.706343
    outer loop
      vertex 2.40831 -3.13857 4.51104
      vertex 1.97804 -3.42606 4.51104
      vertex 2.25552 -3.90667 3.95607
    endloop
  endfacet
  facet normal 0.31309 -0.634866 0.706343
    outer loop
      vertex 1.97804 -3.42606 4.51104
      vertex 1.7263 -4.16766 3.95607
      vertex 2.25552 -3.90667 3.95607
    endloop
  endfacet
  facet normal 0.330211 -0.376521 0.865559
    outer loop
      vertex 2.35708 -2.35708 4.98882
      vertex 1.87647 -1.87647 5.38124
      vertex 2.02926 -2.64458 4.98882
    endloop
  endfacet
  facet normal 0.114702 -0.232591 0.965787
    outer loop
      vertex 0.964318 -1.67025 5.68158
      vertex 0.585271 -1.01372 5.88471
      vertex 0.738057 -1.78183 5.68158
    endloop
  endfacet
  facet normal 0.19595 -0.577235 0.792719
    outer loop
      vertex 1.27564 -3.07968 4.98882
      vertex 0.862753 -3.21984 4.98882
      vertex 1.02391 -3.82127 4.51104
    endloop
  endfacet
  facet normal 0.056671 -0.864633 0.499197
    outer loop
      vertex 0 -4.98882 3.33342
      vertex 0 -5.38124 2.65373
      vertex 0.651171 -4.94614 3.33342
    endloop
  endfacet
  facet normal 0.720456 -0.481397 0.499199
    outer loop
      vertex 4.32044 -2.49441 3.33342
      vertex 3.95789 -3.037 3.33342
      vertex 4.26922 -3.27589 2.65373
    endloop
  endfacet
  facet normal 0.651462 -0.571312 0.499199
    outer loop
      vertex 3.95789 -3.037 3.33342
      vertex 3.80511 -3.80511 2.65373
      vertex 4.26922 -3.27589 2.65373
    endloop
  endfacet
  facet normal 0.506846 -0.338666 0.792725
    outer loop
      vertex 2.88683 -1.66671 4.98882
      vertex 2.64458 -2.02926 4.98882
      vertex 3.13857 -2.40831 4.51104
    endloop
  endfacet
  facet normal 0.546719 -0.269614 0.792721
    outer loop
      vertex 3.65494 -1.51392 4.51104
      vertex 2.88683 -1.66671 4.98882
      vertex 3.42606 -1.97804 4.51104
    endloop
  endfacet
  facet normal 0.712095 -0.351177 0.607944
    outer loop
      vertex 4.16766 -1.7263 3.95607
      vertex 3.90667 -2.25552 3.95607
      vertex 4.32044 -2.49441 3.33342
    endloop
  endfacet
  facet normal 0.588577 -0.393265 0.706343
    outer loop
      vertex 3.42606 -1.97804 4.51104
      vertex 3.13857 -2.40831 4.51104
      vertex 3.90667 -2.25552 3.95607
    endloop
  endfacet
  facet normal 0.778724 -0.154898 0.607943
    outer loop
      vertex 4.94614 -0.651171 3.33342
      vertex 4.35733 -1.16754 3.95607
      vertex 4.81883 -1.2912 3.33342
    endloop
  endfacet
  facet normal 0.778725 -0.154902 0.607941
    outer loop
      vertex 4.47245 -0.588808 3.95607
      vertex 4.35733 -1.16754 3.95607
      vertex 4.94614 -0.651171 3.33342
    endloop
  endfacet
  facet normal 0.751845 -0.255214 0.607943
    outer loop
      vertex 4.81883 -1.2912 3.33342
      vertex 4.16766 -1.7263 3.95607
      vertex 4.60907 -1.90914 3.33342
    endloop
  endfacet
  facet normal 0.712097 -0.351175 0.607943
    outer loop
      vertex 4.60907 -1.90914 3.33342
      vertex 4.16766 -1.7263 3.95607
      vertex 4.32044 -2.49441 3.33342
    endloop
  endfacet
  facet normal -0.0862427 -0.0983389 0.991409
    outer loop
      vertex -0.277481 -0.277481 5.98715
      vertex -0.827698 -0.827698 5.88471
      vertex -0.238889 -0.311326 5.98715
    endloop
  endfacet
  facet normal 0.258779 -0.0169615 0.965788
    outer loop
      vertex 1.92864 0 5.68158
      vertex 1.17054 0 5.88471
      vertex 1.91214 -0.251738 5.68158
    endloop
  endfacet
  facet normal 0.382561 -0.0250747 0.92359
    outer loop
      vertex 1.92864 0 5.68158
      vertex 1.91214 -0.251738 5.68158
      vertex 2.65373 0 5.38124
    endloop
  endfacet
  facet normal 0.694264 -0.138101 0.706347
    outer loop
      vertex 4.47245 -0.588808 3.95607
      vertex 3.92223 -0.516371 4.51104
      vertex 4.35733 -1.16754 3.95607
    endloop
  endfacet
  facet normal 0.70635 -0.0462936 0.706347
    outer loop
      vertex 4.51104 0 3.95607
      vertex 3.92223 -0.516371 4.51104
      vertex 4.47245 -0.588808 3.95607
    endloop
  endfacet
  facet normal -0.0726682 -0.108755 -0.991409
    outer loop
      vertex -0.196209 -0.339844 -5.98715
      vertex -0.585271 -1.01372 -5.88471
      vertex -0.238889 -0.311326 -5.98715
    endloop
  endfacet
  facet normal -0.255212 -0.751845 -0.607944
    outer loop
      vertex -1.2912 -4.81883 -3.33342
      vertex -1.7263 -4.16766 -3.95607
      vertex -1.16754 -4.35733 -3.95607
    endloop
  endfacet
  facet normal 0.0862418 -0.0983399 -0.991409
    outer loop
      vertex 0.712581 -0.928653 -5.88471
      vertex 0.238889 -0.311326 -5.98715
      vertex 0.827698 -0.827698 -5.88471
    endloop
  endfacet
  facet normal 0.989359 -0.0648449 -0.130245
    outer loop
      vertex 5.93593 -0.78148 -0.392418
      vertex 5.83437 -0.768108 -1.17054
      vertex 5.98715 0 -0.392418
    endloop
  endfacet
  facet normal 0.922192 -0.0604474 0.381978
    outer loop
      vertex 5.3352 -0.702392 2.65373
      vertex 5.43461 -0.157229 2.5
      vertex 5.38124 0 2.65373
    endloop
  endfacet
  facet normal 0.922195 -0.0604495 0.381972
    outer loop
      vertex 5.43461 -0.157229 2.5
      vertex 5.3352 -0.702392 2.65373
      vertex 5.39833 -0.710703 2.5
    endloop
  endfacet
  facet normal 0.906416 -0.180298 0.381972
    outer loop
      vertex 5.3352 -0.702392 2.65373
      vertex 5.29012 -1.25471 2.5
      vertex 5.39833 -0.710703 2.5
    endloop
  endfacet
  facet normal 0.906426 -0.180293 0.381952
    outer loop
      vertex 5.29012 -1.25471 2.5
      vertex 5.3352 -0.702392 2.65373
      vertex 5.19788 -1.39277 2.65373
    endloop
  endfacet
  facet normal -0.1147 -0.232591 0.965787
    outer loop
      vertex -0.585271 -1.01372 5.88471
      vertex -0.738057 -1.78183 5.68158
      vertex -0.447947 -1.08144 5.88471
    endloop
  endfacet
  facet normal 0.245571 -0.0833649 0.965787
    outer loop
      vertex 1.13066 -0.302958 5.88471
      vertex 1.08144 -0.447947 5.88471
      vertex 1.78183 -0.738057 5.68158
    endloop
  endfacet
  facet normal -0.550834 -0.824389 -0.130247
    outer loop
      vertex -2.94236 -5.09631 -1.17054
      vertex -3.64475 -4.74993 -0.392418
      vertex -3.58239 -4.66866 -1.17054
    endloop
  endfacet
  facet normal -0.634866 -0.31309 0.706343
    outer loop
      vertex -3.42606 -1.97804 4.51104
      vertex -4.16766 -1.7263 3.95607
      vertex -3.90667 -2.25552 3.95607
    endloop
  endfacet
  facet normal -0.546719 -0.269606 0.792724
    outer loop
      vertex -3.07968 -1.27564 4.98882
      vertex -3.65494 -1.51392 4.51104
      vertex -2.88683 -1.66671 4.98882
    endloop
  endfacet
  facet normal -0.506846 -0.338666 0.792725
    outer loop
      vertex -2.88683 -1.66671 4.98882
      vertex -3.13857 -2.40831 4.51104
      vertex -2.64458 -2.02926 4.98882
    endloop
  endfacet
  facet normal -0.588577 -0.393265 0.706343
    outer loop
      vertex -3.42606 -1.97804 4.51104
      vertex -3.90667 -2.25552 3.95607
      vertex -3.13857 -2.40831 4.51104
    endloop
  endfacet
  facet normal -0.906416 -0.180298 0.381972
    outer loop
      vertex -5.29012 -1.25471 2.5
      vertex -5.3352 -0.702392 2.65373
      vertex -5.39833 -0.710703 2.5
    endloop
  endfacet
  facet normal -0.906426 -0.180293 0.381952
    outer loop
      vertex -5.3352 -0.702392 2.65373
      vertex -5.29012 -1.25471 2.5
      vertex -5.19788 -1.39277 2.65373
    endloop
  endfacet
  facet normal -0.922192 -0.0604474 0.381978
    outer loop
      vertex -5.43461 -0.157229 2.5
      vertex -5.3352 -0.702392 2.65373
      vertex -5.38124 0 2.65373
    endloop
  endfacet
  facet normal -0.922195 -0.0604495 0.381972
    outer loop
      vertex -5.3352 -0.702392 2.65373
      vertex -5.43461 -0.157229 2.5
      vertex -5.39833 -0.710703 2.5
    endloop
  endfacet
  facet normal -0.751845 -0.255214 0.607943
    outer loop
      vertex -4.16766 -1.7263 3.95607
      vertex -4.81883 -1.2912 3.33342
      vertex -4.60907 -1.90914 3.33342
    endloop
  endfacet
  facet normal -0.751845 -0.255212 0.607944
    outer loop
      vertex -4.35733 -1.16754 3.95607
      vertex -4.81883 -1.2912 3.33342
      vertex -4.16766 -1.7263 3.95607
    endloop
  endfacet
  facet normal -0.670303 -0.227529 0.706345
    outer loop
      vertex -3.82127 -1.02391 4.51104
      vertex -4.16766 -1.7263 3.95607
      vertex -3.65494 -1.51392 4.51104
    endloop
  endfacet
  facet normal -0.499732 -0.0327566 0.86556
    outer loop
      vertex -2.65373 0 5.38124
      vertex -3.33342 0 4.98882
      vertex -3.3049 -0.435099 4.98882
    endloop
  endfacet
  facet normal -0.751845 -0.255212 -0.607944
    outer loop
      vertex -4.16766 -1.7263 -3.95607
      vertex -4.81883 -1.2912 -3.33342
      vertex -4.35733 -1.16754 -3.95607
    endloop
  endfacet
  facet normal -0.972427 -0.193436 -0.130262
    outer loop
      vertex -5.78315 -1.54959 -0.392418
      vertex -5.83437 -0.768108 -1.17054
      vertex -5.68419 -1.52308 -1.17054
    endloop
  endfacet
  facet normal -0.938861 -0.318705 -0.13026
    outer loop
      vertex -5.53141 -2.29118 -0.392418
      vertex -5.78315 -1.54959 -0.392418
      vertex -5.68419 -1.52308 -1.17054
    endloop
  endfacet
  facet normal -0.989359 -0.0648403 -0.130249
    outer loop
      vertex -5.83437 -0.768108 -1.17054
      vertex -5.98715 0 -0.392418
      vertex -5.88471 0 -1.17054
    endloop
  endfacet
  facet normal -0.875115 -0.297075 -0.381996
    outer loop
      vertex -4.97161 -2.05931 -2.65373
      vertex -5.2491 -2.17425 -1.92864
      vertex -5.19788 -1.39277 -2.65373
    endloop
  endfacet
  facet normal 0.441118 -0.660174 -0.607936
    outer loop
      vertex 3.037 -3.95789 -3.33342
      vertex 2.49441 -4.32044 -3.33342
      vertex 2.74615 -3.57885 -3.95607
    endloop
  endfacet
  facet normal 0.523501 -0.596954 -0.607941
    outer loop
      vertex 3.52763 -3.52763 -3.33342
      vertex 3.037 -3.95789 -3.33342
      vertex 3.18979 -3.18979 -3.95607
    endloop
  endfacet
  facet normal 0.278522 -0.82051 -0.499188
    outer loop
      vertex 2.05931 -4.97161 -2.65373
      vertex 1.2912 -4.81883 -3.33342
      vertex 1.90914 -4.60907 -3.33342
    endloop
  endfacet
  facet normal 0.0519288 -0.792281 -0.607943
    outer loop
      vertex 0.651171 -4.94614 -3.33342
      vertex 0 -4.98882 -3.33342
      vertex 0 -4.51104 -3.95607
    endloop
  endfacet
  facet normal 0.778724 -0.154898 -0.607943
    outer loop
      vertex 4.81883 -1.2912 -3.33342
      vertex 4.35733 -1.16754 -3.95607
      vertex 4.94614 -0.651171 -3.33342
    endloop
  endfacet
  facet normal 0.706349 -0.0462901 -0.706349
    outer loop
      vertex 4.51104 0 -3.95607
      vertex 3.92223 -0.516371 -4.51104
      vertex 3.95607 0 -4.51104
    endloop
  endfacet
  facet normal -0.491185 -0.0977017 -0.865559
    outer loop
      vertex -2.56331 -0.686836 -5.38124
      vertex -3.3049 -0.435099 -4.98882
      vertex -2.63103 -0.346381 -5.38124
    endloop
  endfacet
  facet normal -0.338661 -0.506855 -0.792721
    outer loop
      vertex -1.97804 -3.42606 -4.51104
      vertex -2.40831 -3.13857 -4.51104
      vertex -1.66671 -2.88683 -4.98882
    endloop
  endfacet
  facet normal -0.227529 -0.670303 -0.706345
    outer loop
      vertex -1.02391 -3.82127 -4.51104
      vertex -1.7263 -4.16766 -3.95607
      vertex -1.51392 -3.65494 -4.51104
    endloop
  endfacet
  facet normal -0.278233 -0.416405 -0.86556
    outer loop
      vertex -1.32687 -2.2982 -5.38124
      vertex -1.66671 -2.88683 -4.98882
      vertex -1.61549 -2.10535 -5.38124
    endloop
  endfacet
  facet normal 0.169038 -0.849842 -0.499195
    outer loop
      vertex 0.702392 -5.3352 -2.65373
      vertex 0.651171 -4.94614 -3.33342
      vertex 1.39277 -5.19788 -2.65373
    endloop
  endfacet
  facet normal -0.313083 -0.634866 -0.706346
    outer loop
      vertex -1.7263 -4.16766 -3.95607
      vertex -1.97804 -3.42606 -4.51104
      vertex -1.51392 -3.65494 -4.51104
    endloop
  endfacet
  facet normal 0.363034 -0.123233 -0.923591
    outer loop
      vertex 2.45173 -1.01554 -5.38124
      vertex 1.78183 -0.738057 -5.68158
      vertex 2.56331 -0.686836 -5.38124
    endloop
  endfacet
  facet normal 0.0169544 -0.258781 -0.965787
    outer loop
      vertex 0.251738 -1.91214 -5.68158
      vertex 0 -1.17054 -5.88471
      vertex 0.152786 -1.16053 -5.88471
    endloop
  endfacet
  facet normal -0.0327501 -0.499736 -0.865559
    outer loop
      vertex 0 -2.65373 -5.38124
      vertex -0.435099 -3.3049 -4.98882
      vertex -0.346381 -2.63103 -5.38124
    endloop
  endfacet
  facet normal -0.14408 -0.215629 -0.965787
    outer loop
      vertex -0.964318 -1.67025 -5.68158
      vertex -1.17408 -1.53009 -5.68158
      vertex -0.585271 -1.01372 -5.88471
    endloop
  endfacet
  facet normal -0.466732 -0.5322 -0.706346
    outer loop
      vertex -2.40831 -3.13857 -4.51104
      vertex -3.18979 -3.18979 -3.95607
      vertex -2.79737 -2.79737 -4.51104
    endloop
  endfacet
  facet normal -0.660176 -0.441104 -0.607944
    outer loop
      vertex -3.57885 -2.74615 -3.95607
      vertex -4.32044 -2.49441 -3.33342
      vertex -3.90667 -2.25552 -3.95607
    endloop
  endfacet
  facet normal -0.571312 -0.651462 -0.499199
    outer loop
      vertex -3.27589 -4.26922 -2.65373
      vertex -3.80511 -3.80511 -2.65373
      vertex -3.037 -3.95789 -3.33342
    endloop
  endfacet
  facet normal -0.828868 -0.408742 -0.381979
    outer loop
      vertex -4.92039 -2.84079 -1.92864
      vertex -4.97161 -2.05931 -2.65373
      vertex -4.66029 -2.69062 -2.65373
    endloop
  endfacet
  facet normal -0.634866 -0.31309 -0.706343
    outer loop
      vertex -3.90667 -2.25552 -3.95607
      vertex -4.16766 -1.7263 -3.95607
      vertex -3.42606 -1.97804 -4.51104
    endloop
  endfacet
  facet normal -0.588577 -0.393264 -0.706343
    outer loop
      vertex -3.57885 -2.74615 -3.95607
      vertex -3.90667 -2.25552 -3.95607
      vertex -3.13857 -2.40831 -4.51104
    endloop
  endfacet
  facet normal -0.338666 -0.506846 -0.792725
    outer loop
      vertex -1.66671 -2.88683 -4.98882
      vertex -2.40831 -3.13857 -4.51104
      vertex -2.02926 -2.64458 -4.98882
    endloop
  endfacet
  facet normal -0.330211 -0.376521 -0.865559
    outer loop
      vertex -2.02926 -2.64458 -4.98882
      vertex -2.35708 -2.35708 -4.98882
      vertex -1.87647 -1.87647 -5.38124
    endloop
  endfacet
  facet normal -0.245575 -0.0833591 -0.965787
    outer loop
      vertex -1.78183 -0.738057 -5.68158
      vertex -1.86292 -0.499167 -5.68158
      vertex -1.13066 -0.302958 -5.88471
    endloop
  endfacet
  facet normal -0.0420461 -0.123856 -0.991409
    outer loop
      vertex -0.302958 -1.13066 -5.88471
      vertex -0.447947 -1.08144 -5.88471
      vertex -0.101565 -0.379047 -5.98715
    endloop
  endfacet
  facet normal 0.343842 -0.169565 -0.923591
    outer loop
      vertex 2.2982 -1.32687 -5.38124
      vertex 1.67025 -0.964318 -5.68158
      vertex 1.78183 -0.738057 -5.68158
    endloop
  endfacet
  facet normal -0.258779 -0.0169615 -0.965788
    outer loop
      vertex -1.91214 -0.251738 -5.68158
      vertex -1.92864 0 -5.68158
      vertex -1.17054 0 -5.88471
    endloop
  endfacet
  facet normal -0.571309 -0.651469 0.499193
    outer loop
      vertex -3.52763 -3.52763 3.33342
      vertex -3.80511 -3.80511 2.65373
      vertex -3.037 -3.95789 3.33342
    endloop
  endfacet
  facet normal -0.46673 -0.532206 0.706343
    outer loop
      vertex -2.40831 -3.13857 4.51104
      vertex -3.18979 -3.18979 3.95607
      vertex -2.74615 -3.57885 3.95607
    endloop
  endfacet
  facet normal -0.408742 -0.828863 0.381988
    outer loop
      vertex -2.05931 -4.97161 2.65373
      vertex -2.225 -4.96075 2.5
      vertex -2.08368 -5.03044 2.5
    endloop
  endfacet
  facet normal -0.609342 -0.694827 0.381991
    outer loop
      vertex -3.73167 -3.95403 2.5
      vertex -3.27589 -4.26922 2.65373
      vertex -3.80511 -3.80511 2.65373
    endloop
  endfacet
  facet normal -0.609343 -0.694835 0.381976
    outer loop
      vertex -3.27589 -4.26922 2.65373
      vertex -3.73167 -3.95403 2.5
      vertex -3.31465 -4.31974 2.5
    endloop
  endfacet
  facet normal -0.0604134 -0.922207 0.381948
    outer loop
      vertex 0 -5.38124 2.65373
      vertex -0.157229 -5.43461 2.5
      vertex 0 -5.44491 2.5
    endloop
  endfacet
  facet normal -0.660174 -0.441118 0.607936
    outer loop
      vertex -3.57885 -2.74615 3.95607
      vertex -4.32044 -2.49441 3.33342
      vertex -3.95789 -3.037 3.33342
    endloop
  endfacet
  facet normal -0.193436 -0.972427 -0.130262
    outer loop
      vertex -0.768108 -5.83437 -1.17054
      vertex -1.54959 -5.78315 -0.392418
      vertex -1.52308 -5.68419 -1.17054
    endloop
  endfacet
  facet normal -0.321444 -0.946929 0
    outer loop
      vertex -2.29118 -5.53141 -0.392418
      vertex -1.54959 -5.78315 0
      vertex -2.29118 -5.53141 0
    endloop
  endfacet
  facet normal -0.321444 -0.946929 -0
    outer loop
      vertex -1.54959 -5.78315 0
      vertex -2.29118 -5.53141 -0.392418
      vertex -1.54959 -5.78315 -0.392418
    endloop
  endfacet
  facet normal -0.0648403 -0.989359 -0.130249
    outer loop
      vertex 0 -5.98715 -0.392418
      vertex -0.768108 -5.83437 -1.17054
      vertex 0 -5.88471 -1.17054
    endloop
  endfacet
  facet normal -0.310518 -0.914799 -0.258303
    outer loop
      vertex -1.52308 -5.68419 -1.17054
      vertex -2.17425 -5.2491 -1.92864
      vertex -1.4705 -5.48798 -1.92864
    endloop
  endfacet
  facet normal -0.097696 -0.491184 -0.86556
    outer loop
      vertex -0.435099 -3.3049 -4.98882
      vertex -0.862753 -3.21984 -4.98882
      vertex -0.686836 -2.56331 -5.38124
    endloop
  endfacet
  facet normal 0.0398717 -0.60828 -0.79272
    outer loop
      vertex 0.435099 -3.3049 -4.98882
      vertex 0 -3.95607 -4.51104
      vertex 0 -3.33342 -4.98882
    endloop
  endfacet
  facet normal -0.351177 -0.712095 -0.607944
    outer loop
      vertex -1.7263 -4.16766 -3.95607
      vertex -2.49441 -4.32044 -3.33342
      vertex -2.25552 -3.90667 -3.95607
    endloop
  endfacet
  facet normal -0.351175 -0.712097 -0.607943
    outer loop
      vertex -1.90914 -4.60907 -3.33342
      vertex -2.49441 -4.32044 -3.33342
      vertex -1.7263 -4.16766 -3.95607
    endloop
  endfacet
  facet normal -0.408756 -0.828853 -0.381995
    outer loop
      vertex -2.17425 -5.2491 -1.92864
      vertex -2.84079 -4.92039 -1.92864
      vertex -2.05931 -4.97161 -2.65373
    endloop
  endfacet
  facet normal -0.427273 -0.866444 -0.258289
    outer loop
      vertex -2.25198 -5.43676 -1.17054
      vertex -2.94236 -5.09631 -1.17054
      vertex -2.17425 -5.2491 -1.92864
    endloop
  endfacet
  facet normal -0.536712 -0.803255 -0.258307
    outer loop
      vertex -2.94236 -5.09631 -1.17054
      vertex -3.58239 -4.66866 -1.17054
      vertex -2.84079 -4.92039 -1.92864
    endloop
  endfacet
  facet normal -0.383248 -0.777131 -0.499188
    outer loop
      vertex -2.05931 -4.97161 -2.65373
      vertex -2.49441 -4.32044 -3.33342
      vertex -1.90914 -4.60907 -3.33342
    endloop
  endfacet
  facet normal -0.318703 -0.938862 -0.130258
    outer loop
      vertex -1.52308 -5.68419 -1.17054
      vertex -2.29118 -5.53141 -0.392418
      vertex -2.25198 -5.43676 -1.17054
    endloop
  endfacet
  facet normal -0.659344 -0.751841 0
    outer loop
      vertex -4.23356 -4.23356 -0.392418
      vertex -3.64475 -4.74993 0
      vertex -4.23356 -4.23356 0
    endloop
  endfacet
  facet normal -0.659344 -0.751841 -0
    outer loop
      vertex -3.64475 -4.74993 0
      vertex -4.23356 -4.23356 -0.392418
      vertex -3.64475 -4.74993 -0.392418
    endloop
  endfacet
  facet normal -0.318705 -0.938861 -0.13026
    outer loop
      vertex -1.54959 -5.78315 -0.392418
      vertex -2.29118 -5.53141 -0.392418
      vertex -1.52308 -5.68419 -1.17054
    endloop
  endfacet
  facet normal -0.00855115 -0.130519 0.991409
    outer loop
      vertex -0.0512209 -0.389061 5.98715
      vertex -0.152786 -1.16053 5.88471
      vertex 0 -1.17054 5.88471
    endloop
  endfacet
  facet normal -0.0169615 -0.258779 0.965788
    outer loop
      vertex 0 -1.17054 5.88471
      vertex -0.251738 -1.91214 5.68158
      vertex 0 -1.92864 5.68158
    endloop
  endfacet
  facet normal -0.363033 -0.12323 0.923591
    outer loop
      vertex -1.86292 -0.499167 5.68158
      vertex -2.56331 -0.686836 5.38124
      vertex -1.78183 -0.738057 5.68158
    endloop
  endfacet
  facet normal -0.11731 -0.0578504 0.991409
    outer loop
      vertex -0.362547 -0.150171 5.98715
      vertex -1.08144 -0.447947 5.88471
      vertex -1.01372 -0.585271 5.88471
    endloop
  endfacet
  facet normal -0.338666 -0.506846 0.792725
    outer loop
      vertex -2.02926 -2.64458 4.98882
      vertex -2.40831 -3.13857 4.51104
      vertex -1.66671 -2.88683 4.98882
    endloop
  endfacet
  facet normal -0.660176 -0.441104 0.607944
    outer loop
      vertex -3.90667 -2.25552 3.95607
      vertex -4.32044 -2.49441 3.33342
      vertex -3.57885 -2.74615 3.95607
    endloop
  endfacet
  facet normal -0.255214 -0.751845 0.607943
    outer loop
      vertex -1.7263 -4.16766 3.95607
      vertex -1.90914 -4.60907 3.33342
      vertex -1.2912 -4.81883 3.33342
    endloop
  endfacet
  facet normal -0.255212 -0.751845 0.607944
    outer loop
      vertex -1.16754 -4.35733 3.95607
      vertex -1.7263 -4.16766 3.95607
      vertex -1.2912 -4.81883 3.33342
    endloop
  endfacet
  facet normal -0.792281 -0.0519288 0.607943
    outer loop
      vertex -4.51104 0 3.95607
      vertex -4.98882 0 3.33342
      vertex -4.94614 -0.651171 3.33342
    endloop
  endfacet
  facet normal 0.1803 -0.906427 0.381946
    outer loop
      vertex 1.39277 -5.19788 2.65373
      vertex 1.25471 -5.29012 2.5
      vertex 1.40925 -5.25938 2.5
    endloop
  endfacet
  facet normal 0.38323 -0.777132 0.499201
    outer loop
      vertex 2.49441 -4.32044 3.33342
      vertex 2.05931 -4.97161 2.65373
      vertex 2.69062 -4.66029 2.65373
    endloop
  endfacet
  facet normal 0.875132 -0.297087 0.381946
    outer loop
      vertex 5.25938 -1.40925 2.5
      vertex 5.19788 -1.39277 2.65373
      vertex 5.20873 -1.55845 2.5
    endloop
  endfacet
  facet normal 0.972432 -0.19342 -0.130245
    outer loop
      vertex 5.93593 -0.78148 -0.392418
      vertex 5.78315 -1.54959 -0.392418
      vertex 5.83437 -0.768108 -1.17054
    endloop
  endfacet
  facet normal 0.828868 -0.408742 -0.381979
    outer loop
      vertex 4.92039 -2.84079 -1.92864
      vertex 4.66029 -2.69062 -2.65373
      vertex 4.97161 -2.05931 -2.65373
    endloop
  endfacet
  facet normal 0.720454 -0.481398 -0.4992
    outer loop
      vertex 4.66029 -2.69062 -2.65373
      vertex 4.26922 -3.27589 -2.65373
      vertex 4.32044 -2.49441 -3.33342
    endloop
  endfacet
  facet normal 0.864634 -0.0566746 -0.499195
    outer loop
      vertex 5.3352 -0.702392 -2.65373
      vertex 4.94614 -0.651171 -3.33342
      vertex 5.38124 0 -2.65373
    endloop
  endfacet
  facet normal 0.906415 -0.180299 -0.381974
    outer loop
      vertex 5.48798 -1.4705 -1.92864
      vertex 5.19788 -1.39277 -2.65373
      vertex 5.63297 -0.741594 -1.92864
    endloop
  endfacet
  facet normal 0.768422 -0.513438 -0.38198
    outer loop
      vertex 4.92039 -2.84079 -1.92864
      vertex 4.5075 -3.45873 -1.92864
      vertex 4.66029 -2.69062 -2.65373
    endloop
  endfacet
  facet normal 0.777132 -0.38323 -0.499201
    outer loop
      vertex 4.66029 -2.69062 -2.65373
      vertex 4.32044 -2.49441 -3.33342
      vertex 4.97161 -2.05931 -2.65373
    endloop
  endfacet
  facet normal 0.651462 -0.571312 -0.499199
    outer loop
      vertex 4.26922 -3.27589 -2.65373
      vertex 3.80511 -3.80511 -2.65373
      vertex 3.95789 -3.037 -3.33342
    endloop
  endfacet
  facet normal 0.694828 -0.609343 -0.381988
    outer loop
      vertex 4.5075 -3.45873 -1.92864
      vertex 3.80511 -3.80511 -2.65373
      vertex 4.26922 -3.27589 -2.65373
    endloop
  endfacet
  facet normal 0.889236 -0.438512 -0.130257
    outer loop
      vertex 5.53141 -2.29118 -0.392418
      vertex 5.09631 -2.94236 -1.17054
      vertex 5.43676 -2.25198 -1.17054
    endloop
  endfacet
  facet normal 0.866444 -0.427273 -0.258289
    outer loop
      vertex 5.43676 -2.25198 -1.17054
      vertex 5.09631 -2.94236 -1.17054
      vertex 5.2491 -2.17425 -1.92864
    endloop
  endfacet
  facet normal 0.803255 -0.536712 -0.258307
    outer loop
      vertex 4.66866 -3.58239 -1.17054
      vertex 4.5075 -3.45873 -1.92864
      vertex 4.92039 -2.84079 -1.92864
    endloop
  endfacet
  facet normal 0.938861 -0.318705 -0.13026
    outer loop
      vertex 5.78315 -1.54959 -0.392418
      vertex 5.53141 -2.29118 -0.392418
      vertex 5.68419 -1.52308 -1.17054
    endloop
  endfacet
  facet normal 0.513453 -0.768421 0.381962
    outer loop
      vertex 2.85347 -4.62789 2.5
      vertex 2.69062 -4.66029 2.65373
      vertex 2.72246 -4.71543 2.5
    endloop
  endfacet
  facet normal 0.180299 -0.906415 -0.381974
    outer loop
      vertex 1.4705 -5.48798 -1.92864
      vertex 0.741594 -5.63297 -1.92864
      vertex 1.39277 -5.19788 -2.65373
    endloop
  endfacet
  facet normal 0.297053 -0.875131 -0.381974
    outer loop
      vertex 1.4705 -5.48798 -1.92864
      vertex 1.39277 -5.19788 -2.65373
      vertex 2.17425 -5.2491 -1.92864
    endloop
  endfacet
  facet normal 0.195082 -0.980787 0
    outer loop
      vertex 0.78148 -5.93593 -0.392418
      vertex 1.54959 -5.78315 0
      vertex 0.78148 -5.93593 0
    endloop
  endfacet
  facet normal 0.195082 -0.980787 0
    outer loop
      vertex 1.54959 -5.78315 0
      vertex 0.78148 -5.93593 -0.392418
      vertex 1.54959 -5.78315 -0.392418
    endloop
  endfacet
  facet normal 0.19342 -0.972432 -0.130245
    outer loop
      vertex 0.78148 -5.93593 -0.392418
      vertex 0.768108 -5.83437 -1.17054
      vertex 1.54959 -5.78315 -0.392418
    endloop
  endfacet
  facet normal 0.536712 -0.803255 -0.258307
    outer loop
      vertex 2.94236 -5.09631 -1.17054
      vertex 2.84079 -4.92039 -1.92864
      vertex 3.58239 -4.66866 -1.17054
    endloop
  endfacet
  facet normal 0.536712 -0.803255 -0.258307
    outer loop
      vertex 3.58239 -4.66866 -1.17054
      vertex 2.84079 -4.92039 -1.92864
      vertex 3.45873 -4.5075 -1.92864
    endloop
  endfacet
  facet normal 0.513438 -0.768422 -0.38198
    outer loop
      vertex 2.84079 -4.92039 -1.92864
      vertex 2.69062 -4.66029 -2.65373
      vertex 3.45873 -4.5075 -1.92864
    endloop
  endfacet
  facet normal 0.408742 -0.828868 -0.381979
    outer loop
      vertex 2.84079 -4.92039 -1.92864
      vertex 2.05931 -4.97161 -2.65373
      vertex 2.69062 -4.66029 -2.65373
    endloop
  endfacet
  facet normal 0.523501 -0.596954 0.607941
    outer loop
      vertex 3.18979 -3.18979 3.95607
      vertex 3.037 -3.95789 3.33342
      vertex 3.52763 -3.52763 3.33342
    endloop
  endfacet
  facet normal 0.571309 -0.651469 0.499193
    outer loop
      vertex 3.52763 -3.52763 3.33342
      vertex 3.037 -3.95789 3.33342
      vertex 3.80511 -3.80511 2.65373
    endloop
  endfacet
  facet normal 0.269614 -0.546719 0.792721
    outer loop
      vertex 1.66671 -2.88683 4.98882
      vertex 1.51392 -3.65494 4.51104
      vertex 1.97804 -3.42606 4.51104
    endloop
  endfacet
  facet normal 0.169044 -0.849838 0.499199
    outer loop
      vertex 1.2912 -4.81883 3.33342
      vertex 0.651171 -4.94614 3.33342
      vertex 1.39277 -5.19788 2.65373
    endloop
  endfacet
  facet normal 0.481397 -0.720456 0.499199
    outer loop
      vertex 3.037 -3.95789 3.33342
      vertex 2.49441 -4.32044 3.33342
      vertex 3.27589 -4.26922 2.65373
    endloop
  endfacet
  facet normal 0.393264 -0.588577 0.706343
    outer loop
      vertex 2.40831 -3.13857 4.51104
      vertex 2.25552 -3.90667 3.95607
      vertex 2.74615 -3.57885 3.95607
    endloop
  endfacet
  facet normal 0.0327566 -0.499732 0.86556
    outer loop
      vertex 0 -2.65373 5.38124
      vertex 0 -3.33342 4.98882
      vertex 0.435099 -3.3049 4.98882
    endloop
  endfacet
  facet normal 0.338666 -0.506846 0.792725
    outer loop
      vertex 2.02926 -2.64458 4.98882
      vertex 1.66671 -2.88683 4.98882
      vertex 2.40831 -3.13857 4.51104
    endloop
  endfacet
  facet normal 0.154902 -0.778725 0.607941
    outer loop
      vertex 1.16754 -4.35733 3.95607
      vertex 0.588808 -4.47245 3.95607
      vertex 0.651171 -4.94614 3.33342
    endloop
  endfacet
  facet normal 0.160982 -0.474226 0.86556
    outer loop
      vertex 1.27564 -3.07968 4.98882
      vertex 0.686836 -2.56331 5.38124
      vertex 0.862753 -3.21984 4.98882
    endloop
  endfacet
  facet normal -0.0398717 -0.60828 0.79272
    outer loop
      vertex 0 -3.33342 4.98882
      vertex -0.435099 -3.3049 4.98882
      vertex 0 -3.95607 4.51104
    endloop
  endfacet
  facet normal -0.0462901 -0.706349 0.706349
    outer loop
      vertex 0 -3.95607 4.51104
      vertex -0.516371 -3.92223 4.51104
      vertex 0 -4.51104 3.95607
    endloop
  endfacet
  facet normal 0.828865 -0.408741 0.381987
    outer loop
      vertex 4.66029 -2.69062 2.65373
      vertex 4.96075 -2.225 2.5
      vertex 4.97161 -2.05931 2.65373
    endloop
  endfacet
  facet normal 0.828871 -0.408754 0.38196
    outer loop
      vertex 4.96075 -2.225 2.5
      vertex 4.66029 -2.69062 2.65373
      vertex 4.71543 -2.72246 2.5
    endloop
  endfacet
  facet normal 0.777132 -0.38323 0.499201
    outer loop
      vertex 4.97161 -2.05931 2.65373
      vertex 4.32044 -2.49441 3.33342
      vertex 4.66029 -2.69062 2.65373
    endloop
  endfacet
  facet normal 0.449162 -0.221497 0.865559
    outer loop
      vertex 3.07968 -1.27564 4.98882
      vertex 2.45173 -1.01554 5.38124
      vertex 2.88683 -1.66671 4.98882
    endloop
  endfacet
  facet normal 0.546719 -0.269606 0.792724
    outer loop
      vertex 3.07968 -1.27564 4.98882
      vertex 2.88683 -1.66671 4.98882
      vertex 3.65494 -1.51392 4.51104
    endloop
  endfacet
  facet normal 0.416404 -0.278235 0.865559
    outer loop
      vertex 2.88683 -1.66671 4.98882
      vertex 2.10535 -1.61549 5.38124
      vertex 2.64458 -2.02926 4.98882
    endloop
  endfacet
  facet normal 0.318766 -0.212995 0.923592
    outer loop
      vertex 1.67025 -0.964318 5.68158
      vertex 1.53009 -1.17408 5.68158
      vertex 2.10535 -1.61549 5.38124
    endloop
  endfacet
  facet normal 0.401926 -0.458304 0.792725
    outer loop
      vertex 2.79737 -2.79737 4.51104
      vertex 2.02926 -2.64458 4.98882
      vertex 2.40831 -3.13857 4.51104
    endloop
  endfacet
  facet normal 0.401929 -0.458297 0.792727
    outer loop
      vertex 2.35708 -2.35708 4.98882
      vertex 2.02926 -2.64458 4.98882
      vertex 2.79737 -2.79737 4.51104
    endloop
  endfacet
  facet normal 0.634866 -0.31309 0.706343
    outer loop
      vertex 4.16766 -1.7263 3.95607
      vertex 3.42606 -1.97804 4.51104
      vertex 3.90667 -2.25552 3.95607
    endloop
  endfacet
  facet normal 0.634866 -0.313083 0.706346
    outer loop
      vertex 3.65494 -1.51392 4.51104
      vertex 3.42606 -1.97804 4.51104
      vertex 4.16766 -1.7263 3.95607
    endloop
  endfacet
  facet normal 0.258781 -0.0169544 0.965787
    outer loop
      vertex 1.17054 0 5.88471
      vertex 1.16053 -0.152786 5.88471
      vertex 1.91214 -0.251738 5.68158
    endloop
  endfacet
  facet normal -0.128285 -0.0255174 0.991409
    outer loop
      vertex -0.389061 -0.0512209 5.98715
      vertex -1.16053 -0.152786 5.88471
      vertex -0.379047 -0.101565 5.98715
    endloop
  endfacet
  facet normal 0.254353 -0.0505974 0.965787
    outer loop
      vertex 1.91214 -0.251738 5.68158
      vertex 1.13066 -0.302958 5.88471
      vertex 1.86292 -0.499167 5.68158
    endloop
  endfacet
  facet normal 0.14408 -0.215629 0.965787
    outer loop
      vertex 1.17408 -1.53009 5.68158
      vertex 0.585271 -1.01372 5.88471
      vertex 0.964318 -1.67025 5.68158
    endloop
  endfacet
  facet normal 0.376011 -0.0747982 0.923591
    outer loop
      vertex 1.91214 -0.251738 5.68158
      vertex 1.86292 -0.499167 5.68158
      vertex 2.56331 -0.686836 5.38124
    endloop
  endfacet
  facet normal -0.60828 -0.0398717 -0.79272
    outer loop
      vertex -3.3049 -0.435099 -4.98882
      vertex -3.95607 0 -4.51104
      vertex -3.33342 0 -4.98882
    endloop
  endfacet
  facet normal 0.597876 -0.118917 -0.792719
    outer loop
      vertex 3.82127 -1.02391 -4.51104
      vertex 3.21984 -0.862753 -4.98882
      vertex 3.3049 -0.435099 -4.98882
    endloop
  endfacet
  facet normal 0.160982 -0.474226 -0.86556
    outer loop
      vertex 0.862753 -3.21984 -4.98882
      vertex 0.686836 -2.56331 -5.38124
      vertex 1.27564 -3.07968 -4.98882
    endloop
  endfacet
  facet normal 0.128285 -0.0255174 -0.991409
    outer loop
      vertex 1.16053 -0.152786 -5.88471
      vertex 0.379047 -0.101565 -5.98715
      vertex 0.389061 -0.0512209 -5.98715
    endloop
  endfacet
  facet normal 0.474226 -0.160982 -0.86556
    outer loop
      vertex 3.07968 -1.27564 -4.98882
      vertex 2.56331 -0.686836 -5.38124
      vertex 3.21984 -0.862753 -4.98882
    endloop
  endfacet
  facet normal 0.258779 -0.0169615 -0.965788
    outer loop
      vertex 1.91214 -0.251738 -5.68158
      vertex 1.17054 0 -5.88471
      vertex 1.92864 0 -5.68158
    endloop
  endfacet
  facet normal 0.382561 -0.0250747 -0.92359
    outer loop
      vertex 2.65373 0 -5.38124
      vertex 1.91214 -0.251738 -5.68158
      vertex 1.92864 0 -5.68158
    endloop
  endfacet
  facet normal -0.108755 -0.0726682 -0.991409
    outer loop
      vertex -0.311326 -0.238889 -5.98715
      vertex -1.01372 -0.585271 -5.88471
      vertex -0.339844 -0.196209 -5.98715
    endloop
  endfacet
  facet normal 0.792282 -0.0519255 -0.607941
    outer loop
      vertex 4.94614 -0.651171 -3.33342
      vertex 4.47245 -0.588808 -3.95607
      vertex 4.51104 0 -3.95607
    endloop
  endfacet
  facet normal 0.278235 -0.416404 -0.865559
    outer loop
      vertex 1.66671 -2.88683 -4.98882
      vertex 1.61549 -2.10535 -5.38124
      vertex 2.02926 -2.64458 -4.98882
    endloop
  endfacet
  facet normal 0.947498 -0.188478 -0.258308
    outer loop
      vertex 5.68419 -1.52308 -1.17054
      vertex 5.63297 -0.741594 -1.92864
      vertex 5.83437 -0.768108 -1.17054
    endloop
  endfacet
  facet normal 0.922191 -0.0604478 -0.381981
    outer loop
      vertex 5.63297 -0.741594 -1.92864
      vertex 5.38124 0 -2.65373
      vertex 5.68158 0 -1.92864
    endloop
  endfacet
  facet normal -0.11731 -0.05785 0.991409
    outer loop
      vertex -0.362547 -0.150171 5.98715
      vertex -1.01372 -0.585271 5.88471
      vertex -0.339844 -0.196209 5.98715
    endloop
  endfacet
  facet normal -0.215629 -0.144081 0.965787
    outer loop
      vertex -1.01372 -0.585271 5.88471
      vertex -1.53009 -1.17408 5.68158
      vertex -0.928653 -0.712581 5.88471
    endloop
  endfacet
  facet normal 0.0255167 -0.128286 0.991409
    outer loop
      vertex 0.302958 -1.13066 5.88471
      vertex 0.101565 -0.379047 5.98715
      vertex 0.152786 -1.16053 5.88471
    endloop
  endfacet
  facet normal -0.00855419 -0.130519 0.991409
    outer loop
      vertex 0 -0.392418 5.98715
      vertex -0.0512209 -0.389061 5.98715
      vertex 0 -1.17054 5.88471
    endloop
  endfacet
  facet normal -0.889235 -0.438515 -0.130254
    outer loop
      vertex -5.18503 -2.99358 -0.392418
      vertex -5.53141 -2.29118 -0.392418
      vertex -5.09631 -2.94236 -1.17054
    endloop
  endfacet
  facet normal -0.824389 -0.550834 -0.130247
    outer loop
      vertex -4.74993 -3.64475 -0.392418
      vertex -5.09631 -2.94236 -1.17054
      vertex -4.66866 -3.58239 -1.17054
    endloop
  endfacet
  facet normal -0.866431 -0.427288 -0.258307
    outer loop
      vertex -5.09631 -2.94236 -1.17054
      vertex -5.2491 -2.17425 -1.92864
      vertex -4.92039 -2.84079 -1.92864
    endloop
  endfacet
  facet normal -0.636975 -0.72632 -0.258306
    outer loop
      vertex -3.58239 -4.66866 -1.17054
      vertex -4.16112 -4.16112 -1.17054
      vertex -3.45873 -4.5075 -1.92864
    endloop
  endfacet
  facet normal -0.653727 -0.745437 -0.130247
    outer loop
      vertex -3.64475 -4.74993 -0.392418
      vertex -4.23356 -4.23356 -0.392418
      vertex -3.58239 -4.66866 -1.17054
    endloop
  endfacet
  facet normal -0.474229 -0.160979 0.865559
    outer loop
      vertex -2.56331 -0.686836 5.38124
      vertex -3.07968 -1.27564 4.98882
      vertex -2.45173 -1.01554 5.38124
    endloop
  endfacet
  facet normal -0.474226 -0.160982 0.86556
    outer loop
      vertex -2.56331 -0.686836 5.38124
      vertex -3.21984 -0.862753 4.98882
      vertex -3.07968 -1.27564 4.98882
    endloop
  endfacet
  facet normal -0.596952 -0.52351 0.607936
    outer loop
      vertex -3.57885 -2.74615 3.95607
      vertex -3.95789 -3.037 3.33342
      vertex -3.18979 -3.18979 3.95607
    endloop
  endfacet
  facet normal -0.458304 -0.401926 0.792725
    outer loop
      vertex -2.64458 -2.02926 4.98882
      vertex -3.13857 -2.40831 4.51104
      vertex -2.79737 -2.79737 4.51104
    endloop
  endfacet
  facet normal -0.922207 -0.0604134 0.381948
    outer loop
      vertex -5.38124 0 2.65373
      vertex -5.44491 0 2.5
      vertex -5.43461 -0.157229 2.5
    endloop
  endfacet
  facet normal -0.499736 -0.0327501 0.865559
    outer loop
      vertex -2.65373 0 5.38124
      vertex -3.3049 -0.435099 4.98882
      vertex -2.63103 -0.346381 5.38124
    endloop
  endfacet
  facet normal -0.376014 -0.074793 0.923591
    outer loop
      vertex -1.91214 -0.251738 5.68158
      vertex -2.63103 -0.346381 5.38124
      vertex -2.56331 -0.686836 5.38124
    endloop
  endfacet
  facet normal -0.82051 -0.278522 0.499188
    outer loop
      vertex -4.81883 -1.2912 3.33342
      vertex -4.97161 -2.05931 2.65373
      vertex -4.60907 -1.90914 3.33342
    endloop
  endfacet
  facet normal -0.777131 -0.383248 0.499188
    outer loop
      vertex -4.60907 -1.90914 3.33342
      vertex -4.97161 -2.05931 2.65373
      vertex -4.32044 -2.49441 3.33342
    endloop
  endfacet
  facet normal -0.963997 -0.0631781 -0.258299
    outer loop
      vertex -5.83437 -0.768108 -1.17054
      vertex -5.88471 0 -1.17054
      vertex -5.68158 0 -1.92864
    endloop
  endfacet
  facet normal -0.947498 -0.188478 -0.258308
    outer loop
      vertex -5.68419 -1.52308 -1.17054
      vertex -5.83437 -0.768108 -1.17054
      vertex -5.63297 -0.741594 -1.92864
    endloop
  endfacet
  facet normal -0.946929 -0.321444 0
    outer loop
      vertex -5.53141 -2.29118 -0.392418
      vertex -5.78315 -1.54959 0
      vertex -5.78315 -1.54959 -0.392418
    endloop
  endfacet
  facet normal -0.946929 -0.321444 0
    outer loop
      vertex -5.78315 -1.54959 0
      vertex -5.53141 -2.29118 -0.392418
      vertex -5.53141 -2.29118 0
    endloop
  endfacet
  facet normal -0.980787 -0.195082 0
    outer loop
      vertex -5.78315 -1.54959 -0.392418
      vertex -5.93593 -0.78148 0
      vertex -5.93593 -0.78148 -0.392418
    endloop
  endfacet
  facet normal -0.980787 -0.195082 0
    outer loop
      vertex -5.93593 -0.78148 0
      vertex -5.78315 -1.54959 -0.392418
      vertex -5.78315 -1.54959 0
    endloop
  endfacet
  facet normal -0.875131 -0.297053 -0.381974
    outer loop
      vertex -5.2491 -2.17425 -1.92864
      vertex -5.48798 -1.4705 -1.92864
      vertex -5.19788 -1.39277 -2.65373
    endloop
  endfacet
  facet normal -0.914799 -0.310518 -0.258303
    outer loop
      vertex -5.2491 -2.17425 -1.92864
      vertex -5.68419 -1.52308 -1.17054
      vertex -5.48798 -1.4705 -1.92864
    endloop
  endfacet
  facet normal 0.313083 -0.634866 -0.706346
    outer loop
      vertex 1.7263 -4.16766 -3.95607
      vertex 1.51392 -3.65494 -4.51104
      vertex 1.97804 -3.42606 -4.51104
    endloop
  endfacet
  facet normal 0.46673 -0.532206 -0.706343
    outer loop
      vertex 2.74615 -3.57885 -3.95607
      vertex 2.40831 -3.13857 -4.51104
      vertex 3.18979 -3.18979 -3.95607
    endloop
  endfacet
  facet normal 0.0327566 -0.499732 -0.86556
    outer loop
      vertex 0.435099 -3.3049 -4.98882
      vertex 0 -3.33342 -4.98882
      vertex 0 -2.65373 -5.38124
    endloop
  endfacet
  facet normal -0.0398717 -0.60828 -0.79272
    outer loop
      vertex 0 -3.95607 -4.51104
      vertex -0.435099 -3.3049 -4.98882
      vertex 0 -3.33342 -4.98882
    endloop
  endfacet
  facet normal 0.351175 -0.712097 -0.607943
    outer loop
      vertex 1.90914 -4.60907 -3.33342
      vertex 1.7263 -4.16766 -3.95607
      vertex 2.49441 -4.32044 -3.33342
    endloop
  endfacet
  facet normal 0.383248 -0.777131 -0.499188
    outer loop
      vertex 2.05931 -4.97161 -2.65373
      vertex 1.90914 -4.60907 -3.33342
      vertex 2.49441 -4.32044 -3.33342
    endloop
  endfacet
  facet normal -0.523501 -0.596954 -0.607941
    outer loop
      vertex -3.037 -3.95789 -3.33342
      vertex -3.52763 -3.52763 -3.33342
      vertex -3.18979 -3.18979 -3.95607
    endloop
  endfacet
  facet normal -0.588577 -0.393265 -0.706343
    outer loop
      vertex -3.13857 -2.40831 -4.51104
      vertex -3.90667 -2.25552 -3.95607
      vertex -3.42606 -1.97804 -4.51104
    endloop
  endfacet
  facet normal -0.169563 -0.343843 -0.923591
    outer loop
      vertex -1.01554 -2.45173 -5.38124
      vertex -1.32687 -2.2982 -5.38124
      vertex -0.738057 -1.78183 -5.68158
    endloop
  endfacet
  facet normal -0.212995 -0.318766 -0.923592
    outer loop
      vertex -0.964318 -1.67025 -5.68158
      vertex -1.61549 -2.10535 -5.38124
      vertex -1.17408 -1.53009 -5.68158
    endloop
  endfacet
  facet normal -0.269614 -0.546719 -0.792721
    outer loop
      vertex -1.51392 -3.65494 -4.51104
      vertex -1.97804 -3.42606 -4.51104
      vertex -1.66671 -2.88683 -4.98882
    endloop
  endfacet
  facet normal -0.0462901 -0.706349 -0.706349
    outer loop
      vertex 0 -4.51104 -3.95607
      vertex -0.516371 -3.92223 -4.51104
      vertex 0 -3.95607 -4.51104
    endloop
  endfacet
  facet normal -0.194978 -0.170995 -0.965787
    outer loop
      vertex -1.36375 -1.36375 -5.68158
      vertex -1.53009 -1.17408 -5.68158
      vertex -0.827698 -0.827698 -5.88471
    endloop
  endfacet
  facet normal 0.170992 -0.194979 -0.965787
    outer loop
      vertex 1.17408 -1.53009 -5.68158
      vertex 0.712581 -0.928653 -5.88471
      vertex 0.827698 -0.827698 -5.88471
    endloop
  endfacet
  facet normal -0.074793 -0.376014 -0.923591
    outer loop
      vertex -0.346381 -2.63103 -5.38124
      vertex -0.686836 -2.56331 -5.38124
      vertex -0.251738 -1.91214 -5.68158
    endloop
  endfacet
  facet normal -0.025071 -0.38256 -0.923591
    outer loop
      vertex 0 -2.65373 -5.38124
      vertex -0.346381 -2.63103 -5.38124
      vertex -0.251738 -1.91214 -5.68158
    endloop
  endfacet
  facet normal -0.513444 -0.768414 -0.381988
    outer loop
      vertex -2.69062 -4.66029 -2.65373
      vertex -3.45873 -4.5075 -1.92864
      vertex -3.27589 -4.26922 -2.65373
    endloop
  endfacet
  facet normal -0.694828 -0.609343 -0.381988
    outer loop
      vertex -3.80511 -3.80511 -2.65373
      vertex -4.5075 -3.45873 -1.92864
      vertex -4.26922 -3.27589 -2.65373
    endloop
  endfacet
  facet normal -0.634866 -0.313083 -0.706346
    outer loop
      vertex -3.42606 -1.97804 -4.51104
      vertex -4.16766 -1.7263 -3.95607
      vertex -3.65494 -1.51392 -4.51104
    endloop
  endfacet
  facet normal -0.82051 -0.278522 -0.499188
    outer loop
      vertex -4.60907 -1.90914 -3.33342
      vertex -4.97161 -2.05931 -2.65373
      vertex -4.81883 -1.2912 -3.33342
    endloop
  endfacet
  facet normal -0.712097 -0.351175 -0.607943
    outer loop
      vertex -4.32044 -2.49441 -3.33342
      vertex -4.60907 -1.90914 -3.33342
      vertex -4.16766 -1.7263 -3.95607
    endloop
  endfacet
  facet normal -0.777131 -0.383248 -0.499188
    outer loop
      vertex -4.32044 -2.49441 -3.33342
      vertex -4.97161 -2.05931 -2.65373
      vertex -4.60907 -1.90914 -3.33342
    endloop
  endfacet
  facet normal 0.11731 -0.0578504 -0.991409
    outer loop
      vertex 1.01372 -0.585271 -5.88471
      vertex 0.362547 -0.150171 -5.98715
      vertex 1.08144 -0.447947 -5.88471
    endloop
  endfacet
  facet normal -0.577235 -0.19595 -0.792719
    outer loop
      vertex -3.07968 -1.27564 -4.98882
      vertex -3.82127 -1.02391 -4.51104
      vertex -3.21984 -0.862753 -4.98882
    endloop
  endfacet
  facet normal -0.416404 -0.278235 -0.865559
    outer loop
      vertex -2.64458 -2.02926 -4.98882
      vertex -2.88683 -1.66671 -4.98882
      vertex -2.10535 -1.61549 -5.38124
    endloop
  endfacet
  facet normal -0.597876 -0.118917 -0.792719
    outer loop
      vertex -3.21984 -0.862753 -4.98882
      vertex -3.82127 -1.02391 -4.51104
      vertex -3.3049 -0.435099 -4.98882
    endloop
  endfacet
  facet normal -0.499732 -0.0327566 -0.86556
    outer loop
      vertex -3.3049 -0.435099 -4.98882
      vertex -3.33342 0 -4.98882
      vertex -2.65373 0 -5.38124
    endloop
  endfacet
  facet normal 0.0726687 -0.108755 -0.991409
    outer loop
      vertex 0.585271 -1.01372 -5.88471
      vertex 0.238889 -0.311326 -5.98715
      vertex 0.712581 -0.928653 -5.88471
    endloop
  endfacet
  facet normal -0.0747982 -0.376011 -0.923591
    outer loop
      vertex -0.251738 -1.91214 -5.68158
      vertex -0.686836 -2.56331 -5.38124
      vertex -0.499167 -1.86292 -5.68158
    endloop
  endfacet
  facet normal 0.00855115 -0.130519 -0.991409
    outer loop
      vertex 0.152786 -1.16053 -5.88471
      vertex 0 -1.17054 -5.88471
      vertex 0.0512209 -0.389061 -5.98715
    endloop
  endfacet
  facet normal 0.0862427 -0.0983389 -0.991409
    outer loop
      vertex 0.827698 -0.827698 -5.88471
      vertex 0.238889 -0.311326 -5.98715
      vertex 0.277481 -0.277481 -5.98715
    endloop
  endfacet
  facet normal 0.00855419 -0.130519 -0.991409
    outer loop
      vertex 0.0512209 -0.389061 -5.98715
      vertex 0 -1.17054 -5.88471
      vertex 0 -0.392418 -5.98715
    endloop
  endfacet
  facet normal -0.513453 -0.768421 0.381962
    outer loop
      vertex -2.69062 -4.66029 2.65373
      vertex -2.85347 -4.62789 2.5
      vertex -2.72246 -4.71543 2.5
    endloop
  endfacet
  facet normal -0.651462 -0.571312 0.499199
    outer loop
      vertex -3.95789 -3.037 3.33342
      vertex -4.26922 -3.27589 2.65373
      vertex -3.80511 -3.80511 2.65373
    endloop
  endfacet
  facet normal -0.720456 -0.481397 0.499199
    outer loop
      vertex -3.95789 -3.037 3.33342
      vertex -4.32044 -2.49441 3.33342
      vertex -4.26922 -3.27589 2.65373
    endloop
  endfacet
  facet normal -0.297087 -0.875132 0.381946
    outer loop
      vertex -1.39277 -5.19788 2.65373
      vertex -1.55845 -5.20873 2.5
      vertex -1.40925 -5.25938 2.5
    endloop
  endfacet
  facet normal -0.442283 -0.896875 0
    outer loop
      vertex -2.99358 -5.18503 -0.392418
      vertex -2.29118 -5.53141 0
      vertex -2.99358 -5.18503 0
    endloop
  endfacet
  facet normal -0.442283 -0.896875 -0
    outer loop
      vertex -2.29118 -5.53141 0
      vertex -2.99358 -5.18503 -0.392418
      vertex -2.29118 -5.53141 -0.392418
    endloop
  endfacet
  facet normal -0.056671 -0.864633 0.499197
    outer loop
      vertex 0 -4.98882 3.33342
      vertex -0.651171 -4.94614 3.33342
      vertex 0 -5.38124 2.65373
    endloop
  endfacet
  facet normal -0.0566746 -0.864634 0.499195
    outer loop
      vertex -0.651171 -4.94614 3.33342
      vertex -0.702392 -5.3352 2.65373
      vertex 0 -5.38124 2.65373
    endloop
  endfacet
  facet normal -0.777132 -0.38323 0.499201
    outer loop
      vertex -4.32044 -2.49441 3.33342
      vertex -4.97161 -2.05931 2.65373
      vertex -4.66029 -2.69062 2.65373
    endloop
  endfacet
  facet normal -0.828863 -0.408742 0.381988
    outer loop
      vertex -4.97161 -2.05931 2.65373
      vertex -5.03044 -2.08368 2.5
      vertex -4.96075 -2.225 2.5
    endloop
  endfacet
  facet normal 0.0604478 -0.922191 -0.381981
    outer loop
      vertex 0.741594 -5.63297 -1.92864
      vertex 0 -5.68158 -1.92864
      vertex 0 -5.38124 -2.65373
    endloop
  endfacet
  facet normal -0.0631879 -0.963994 -0.258309
    outer loop
      vertex 0 -5.68158 -1.92864
      vertex -0.768108 -5.83437 -1.17054
      vertex -0.741594 -5.63297 -1.92864
    endloop
  endfacet
  facet normal 0.0631781 -0.963997 -0.258299
    outer loop
      vertex 0.768108 -5.83437 -1.17054
      vertex 0 -5.88471 -1.17054
      vertex 0 -5.68158 -1.92864
    endloop
  endfacet
  facet normal 0.0648403 -0.989359 -0.130249
    outer loop
      vertex 0.768108 -5.83437 -1.17054
      vertex 0 -5.98715 -0.392418
      vertex 0 -5.88471 -1.17054
    endloop
  endfacet
  facet normal -0.138101 -0.694264 -0.706347
    outer loop
      vertex -0.588808 -4.47245 -3.95607
      vertex -1.16754 -4.35733 -3.95607
      vertex -0.516371 -3.92223 -4.51104
    endloop
  endfacet
  facet normal 0.154898 -0.778724 -0.607943
    outer loop
      vertex 1.2912 -4.81883 -3.33342
      vertex 0.651171 -4.94614 -3.33342
      vertex 1.16754 -4.35733 -3.95607
    endloop
  endfacet
  facet normal -0.0462936 -0.70635 -0.706347
    outer loop
      vertex 0 -4.51104 -3.95607
      vertex -0.588808 -4.47245 -3.95607
      vertex -0.516371 -3.92223 -4.51104
    endloop
  endfacet
  facet normal -0.0519255 -0.792282 -0.607941
    outer loop
      vertex 0 -4.51104 -3.95607
      vertex -0.651171 -4.94614 -3.33342
      vertex -0.588808 -4.47245 -3.95607
    endloop
  endfacet
  facet normal -0.255214 -0.751845 -0.607943
    outer loop
      vertex -1.2912 -4.81883 -3.33342
      vertex -1.90914 -4.60907 -3.33342
      vertex -1.7263 -4.16766 -3.95607
    endloop
  endfacet
  facet normal -0.481398 -0.720454 -0.4992
    outer loop
      vertex -2.69062 -4.66029 -2.65373
      vertex -3.27589 -4.26922 -2.65373
      vertex -2.49441 -4.32044 -3.33342
    endloop
  endfacet
  facet normal -0.278522 -0.82051 -0.499188
    outer loop
      vertex -1.2912 -4.81883 -3.33342
      vertex -2.05931 -4.97161 -2.65373
      vertex -1.90914 -4.60907 -3.33342
    endloop
  endfacet
  facet normal -0.297053 -0.875131 -0.381974
    outer loop
      vertex -1.4705 -5.48798 -1.92864
      vertex -2.17425 -5.2491 -1.92864
      vertex -1.39277 -5.19788 -2.65373
    endloop
  endfacet
  facet normal -0.481397 -0.720456 -0.499199
    outer loop
      vertex -2.49441 -4.32044 -3.33342
      vertex -3.27589 -4.26922 -2.65373
      vertex -3.037 -3.95789 -3.33342
    endloop
  endfacet
  facet normal -0.52351 -0.596952 -0.607936
    outer loop
      vertex -3.037 -3.95789 -3.33342
      vertex -3.18979 -3.18979 -3.95607
      vertex -2.74615 -3.57885 -3.95607
    endloop
  endfacet
  facet normal -0.536712 -0.803255 -0.258307
    outer loop
      vertex -2.84079 -4.92039 -1.92864
      vertex -3.58239 -4.66866 -1.17054
      vertex -3.45873 -4.5075 -1.92864
    endloop
  endfacet
  facet normal -0.513438 -0.768422 -0.38198
    outer loop
      vertex -2.84079 -4.92039 -1.92864
      vertex -3.45873 -4.5075 -1.92864
      vertex -2.69062 -4.66029 -2.65373
    endloop
  endfacet
  facet normal -0.188472 -0.947501 -0.258302
    outer loop
      vertex -0.741594 -5.63297 -1.92864
      vertex -1.52308 -5.68419 -1.17054
      vertex -1.4705 -5.48798 -1.92864
    endloop
  endfacet
  facet normal -0.297075 -0.875115 -0.381996
    outer loop
      vertex -1.39277 -5.19788 -2.65373
      vertex -2.17425 -5.2491 -1.92864
      vertex -2.05931 -4.97161 -2.65373
    endloop
  endfacet
  facet normal -0.550839 -0.824385 -0.130254
    outer loop
      vertex -2.99358 -5.18503 -0.392418
      vertex -3.64475 -4.74993 -0.392418
      vertex -2.94236 -5.09631 -1.17054
    endloop
  endfacet
  facet normal -0.245571 -0.0833649 0.965787
    outer loop
      vertex -1.13066 -0.302958 5.88471
      vertex -1.78183 -0.738057 5.68158
      vertex -1.08144 -0.447947 5.88471
    endloop
  endfacet
  facet normal 0.00855419 -0.130519 0.991409
    outer loop
      vertex 0 -0.392418 5.98715
      vertex 0 -1.17054 5.88471
      vertex 0.0512209 -0.389061 5.98715
    endloop
  endfacet
  facet normal -0.449159 -0.221499 0.86556
    outer loop
      vertex -2.45173 -1.01554 5.38124
      vertex -2.88683 -1.66671 4.98882
      vertex -2.2982 -1.32687 5.38124
    endloop
  endfacet
  facet normal -0.318767 -0.212994 0.923591
    outer loop
      vertex -1.67025 -0.964318 5.68158
      vertex -2.2982 -1.32687 5.38124
      vertex -2.10535 -1.61549 5.38124
    endloop
  endfacet
  facet normal -0.0983399 -0.0862418 0.991409
    outer loop
      vertex -0.311326 -0.238889 5.98715
      vertex -0.928653 -0.712581 5.88471
      vertex -0.827698 -0.827698 5.88471
    endloop
  endfacet
  facet normal -0.114702 -0.232591 0.965787
    outer loop
      vertex -0.585271 -1.01372 5.88471
      vertex -0.964318 -1.67025 5.68158
      vertex -0.738057 -1.78183 5.68158
    endloop
  endfacet
  facet normal 0.108755 -0.0726687 0.991409
    outer loop
      vertex 1.01372 -0.585271 5.88471
      vertex 0.311326 -0.238889 5.98715
      vertex 0.928653 -0.712581 5.88471
    endloop
  endfacet
  facet normal 0.0327501 -0.499736 0.865559
    outer loop
      vertex 0.346381 -2.63103 5.38124
      vertex 0 -2.65373 5.38124
      vertex 0.435099 -3.3049 4.98882
    endloop
  endfacet
  facet normal -0.0578504 -0.11731 0.991409
    outer loop
      vertex -0.150171 -0.362547 5.98715
      vertex -0.585271 -1.01372 5.88471
      vertex -0.447947 -1.08144 5.88471
    endloop
  endfacet
  facet normal 0.0983389 -0.0862427 0.991409
    outer loop
      vertex 0.311326 -0.238889 5.98715
      vertex 0.277481 -0.277481 5.98715
      vertex 0.827698 -0.827698 5.88471
    endloop
  endfacet
  facet normal -0.108755 -0.0726687 0.991409
    outer loop
      vertex -0.311326 -0.238889 5.98715
      vertex -1.01372 -0.585271 5.88471
      vertex -0.928653 -0.712581 5.88471
    endloop
  endfacet
  facet normal -0.278233 -0.416405 0.86556
    outer loop
      vertex -1.61549 -2.10535 5.38124
      vertex -1.66671 -2.88683 4.98882
      vertex -1.32687 -2.2982 5.38124
    endloop
  endfacet
  facet normal 0.123856 -0.0420461 0.991409
    outer loop
      vertex 1.13066 -0.302958 5.88471
      vertex 0.379047 -0.101565 5.98715
      vertex 1.08144 -0.447947 5.88471
    endloop
  endfacet
  facet normal -0.254353 -0.0505921 0.965787
    outer loop
      vertex -1.16053 -0.152786 5.88471
      vertex -1.91214 -0.251738 5.68158
      vertex -1.13066 -0.302958 5.88471
    endloop
  endfacet
  facet normal -0.393265 -0.588577 0.706343
    outer loop
      vertex -1.97804 -3.42606 4.51104
      vertex -2.40831 -3.13857 4.51104
      vertex -2.25552 -3.90667 3.95607
    endloop
  endfacet
  facet normal -0.393264 -0.588577 0.706343
    outer loop
      vertex -2.40831 -3.13857 4.51104
      vertex -2.74615 -3.57885 3.95607
      vertex -2.25552 -3.90667 3.95607
    endloop
  endfacet
  facet normal 0.0604474 -0.922192 0.381978
    outer loop
      vertex 0.157229 -5.43461 2.5
      vertex 0.702392 -5.3352 2.65373
      vertex 0 -5.38124 2.65373
    endloop
  endfacet
  facet normal 0.0604495 -0.922195 0.381972
    outer loop
      vertex 0.702392 -5.3352 2.65373
      vertex 0.157229 -5.43461 2.5
      vertex 0.710703 -5.39833 2.5
    endloop
  endfacet
  facet normal 0.180298 -0.906416 0.381972
    outer loop
      vertex 1.25471 -5.29012 2.5
      vertex 0.702392 -5.3352 2.65373
      vertex 0.710703 -5.39833 2.5
    endloop
  endfacet
  facet normal 0.180293 -0.906426 0.381952
    outer loop
      vertex 0.702392 -5.3352 2.65373
      vertex 1.25471 -5.29012 2.5
      vertex 1.39277 -5.19788 2.65373
    endloop
  endfacet
  facet normal 0.768424 -0.513451 0.381959
    outer loop
      vertex 4.26922 -3.27589 2.65373
      vertex 4.62789 -2.85347 2.5
      vertex 4.66029 -2.69062 2.65373
    endloop
  endfacet
  facet normal 0.768421 -0.513441 0.381979
    outer loop
      vertex 4.62789 -2.85347 2.5
      vertex 4.26922 -3.27589 2.65373
      vertex 4.31974 -3.31465 2.5
    endloop
  endfacet
  facet normal 0.694835 -0.609343 0.381976
    outer loop
      vertex 4.26922 -3.27589 2.65373
      vertex 3.95403 -3.73167 2.5
      vertex 4.31974 -3.31465 2.5
    endloop
  endfacet
  facet normal 0.694827 -0.609342 0.381991
    outer loop
      vertex 3.95403 -3.73167 2.5
      vertex 4.26922 -3.27589 2.65373
      vertex 3.80511 -3.80511 2.65373
    endloop
  endfacet
  facet normal 0.906427 -0.1803 0.381946
    outer loop
      vertex 5.29012 -1.25471 2.5
      vertex 5.19788 -1.39277 2.65373
      vertex 5.25938 -1.40925 2.5
    endloop
  endfacet
  facet normal 0.947501 -0.188472 -0.258302
    outer loop
      vertex 5.68419 -1.52308 -1.17054
      vertex 5.48798 -1.4705 -1.92864
      vertex 5.63297 -0.741594 -1.92864
    endloop
  endfacet
  facet normal 0.914799 -0.310518 -0.258303
    outer loop
      vertex 5.68419 -1.52308 -1.17054
      vertex 5.2491 -2.17425 -1.92864
      vertex 5.48798 -1.4705 -1.92864
    endloop
  endfacet
  facet normal 0.792281 -0.0519288 -0.607943
    outer loop
      vertex 4.94614 -0.651171 -3.33342
      vertex 4.51104 0 -3.95607
      vertex 4.98882 0 -3.33342
    endloop
  endfacet
  facet normal 0.720456 -0.481397 -0.499199
    outer loop
      vertex 4.26922 -3.27589 -2.65373
      vertex 3.95789 -3.037 -3.33342
      vertex 4.32044 -2.49441 -3.33342
    endloop
  endfacet
  facet normal 0.609355 -0.694823 -0.381978
    outer loop
      vertex 4.01748 -4.01748 -1.92864
      vertex 3.45873 -4.5075 -1.92864
      vertex 3.80511 -3.80511 -2.65373
    endloop
  endfacet
  facet normal 0.6703 -0.227532 -0.706347
    outer loop
      vertex 4.16766 -1.7263 -3.95607
      vertex 3.82127 -1.02391 -4.51104
      vertex 4.35733 -1.16754 -3.95607
    endloop
  endfacet
  facet normal 0.660176 -0.441104 -0.607944
    outer loop
      vertex 4.32044 -2.49441 -3.33342
      vertex 3.57885 -2.74615 -3.95607
      vertex 3.90667 -2.25552 -3.95607
    endloop
  endfacet
  facet normal 0.820499 -0.278534 -0.499199
    outer loop
      vertex 4.97161 -2.05931 -2.65373
      vertex 4.81883 -1.2912 -3.33342
      vertex 5.19788 -1.39277 -2.65373
    endloop
  endfacet
  facet normal 0.875115 -0.297075 -0.381996
    outer loop
      vertex 5.2491 -2.17425 -1.92864
      vertex 4.97161 -2.05931 -2.65373
      vertex 5.19788 -1.39277 -2.65373
    endloop
  endfacet
  facet normal 0.571312 -0.651462 -0.499199
    outer loop
      vertex 3.27589 -4.26922 -2.65373
      vertex 3.037 -3.95789 -3.33342
      vertex 3.80511 -3.80511 -2.65373
    endloop
  endfacet
  facet normal 0.571309 -0.651469 -0.499193
    outer loop
      vertex 3.80511 -3.80511 -2.65373
      vertex 3.037 -3.95789 -3.33342
      vertex 3.52763 -3.52763 -3.33342
    endloop
  endfacet
  facet normal 0.946929 -0.321444 0
    outer loop
      vertex 5.53141 -2.29118 0
      vertex 5.78315 -1.54959 -0.392418
      vertex 5.78315 -1.54959 0
    endloop
  endfacet
  facet normal 0.946929 -0.321444 0
    outer loop
      vertex 5.78315 -1.54959 -0.392418
      vertex 5.53141 -2.29118 0
      vertex 5.53141 -2.29118 -0.392418
    endloop
  endfacet
  facet normal 0.653734 -0.74543 -0.130256
    outer loop
      vertex 4.23356 -4.23356 -0.392418
      vertex 3.58239 -4.66866 -1.17054
      vertex 4.16112 -4.16112 -1.17054
    endloop
  endfacet
  facet normal 0.72632 -0.636975 -0.258306
    outer loop
      vertex 4.66866 -3.58239 -1.17054
      vertex 4.16112 -4.16112 -1.17054
      vertex 4.5075 -3.45873 -1.92864
    endloop
  endfacet
  facet normal 0.169044 -0.849838 -0.499199
    outer loop
      vertex 1.39277 -5.19788 -2.65373
      vertex 0.651171 -4.94614 -3.33342
      vertex 1.2912 -4.81883 -3.33342
    endloop
  endfacet
  facet normal 0.278534 -0.820499 -0.499199
    outer loop
      vertex 1.39277 -5.19788 -2.65373
      vertex 1.2912 -4.81883 -3.33342
      vertex 2.05931 -4.97161 -2.65373
    endloop
  endfacet
  facet normal 0.321444 -0.946929 0
    outer loop
      vertex 1.54959 -5.78315 -0.392418
      vertex 2.29118 -5.53141 0
      vertex 1.54959 -5.78315 0
    endloop
  endfacet
  facet normal 0.321444 -0.946929 0
    outer loop
      vertex 2.29118 -5.53141 0
      vertex 1.54959 -5.78315 -0.392418
      vertex 2.29118 -5.53141 -0.392418
    endloop
  endfacet
  facet normal 0.438512 -0.889236 -0.130257
    outer loop
      vertex 2.29118 -5.53141 -0.392418
      vertex 2.25198 -5.43676 -1.17054
      vertex 2.94236 -5.09631 -1.17054
    endloop
  endfacet
  facet normal 0.438515 -0.889235 -0.130254
    outer loop
      vertex 2.99358 -5.18503 -0.392418
      vertex 2.29118 -5.53141 -0.392418
      vertex 2.94236 -5.09631 -1.17054
    endloop
  endfacet
  facet normal 0.550834 -0.824389 -0.130247
    outer loop
      vertex 3.64475 -4.74993 -0.392418
      vertex 2.94236 -5.09631 -1.17054
      vertex 3.58239 -4.66866 -1.17054
    endloop
  endfacet
  facet normal 0.532206 -0.46673 0.706343
    outer loop
      vertex 3.57885 -2.74615 3.95607
      vertex 3.13857 -2.40831 4.51104
      vertex 3.18979 -3.18979 3.95607
    endloop
  endfacet
  facet normal 0.5322 -0.466732 0.706346
    outer loop
      vertex 3.13857 -2.40831 4.51104
      vertex 2.79737 -2.79737 4.51104
      vertex 3.18979 -3.18979 3.95607
    endloop
  endfacet
  facet normal 0.513451 -0.768424 0.381959
    outer loop
      vertex 2.85347 -4.62789 2.5
      vertex 3.27589 -4.26922 2.65373
      vertex 2.69062 -4.66029 2.65373
    endloop
  endfacet
  facet normal 0.513441 -0.768421 0.381979
    outer loop
      vertex 3.27589 -4.26922 2.65373
      vertex 2.85347 -4.62789 2.5
      vertex 3.31465 -4.31974 2.5
    endloop
  endfacet
  facet normal 0.441104 -0.660176 0.607944
    outer loop
      vertex 2.74615 -3.57885 3.95607
      vertex 2.25552 -3.90667 3.95607
      vertex 2.49441 -4.32044 3.33342
    endloop
  endfacet
  facet normal 0.351177 -0.712095 0.607944
    outer loop
      vertex 2.25552 -3.90667 3.95607
      vertex 1.7263 -4.16766 3.95607
      vertex 2.49441 -4.32044 3.33342
    endloop
  endfacet
  facet normal 0.278522 -0.82051 0.499188
    outer loop
      vertex 1.90914 -4.60907 3.33342
      vertex 1.2912 -4.81883 3.33342
      vertex 2.05931 -4.97161 2.65373
    endloop
  endfacet
  facet normal 0.278534 -0.820499 0.499199
    outer loop
      vertex 2.05931 -4.97161 2.65373
      vertex 1.2912 -4.81883 3.33342
      vertex 1.39277 -5.19788 2.65373
    endloop
  endfacet
  facet normal 0.154898 -0.778724 0.607943
    outer loop
      vertex 1.16754 -4.35733 3.95607
      vertex 0.651171 -4.94614 3.33342
      vertex 1.2912 -4.81883 3.33342
    endloop
  endfacet
  facet normal 0.255212 -0.751845 0.607944
    outer loop
      vertex 1.7263 -4.16766 3.95607
      vertex 1.16754 -4.35733 3.95607
      vertex 1.2912 -4.81883 3.33342
    endloop
  endfacet
  facet normal -0.269606 -0.546719 0.792724
    outer loop
      vertex -1.27564 -3.07968 4.98882
      vertex -1.66671 -2.88683 4.98882
      vertex -1.51392 -3.65494 4.51104
    endloop
  endfacet
  facet normal -0.227529 -0.670303 0.706345
    outer loop
      vertex -1.51392 -3.65494 4.51104
      vertex -1.7263 -4.16766 3.95607
      vertex -1.02391 -3.82127 4.51104
    endloop
  endfacet
  facet normal 0.597868 -0.118928 0.792723
    outer loop
      vertex 3.92223 -0.516371 4.51104
      vertex 3.3049 -0.435099 4.98882
      vertex 3.82127 -1.02391 4.51104
    endloop
  endfacet
  facet normal 0.60828 -0.0398717 0.79272
    outer loop
      vertex 3.33342 0 4.98882
      vertex 3.3049 -0.435099 4.98882
      vertex 3.95607 0 4.51104
    endloop
  endfacet
  facet normal 0.376522 -0.33021 0.865559
    outer loop
      vertex 2.10535 -1.61549 5.38124
      vertex 1.87647 -1.87647 5.38124
      vertex 2.64458 -2.02926 4.98882
    endloop
  endfacet
  facet normal 0.376521 -0.330211 0.865559
    outer loop
      vertex 2.64458 -2.02926 4.98882
      vertex 1.87647 -1.87647 5.38124
      vertex 2.35708 -2.35708 4.98882
    endloop
  endfacet
  facet normal 0.458297 -0.401929 0.792727
    outer loop
      vertex 2.64458 -2.02926 4.98882
      vertex 2.35708 -2.35708 4.98882
      vertex 2.79737 -2.79737 4.51104
    endloop
  endfacet
  facet normal 0.458304 -0.401926 0.792725
    outer loop
      vertex 3.13857 -2.40831 4.51104
      vertex 2.64458 -2.02926 4.98882
      vertex 2.79737 -2.79737 4.51104
    endloop
  endfacet
  facet normal 0.278235 -0.416404 0.865559
    outer loop
      vertex 2.02926 -2.64458 4.98882
      vertex 1.61549 -2.10535 5.38124
      vertex 1.66671 -2.88683 4.98882
    endloop
  endfacet
  facet normal 0.123233 -0.363034 0.923591
    outer loop
      vertex 0.738057 -1.78183 5.68158
      vertex 0.686836 -2.56331 5.38124
      vertex 1.01554 -2.45173 5.38124
    endloop
  endfacet
  facet normal 0.232591 -0.1147 0.965787
    outer loop
      vertex 1.08144 -0.447947 5.88471
      vertex 1.01372 -0.585271 5.88471
      vertex 1.78183 -0.738057 5.68158
    endloop
  endfacet
  facet normal 0.025071 -0.38256 0.923591
    outer loop
      vertex 0.251738 -1.91214 5.68158
      vertex 0 -2.65373 5.38124
      vertex 0.346381 -2.63103 5.38124
    endloop
  endfacet
  facet normal 0.0578504 -0.11731 0.991409
    outer loop
      vertex 0.585271 -1.01372 5.88471
      vertex 0.150171 -0.362547 5.98715
      vertex 0.447947 -1.08144 5.88471
    endloop
  endfacet
  facet normal 0.0169615 -0.258779 0.965788
    outer loop
      vertex 0 -1.17054 5.88471
      vertex 0 -1.92864 5.68158
      vertex 0.251738 -1.91214 5.68158
    endloop
  endfacet
  facet normal -0.123856 -0.0420461 0.991409
    outer loop
      vertex -0.379047 -0.101565 5.98715
      vertex -1.13066 -0.302958 5.88471
      vertex -1.08144 -0.447947 5.88471
    endloop
  endfacet
  facet normal 0.252783 -0.288237 0.923591
    outer loop
      vertex 1.36375 -1.36375 5.68158
      vertex 1.17408 -1.53009 5.68158
      vertex 1.87647 -1.87647 5.38124
    endloop
  endfacet
  facet normal 0.343843 -0.169563 0.923591
    outer loop
      vertex 2.45173 -1.01554 5.38124
      vertex 1.78183 -0.738057 5.68158
      vertex 2.2982 -1.32687 5.38124
    endloop
  endfacet
  facet normal 0.169565 -0.343842 -0.923591
    outer loop
      vertex 1.32687 -2.2982 -5.38124
      vertex 0.738057 -1.78183 -5.68158
      vertex 0.964318 -1.67025 -5.68158
    endloop
  endfacet
  facet normal 0.0983399 -0.0862418 -0.991409
    outer loop
      vertex 0.827698 -0.827698 -5.88471
      vertex 0.311326 -0.238889 -5.98715
      vertex 0.928653 -0.712581 -5.88471
    endloop
  endfacet
  facet normal 0.194979 -0.170992 -0.965787
    outer loop
      vertex 1.53009 -1.17408 -5.68158
      vertex 0.827698 -0.827698 -5.88471
      vertex 0.928653 -0.712581 -5.88471
    endloop
  endfacet
  facet normal 0.221497 -0.449162 -0.865559
    outer loop
      vertex 1.27564 -3.07968 -4.98882
      vertex 1.01554 -2.45173 -5.38124
      vertex 1.66671 -2.88683 -4.98882
    endloop
  endfacet
  facet normal 0.506846 -0.338666 -0.792725
    outer loop
      vertex 3.13857 -2.40831 -4.51104
      vertex 2.64458 -2.02926 -4.98882
      vertex 2.88683 -1.66671 -4.98882
    endloop
  endfacet
  facet normal 0.318766 -0.212995 -0.923592
    outer loop
      vertex 2.10535 -1.61549 -5.38124
      vertex 1.53009 -1.17408 -5.68158
      vertex 1.67025 -0.964318 -5.68158
    endloop
  endfacet
  facet normal 0.393265 -0.588577 -0.706343
    outer loop
      vertex 2.25552 -3.90667 -3.95607
      vertex 1.97804 -3.42606 -4.51104
      vertex 2.40831 -3.13857 -4.51104
    endloop
  endfacet
  facet normal 0.160979 -0.474229 -0.865559
    outer loop
      vertex 1.27564 -3.07968 -4.98882
      vertex 0.686836 -2.56331 -5.38124
      vertex 1.01554 -2.45173 -5.38124
    endloop
  endfacet
  facet normal 0.0255167 -0.128286 -0.991409
    outer loop
      vertex 0.152786 -1.16053 -5.88471
      vertex 0.101565 -0.379047 -5.98715
      vertex 0.302958 -1.13066 -5.88471
    endloop
  endfacet
  facet normal 0.0169615 -0.258779 -0.965788
    outer loop
      vertex 0.251738 -1.91214 -5.68158
      vertex 0 -1.92864 -5.68158
      vertex 0 -1.17054 -5.88471
    endloop
  endfacet
  facet normal 0.245571 -0.0833649 -0.965787
    outer loop
      vertex 1.78183 -0.738057 -5.68158
      vertex 1.08144 -0.447947 -5.88471
      vertex 1.13066 -0.302958 -5.88471
    endloop
  endfacet
  facet normal 0.123856 -0.0420461 -0.991409
    outer loop
      vertex 1.08144 -0.447947 -5.88471
      vertex 0.379047 -0.101565 -5.98715
      vertex 1.13066 -0.302958 -5.88471
    endloop
  endfacet
  facet normal 0.258781 -0.0169544 -0.965787
    outer loop
      vertex 1.91214 -0.251738 -5.68158
      vertex 1.16053 -0.152786 -5.88471
      vertex 1.17054 0 -5.88471
    endloop
  endfacet
  facet normal 0.491185 -0.0977017 -0.865559
    outer loop
      vertex 3.3049 -0.435099 -4.98882
      vertex 2.56331 -0.686836 -5.38124
      vertex 2.63103 -0.346381 -5.38124
    endloop
  endfacet
  facet normal 0.130519 -0.00855115 -0.991409
    outer loop
      vertex 1.16053 -0.152786 -5.88471
      vertex 0.389061 -0.0512209 -5.98715
      vertex 1.17054 0 -5.88471
    endloop
  endfacet
  facet normal 0.130519 -0.00855419 -0.991409
    outer loop
      vertex 1.17054 0 -5.88471
      vertex 0.389061 -0.0512209 -5.98715
      vertex 0.392418 0 -5.98715
    endloop
  endfacet
  facet normal 0.506855 -0.338661 -0.792721
    outer loop
      vertex 3.13857 -2.40831 -4.51104
      vertex 2.88683 -1.66671 -4.98882
      vertex 3.42606 -1.97804 -4.51104
    endloop
  endfacet
  facet normal 0.712095 -0.351177 -0.607944
    outer loop
      vertex 4.32044 -2.49441 -3.33342
      vertex 3.90667 -2.25552 -3.95607
      vertex 4.16766 -1.7263 -3.95607
    endloop
  endfacet
  facet normal 0.449162 -0.221497 -0.865559
    outer loop
      vertex 2.88683 -1.66671 -4.98882
      vertex 2.45173 -1.01554 -5.38124
      vertex 3.07968 -1.27564 -4.98882
    endloop
  endfacet
  facet normal 0.597868 -0.118928 -0.792723
    outer loop
      vertex 3.82127 -1.02391 -4.51104
      vertex 3.3049 -0.435099 -4.98882
      vertex 3.92223 -0.516371 -4.51104
    endloop
  endfacet
  facet normal 0.997859 -0.065402 0
    outer loop
      vertex 5.93593 -0.78148 0
      vertex 5.98715 0 -0.392418
      vertex 5.98715 0 0
    endloop
  endfacet
  facet normal 0.997859 -0.065402 0
    outer loop
      vertex 5.98715 0 -0.392418
      vertex 5.93593 -0.78148 0
      vertex 5.93593 -0.78148 -0.392418
    endloop
  endfacet
  facet normal 0.608277 -0.039863 0.792723
    outer loop
      vertex 3.95607 0 4.51104
      vertex 3.3049 -0.435099 4.98882
      vertex 3.92223 -0.516371 4.51104
    endloop
  endfacet
  facet normal 0.706349 -0.0462901 0.706349
    outer loop
      vertex 3.95607 0 4.51104
      vertex 3.92223 -0.516371 4.51104
      vertex 4.51104 0 3.95607
    endloop
  endfacet
  facet normal 0.0726687 -0.108755 0.991409
    outer loop
      vertex 0.712581 -0.928653 5.88471
      vertex 0.238889 -0.311326 5.98715
      vertex 0.585271 -1.01372 5.88471
    endloop
  endfacet
  facet normal -0.144081 -0.215629 0.965787
    outer loop
      vertex -0.712581 -0.928653 5.88471
      vertex -1.17408 -1.53009 5.68158
      vertex -0.585271 -1.01372 5.88471
    endloop
  endfacet
  facet normal -0.0862418 -0.0983399 0.991409
    outer loop
      vertex -0.238889 -0.311326 5.98715
      vertex -0.827698 -0.827698 5.88471
      vertex -0.712581 -0.928653 5.88471
    endloop
  endfacet
  facet normal -0.130519 -0.00855115 0.991409
    outer loop
      vertex -0.389061 -0.0512209 5.98715
      vertex -1.17054 0 5.88471
      vertex -1.16053 -0.152786 5.88471
    endloop
  endfacet
  facet normal -0.169565 -0.343842 0.923591
    outer loop
      vertex -0.964318 -1.67025 5.68158
      vertex -1.32687 -2.2982 5.38124
      vertex -0.738057 -1.78183 5.68158
    endloop
  endfacet
  facet normal -0.108755 -0.0726682 0.991409
    outer loop
      vertex -0.339844 -0.196209 5.98715
      vertex -1.01372 -0.585271 5.88471
      vertex -0.311326 -0.238889 5.98715
    endloop
  endfacet
  facet normal 0.11731 -0.05785 0.991409
    outer loop
      vertex 0.362547 -0.150171 5.98715
      vertex 0.339844 -0.196209 5.98715
      vertex 1.01372 -0.585271 5.88471
    endloop
  endfacet
  facet normal -0.803255 -0.536712 -0.258307
    outer loop
      vertex -4.66866 -3.58239 -1.17054
      vertex -5.09631 -2.94236 -1.17054
      vertex -4.92039 -2.84079 -1.92864
    endloop
  endfacet
  facet normal -0.726318 -0.636976 -0.258308
    outer loop
      vertex -4.16112 -4.16112 -1.17054
      vertex -4.5075 -3.45873 -1.92864
      vertex -4.01748 -4.01748 -1.92864
    endloop
  endfacet
  facet normal -0.577233 -0.195937 0.792723
    outer loop
      vertex -3.07968 -1.27564 4.98882
      vertex -3.82127 -1.02391 4.51104
      vertex -3.65494 -1.51392 4.51104
    endloop
  endfacet
  facet normal -0.778725 -0.154902 0.607941
    outer loop
      vertex -4.47245 -0.588808 3.95607
      vertex -4.94614 -0.651171 3.33342
      vertex -4.35733 -1.16754 3.95607
    endloop
  endfacet
  facet normal -0.258779 -0.0169615 0.965788
    outer loop
      vertex -1.17054 0 5.88471
      vertex -1.92864 0 5.68158
      vertex -1.91214 -0.251738 5.68158
    endloop
  endfacet
  facet normal -0.491184 -0.097696 0.86556
    outer loop
      vertex -2.56331 -0.686836 5.38124
      vertex -3.3049 -0.435099 4.98882
      vertex -3.21984 -0.862753 4.98882
    endloop
  endfacet
  facet normal -0.38256 -0.025071 0.923591
    outer loop
      vertex -1.91214 -0.251738 5.68158
      vertex -2.65373 0 5.38124
      vertex -2.63103 -0.346381 5.38124
    endloop
  endfacet
  facet normal -0.792282 -0.0519255 0.607941
    outer loop
      vertex -4.51104 0 3.95607
      vertex -4.94614 -0.651171 3.33342
      vertex -4.47245 -0.588808 3.95607
    endloop
  endfacet
  facet normal -0.70635 -0.0462936 0.706347
    outer loop
      vertex -3.92223 -0.516371 4.51104
      vertex -4.51104 0 3.95607
      vertex -4.47245 -0.588808 3.95607
    endloop
  endfacet
  facet normal -0.712097 -0.351175 0.607943
    outer loop
      vertex -4.16766 -1.7263 3.95607
      vertex -4.60907 -1.90914 3.33342
      vertex -4.32044 -2.49441 3.33342
    endloop
  endfacet
  facet normal -0.712095 -0.351177 0.607944
    outer loop
      vertex -4.16766 -1.7263 3.95607
      vertex -4.32044 -2.49441 3.33342
      vertex -3.90667 -2.25552 3.95607
    endloop
  endfacet
  facet normal -0.963994 -0.0631879 -0.258309
    outer loop
      vertex -5.63297 -0.741594 -1.92864
      vertex -5.83437 -0.768108 -1.17054
      vertex -5.68158 0 -1.92864
    endloop
  endfacet
  facet normal -0.972432 -0.19342 -0.130245
    outer loop
      vertex -5.78315 -1.54959 -0.392418
      vertex -5.93593 -0.78148 -0.392418
      vertex -5.83437 -0.768108 -1.17054
    endloop
  endfacet
  facet normal -0.989359 -0.0648449 -0.130245
    outer loop
      vertex -5.93593 -0.78148 -0.392418
      vertex -5.98715 0 -0.392418
      vertex -5.83437 -0.768108 -1.17054
    endloop
  endfacet
  facet normal 0.393264 -0.588577 -0.706343
    outer loop
      vertex 2.74615 -3.57885 -3.95607
      vertex 2.25552 -3.90667 -3.95607
      vertex 2.40831 -3.13857 -4.51104
    endloop
  endfacet
  facet normal 0.441104 -0.660176 -0.607944
    outer loop
      vertex 2.49441 -4.32044 -3.33342
      vertex 2.25552 -3.90667 -3.95607
      vertex 2.74615 -3.57885 -3.95607
    endloop
  endfacet
  facet normal 0.138103 -0.694262 -0.706348
    outer loop
      vertex 1.16754 -4.35733 -3.95607
      vertex 0.516371 -3.92223 -4.51104
      vertex 1.02391 -3.82127 -4.51104
    endloop
  endfacet
  facet normal 0.227532 -0.6703 -0.706347
    outer loop
      vertex 1.16754 -4.35733 -3.95607
      vertex 1.02391 -3.82127 -4.51104
      vertex 1.7263 -4.16766 -3.95607
    endloop
  endfacet
  facet normal -0.458297 -0.401929 -0.792727
    outer loop
      vertex -2.35708 -2.35708 -4.98882
      vertex -2.79737 -2.79737 -4.51104
      vertex -2.64458 -2.02926 -4.98882
    endloop
  endfacet
  facet normal -0.441118 -0.660174 -0.607936
    outer loop
      vertex -2.49441 -4.32044 -3.33342
      vertex -3.037 -3.95789 -3.33342
      vertex -2.74615 -3.57885 -3.95607
    endloop
  endfacet
  facet normal 0.025071 -0.38256 -0.923591
    outer loop
      vertex 0.346381 -2.63103 -5.38124
      vertex 0 -2.65373 -5.38124
      vertex 0.251738 -1.91214 -5.68158
    endloop
  endfacet
  facet normal 0.097696 -0.491184 -0.86556
    outer loop
      vertex 0.862753 -3.21984 -4.98882
      vertex 0.435099 -3.3049 -4.98882
      vertex 0.686836 -2.56331 -5.38124
    endloop
  endfacet
  facet normal -0.160979 -0.474229 -0.865559
    outer loop
      vertex -0.686836 -2.56331 -5.38124
      vertex -1.27564 -3.07968 -4.98882
      vertex -1.01554 -2.45173 -5.38124
    endloop
  endfacet
  facet normal -0.221497 -0.449162 -0.865559
    outer loop
      vertex -1.27564 -3.07968 -4.98882
      vertex -1.66671 -2.88683 -4.98882
      vertex -1.01554 -2.45173 -5.38124
    endloop
  endfacet
  facet normal -0.0327566 -0.499732 -0.86556
    outer loop
      vertex 0 -3.33342 -4.98882
      vertex -0.435099 -3.3049 -4.98882
      vertex 0 -2.65373 -5.38124
    endloop
  endfacet
  facet normal -0.0977017 -0.491185 -0.865559
    outer loop
      vertex -0.435099 -3.3049 -4.98882
      vertex -0.686836 -2.56331 -5.38124
      vertex -0.346381 -2.63103 -5.38124
    endloop
  endfacet
  facet normal -0.609343 -0.694828 -0.381988
    outer loop
      vertex -3.45873 -4.5075 -1.92864
      vertex -3.80511 -3.80511 -2.65373
      vertex -3.27589 -4.26922 -2.65373
    endloop
  endfacet
  facet normal -0.609355 -0.694823 -0.381978
    outer loop
      vertex -3.45873 -4.5075 -1.92864
      vertex -4.01748 -4.01748 -1.92864
      vertex -3.80511 -3.80511 -2.65373
    endloop
  endfacet
  facet normal -0.922191 -0.0604473 -0.381981
    outer loop
      vertex -5.3352 -0.702392 -2.65373
      vertex -5.63297 -0.741594 -1.92864
      vertex -5.38124 0 -2.65373
    endloop
  endfacet
  facet normal -0.712095 -0.351177 -0.607944
    outer loop
      vertex -3.90667 -2.25552 -3.95607
      vertex -4.32044 -2.49441 -3.33342
      vertex -4.16766 -1.7263 -3.95607
    endloop
  endfacet
  facet normal -0.660174 -0.441118 -0.607936
    outer loop
      vertex -3.95789 -3.037 -3.33342
      vertex -4.32044 -2.49441 -3.33342
      vertex -3.57885 -2.74615 -3.95607
    endloop
  endfacet
  facet normal -0.252783 -0.288237 -0.923591
    outer loop
      vertex -1.17408 -1.53009 -5.68158
      vertex -1.87647 -1.87647 -5.38124
      vertex -1.36375 -1.36375 -5.68158
    endloop
  endfacet
  facet normal -0.376521 -0.330211 -0.865559
    outer loop
      vertex -2.35708 -2.35708 -4.98882
      vertex -2.64458 -2.02926 -4.98882
      vertex -1.87647 -1.87647 -5.38124
    endloop
  endfacet
  facet normal -0.258781 -0.0169544 -0.965787
    outer loop
      vertex -1.16053 -0.152786 -5.88471
      vertex -1.91214 -0.251738 -5.68158
      vertex -1.17054 0 -5.88471
    endloop
  endfacet
  facet normal -0.254353 -0.0505921 -0.965787
    outer loop
      vertex -1.13066 -0.302958 -5.88471
      vertex -1.91214 -0.251738 -5.68158
      vertex -1.16053 -0.152786 -5.88471
    endloop
  endfacet
  facet normal -0.232591 -0.114702 -0.965787
    outer loop
      vertex -1.67025 -0.964318 -5.68158
      vertex -1.78183 -0.738057 -5.68158
      vertex -1.01372 -0.585271 -5.88471
    endloop
  endfacet
  facet normal -0.232591 -0.1147 -0.965787
    outer loop
      vertex -1.01372 -0.585271 -5.88471
      vertex -1.78183 -0.738057 -5.68158
      vertex -1.08144 -0.447947 -5.88471
    endloop
  endfacet
  facet normal -0.5322 -0.466732 -0.706346
    outer loop
      vertex -2.79737 -2.79737 -4.51104
      vertex -3.18979 -3.18979 -3.95607
      vertex -3.13857 -2.40831 -4.51104
    endloop
  endfacet
  facet normal -0.376522 -0.33021 -0.865559
    outer loop
      vertex -1.87647 -1.87647 -5.38124
      vertex -2.64458 -2.02926 -4.98882
      vertex -2.10535 -1.61549 -5.38124
    endloop
  endfacet
  facet normal -0.401929 -0.458297 -0.792727
    outer loop
      vertex -2.02926 -2.64458 -4.98882
      vertex -2.79737 -2.79737 -4.51104
      vertex -2.35708 -2.35708 -4.98882
    endloop
  endfacet
  facet normal -0.401926 -0.458304 -0.792725
    outer loop
      vertex -2.40831 -3.13857 -4.51104
      vertex -2.79737 -2.79737 -4.51104
      vertex -2.02926 -2.64458 -4.98882
    endloop
  endfacet
  facet normal -0.458304 -0.401926 -0.792725
    outer loop
      vertex -2.79737 -2.79737 -4.51104
      vertex -3.13857 -2.40831 -4.51104
      vertex -2.64458 -2.02926 -4.98882
    endloop
  endfacet
  facet normal -0.506846 -0.338666 -0.792725
    outer loop
      vertex -2.64458 -2.02926 -4.98882
      vertex -3.13857 -2.40831 -4.51104
      vertex -2.88683 -1.66671 -4.98882
    endloop
  endfacet
  facet normal -0.546719 -0.269606 -0.792724
    outer loop
      vertex -2.88683 -1.66671 -4.98882
      vertex -3.65494 -1.51392 -4.51104
      vertex -3.07968 -1.27564 -4.98882
    endloop
  endfacet
  facet normal -0.499736 -0.0327501 -0.865559
    outer loop
      vertex -2.63103 -0.346381 -5.38124
      vertex -3.3049 -0.435099 -4.98882
      vertex -2.65373 0 -5.38124
    endloop
  endfacet
  facet normal -0.363033 -0.12323 -0.923591
    outer loop
      vertex -1.78183 -0.738057 -5.68158
      vertex -2.56331 -0.686836 -5.38124
      vertex -1.86292 -0.499167 -5.68158
    endloop
  endfacet
  facet normal -0.670303 -0.227529 -0.706345
    outer loop
      vertex -3.65494 -1.51392 -4.51104
      vertex -4.16766 -1.7263 -3.95607
      vertex -3.82127 -1.02391 -4.51104
    endloop
  endfacet
  facet normal 0.0833591 -0.245575 -0.965787
    outer loop
      vertex 0.499167 -1.86292 -5.68158
      vertex 0.302958 -1.13066 -5.88471
      vertex 0.738057 -1.78183 -5.68158
    endloop
  endfacet
  facet normal -0.0169615 -0.258779 -0.965788
    outer loop
      vertex 0 -1.92864 -5.68158
      vertex -0.251738 -1.91214 -5.68158
      vertex 0 -1.17054 -5.88471
    endloop
  endfacet
  facet normal -0.00855115 -0.130519 -0.991409
    outer loop
      vertex 0 -1.17054 -5.88471
      vertex -0.152786 -1.16053 -5.88471
      vertex -0.0512209 -0.389061 -5.98715
    endloop
  endfacet
  facet normal 0.074793 -0.376014 -0.923591
    outer loop
      vertex 0.346381 -2.63103 -5.38124
      vertex 0.251738 -1.91214 -5.68158
      vertex 0.686836 -2.56331 -5.38124
    endloop
  endfacet
  facet normal -0.0505921 -0.254353 -0.965787
    outer loop
      vertex -0.251738 -1.91214 -5.68158
      vertex -0.302958 -1.13066 -5.88471
      vertex -0.152786 -1.16053 -5.88471
    endloop
  endfacet
  facet normal -0.0255167 -0.128286 -0.991409
    outer loop
      vertex -0.152786 -1.16053 -5.88471
      vertex -0.302958 -1.13066 -5.88471
      vertex -0.101565 -0.379047 -5.98715
    endloop
  endfacet
  facet normal -0.0833649 -0.245571 -0.965787
    outer loop
      vertex -0.302958 -1.13066 -5.88471
      vertex -0.738057 -1.78183 -5.68158
      vertex -0.447947 -1.08144 -5.88471
    endloop
  endfacet
  facet normal -0.12323 -0.363033 -0.923591
    outer loop
      vertex -0.686836 -2.56331 -5.38124
      vertex -0.738057 -1.78183 -5.68158
      vertex -0.499167 -1.86292 -5.68158
    endloop
  endfacet
  facet normal -0.278522 -0.82051 0.499188
    outer loop
      vertex -1.90914 -4.60907 3.33342
      vertex -2.05931 -4.97161 2.65373
      vertex -1.2912 -4.81883 3.33342
    endloop
  endfacet
  facet normal -0.38323 -0.777132 0.499201
    outer loop
      vertex -2.49441 -4.32044 3.33342
      vertex -2.69062 -4.66029 2.65373
      vertex -2.05931 -4.97161 2.65373
    endloop
  endfacet
  facet normal -0.441118 -0.660174 0.607936
    outer loop
      vertex -2.74615 -3.57885 3.95607
      vertex -3.037 -3.95789 3.33342
      vertex -2.49441 -4.32044 3.33342
    endloop
  endfacet
  facet normal -0.513441 -0.768421 0.381979
    outer loop
      vertex -2.85347 -4.62789 2.5
      vertex -3.27589 -4.26922 2.65373
      vertex -3.31465 -4.31974 2.5
    endloop
  endfacet
  facet normal -0.513451 -0.768424 0.381959
    outer loop
      vertex -3.27589 -4.26922 2.65373
      vertex -2.85347 -4.62789 2.5
      vertex -2.69062 -4.66029 2.65373
    endloop
  endfacet
  facet normal -0.5322 -0.466732 0.706346
    outer loop
      vertex -3.13857 -2.40831 4.51104
      vertex -3.18979 -3.18979 3.95607
      vertex -2.79737 -2.79737 4.51104
    endloop
  endfacet
  facet normal -0.651469 -0.571309 0.499193
    outer loop
      vertex -3.52763 -3.52763 3.33342
      vertex -3.95789 -3.037 3.33342
      vertex -3.80511 -3.80511 2.65373
    endloop
  endfacet
  facet normal -0.768421 -0.513453 0.381962
    outer loop
      vertex -4.66029 -2.69062 2.65373
      vertex -4.71543 -2.72246 2.5
      vertex -4.62789 -2.85347 2.5
    endloop
  endfacet
  facet normal -0.694835 -0.609343 0.381976
    outer loop
      vertex -3.95403 -3.73167 2.5
      vertex -4.26922 -3.27589 2.65373
      vertex -4.31974 -3.31465 2.5
    endloop
  endfacet
  facet normal -0.694827 -0.609342 0.381991
    outer loop
      vertex -4.26922 -3.27589 2.65373
      vertex -3.95403 -3.73167 2.5
      vertex -3.80511 -3.80511 2.65373
    endloop
  endfacet
  facet normal -0.169038 -0.849842 0.499195
    outer loop
      vertex -0.651171 -4.94614 3.33342
      vertex -1.39277 -5.19788 2.65373
      vertex -0.702392 -5.3352 2.65373
    endloop
  endfacet
  facet normal -0.169044 -0.849838 0.499199
    outer loop
      vertex -1.2912 -4.81883 3.33342
      vertex -1.39277 -5.19788 2.65373
      vertex -0.651171 -4.94614 3.33342
    endloop
  endfacet
  facet normal -0.820499 -0.278534 0.499199
    outer loop
      vertex -4.81883 -1.2912 3.33342
      vertex -5.19788 -1.39277 2.65373
      vertex -4.97161 -2.05931 2.65373
    endloop
  endfacet
  facet normal -0.875136 -0.297082 0.381941
    outer loop
      vertex -5.20873 -1.55845 2.5
      vertex -4.97161 -2.05931 2.65373
      vertex -5.19788 -1.39277 2.65373
    endloop
  endfacet
  facet normal -0.875123 -0.297062 0.381987
    outer loop
      vertex -4.97161 -2.05931 2.65373
      vertex -5.20873 -1.55845 2.5
      vertex -5.03044 -2.08368 2.5
    endloop
  endfacet
  facet normal 0.056671 -0.864633 -0.499197
    outer loop
      vertex 0.651171 -4.94614 -3.33342
      vertex 0 -5.38124 -2.65373
      vertex 0 -4.98882 -3.33342
    endloop
  endfacet
  facet normal -0.0566746 -0.864634 -0.499195
    outer loop
      vertex 0 -5.38124 -2.65373
      vertex -0.702392 -5.3352 -2.65373
      vertex -0.651171 -4.94614 -3.33342
    endloop
  endfacet
  facet normal -0.118917 -0.597876 -0.792719
    outer loop
      vertex -0.435099 -3.3049 -4.98882
      vertex -1.02391 -3.82127 -4.51104
      vertex -0.862753 -3.21984 -4.98882
    endloop
  endfacet
  facet normal -0.138103 -0.694262 -0.706348
    outer loop
      vertex -0.516371 -3.92223 -4.51104
      vertex -1.16754 -4.35733 -3.95607
      vertex -1.02391 -3.82127 -4.51104
    endloop
  endfacet
  facet normal -0.169044 -0.849838 -0.499199
    outer loop
      vertex -0.651171 -4.94614 -3.33342
      vertex -1.39277 -5.19788 -2.65373
      vertex -1.2912 -4.81883 -3.33342
    endloop
  endfacet
  facet normal -0.169038 -0.849842 -0.499195
    outer loop
      vertex -0.702392 -5.3352 -2.65373
      vertex -1.39277 -5.19788 -2.65373
      vertex -0.651171 -4.94614 -3.33342
    endloop
  endfacet
  facet normal -0.438515 -0.889235 -0.130254
    outer loop
      vertex -2.29118 -5.53141 -0.392418
      vertex -2.99358 -5.18503 -0.392418
      vertex -2.94236 -5.09631 -1.17054
    endloop
  endfacet
  facet normal -0.438512 -0.889236 -0.130257
    outer loop
      vertex -2.29118 -5.53141 -0.392418
      vertex -2.94236 -5.09631 -1.17054
      vertex -2.25198 -5.43676 -1.17054
    endloop
  endfacet
  facet normal -0.245575 -0.0833591 0.965787
    outer loop
      vertex -1.13066 -0.302958 5.88471
      vertex -1.86292 -0.499167 5.68158
      vertex -1.78183 -0.738057 5.68158
    endloop
  endfacet
  facet normal -0.254353 -0.0505974 0.965787
    outer loop
      vertex -1.13066 -0.302958 5.88471
      vertex -1.91214 -0.251738 5.68158
      vertex -1.86292 -0.499167 5.68158
    endloop
  endfacet
  facet normal -0.376522 -0.33021 0.865559
    outer loop
      vertex -2.10535 -1.61549 5.38124
      vertex -2.64458 -2.02926 4.98882
      vertex -1.87647 -1.87647 5.38124
    endloop
  endfacet
  facet normal -0.288236 -0.252783 0.923591
    outer loop
      vertex -1.53009 -1.17408 5.68158
      vertex -2.10535 -1.61549 5.38124
      vertex -1.87647 -1.87647 5.38124
    endloop
  endfacet
  facet normal -0.343842 -0.169565 0.923591
    outer loop
      vertex -1.78183 -0.738057 5.68158
      vertex -2.2982 -1.32687 5.38124
      vertex -1.67025 -0.964318 5.68158
    endloop
  endfacet
  facet normal -0.318766 -0.212995 0.923592
    outer loop
      vertex -1.67025 -0.964318 5.68158
      vertex -2.10535 -1.61549 5.38124
      vertex -1.53009 -1.17408 5.68158
    endloop
  endfacet
  facet normal -0.343843 -0.169563 0.923591
    outer loop
      vertex -1.78183 -0.738057 5.68158
      vertex -2.45173 -1.01554 5.38124
      vertex -2.2982 -1.32687 5.38124
    endloop
  endfacet
  facet normal -0.363034 -0.123233 0.923591
    outer loop
      vertex -1.78183 -0.738057 5.68158
      vertex -2.56331 -0.686836 5.38124
      vertex -2.45173 -1.01554 5.38124
    endloop
  endfacet
  facet normal 0.0255174 -0.128285 0.991409
    outer loop
      vertex 0.101565 -0.379047 5.98715
      vertex 0.0512209 -0.389061 5.98715
      vertex 0.152786 -1.16053 5.88471
    endloop
  endfacet
  facet normal -0.074793 -0.376014 0.923591
    outer loop
      vertex -0.251738 -1.91214 5.68158
      vertex -0.686836 -2.56331 5.38124
      vertex -0.346381 -2.63103 5.38124
    endloop
  endfacet
  facet normal -0.0833649 -0.245571 0.965787
    outer loop
      vertex -0.447947 -1.08144 5.88471
      vertex -0.738057 -1.78183 5.68158
      vertex -0.302958 -1.13066 5.88471
    endloop
  endfacet
  facet normal -0.0255174 -0.128285 0.991409
    outer loop
      vertex -0.101565 -0.379047 5.98715
      vertex -0.152786 -1.16053 5.88471
      vertex -0.0512209 -0.389061 5.98715
    endloop
  endfacet
  facet normal 0.0977017 -0.491185 0.865559
    outer loop
      vertex 0.686836 -2.56331 5.38124
      vertex 0.346381 -2.63103 5.38124
      vertex 0.435099 -3.3049 4.98882
    endloop
  endfacet
  facet normal -0.0327501 -0.499736 0.865559
    outer loop
      vertex -0.346381 -2.63103 5.38124
      vertex -0.435099 -3.3049 4.98882
      vertex 0 -2.65373 5.38124
    endloop
  endfacet
  facet normal 0.074793 -0.376014 0.923591
    outer loop
      vertex 0.686836 -2.56331 5.38124
      vertex 0.251738 -1.91214 5.68158
      vertex 0.346381 -2.63103 5.38124
    endloop
  endfacet
  facet normal 0.0398717 -0.60828 0.79272
    outer loop
      vertex 0 -3.33342 4.98882
      vertex 0 -3.95607 4.51104
      vertex 0.435099 -3.3049 4.98882
    endloop
  endfacet
  facet normal 0.128285 -0.0255174 0.991409
    outer loop
      vertex 0.389061 -0.0512209 5.98715
      vertex 0.379047 -0.101565 5.98715
      vertex 1.16053 -0.152786 5.88471
    endloop
  endfacet
  facet normal 0.144081 -0.215629 0.965787
    outer loop
      vertex 0.712581 -0.928653 5.88471
      vertex 0.585271 -1.01372 5.88471
      vertex 1.17408 -1.53009 5.68158
    endloop
  endfacet
  facet normal 0.0833649 -0.245571 0.965787
    outer loop
      vertex 0.447947 -1.08144 5.88471
      vertex 0.302958 -1.13066 5.88471
      vertex 0.738057 -1.78183 5.68158
    endloop
  endfacet
  facet normal -0.232591 -0.114702 0.965787
    outer loop
      vertex -1.01372 -0.585271 5.88471
      vertex -1.78183 -0.738057 5.68158
      vertex -1.67025 -0.964318 5.68158
    endloop
  endfacet
  facet normal -0.215629 -0.14408 0.965787
    outer loop
      vertex -1.01372 -0.585271 5.88471
      vertex -1.67025 -0.964318 5.68158
      vertex -1.53009 -1.17408 5.68158
    endloop
  endfacet
  facet normal -0.313083 -0.634866 0.706346
    outer loop
      vertex -1.51392 -3.65494 4.51104
      vertex -1.97804 -3.42606 4.51104
      vertex -1.7263 -4.16766 3.95607
    endloop
  endfacet
  facet normal -0.269614 -0.546719 0.792721
    outer loop
      vertex -1.66671 -2.88683 4.98882
      vertex -1.97804 -3.42606 4.51104
      vertex -1.51392 -3.65494 4.51104
    endloop
  endfacet
  facet normal 0.609322 -0.694835 0.382009
    outer loop
      vertex 3.80511 -3.80511 2.65373
      vertex 3.73167 -3.95403 2.5
      vertex 3.85014 -3.85014 2.5
    endloop
  endfacet
  facet normal 0.906414 -0.180291 -0.381981
    outer loop
      vertex 5.63297 -0.741594 -1.92864
      vertex 5.19788 -1.39277 -2.65373
      vertex 5.3352 -0.702392 -2.65373
    endloop
  endfacet
  facet normal 0.849842 -0.169038 -0.499195
    outer loop
      vertex 5.19788 -1.39277 -2.65373
      vertex 4.94614 -0.651171 -3.33342
      vertex 5.3352 -0.702392 -2.65373
    endloop
  endfacet
  facet normal 0.82051 -0.278522 -0.499188
    outer loop
      vertex 4.97161 -2.05931 -2.65373
      vertex 4.60907 -1.90914 -3.33342
      vertex 4.81883 -1.2912 -3.33342
    endloop
  endfacet
  facet normal 0.777131 -0.383248 -0.499188
    outer loop
      vertex 4.97161 -2.05931 -2.65373
      vertex 4.32044 -2.49441 -3.33342
      vertex 4.60907 -1.90914 -3.33342
    endloop
  endfacet
  facet normal 0.74543 -0.653734 -0.130256
    outer loop
      vertex 4.23356 -4.23356 -0.392418
      vertex 4.16112 -4.16112 -1.17054
      vertex 4.66866 -3.58239 -1.17054
    endloop
  endfacet
  facet normal 0.653727 -0.745437 -0.130247
    outer loop
      vertex 3.64475 -4.74993 -0.392418
      vertex 3.58239 -4.66866 -1.17054
      vertex 4.23356 -4.23356 -0.392418
    endloop
  endfacet
  facet normal 0.065402 -0.997859 0
    outer loop
      vertex 0 -5.98715 -0.392418
      vertex 0.78148 -5.93593 0
      vertex 0 -5.98715 0
    endloop
  endfacet
  facet normal 0.065402 -0.997859 0
    outer loop
      vertex 0.78148 -5.93593 0
      vertex 0 -5.98715 -0.392418
      vertex 0.78148 -5.93593 -0.392418
    endloop
  endfacet
  facet normal 0.555572 -0.831468 0
    outer loop
      vertex 2.99358 -5.18503 -0.392418
      vertex 3.64475 -4.74993 0
      vertex 2.99358 -5.18503 0
    endloop
  endfacet
  facet normal 0.555572 -0.831468 0
    outer loop
      vertex 3.64475 -4.74993 0
      vertex 2.99358 -5.18503 -0.392418
      vertex 3.64475 -4.74993 -0.392418
    endloop
  endfacet
  facet normal 0.408741 -0.828865 0.381987
    outer loop
      vertex 2.225 -4.96075 2.5
      vertex 2.69062 -4.66029 2.65373
      vertex 2.05931 -4.97161 2.65373
    endloop
  endfacet
  facet normal 0.408754 -0.828871 0.38196
    outer loop
      vertex 2.69062 -4.66029 2.65373
      vertex 2.225 -4.96075 2.5
      vertex 2.72246 -4.71543 2.5
    endloop
  endfacet
  facet normal 0.297082 -0.875136 0.381941
    outer loop
      vertex 1.55845 -5.20873 2.5
      vertex 2.05931 -4.97161 2.65373
      vertex 1.39277 -5.19788 2.65373
    endloop
  endfacet
  facet normal 0.297062 -0.875123 0.381987
    outer loop
      vertex 2.05931 -4.97161 2.65373
      vertex 1.55845 -5.20873 2.5
      vertex 2.08368 -5.03044 2.5
    endloop
  endfacet
  facet normal 0.118928 -0.597868 0.792723
    outer loop
      vertex 1.02391 -3.82127 4.51104
      vertex 0.435099 -3.3049 4.98882
      vertex 0.516371 -3.92223 4.51104
    endloop
  endfacet
  facet normal 0.227532 -0.6703 0.706347
    outer loop
      vertex 1.7263 -4.16766 3.95607
      vertex 1.02391 -3.82127 4.51104
      vertex 1.16754 -4.35733 3.95607
    endloop
  endfacet
  facet normal 0.474226 -0.160982 0.86556
    outer loop
      vertex 3.21984 -0.862753 4.98882
      vertex 2.56331 -0.686836 5.38124
      vertex 3.07968 -1.27564 4.98882
    endloop
  endfacet
  facet normal 0.577235 -0.19595 0.792719
    outer loop
      vertex 3.21984 -0.862753 4.98882
      vertex 3.07968 -1.27564 4.98882
      vertex 3.82127 -1.02391 4.51104
    endloop
  endfacet
  facet normal 0.269606 -0.546719 0.792724
    outer loop
      vertex 1.66671 -2.88683 4.98882
      vertex 1.27564 -3.07968 4.98882
      vertex 1.51392 -3.65494 4.51104
    endloop
  endfacet
  facet normal 0.338661 -0.506855 0.792721
    outer loop
      vertex 2.40831 -3.13857 4.51104
      vertex 1.66671 -2.88683 4.98882
      vertex 1.97804 -3.42606 4.51104
    endloop
  endfacet
  facet normal 0.130519 -0.00855115 0.991409
    outer loop
      vertex 1.17054 0 5.88471
      vertex 0.389061 -0.0512209 5.98715
      vertex 1.16053 -0.152786 5.88471
    endloop
  endfacet
  facet normal 0.130519 -0.00855419 0.991409
    outer loop
      vertex 0.392418 0 5.98715
      vertex 0.389061 -0.0512209 5.98715
      vertex 1.17054 0 5.88471
    endloop
  endfacet
  facet normal 0.00855115 -0.130519 0.991409
    outer loop
      vertex 0.0512209 -0.389061 5.98715
      vertex 0 -1.17054 5.88471
      vertex 0.152786 -1.16053 5.88471
    endloop
  endfacet
  facet normal 0.288236 -0.252783 0.923591
    outer loop
      vertex 2.10535 -1.61549 5.38124
      vertex 1.53009 -1.17408 5.68158
      vertex 1.87647 -1.87647 5.38124
    endloop
  endfacet
  facet normal 0.252783 -0.288236 0.923591
    outer loop
      vertex 1.87647 -1.87647 5.38124
      vertex 1.17408 -1.53009 5.68158
      vertex 1.61549 -2.10535 5.38124
    endloop
  endfacet
  facet normal 0.288237 -0.252783 0.923591
    outer loop
      vertex 1.53009 -1.17408 5.68158
      vertex 1.36375 -1.36375 5.68158
      vertex 1.87647 -1.87647 5.38124
    endloop
  endfacet
  facet normal 0.0250747 -0.382561 0.92359
    outer loop
      vertex 0 -1.92864 5.68158
      vertex 0 -2.65373 5.38124
      vertex 0.251738 -1.91214 5.68158
    endloop
  endfacet
  facet normal 0.160979 -0.474229 0.865559
    outer loop
      vertex 1.01554 -2.45173 5.38124
      vertex 0.686836 -2.56331 5.38124
      vertex 1.27564 -3.07968 4.98882
    endloop
  endfacet
  facet normal 0.245575 -0.0833591 0.965787
    outer loop
      vertex 1.86292 -0.499167 5.68158
      vertex 1.13066 -0.302958 5.88471
      vertex 1.78183 -0.738057 5.68158
    endloop
  endfacet
  facet normal 0.363033 -0.12323 0.923591
    outer loop
      vertex 1.86292 -0.499167 5.68158
      vertex 1.78183 -0.738057 5.68158
      vertex 2.56331 -0.686836 5.38124
    endloop
  endfacet
  facet normal 0.215629 -0.14408 0.965787
    outer loop
      vertex 1.67025 -0.964318 5.68158
      vertex 1.01372 -0.585271 5.88471
      vertex 1.53009 -1.17408 5.68158
    endloop
  endfacet
  facet normal 0.318767 -0.212994 0.923591
    outer loop
      vertex 2.2982 -1.32687 5.38124
      vertex 1.67025 -0.964318 5.68158
      vertex 2.10535 -1.61549 5.38124
    endloop
  endfacet
  facet normal 0.416405 -0.278233 0.86556
    outer loop
      vertex 2.2982 -1.32687 5.38124
      vertex 2.10535 -1.61549 5.38124
      vertex 2.88683 -1.66671 4.98882
    endloop
  endfacet
  facet normal 0.449159 -0.221499 0.86556
    outer loop
      vertex 2.45173 -1.01554 5.38124
      vertex 2.2982 -1.32687 5.38124
      vertex 2.88683 -1.66671 4.98882
    endloop
  endfacet
  facet normal -0.05785 -0.11731 -0.991409
    outer loop
      vertex -0.150171 -0.362547 -5.98715
      vertex -0.585271 -1.01372 -5.88471
      vertex -0.196209 -0.339844 -5.98715
    endloop
  endfacet
  facet normal 0.042045 -0.123857 -0.991409
    outer loop
      vertex 0.447947 -1.08144 -5.88471
      vertex 0.101565 -0.379047 -5.98715
      vertex 0.150171 -0.362547 -5.98715
    endloop
  endfacet
  facet normal 0.0505921 -0.254353 -0.965787
    outer loop
      vertex 0.251738 -1.91214 -5.68158
      vertex 0.152786 -1.16053 -5.88471
      vertex 0.302958 -1.13066 -5.88471
    endloop
  endfacet
  facet normal 0.169563 -0.343843 -0.923591
    outer loop
      vertex 1.01554 -2.45173 -5.38124
      vertex 0.738057 -1.78183 -5.68158
      vertex 1.32687 -2.2982 -5.38124
    endloop
  endfacet
  facet normal 0.269606 -0.546719 -0.792724
    outer loop
      vertex 1.51392 -3.65494 -4.51104
      vertex 1.27564 -3.07968 -4.98882
      vertex 1.66671 -2.88683 -4.98882
    endloop
  endfacet
  facet normal 0.227529 -0.670303 -0.706345
    outer loop
      vertex 1.7263 -4.16766 -3.95607
      vertex 1.02391 -3.82127 -4.51104
      vertex 1.51392 -3.65494 -4.51104
    endloop
  endfacet
  facet normal 0.416405 -0.278233 -0.86556
    outer loop
      vertex 2.88683 -1.66671 -4.98882
      vertex 2.10535 -1.61549 -5.38124
      vertex 2.2982 -1.32687 -5.38124
    endloop
  endfacet
  facet normal 0.401926 -0.458304 -0.792725
    outer loop
      vertex 2.40831 -3.13857 -4.51104
      vertex 2.02926 -2.64458 -4.98882
      vertex 2.79737 -2.79737 -4.51104
    endloop
  endfacet
  facet normal 0.269614 -0.546719 -0.792721
    outer loop
      vertex 1.97804 -3.42606 -4.51104
      vertex 1.51392 -3.65494 -4.51104
      vertex 1.66671 -2.88683 -4.98882
    endloop
  endfacet
  facet normal 0.338661 -0.506855 -0.792721
    outer loop
      vertex 1.97804 -3.42606 -4.51104
      vertex 1.66671 -2.88683 -4.98882
      vertex 2.40831 -3.13857 -4.51104
    endloop
  endfacet
  facet normal 0.0255174 -0.128285 -0.991409
    outer loop
      vertex 0.152786 -1.16053 -5.88471
      vertex 0.0512209 -0.389061 -5.98715
      vertex 0.101565 -0.379047 -5.98715
    endloop
  endfacet
  facet normal 0.232591 -0.1147 -0.965787
    outer loop
      vertex 1.78183 -0.738057 -5.68158
      vertex 1.01372 -0.585271 -5.88471
      vertex 1.08144 -0.447947 -5.88471
    endloop
  endfacet
  facet normal 0.376014 -0.074793 -0.923591
    outer loop
      vertex 2.56331 -0.686836 -5.38124
      vertex 1.91214 -0.251738 -5.68158
      vertex 2.63103 -0.346381 -5.38124
    endloop
  endfacet
  facet normal 0.38256 -0.025071 -0.923591
    outer loop
      vertex 2.63103 -0.346381 -5.38124
      vertex 1.91214 -0.251738 -5.68158
      vertex 2.65373 0 -5.38124
    endloop
  endfacet
  facet normal 0.474229 -0.160979 -0.865559
    outer loop
      vertex 3.07968 -1.27564 -4.98882
      vertex 2.45173 -1.01554 -5.38124
      vertex 2.56331 -0.686836 -5.38124
    endloop
  endfacet
  facet normal 0.491184 -0.097696 -0.86556
    outer loop
      vertex 3.21984 -0.862753 -4.98882
      vertex 2.56331 -0.686836 -5.38124
      vertex 3.3049 -0.435099 -4.98882
    endloop
  endfacet
  facet normal 0.288236 -0.252783 -0.923591
    outer loop
      vertex 1.87647 -1.87647 -5.38124
      vertex 1.53009 -1.17408 -5.68158
      vertex 2.10535 -1.61549 -5.38124
    endloop
  endfacet
  facet normal 0.318767 -0.212994 -0.923591
    outer loop
      vertex 2.10535 -1.61549 -5.38124
      vertex 1.67025 -0.964318 -5.68158
      vertex 2.2982 -1.32687 -5.38124
    endloop
  endfacet
  facet normal 0.376011 -0.0747982 -0.923591
    outer loop
      vertex 2.56331 -0.686836 -5.38124
      vertex 1.86292 -0.499167 -5.68158
      vertex 1.91214 -0.251738 -5.68158
    endloop
  endfacet
  facet normal 0.363033 -0.12323 -0.923591
    outer loop
      vertex 2.56331 -0.686836 -5.38124
      vertex 1.78183 -0.738057 -5.68158
      vertex 1.86292 -0.499167 -5.68158
    endloop
  endfacet
  facet normal 0.254353 -0.0505974 -0.965787
    outer loop
      vertex 1.86292 -0.499167 -5.68158
      vertex 1.13066 -0.302958 -5.88471
      vertex 1.91214 -0.251738 -5.68158
    endloop
  endfacet
  facet normal 0.245575 -0.0833591 -0.965787
    outer loop
      vertex 1.78183 -0.738057 -5.68158
      vertex 1.13066 -0.302958 -5.88471
      vertex 1.86292 -0.499167 -5.68158
    endloop
  endfacet
  facet normal 0.458304 -0.401926 -0.792725
    outer loop
      vertex 2.79737 -2.79737 -4.51104
      vertex 2.64458 -2.02926 -4.98882
      vertex 3.13857 -2.40831 -4.51104
    endloop
  endfacet
  facet normal 0.5322 -0.466732 -0.706346
    outer loop
      vertex 3.18979 -3.18979 -3.95607
      vertex 2.79737 -2.79737 -4.51104
      vertex 3.13857 -2.40831 -4.51104
    endloop
  endfacet
  facet normal 0.751845 -0.255212 -0.607944
    outer loop
      vertex 4.81883 -1.2912 -3.33342
      vertex 4.16766 -1.7263 -3.95607
      vertex 4.35733 -1.16754 -3.95607
    endloop
  endfacet
  facet normal 0.694262 -0.138103 -0.706348
    outer loop
      vertex 4.35733 -1.16754 -3.95607
      vertex 3.82127 -1.02391 -4.51104
      vertex 3.92223 -0.516371 -4.51104
    endloop
  endfacet
  facet normal 0.989359 -0.0648403 -0.130249
    outer loop
      vertex 5.98715 0 -0.392418
      vertex 5.83437 -0.768108 -1.17054
      vertex 5.88471 0 -1.17054
    endloop
  endfacet
  facet normal 0.963994 -0.0631879 -0.258309
    outer loop
      vertex 5.83437 -0.768108 -1.17054
      vertex 5.63297 -0.741594 -1.92864
      vertex 5.68158 0 -1.92864
    endloop
  endfacet
  facet normal 0.0862427 -0.0983389 0.991409
    outer loop
      vertex 0.277481 -0.277481 5.98715
      vertex 0.238889 -0.311326 5.98715
      vertex 0.827698 -0.827698 5.88471
    endloop
  endfacet
  facet normal -0.123857 -0.042045 0.991409
    outer loop
      vertex -0.379047 -0.101565 5.98715
      vertex -1.08144 -0.447947 5.88471
      vertex -0.362547 -0.150171 5.98715
    endloop
  endfacet
  facet normal 0.0726682 -0.108755 0.991409
    outer loop
      vertex 0.238889 -0.311326 5.98715
      vertex 0.196209 -0.339844 5.98715
      vertex 0.585271 -1.01372 5.88471
    endloop
  endfacet
  facet normal -0.831468 -0.555572 0
    outer loop
      vertex -4.74993 -3.64475 -0.392418
      vertex -5.18503 -2.99358 0
      vertex -5.18503 -2.99358 -0.392418
    endloop
  endfacet
  facet normal -0.831468 -0.555572 0
    outer loop
      vertex -5.18503 -2.99358 0
      vertex -4.74993 -3.64475 -0.392418
      vertex -4.74993 -3.64475 0
    endloop
  endfacet
  facet normal -0.74543 -0.653734 -0.130256
    outer loop
      vertex -4.23356 -4.23356 -0.392418
      vertex -4.66866 -3.58239 -1.17054
      vertex -4.16112 -4.16112 -1.17054
    endloop
  endfacet
  facet normal -0.72632 -0.636975 -0.258306
    outer loop
      vertex -4.16112 -4.16112 -1.17054
      vertex -4.66866 -3.58239 -1.17054
      vertex -4.5075 -3.45873 -1.92864
    endloop
  endfacet
  facet normal -0.651462 -0.571312 -0.499199
    outer loop
      vertex -3.80511 -3.80511 -2.65373
      vertex -4.26922 -3.27589 -2.65373
      vertex -3.95789 -3.037 -3.33342
    endloop
  endfacet
  facet normal -0.694823 -0.609355 -0.381978
    outer loop
      vertex -4.01748 -4.01748 -1.92864
      vertex -4.5075 -3.45873 -1.92864
      vertex -3.80511 -3.80511 -2.65373
    endloop
  endfacet
  facet normal -0.634866 -0.313083 0.706346
    outer loop
      vertex -3.65494 -1.51392 4.51104
      vertex -4.16766 -1.7263 3.95607
      vertex -3.42606 -1.97804 4.51104
    endloop
  endfacet
  facet normal -0.546719 -0.269614 0.792721
    outer loop
      vertex -2.88683 -1.66671 4.98882
      vertex -3.65494 -1.51392 4.51104
      vertex -3.42606 -1.97804 4.51104
    endloop
  endfacet
  facet normal -0.6703 -0.227532 0.706347
    outer loop
      vertex -3.82127 -1.02391 4.51104
      vertex -4.35733 -1.16754 3.95607
      vertex -4.16766 -1.7263 3.95607
    endloop
  endfacet
  facet normal -0.694262 -0.138103 0.706348
    outer loop
      vertex -3.92223 -0.516371 4.51104
      vertex -4.35733 -1.16754 3.95607
      vertex -3.82127 -1.02391 4.51104
    endloop
  endfacet
  facet normal -0.906415 -0.180299 -0.381974
    outer loop
      vertex -5.48798 -1.4705 -1.92864
      vertex -5.63297 -0.741594 -1.92864
      vertex -5.19788 -1.39277 -2.65373
    endloop
  endfacet
  facet normal -0.947501 -0.188472 -0.258302
    outer loop
      vertex -5.48798 -1.4705 -1.92864
      vertex -5.68419 -1.52308 -1.17054
      vertex -5.63297 -0.741594 -1.92864
    endloop
  endfacet
  facet normal -0.46673 -0.532206 -0.706343
    outer loop
      vertex -2.74615 -3.57885 -3.95607
      vertex -3.18979 -3.18979 -3.95607
      vertex -2.40831 -3.13857 -4.51104
    endloop
  endfacet
  facet normal -0.393264 -0.588577 -0.706343
    outer loop
      vertex -2.25552 -3.90667 -3.95607
      vertex -2.74615 -3.57885 -3.95607
      vertex -2.40831 -3.13857 -4.51104
    endloop
  endfacet
  facet normal -0.532206 -0.46673 -0.706343
    outer loop
      vertex -3.18979 -3.18979 -3.95607
      vertex -3.57885 -2.74615 -3.95607
      vertex -3.13857 -2.40831 -4.51104
    endloop
  endfacet
  facet normal -0.596952 -0.52351 -0.607936
    outer loop
      vertex -3.18979 -3.18979 -3.95607
      vertex -3.95789 -3.037 -3.33342
      vertex -3.57885 -2.74615 -3.95607
    endloop
  endfacet
  facet normal -0.039863 -0.608277 -0.792723
    outer loop
      vertex 0 -3.95607 -4.51104
      vertex -0.516371 -3.92223 -4.51104
      vertex -0.435099 -3.3049 -4.98882
    endloop
  endfacet
  facet normal 0.118917 -0.597876 -0.792719
    outer loop
      vertex 1.02391 -3.82127 -4.51104
      vertex 0.435099 -3.3049 -4.98882
      vertex 0.862753 -3.21984 -4.98882
    endloop
  endfacet
  facet normal 0.0977017 -0.491185 -0.865559
    outer loop
      vertex 0.435099 -3.3049 -4.98882
      vertex 0.346381 -2.63103 -5.38124
      vertex 0.686836 -2.56331 -5.38124
    endloop
  endfacet
  facet normal 0.0327501 -0.499736 -0.865559
    outer loop
      vertex 0.435099 -3.3049 -4.98882
      vertex 0 -2.65373 -5.38124
      vertex 0.346381 -2.63103 -5.38124
    endloop
  endfacet
  facet normal -0.571309 -0.651469 -0.499193
    outer loop
      vertex -3.037 -3.95789 -3.33342
      vertex -3.80511 -3.80511 -2.65373
      vertex -3.52763 -3.52763 -3.33342
    endloop
  endfacet
  facet normal -0.651469 -0.571309 -0.499193
    outer loop
      vertex -3.80511 -3.80511 -2.65373
      vertex -3.95789 -3.037 -3.33342
      vertex -3.52763 -3.52763 -3.33342
    endloop
  endfacet
  facet normal -0.778724 -0.154898 -0.607943
    outer loop
      vertex -4.81883 -1.2912 -3.33342
      vertex -4.94614 -0.651171 -3.33342
      vertex -4.35733 -1.16754 -3.95607
    endloop
  endfacet
  facet normal -0.849842 -0.169038 -0.499195
    outer loop
      vertex -5.19788 -1.39277 -2.65373
      vertex -5.3352 -0.702392 -2.65373
      vertex -4.94614 -0.651171 -3.33342
    endloop
  endfacet
  facet normal -0.768414 -0.513444 -0.381988
    outer loop
      vertex -4.5075 -3.45873 -1.92864
      vertex -4.66029 -2.69062 -2.65373
      vertex -4.26922 -3.27589 -2.65373
    endloop
  endfacet
  facet normal -0.777132 -0.38323 -0.499201
    outer loop
      vertex -4.66029 -2.69062 -2.65373
      vertex -4.97161 -2.05931 -2.65373
      vertex -4.32044 -2.49441 -3.33342
    endloop
  endfacet
  facet normal -0.288236 -0.252783 -0.923591
    outer loop
      vertex -1.87647 -1.87647 -5.38124
      vertex -2.10535 -1.61549 -5.38124
      vertex -1.53009 -1.17408 -5.68158
    endloop
  endfacet
  facet normal -0.252783 -0.288236 -0.923591
    outer loop
      vertex -1.61549 -2.10535 -5.38124
      vertex -1.87647 -1.87647 -5.38124
      vertex -1.17408 -1.53009 -5.68158
    endloop
  endfacet
  facet normal -0.318766 -0.212995 -0.923592
    outer loop
      vertex -1.53009 -1.17408 -5.68158
      vertex -2.10535 -1.61549 -5.38124
      vertex -1.67025 -0.964318 -5.68158
    endloop
  endfacet
  facet normal -0.288237 -0.252783 -0.923591
    outer loop
      vertex -1.36375 -1.36375 -5.68158
      vertex -1.87647 -1.87647 -5.38124
      vertex -1.53009 -1.17408 -5.68158
    endloop
  endfacet
  facet normal -0.491184 -0.097696 -0.86556
    outer loop
      vertex -3.21984 -0.862753 -4.98882
      vertex -3.3049 -0.435099 -4.98882
      vertex -2.56331 -0.686836 -5.38124
    endloop
  endfacet
  facet normal -0.254353 -0.0505974 -0.965787
    outer loop
      vertex -1.86292 -0.499167 -5.68158
      vertex -1.91214 -0.251738 -5.68158
      vertex -1.13066 -0.302958 -5.88471
    endloop
  endfacet
  facet normal -0.123856 -0.0420461 -0.991409
    outer loop
      vertex -1.08144 -0.447947 -5.88471
      vertex -1.13066 -0.302958 -5.88471
      vertex -0.379047 -0.101565 -5.98715
    endloop
  endfacet
  facet normal -0.215629 -0.14408 -0.965787
    outer loop
      vertex -1.53009 -1.17408 -5.68158
      vertex -1.67025 -0.964318 -5.68158
      vertex -1.01372 -0.585271 -5.88471
    endloop
  endfacet
  facet normal -0.416405 -0.278233 -0.86556
    outer loop
      vertex -2.10535 -1.61549 -5.38124
      vertex -2.88683 -1.66671 -4.98882
      vertex -2.2982 -1.32687 -5.38124
    endloop
  endfacet
  facet normal -0.376014 -0.074793 -0.923591
    outer loop
      vertex -2.56331 -0.686836 -5.38124
      vertex -2.63103 -0.346381 -5.38124
      vertex -1.91214 -0.251738 -5.68158
    endloop
  endfacet
  facet normal -0.376011 -0.0747982 -0.923591
    outer loop
      vertex -1.86292 -0.499167 -5.68158
      vertex -2.56331 -0.686836 -5.38124
      vertex -1.91214 -0.251738 -5.68158
    endloop
  endfacet
  facet normal -0.577233 -0.195937 -0.792723
    outer loop
      vertex -3.65494 -1.51392 -4.51104
      vertex -3.82127 -1.02391 -4.51104
      vertex -3.07968 -1.27564 -4.98882
    endloop
  endfacet
  facet normal -0.546719 -0.269614 -0.792721
    outer loop
      vertex -3.42606 -1.97804 -4.51104
      vertex -3.65494 -1.51392 -4.51104
      vertex -2.88683 -1.66671 -4.98882
    endloop
  endfacet
  facet normal -0.6703 -0.227532 -0.706347
    outer loop
      vertex -4.16766 -1.7263 -3.95607
      vertex -4.35733 -1.16754 -3.95607
      vertex -3.82127 -1.02391 -4.51104
    endloop
  endfacet
  facet normal 0.108755 -0.0726682 -0.991409
    outer loop
      vertex 1.01372 -0.585271 -5.88471
      vertex 0.311326 -0.238889 -5.98715
      vertex 0.339844 -0.196209 -5.98715
    endloop
  endfacet
  facet normal -0.0983389 -0.0862427 -0.991409
    outer loop
      vertex -0.277481 -0.277481 -5.98715
      vertex -0.827698 -0.827698 -5.88471
      vertex -0.311326 -0.238889 -5.98715
    endloop
  endfacet
  facet normal -0.0726687 -0.108755 -0.991409
    outer loop
      vertex -0.585271 -1.01372 -5.88471
      vertex -0.712581 -0.928653 -5.88471
      vertex -0.238889 -0.311326 -5.98715
    endloop
  endfacet
  facet normal -0.0169544 -0.258781 -0.965787
    outer loop
      vertex 0 -1.17054 -5.88471
      vertex -0.251738 -1.91214 -5.68158
      vertex -0.152786 -1.16053 -5.88471
    endloop
  endfacet
  facet normal -0.0833591 -0.245575 -0.965787
    outer loop
      vertex -0.499167 -1.86292 -5.68158
      vertex -0.738057 -1.78183 -5.68158
      vertex -0.302958 -1.13066 -5.88471
    endloop
  endfacet
  facet normal -0.0505974 -0.254353 -0.965787
    outer loop
      vertex -0.251738 -1.91214 -5.68158
      vertex -0.499167 -1.86292 -5.68158
      vertex -0.302958 -1.13066 -5.88471
    endloop
  endfacet
  facet normal -0.169565 -0.343842 -0.923591
    outer loop
      vertex -0.738057 -1.78183 -5.68158
      vertex -1.32687 -2.2982 -5.38124
      vertex -0.964318 -1.67025 -5.68158
    endloop
  endfacet
  facet normal -0.212994 -0.318767 -0.923591
    outer loop
      vertex -1.32687 -2.2982 -5.38124
      vertex -1.61549 -2.10535 -5.38124
      vertex -0.964318 -1.67025 -5.68158
    endloop
  endfacet
  facet normal -0.481397 -0.720456 0.499199
    outer loop
      vertex -3.037 -3.95789 3.33342
      vertex -3.27589 -4.26922 2.65373
      vertex -2.49441 -4.32044 3.33342
    endloop
  endfacet
  facet normal -0.571312 -0.651462 0.499199
    outer loop
      vertex -3.037 -3.95789 3.33342
      vertex -3.80511 -3.80511 2.65373
      vertex -3.27589 -4.26922 2.65373
    endloop
  endfacet
  facet normal -0.351177 -0.712095 0.607944
    outer loop
      vertex -2.25552 -3.90667 3.95607
      vertex -2.49441 -4.32044 3.33342
      vertex -1.7263 -4.16766 3.95607
    endloop
  endfacet
  facet normal -0.441104 -0.660176 0.607944
    outer loop
      vertex -2.25552 -3.90667 3.95607
      vertex -2.74615 -3.57885 3.95607
      vertex -2.49441 -4.32044 3.33342
    endloop
  endfacet
  facet normal -0.523501 -0.596954 0.607941
    outer loop
      vertex -3.18979 -3.18979 3.95607
      vertex -3.52763 -3.52763 3.33342
      vertex -3.037 -3.95789 3.33342
    endloop
  endfacet
  facet normal -0.52351 -0.596952 0.607936
    outer loop
      vertex -2.74615 -3.57885 3.95607
      vertex -3.18979 -3.18979 3.95607
      vertex -3.037 -3.95789 3.33342
    endloop
  endfacet
  facet normal -0.297062 -0.875123 0.381987
    outer loop
      vertex -1.55845 -5.20873 2.5
      vertex -2.05931 -4.97161 2.65373
      vertex -2.08368 -5.03044 2.5
    endloop
  endfacet
  facet normal -0.297082 -0.875136 0.381941
    outer loop
      vertex -2.05931 -4.97161 2.65373
      vertex -1.55845 -5.20873 2.5
      vertex -1.39277 -5.19788 2.65373
    endloop
  endfacet
  facet normal -0.278534 -0.820499 0.499199
    outer loop
      vertex -1.2912 -4.81883 3.33342
      vertex -2.05931 -4.97161 2.65373
      vertex -1.39277 -5.19788 2.65373
    endloop
  endfacet
  facet normal -0.19342 -0.972432 -0.130245
    outer loop
      vertex -0.78148 -5.93593 -0.392418
      vertex -1.54959 -5.78315 -0.392418
      vertex -0.768108 -5.83437 -1.17054
    endloop
  endfacet
  facet normal -0.0648449 -0.989359 -0.130245
    outer loop
      vertex 0 -5.98715 -0.392418
      vertex -0.78148 -5.93593 -0.392418
      vertex -0.768108 -5.83437 -1.17054
    endloop
  endfacet
  facet normal -0.0519255 -0.792282 0.607941
    outer loop
      vertex -0.588808 -4.47245 3.95607
      vertex -0.651171 -4.94614 3.33342
      vertex 0 -4.51104 3.95607
    endloop
  endfacet
  facet normal -0.154902 -0.778725 0.607941
    outer loop
      vertex -0.588808 -4.47245 3.95607
      vertex -1.16754 -4.35733 3.95607
      vertex -0.651171 -4.94614 3.33342
    endloop
  endfacet
  facet normal -0.768424 -0.513451 0.381959
    outer loop
      vertex -4.62789 -2.85347 2.5
      vertex -4.26922 -3.27589 2.65373
      vertex -4.66029 -2.69062 2.65373
    endloop
  endfacet
  facet normal -0.768421 -0.513441 0.381979
    outer loop
      vertex -4.26922 -3.27589 2.65373
      vertex -4.62789 -2.85347 2.5
      vertex -4.31974 -3.31465 2.5
    endloop
  endfacet
  facet normal -0.720454 -0.481398 0.4992
    outer loop
      vertex -4.32044 -2.49441 3.33342
      vertex -4.66029 -2.69062 2.65373
      vertex -4.26922 -3.27589 2.65373
    endloop
  endfacet
  facet normal -0.056671 -0.864633 -0.499197
    outer loop
      vertex 0 -5.38124 -2.65373
      vertex -0.651171 -4.94614 -3.33342
      vertex 0 -4.98882 -3.33342
    endloop
  endfacet
  facet normal -0.0519288 -0.792281 -0.607943
    outer loop
      vertex 0 -4.98882 -3.33342
      vertex -0.651171 -4.94614 -3.33342
      vertex 0 -4.51104 -3.95607
    endloop
  endfacet
  facet normal 0.0462901 -0.706349 -0.706349
    outer loop
      vertex 0.516371 -3.92223 -4.51104
      vertex 0 -4.51104 -3.95607
      vertex 0 -3.95607 -4.51104
    endloop
  endfacet
  facet normal -0.227532 -0.6703 -0.706347
    outer loop
      vertex -1.16754 -4.35733 -3.95607
      vertex -1.7263 -4.16766 -3.95607
      vertex -1.02391 -3.82127 -4.51104
    endloop
  endfacet
  facet normal -0.154902 -0.778725 -0.607941
    outer loop
      vertex -0.651171 -4.94614 -3.33342
      vertex -1.16754 -4.35733 -3.95607
      vertex -0.588808 -4.47245 -3.95607
    endloop
  endfacet
  facet normal -0.154898 -0.778724 -0.607943
    outer loop
      vertex -0.651171 -4.94614 -3.33342
      vertex -1.2912 -4.81883 -3.33342
      vertex -1.16754 -4.35733 -3.95607
    endloop
  endfacet
  facet normal -0.194979 -0.170992 0.965787
    outer loop
      vertex -0.928653 -0.712581 5.88471
      vertex -1.53009 -1.17408 5.68158
      vertex -0.827698 -0.827698 5.88471
    endloop
  endfacet
  facet normal -0.401929 -0.458297 0.792727
    outer loop
      vertex -2.35708 -2.35708 4.98882
      vertex -2.79737 -2.79737 4.51104
      vertex -2.02926 -2.64458 4.98882
    endloop
  endfacet
  facet normal -0.252783 -0.288236 0.923591
    outer loop
      vertex -1.17408 -1.53009 5.68158
      vertex -1.87647 -1.87647 5.38124
      vertex -1.61549 -2.10535 5.38124
    endloop
  endfacet
  facet normal -0.19595 -0.577235 0.792719
    outer loop
      vertex -0.862753 -3.21984 4.98882
      vertex -1.27564 -3.07968 4.98882
      vertex -1.02391 -3.82127 4.51104
    endloop
  endfacet
  facet normal -0.212994 -0.318767 0.923591
    outer loop
      vertex -0.964318 -1.67025 5.68158
      vertex -1.61549 -2.10535 5.38124
      vertex -1.32687 -2.2982 5.38124
    endloop
  endfacet
  facet normal -0.416405 -0.278233 0.86556
    outer loop
      vertex -2.2982 -1.32687 5.38124
      vertex -2.88683 -1.66671 4.98882
      vertex -2.10535 -1.61549 5.38124
    endloop
  endfacet
  facet normal -0.416404 -0.278235 0.865559
    outer loop
      vertex -2.10535 -1.61549 5.38124
      vertex -2.88683 -1.66671 4.98882
      vertex -2.64458 -2.02926 4.98882
    endloop
  endfacet
  facet normal -0.118917 -0.597876 0.792719
    outer loop
      vertex -0.862753 -3.21984 4.98882
      vertex -1.02391 -3.82127 4.51104
      vertex -0.435099 -3.3049 4.98882
    endloop
  endfacet
  facet normal -0.118928 -0.597868 0.792723
    outer loop
      vertex -0.435099 -3.3049 4.98882
      vertex -1.02391 -3.82127 4.51104
      vertex -0.516371 -3.92223 4.51104
    endloop
  endfacet
  facet normal -0.12323 -0.363033 0.923591
    outer loop
      vertex -0.499167 -1.86292 5.68158
      vertex -0.738057 -1.78183 5.68158
      vertex -0.686836 -2.56331 5.38124
    endloop
  endfacet
  facet normal -0.0255167 -0.128286 0.991409
    outer loop
      vertex -0.101565 -0.379047 5.98715
      vertex -0.302958 -1.13066 5.88471
      vertex -0.152786 -1.16053 5.88471
    endloop
  endfacet
  facet normal 0.0462936 -0.70635 0.706347
    outer loop
      vertex 0.516371 -3.92223 4.51104
      vertex 0 -4.51104 3.95607
      vertex 0.588808 -4.47245 3.95607
    endloop
  endfacet
  facet normal 0.118917 -0.597876 0.792719
    outer loop
      vertex 0.862753 -3.21984 4.98882
      vertex 0.435099 -3.3049 4.98882
      vertex 1.02391 -3.82127 4.51104
    endloop
  endfacet
  facet normal -0.0250747 -0.382561 0.92359
    outer loop
      vertex 0 -1.92864 5.68158
      vertex -0.251738 -1.91214 5.68158
      vertex 0 -2.65373 5.38124
    endloop
  endfacet
  facet normal -0.025071 -0.38256 0.923591
    outer loop
      vertex -0.251738 -1.91214 5.68158
      vertex -0.346381 -2.63103 5.38124
      vertex 0 -2.65373 5.38124
    endloop
  endfacet
  facet normal -0.288237 -0.252783 0.923591
    outer loop
      vertex -1.53009 -1.17408 5.68158
      vertex -1.87647 -1.87647 5.38124
      vertex -1.36375 -1.36375 5.68158
    endloop
  endfacet
  facet normal -0.170992 -0.194979 0.965787
    outer loop
      vertex -0.827698 -0.827698 5.88471
      vertex -1.17408 -1.53009 5.68158
      vertex -0.712581 -0.928653 5.88471
    endloop
  endfacet
  facet normal -0.0726687 -0.108755 0.991409
    outer loop
      vertex -0.238889 -0.311326 5.98715
      vertex -0.712581 -0.928653 5.88471
      vertex -0.585271 -1.01372 5.88471
    endloop
  endfacet
  facet normal 0.05785 -0.11731 0.991409
    outer loop
      vertex 0.196209 -0.339844 5.98715
      vertex 0.150171 -0.362547 5.98715
      vertex 0.585271 -1.01372 5.88471
    endloop
  endfacet
  facet normal -0.597876 -0.118917 0.792719
    outer loop
      vertex -3.3049 -0.435099 4.98882
      vertex -3.82127 -1.02391 4.51104
      vertex -3.21984 -0.862753 4.98882
    endloop
  endfacet
  facet normal 0.889235 -0.438515 -0.130254
    outer loop
      vertex 5.18503 -2.99358 -0.392418
      vertex 5.09631 -2.94236 -1.17054
      vertex 5.53141 -2.29118 -0.392418
    endloop
  endfacet
  facet normal 0.896875 -0.442283 0
    outer loop
      vertex 5.18503 -2.99358 0
      vertex 5.53141 -2.29118 -0.392418
      vertex 5.53141 -2.29118 0
    endloop
  endfacet
  facet normal 0.896875 -0.442283 0
    outer loop
      vertex 5.53141 -2.29118 -0.392418
      vertex 5.18503 -2.99358 0
      vertex 5.18503 -2.99358 -0.392418
    endloop
  endfacet
  facet normal -0.065402 -0.997859 0
    outer loop
      vertex -0.78148 -5.93593 -0.392418
      vertex 0 -5.98715 0
      vertex -0.78148 -5.93593 0
    endloop
  endfacet
  facet normal -0.065402 -0.997859 -0
    outer loop
      vertex 0 -5.98715 0
      vertex -0.78148 -5.93593 -0.392418
      vertex 0 -5.98715 -0.392418
    endloop
  endfacet
  facet normal 0.751841 -0.659344 0
    outer loop
      vertex 4.23356 -4.23356 0
      vertex 4.74993 -3.64475 -0.392418
      vertex 4.74993 -3.64475 0
    endloop
  endfacet
  facet normal 0.751841 -0.659344 0
    outer loop
      vertex 4.74993 -3.64475 -0.392418
      vertex 4.23356 -4.23356 0
      vertex 4.23356 -4.23356 -0.392418
    endloop
  endfacet
  facet normal 0.408742 -0.828863 0.381988
    outer loop
      vertex 2.225 -4.96075 2.5
      vertex 2.05931 -4.97161 2.65373
      vertex 2.08368 -5.03044 2.5
    endloop
  endfacet
  facet normal 0.195937 -0.577233 0.792723
    outer loop
      vertex 1.27564 -3.07968 4.98882
      vertex 1.02391 -3.82127 4.51104
      vertex 1.51392 -3.65494 4.51104
    endloop
  endfacet
  facet normal 0.227529 -0.670303 0.706345
    outer loop
      vertex 1.51392 -3.65494 4.51104
      vertex 1.02391 -3.82127 4.51104
      vertex 1.7263 -4.16766 3.95607
    endloop
  endfacet
  facet normal 0.138103 -0.694262 0.706348
    outer loop
      vertex 1.02391 -3.82127 4.51104
      vertex 0.516371 -3.92223 4.51104
      vertex 1.16754 -4.35733 3.95607
    endloop
  endfacet
  facet normal 0.0519255 -0.792282 0.607941
    outer loop
      vertex 0.588808 -4.47245 3.95607
      vertex 0 -4.51104 3.95607
      vertex 0.651171 -4.94614 3.33342
    endloop
  endfacet
  facet normal 0.221497 -0.449162 0.865559
    outer loop
      vertex 1.66671 -2.88683 4.98882
      vertex 1.01554 -2.45173 5.38124
      vertex 1.27564 -3.07968 4.98882
    endloop
  endfacet
  facet normal 0.169563 -0.343843 0.923591
    outer loop
      vertex 1.32687 -2.2982 5.38124
      vertex 0.738057 -1.78183 5.68158
      vertex 1.01554 -2.45173 5.38124
    endloop
  endfacet
  facet normal 0.0862418 -0.0983399 0.991409
    outer loop
      vertex 0.827698 -0.827698 5.88471
      vertex 0.238889 -0.311326 5.98715
      vertex 0.712581 -0.928653 5.88471
    endloop
  endfacet
  facet normal 0.123857 -0.042045 0.991409
    outer loop
      vertex 0.379047 -0.101565 5.98715
      vertex 0.362547 -0.150171 5.98715
      vertex 1.08144 -0.447947 5.88471
    endloop
  endfacet
  facet normal 0.11731 -0.0578504 0.991409
    outer loop
      vertex 1.08144 -0.447947 5.88471
      vertex 0.362547 -0.150171 5.98715
      vertex 1.01372 -0.585271 5.88471
    endloop
  endfacet
  facet normal 0.128286 -0.0255167 0.991409
    outer loop
      vertex 1.16053 -0.152786 5.88471
      vertex 0.379047 -0.101565 5.98715
      vertex 1.13066 -0.302958 5.88471
    endloop
  endfacet
  facet normal 0.254353 -0.0505921 0.965787
    outer loop
      vertex 1.16053 -0.152786 5.88471
      vertex 1.13066 -0.302958 5.88471
      vertex 1.91214 -0.251738 5.68158
    endloop
  endfacet
  facet normal 0.194979 -0.170992 0.965787
    outer loop
      vertex 0.928653 -0.712581 5.88471
      vertex 0.827698 -0.827698 5.88471
      vertex 1.53009 -1.17408 5.68158
    endloop
  endfacet
  facet normal 0.215629 -0.144081 0.965787
    outer loop
      vertex 1.01372 -0.585271 5.88471
      vertex 0.928653 -0.712581 5.88471
      vertex 1.53009 -1.17408 5.68158
    endloop
  endfacet
  facet normal 0.212994 -0.318767 0.923591
    outer loop
      vertex 1.61549 -2.10535 5.38124
      vertex 0.964318 -1.67025 5.68158
      vertex 1.32687 -2.2982 5.38124
    endloop
  endfacet
  facet normal 0.169565 -0.343842 0.923591
    outer loop
      vertex 0.964318 -1.67025 5.68158
      vertex 0.738057 -1.78183 5.68158
      vertex 1.32687 -2.2982 5.38124
    endloop
  endfacet
  facet normal 0.0505921 -0.254353 0.965787
    outer loop
      vertex 0.302958 -1.13066 5.88471
      vertex 0.152786 -1.16053 5.88471
      vertex 0.251738 -1.91214 5.68158
    endloop
  endfacet
  facet normal 0.0169544 -0.258781 0.965787
    outer loop
      vertex 0.152786 -1.16053 5.88471
      vertex 0 -1.17054 5.88471
      vertex 0.251738 -1.91214 5.68158
    endloop
  endfacet
  facet normal 0.194978 -0.170995 0.965787
    outer loop
      vertex 1.53009 -1.17408 5.68158
      vertex 0.827698 -0.827698 5.88471
      vertex 1.36375 -1.36375 5.68158
    endloop
  endfacet
  facet normal 0.170995 -0.194978 0.965787
    outer loop
      vertex 1.36375 -1.36375 5.68158
      vertex 0.827698 -0.827698 5.88471
      vertex 1.17408 -1.53009 5.68158
    endloop
  endfacet
  facet normal 0.343842 -0.169565 0.923591
    outer loop
      vertex 1.78183 -0.738057 5.68158
      vertex 1.67025 -0.964318 5.68158
      vertex 2.2982 -1.32687 5.38124
    endloop
  endfacet
  facet normal 0.232591 -0.114702 0.965787
    outer loop
      vertex 1.78183 -0.738057 5.68158
      vertex 1.01372 -0.585271 5.88471
      vertex 1.67025 -0.964318 5.68158
    endloop
  endfacet
  facet normal -0.042045 -0.123857 0.991409
    outer loop
      vertex -0.150171 -0.362547 5.98715
      vertex -0.447947 -1.08144 5.88471
      vertex -0.101565 -0.379047 5.98715
    endloop
  endfacet
  facet normal -0.0983389 -0.0862427 0.991409
    outer loop
      vertex -0.311326 -0.238889 5.98715
      vertex -0.827698 -0.827698 5.88471
      vertex -0.277481 -0.277481 5.98715
    endloop
  endfacet
  facet normal -0.05785 -0.11731 0.991409
    outer loop
      vertex -0.196209 -0.339844 5.98715
      vertex -0.585271 -1.01372 5.88471
      vertex -0.150171 -0.362547 5.98715
    endloop
  endfacet
  facet normal -0.0983399 -0.0862418 -0.991409
    outer loop
      vertex -0.827698 -0.827698 -5.88471
      vertex -0.928653 -0.712581 -5.88471
      vertex -0.311326 -0.238889 -5.98715
    endloop
  endfacet
  facet normal 0.12323 -0.363033 -0.923591
    outer loop
      vertex 0.686836 -2.56331 -5.38124
      vertex 0.499167 -1.86292 -5.68158
      vertex 0.738057 -1.78183 -5.68158
    endloop
  endfacet
  facet normal 0.0250747 -0.382561 -0.92359
    outer loop
      vertex 0.251738 -1.91214 -5.68158
      vertex 0 -2.65373 -5.38124
      vertex 0 -1.92864 -5.68158
    endloop
  endfacet
  facet normal -0.0250747 -0.382561 -0.92359
    outer loop
      vertex 0 -2.65373 -5.38124
      vertex -0.251738 -1.91214 -5.68158
      vertex 0 -1.92864 -5.68158
    endloop
  endfacet
  facet normal 0.376521 -0.330211 -0.865559
    outer loop
      vertex 2.35708 -2.35708 -4.98882
      vertex 1.87647 -1.87647 -5.38124
      vertex 2.64458 -2.02926 -4.98882
    endloop
  endfacet
  facet normal 0.288237 -0.252783 -0.923591
    outer loop
      vertex 1.87647 -1.87647 -5.38124
      vertex 1.36375 -1.36375 -5.68158
      vertex 1.53009 -1.17408 -5.68158
    endloop
  endfacet
  facet normal 0.194978 -0.170995 -0.965787
    outer loop
      vertex 1.36375 -1.36375 -5.68158
      vertex 0.827698 -0.827698 -5.88471
      vertex 1.53009 -1.17408 -5.68158
    endloop
  endfacet
  facet normal 0.458297 -0.401929 -0.792727
    outer loop
      vertex 2.79737 -2.79737 -4.51104
      vertex 2.35708 -2.35708 -4.98882
      vertex 2.64458 -2.02926 -4.98882
    endloop
  endfacet
  facet normal -0.0862427 -0.0983389 -0.991409
    outer loop
      vertex -0.238889 -0.311326 -5.98715
      vertex -0.827698 -0.827698 -5.88471
      vertex -0.277481 -0.277481 -5.98715
    endloop
  endfacet
  facet normal -0.0578504 -0.11731 -0.991409
    outer loop
      vertex -0.447947 -1.08144 -5.88471
      vertex -0.585271 -1.01372 -5.88471
      vertex -0.150171 -0.362547 -5.98715
    endloop
  endfacet
  facet normal 0.215629 -0.14408 -0.965787
    outer loop
      vertex 1.53009 -1.17408 -5.68158
      vertex 1.01372 -0.585271 -5.88471
      vertex 1.67025 -0.964318 -5.68158
    endloop
  endfacet
  facet normal 0.232591 -0.114702 -0.965787
    outer loop
      vertex 1.67025 -0.964318 -5.68158
      vertex 1.01372 -0.585271 -5.88471
      vertex 1.78183 -0.738057 -5.68158
    endloop
  endfacet
  facet normal -0.1147 -0.232591 -0.965787
    outer loop
      vertex -0.447947 -1.08144 -5.88471
      vertex -0.738057 -1.78183 -5.68158
      vertex -0.585271 -1.01372 -5.88471
    endloop
  endfacet
  facet normal -0.128286 -0.0255167 -0.991409
    outer loop
      vertex -1.13066 -0.302958 -5.88471
      vertex -1.16053 -0.152786 -5.88471
      vertex -0.379047 -0.101565 -5.98715
    endloop
  endfacet
  facet normal 0.577235 -0.19595 -0.792719
    outer loop
      vertex 3.82127 -1.02391 -4.51104
      vertex 3.07968 -1.27564 -4.98882
      vertex 3.21984 -0.862753 -4.98882
    endloop
  endfacet
  facet normal 0.577233 -0.195937 -0.792723
    outer loop
      vertex 3.65494 -1.51392 -4.51104
      vertex 3.07968 -1.27564 -4.98882
      vertex 3.82127 -1.02391 -4.51104
    endloop
  endfacet
  facet normal 0.449159 -0.221499 -0.86556
    outer loop
      vertex 2.88683 -1.66671 -4.98882
      vertex 2.2982 -1.32687 -5.38124
      vertex 2.45173 -1.01554 -5.38124
    endloop
  endfacet
  facet normal 0.343843 -0.169563 -0.923591
    outer loop
      vertex 2.2982 -1.32687 -5.38124
      vertex 1.78183 -0.738057 -5.68158
      vertex 2.45173 -1.01554 -5.38124
    endloop
  endfacet
  facet normal 0.254353 -0.0505921 -0.965787
    outer loop
      vertex 1.91214 -0.251738 -5.68158
      vertex 1.13066 -0.302958 -5.88471
      vertex 1.16053 -0.152786 -5.88471
    endloop
  endfacet
  facet normal 0.128286 -0.0255167 -0.991409
    outer loop
      vertex 1.13066 -0.302958 -5.88471
      vertex 0.379047 -0.101565 -5.98715
      vertex 1.16053 -0.152786 -5.88471
    endloop
  endfacet
  facet normal 0.778725 -0.154902 -0.607941
    outer loop
      vertex 4.94614 -0.651171 -3.33342
      vertex 4.35733 -1.16754 -3.95607
      vertex 4.47245 -0.588808 -3.95607
    endloop
  endfacet
  facet normal 0.694264 -0.138101 -0.706347
    outer loop
      vertex 4.35733 -1.16754 -3.95607
      vertex 3.92223 -0.516371 -4.51104
      vertex 4.47245 -0.588808 -3.95607
    endloop
  endfacet
  facet normal 0.751845 -0.255214 -0.607943
    outer loop
      vertex 4.60907 -1.90914 -3.33342
      vertex 4.16766 -1.7263 -3.95607
      vertex 4.81883 -1.2912 -3.33342
    endloop
  endfacet
  facet normal 0.712097 -0.351175 -0.607943
    outer loop
      vertex 4.32044 -2.49441 -3.33342
      vertex 4.16766 -1.7263 -3.95607
      vertex 4.60907 -1.90914 -3.33342
    endloop
  endfacet
  facet normal 0 0 1
    outer loop
      vertex 0.392418 0 5.98715
      vertex 0.379047 -0.101565 5.98715
      vertex 0.389061 -0.0512209 5.98715
    endloop
  endfacet
  facet normal 0 0 1
    outer loop
      vertex 0.392418 0 5.98715
      vertex 0.362547 -0.150171 5.98715
      vertex 0.379047 -0.101565 5.98715
    endloop
  endfacet
  facet normal 0 0 1
    outer loop
      vertex 0.392418 0 5.98715
      vertex 0.339844 -0.196209 5.98715
      vertex 0.362547 -0.150171 5.98715
    endloop
  endfacet
  facet normal 0 0 1
    outer loop
      vertex 0.392418 0 5.98715
      vertex 0.311326 -0.238889 5.98715
      vertex 0.339844 -0.196209 5.98715
    endloop
  endfacet
  facet normal 0 0 1
    outer loop
      vertex 0.392418 0 5.98715
      vertex 0.277481 -0.277481 5.98715
      vertex 0.311326 -0.238889 5.98715
    endloop
  endfacet
  facet normal 0 0 1
    outer loop
      vertex 0.392418 0 5.98715
      vertex 0.238889 -0.311326 5.98715
      vertex 0.277481 -0.277481 5.98715
    endloop
  endfacet
  facet normal 0 0 1
    outer loop
      vertex 0.392418 0 5.98715
      vertex 0.196209 -0.339844 5.98715
      vertex 0.238889 -0.311326 5.98715
    endloop
  endfacet
  facet normal 0 0 1
    outer loop
      vertex 0.392418 0 5.98715
      vertex 0.150171 -0.362547 5.98715
      vertex 0.196209 -0.339844 5.98715
    endloop
  endfacet
  facet normal 0 0 1
    outer loop
      vertex 0.392418 0 5.98715
      vertex 0.101565 -0.379047 5.98715
      vertex 0.150171 -0.362547 5.98715
    endloop
  endfacet
  facet normal 0 0 1
    outer loop
      vertex 0.392418 0 5.98715
      vertex 0.0512209 -0.389061 5.98715
      vertex 0.101565 -0.379047 5.98715
    endloop
  endfacet
  facet normal 0 0 1
    outer loop
      vertex 0.392418 0 5.98715
      vertex 0 -0.392418 5.98715
      vertex 0.0512209 -0.389061 5.98715
    endloop
  endfacet
  facet normal 0 0 1
    outer loop
      vertex 0.392418 0 5.98715
      vertex -0.0512209 -0.389061 5.98715
      vertex 0 -0.392418 5.98715
    endloop
  endfacet
  facet normal 0 0 1
    outer loop
      vertex 0.392418 0 5.98715
      vertex -0.101565 -0.379047 5.98715
      vertex -0.0512209 -0.389061 5.98715
    endloop
  endfacet
  facet normal 0 0 1
    outer loop
      vertex 0.392418 0 5.98715
      vertex -0.150171 -0.362547 5.98715
      vertex -0.101565 -0.379047 5.98715
    endloop
  endfacet
  facet normal 0 0 1
    outer loop
      vertex 0.392418 0 5.98715
      vertex -0.196209 -0.339844 5.98715
      vertex -0.150171 -0.362547 5.98715
    endloop
  endfacet
  facet normal 0 0 1
    outer loop
      vertex 0.392418 0 5.98715
      vertex -0.238889 -0.311326 5.98715
      vertex -0.196209 -0.339844 5.98715
    endloop
  endfacet
  facet normal 0 0 1
    outer loop
      vertex 0.392418 0 5.98715
      vertex -0.277481 -0.277481 5.98715
      vertex -0.238889 -0.311326 5.98715
    endloop
  endfacet
  facet normal 0 0 1
    outer loop
      vertex 0.392418 0 5.98715
      vertex -0.311326 -0.238889 5.98715
      vertex -0.277481 -0.277481 5.98715
    endloop
  endfacet
  facet normal 0 0 1
    outer loop
      vertex 0.392418 0 5.98715
      vertex -0.339844 -0.196209 5.98715
      vertex -0.311326 -0.238889 5.98715
    endloop
  endfacet
  facet normal 0 0 1
    outer loop
      vertex 0.392418 0 5.98715
      vertex -0.362547 -0.150171 5.98715
      vertex -0.339844 -0.196209 5.98715
    endloop
  endfacet
  facet normal 0 0 1
    outer loop
      vertex 0.392418 0 5.98715
      vertex -0.379047 -0.101565 5.98715
      vertex -0.362547 -0.150171 5.98715
    endloop
  endfacet
  facet normal 0 0 1
    outer loop
      vertex 0.392418 0 5.98715
      vertex -0.389061 -0.0512209 5.98715
      vertex -0.379047 -0.101565 5.98715
    endloop
  endfacet
  facet normal 0 -0 1
    outer loop
      vertex -0.389061 -0.0512209 5.98715
      vertex 0.392418 0 5.98715
      vertex -0.392418 0 5.98715
    endloop
  endfacet
  facet normal -0.720454 -0.481398 -0.4992
    outer loop
      vertex -4.26922 -3.27589 -2.65373
      vertex -4.66029 -2.69062 -2.65373
      vertex -4.32044 -2.49441 -3.33342
    endloop
  endfacet
  facet normal -0.720456 -0.481397 -0.499199
    outer loop
      vertex -4.26922 -3.27589 -2.65373
      vertex -4.32044 -2.49441 -3.33342
      vertex -3.95789 -3.037 -3.33342
    endloop
  endfacet
  facet normal 0.154902 -0.778725 -0.607941
    outer loop
      vertex 0.651171 -4.94614 -3.33342
      vertex 0.588808 -4.47245 -3.95607
      vertex 1.16754 -4.35733 -3.95607
    endloop
  endfacet
  facet normal 0.0519255 -0.792282 -0.607941
    outer loop
      vertex 0.651171 -4.94614 -3.33342
      vertex 0 -4.51104 -3.95607
      vertex 0.588808 -4.47245 -3.95607
    endloop
  endfacet
  facet normal 0.039863 -0.608277 -0.792723
    outer loop
      vertex 0.516371 -3.92223 -4.51104
      vertex 0 -3.95607 -4.51104
      vertex 0.435099 -3.3049 -4.98882
    endloop
  endfacet
  facet normal 0.118928 -0.597868 -0.792723
    outer loop
      vertex 0.516371 -3.92223 -4.51104
      vertex 0.435099 -3.3049 -4.98882
      vertex 1.02391 -3.82127 -4.51104
    endloop
  endfacet
  facet normal -0.194979 -0.170992 -0.965787
    outer loop
      vertex -0.827698 -0.827698 -5.88471
      vertex -1.53009 -1.17408 -5.68158
      vertex -0.928653 -0.712581 -5.88471
    endloop
  endfacet
  facet normal -0.170995 -0.194978 -0.965787
    outer loop
      vertex -1.17408 -1.53009 -5.68158
      vertex -1.36375 -1.36375 -5.68158
      vertex -0.827698 -0.827698 -5.88471
    endloop
  endfacet
  facet normal -0.343843 -0.169563 -0.923591
    outer loop
      vertex -2.2982 -1.32687 -5.38124
      vertex -2.45173 -1.01554 -5.38124
      vertex -1.78183 -0.738057 -5.68158
    endloop
  endfacet
  facet normal -0.474226 -0.160982 -0.86556
    outer loop
      vertex -3.07968 -1.27564 -4.98882
      vertex -3.21984 -0.862753 -4.98882
      vertex -2.56331 -0.686836 -5.38124
    endloop
  endfacet
  facet normal -0.11731 -0.0578504 -0.991409
    outer loop
      vertex -1.01372 -0.585271 -5.88471
      vertex -1.08144 -0.447947 -5.88471
      vertex -0.362547 -0.150171 -5.98715
    endloop
  endfacet
  facet normal -0.215629 -0.144081 -0.965787
    outer loop
      vertex -0.928653 -0.712581 -5.88471
      vertex -1.53009 -1.17408 -5.68158
      vertex -1.01372 -0.585271 -5.88471
    endloop
  endfacet
  facet normal -0.042045 -0.123857 -0.991409
    outer loop
      vertex -0.101565 -0.379047 -5.98715
      vertex -0.447947 -1.08144 -5.88471
      vertex -0.150171 -0.362547 -5.98715
    endloop
  endfacet
  facet normal -0.318767 -0.212994 -0.923591
    outer loop
      vertex -2.10535 -1.61549 -5.38124
      vertex -2.2982 -1.32687 -5.38124
      vertex -1.67025 -0.964318 -5.68158
    endloop
  endfacet
  facet normal -0.343842 -0.169565 -0.923591
    outer loop
      vertex -1.67025 -0.964318 -5.68158
      vertex -2.2982 -1.32687 -5.38124
      vertex -1.78183 -0.738057 -5.68158
    endloop
  endfacet
  facet normal -0.474229 -0.160979 -0.865559
    outer loop
      vertex -2.45173 -1.01554 -5.38124
      vertex -3.07968 -1.27564 -4.98882
      vertex -2.56331 -0.686836 -5.38124
    endloop
  endfacet
  facet normal -0.363034 -0.123233 -0.923591
    outer loop
      vertex -2.45173 -1.01554 -5.38124
      vertex -2.56331 -0.686836 -5.38124
      vertex -1.78183 -0.738057 -5.68158
    endloop
  endfacet
  facet normal -0.608277 -0.039863 -0.792723
    outer loop
      vertex -3.92223 -0.516371 -4.51104
      vertex -3.95607 0 -4.51104
      vertex -3.3049 -0.435099 -4.98882
    endloop
  endfacet
  facet normal -0.849838 -0.169044 -0.499199
    outer loop
      vertex -4.81883 -1.2912 -3.33342
      vertex -5.19788 -1.39277 -2.65373
      vertex -4.94614 -0.651171 -3.33342
    endloop
  endfacet
  facet normal 0.11731 -0.05785 -0.991409
    outer loop
      vertex 1.01372 -0.585271 -5.88471
      vertex 0.339844 -0.196209 -5.98715
      vertex 0.362547 -0.150171 -5.98715
    endloop
  endfacet
  facet normal 0.123857 -0.042045 -0.991409
    outer loop
      vertex 1.08144 -0.447947 -5.88471
      vertex 0.362547 -0.150171 -5.98715
      vertex 0.379047 -0.101565 -5.98715
    endloop
  endfacet
  facet normal -0.532206 -0.46673 0.706343
    outer loop
      vertex -3.13857 -2.40831 4.51104
      vertex -3.57885 -2.74615 3.95607
      vertex -3.18979 -3.18979 3.95607
    endloop
  endfacet
  facet normal -0.588577 -0.393264 0.706343
    outer loop
      vertex -3.13857 -2.40831 4.51104
      vertex -3.90667 -2.25552 3.95607
      vertex -3.57885 -2.74615 3.95607
    endloop
  endfacet
  facet normal -0.1803 -0.906427 0.381946
    outer loop
      vertex -1.39277 -5.19788 2.65373
      vertex -1.40925 -5.25938 2.5
      vertex -1.25471 -5.29012 2.5
    endloop
  endfacet
  facet normal -0.195937 -0.577233 -0.792723
    outer loop
      vertex -1.02391 -3.82127 -4.51104
      vertex -1.51392 -3.65494 -4.51104
      vertex -1.27564 -3.07968 -4.98882
    endloop
  endfacet
  facet normal -0.19595 -0.577235 -0.792719
    outer loop
      vertex -1.02391 -3.82127 -4.51104
      vertex -1.27564 -3.07968 -4.98882
      vertex -0.862753 -3.21984 -4.98882
    endloop
  endfacet
  facet normal -0.330211 -0.376521 0.865559
    outer loop
      vertex -1.87647 -1.87647 5.38124
      vertex -2.35708 -2.35708 4.98882
      vertex -2.02926 -2.64458 4.98882
    endloop
  endfacet
  facet normal -0.376521 -0.330211 0.865559
    outer loop
      vertex -1.87647 -1.87647 5.38124
      vertex -2.64458 -2.02926 4.98882
      vertex -2.35708 -2.35708 4.98882
    endloop
  endfacet
  facet normal -0.33021 -0.376522 0.865559
    outer loop
      vertex -1.87647 -1.87647 5.38124
      vertex -2.02926 -2.64458 4.98882
      vertex -1.61549 -2.10535 5.38124
    endloop
  endfacet
  facet normal -0.278235 -0.416404 0.865559
    outer loop
      vertex -1.61549 -2.10535 5.38124
      vertex -2.02926 -2.64458 4.98882
      vertex -1.66671 -2.88683 4.98882
    endloop
  endfacet
  facet normal -0.14408 -0.215629 0.965787
    outer loop
      vertex -0.585271 -1.01372 5.88471
      vertex -1.17408 -1.53009 5.68158
      vertex -0.964318 -1.67025 5.68158
    endloop
  endfacet
  facet normal -0.212995 -0.318766 0.923592
    outer loop
      vertex -1.17408 -1.53009 5.68158
      vertex -1.61549 -2.10535 5.38124
      vertex -0.964318 -1.67025 5.68158
    endloop
  endfacet
  facet normal -0.169563 -0.343843 0.923591
    outer loop
      vertex -0.738057 -1.78183 5.68158
      vertex -1.32687 -2.2982 5.38124
      vertex -1.01554 -2.45173 5.38124
    endloop
  endfacet
  facet normal -0.221499 -0.449159 0.86556
    outer loop
      vertex -1.32687 -2.2982 5.38124
      vertex -1.66671 -2.88683 4.98882
      vertex -1.01554 -2.45173 5.38124
    endloop
  endfacet
  facet normal -0.0327566 -0.499732 0.86556
    outer loop
      vertex 0 -2.65373 5.38124
      vertex -0.435099 -3.3049 4.98882
      vertex 0 -3.33342 4.98882
    endloop
  endfacet
  facet normal -0.195937 -0.577233 0.792723
    outer loop
      vertex -1.27564 -3.07968 4.98882
      vertex -1.51392 -3.65494 4.51104
      vertex -1.02391 -3.82127 4.51104
    endloop
  endfacet
  facet normal -0.0505921 -0.254353 0.965787
    outer loop
      vertex -0.152786 -1.16053 5.88471
      vertex -0.302958 -1.13066 5.88471
      vertex -0.251738 -1.91214 5.68158
    endloop
  endfacet
  facet normal -0.0169544 -0.258781 0.965787
    outer loop
      vertex -0.152786 -1.16053 5.88471
      vertex -0.251738 -1.91214 5.68158
      vertex 0 -1.17054 5.88471
    endloop
  endfacet
  facet normal -0.0505974 -0.254353 0.965787
    outer loop
      vertex -0.302958 -1.13066 5.88471
      vertex -0.499167 -1.86292 5.68158
      vertex -0.251738 -1.91214 5.68158
    endloop
  endfacet
  facet normal -0.0833591 -0.245575 0.965787
    outer loop
      vertex -0.302958 -1.13066 5.88471
      vertex -0.738057 -1.78183 5.68158
      vertex -0.499167 -1.86292 5.68158
    endloop
  endfacet
  facet normal 0.039863 -0.608277 0.792723
    outer loop
      vertex 0.435099 -3.3049 4.98882
      vertex 0 -3.95607 4.51104
      vertex 0.516371 -3.92223 4.51104
    endloop
  endfacet
  facet normal 0.0462901 -0.706349 0.706349
    outer loop
      vertex 0 -3.95607 4.51104
      vertex 0 -4.51104 3.95607
      vertex 0.516371 -3.92223 4.51104
    endloop
  endfacet
  facet normal -0.170995 -0.194978 0.965787
    outer loop
      vertex -0.827698 -0.827698 5.88471
      vertex -1.36375 -1.36375 5.68158
      vertex -1.17408 -1.53009 5.68158
    endloop
  endfacet
  facet normal -0.194978 -0.170995 0.965787
    outer loop
      vertex -0.827698 -0.827698 5.88471
      vertex -1.53009 -1.17408 5.68158
      vertex -1.36375 -1.36375 5.68158
    endloop
  endfacet
  facet normal -0.608277 -0.039863 0.792723
    outer loop
      vertex -3.3049 -0.435099 4.98882
      vertex -3.95607 0 4.51104
      vertex -3.92223 -0.516371 4.51104
    endloop
  endfacet
  facet normal 0.221499 -0.449159 0.86556
    outer loop
      vertex 1.32687 -2.2982 5.38124
      vertex 1.01554 -2.45173 5.38124
      vertex 1.66671 -2.88683 4.98882
    endloop
  endfacet
  facet normal 0.278233 -0.416405 0.86556
    outer loop
      vertex 1.61549 -2.10535 5.38124
      vertex 1.32687 -2.2982 5.38124
      vertex 1.66671 -2.88683 4.98882
    endloop
  endfacet
  facet normal 0.12323 -0.363033 0.923591
    outer loop
      vertex 0.738057 -1.78183 5.68158
      vertex 0.499167 -1.86292 5.68158
      vertex 0.686836 -2.56331 5.38124
    endloop
  endfacet
  facet normal 0.0833591 -0.245575 0.965787
    outer loop
      vertex 0.738057 -1.78183 5.68158
      vertex 0.302958 -1.13066 5.88471
      vertex 0.499167 -1.86292 5.68158
    endloop
  endfacet
  facet normal 0.042045 -0.123857 0.991409
    outer loop
      vertex 0.150171 -0.362547 5.98715
      vertex 0.101565 -0.379047 5.98715
      vertex 0.447947 -1.08144 5.88471
    endloop
  endfacet
  facet normal 0.212995 -0.318766 -0.923592
    outer loop
      vertex 1.61549 -2.10535 -5.38124
      vertex 0.964318 -1.67025 -5.68158
      vertex 1.17408 -1.53009 -5.68158
    endloop
  endfacet
  facet normal 0.0726682 -0.108755 -0.991409
    outer loop
      vertex 0.585271 -1.01372 -5.88471
      vertex 0.196209 -0.339844 -5.98715
      vertex 0.238889 -0.311326 -5.98715
    endloop
  endfacet
  facet normal 0.123233 -0.363034 -0.923591
    outer loop
      vertex 1.01554 -2.45173 -5.38124
      vertex 0.686836 -2.56331 -5.38124
      vertex 0.738057 -1.78183 -5.68158
    endloop
  endfacet
  facet normal 0.212994 -0.318767 -0.923591
    outer loop
      vertex 1.32687 -2.2982 -5.38124
      vertex 0.964318 -1.67025 -5.68158
      vertex 1.61549 -2.10535 -5.38124
    endloop
  endfacet
  facet normal 0.0747982 -0.376011 -0.923591
    outer loop
      vertex 0.686836 -2.56331 -5.38124
      vertex 0.251738 -1.91214 -5.68158
      vertex 0.499167 -1.86292 -5.68158
    endloop
  endfacet
  facet normal 0.0505974 -0.254353 -0.965787
    outer loop
      vertex 0.499167 -1.86292 -5.68158
      vertex 0.251738 -1.91214 -5.68158
      vertex 0.302958 -1.13066 -5.88471
    endloop
  endfacet
  facet normal 0.1147 -0.232591 -0.965787
    outer loop
      vertex 0.738057 -1.78183 -5.68158
      vertex 0.447947 -1.08144 -5.88471
      vertex 0.585271 -1.01372 -5.88471
    endloop
  endfacet
  facet normal 0.33021 -0.376522 -0.865559
    outer loop
      vertex 2.02926 -2.64458 -4.98882
      vertex 1.61549 -2.10535 -5.38124
      vertex 1.87647 -1.87647 -5.38124
    endloop
  endfacet
  facet normal 0.252783 -0.288236 -0.923591
    outer loop
      vertex 1.61549 -2.10535 -5.38124
      vertex 1.17408 -1.53009 -5.68158
      vertex 1.87647 -1.87647 -5.38124
    endloop
  endfacet
  facet normal 0.401929 -0.458297 -0.792727
    outer loop
      vertex 2.79737 -2.79737 -4.51104
      vertex 2.02926 -2.64458 -4.98882
      vertex 2.35708 -2.35708 -4.98882
    endloop
  endfacet
  facet normal 0.330211 -0.376521 -0.865559
    outer loop
      vertex 2.02926 -2.64458 -4.98882
      vertex 1.87647 -1.87647 -5.38124
      vertex 2.35708 -2.35708 -4.98882
    endloop
  endfacet
  facet normal 0.596952 -0.52351 -0.607936
    outer loop
      vertex 3.95789 -3.037 -3.33342
      vertex 3.18979 -3.18979 -3.95607
      vertex 3.57885 -2.74615 -3.95607
    endloop
  endfacet
  facet normal 0.660174 -0.441118 -0.607936
    outer loop
      vertex 3.95789 -3.037 -3.33342
      vertex 3.57885 -2.74615 -3.95607
      vertex 4.32044 -2.49441 -3.33342
    endloop
  endfacet
  facet normal 0.670303 -0.227529 -0.706345
    outer loop
      vertex 4.16766 -1.7263 -3.95607
      vertex 3.65494 -1.51392 -4.51104
      vertex 3.82127 -1.02391 -4.51104
    endloop
  endfacet
  facet normal 0.546719 -0.269614 -0.792721
    outer loop
      vertex 3.42606 -1.97804 -4.51104
      vertex 2.88683 -1.66671 -4.98882
      vertex 3.65494 -1.51392 -4.51104
    endloop
  endfacet
  facet normal -0.0726682 -0.108755 0.991409
    outer loop
      vertex -0.238889 -0.311326 5.98715
      vertex -0.585271 -1.01372 5.88471
      vertex -0.196209 -0.339844 5.98715
    endloop
  endfacet
  facet normal 0.138101 -0.694264 -0.706347
    outer loop
      vertex 0.588808 -4.47245 -3.95607
      vertex 0.516371 -3.92223 -4.51104
      vertex 1.16754 -4.35733 -3.95607
    endloop
  endfacet
  facet normal 0.0462936 -0.70635 -0.706347
    outer loop
      vertex 0.588808 -4.47245 -3.95607
      vertex 0 -4.51104 -3.95607
      vertex 0.516371 -3.92223 -4.51104
    endloop
  endfacet
  facet normal -0.0862418 -0.0983399 -0.991409
    outer loop
      vertex -0.712581 -0.928653 -5.88471
      vertex -0.827698 -0.827698 -5.88471
      vertex -0.238889 -0.311326 -5.98715
    endloop
  endfacet
  facet normal -0.123857 -0.042045 -0.991409
    outer loop
      vertex -0.362547 -0.150171 -5.98715
      vertex -1.08144 -0.447947 -5.88471
      vertex -0.379047 -0.101565 -5.98715
    endloop
  endfacet
  facet normal -0.130519 -0.00855419 -0.991409
    outer loop
      vertex -0.389061 -0.0512209 -5.98715
      vertex -1.17054 0 -5.88471
      vertex -0.392418 0 -5.98715
    endloop
  endfacet
  facet normal 0.05785 -0.11731 -0.991409
    outer loop
      vertex 0.585271 -1.01372 -5.88471
      vertex 0.150171 -0.362547 -5.98715
      vertex 0.196209 -0.339844 -5.98715
    endloop
  endfacet
  facet normal -0.00855419 -0.130519 -0.991409
    outer loop
      vertex 0 -1.17054 -5.88471
      vertex -0.0512209 -0.389061 -5.98715
      vertex 0 -0.392418 -5.98715
    endloop
  endfacet
  facet normal -0.245571 -0.0833649 -0.965787
    outer loop
      vertex -1.08144 -0.447947 -5.88471
      vertex -1.78183 -0.738057 -5.68158
      vertex -1.13066 -0.302958 -5.88471
    endloop
  endfacet
  facet normal -0.130519 -0.00855115 -0.991409
    outer loop
      vertex -1.16053 -0.152786 -5.88471
      vertex -1.17054 0 -5.88471
      vertex -0.389061 -0.0512209 -5.98715
    endloop
  endfacet
  facet normal -0.597868 -0.118928 -0.792723
    outer loop
      vertex -3.82127 -1.02391 -4.51104
      vertex -3.92223 -0.516371 -4.51104
      vertex -3.3049 -0.435099 -4.98882
    endloop
  endfacet
  facet normal -0.792282 -0.0519255 -0.607941
    outer loop
      vertex -4.47245 -0.588808 -3.95607
      vertex -4.94614 -0.651171 -3.33342
      vertex -4.51104 0 -3.95607
    endloop
  endfacet
  facet normal -0.449159 -0.221499 -0.86556
    outer loop
      vertex -2.2982 -1.32687 -5.38124
      vertex -2.88683 -1.66671 -4.98882
      vertex -2.45173 -1.01554 -5.38124
    endloop
  endfacet
  facet normal -0.449162 -0.221497 -0.865559
    outer loop
      vertex -2.88683 -1.66671 -4.98882
      vertex -3.07968 -1.27564 -4.98882
      vertex -2.45173 -1.01554 -5.38124
    endloop
  endfacet
  facet normal -0.864634 -0.0566746 -0.499195
    outer loop
      vertex -5.3352 -0.702392 -2.65373
      vertex -5.38124 0 -2.65373
      vertex -4.94614 -0.651171 -3.33342
    endloop
  endfacet
  facet normal -0.864633 -0.056671 -0.499197
    outer loop
      vertex -4.94614 -0.651171 -3.33342
      vertex -5.38124 0 -2.65373
      vertex -4.98882 0 -3.33342
    endloop
  endfacet
  facet normal -0.128285 -0.0255174 -0.991409
    outer loop
      vertex -0.379047 -0.101565 -5.98715
      vertex -1.16053 -0.152786 -5.88471
      vertex -0.389061 -0.0512209 -5.98715
    endloop
  endfacet
  facet normal -0.160982 -0.474226 0.86556
    outer loop
      vertex -0.686836 -2.56331 5.38124
      vertex -1.27564 -3.07968 4.98882
      vertex -0.862753 -3.21984 4.98882
    endloop
  endfacet
  facet normal -0.160979 -0.474229 0.865559
    outer loop
      vertex -1.01554 -2.45173 5.38124
      vertex -1.27564 -3.07968 4.98882
      vertex -0.686836 -2.56331 5.38124
    endloop
  endfacet
  facet normal -0.138103 -0.694262 0.706348
    outer loop
      vertex -1.02391 -3.82127 4.51104
      vertex -1.16754 -4.35733 3.95607
      vertex -0.516371 -3.92223 4.51104
    endloop
  endfacet
  facet normal -0.039863 -0.608277 0.792723
    outer loop
      vertex -0.435099 -3.3049 4.98882
      vertex -0.516371 -3.92223 4.51104
      vertex 0 -3.95607 4.51104
    endloop
  endfacet
  facet normal -0.0977017 -0.491185 0.865559
    outer loop
      vertex -0.346381 -2.63103 5.38124
      vertex -0.686836 -2.56331 5.38124
      vertex -0.435099 -3.3049 4.98882
    endloop
  endfacet
  facet normal -0.097696 -0.491184 0.86556
    outer loop
      vertex -0.686836 -2.56331 5.38124
      vertex -0.862753 -3.21984 4.98882
      vertex -0.435099 -3.3049 4.98882
    endloop
  endfacet
  facet normal -0.60828 -0.0398717 0.79272
    outer loop
      vertex -3.33342 0 4.98882
      vertex -3.95607 0 4.51104
      vertex -3.3049 -0.435099 4.98882
    endloop
  endfacet
  facet normal 0.659344 -0.751841 0
    outer loop
      vertex 3.64475 -4.74993 -0.392418
      vertex 4.23356 -4.23356 0
      vertex 3.64475 -4.74993 0
    endloop
  endfacet
  facet normal 0.659344 -0.751841 0
    outer loop
      vertex 4.23356 -4.23356 0
      vertex 3.64475 -4.74993 -0.392418
      vertex 4.23356 -4.23356 -0.392418
    endloop
  endfacet
  facet normal -0.108755 -0.0726687 -0.991409
    outer loop
      vertex -0.928653 -0.712581 -5.88471
      vertex -1.01372 -0.585271 -5.88471
      vertex -0.311326 -0.238889 -5.98715
    endloop
  endfacet
  facet normal 0.114702 -0.232591 -0.965787
    outer loop
      vertex 0.738057 -1.78183 -5.68158
      vertex 0.585271 -1.01372 -5.88471
      vertex 0.964318 -1.67025 -5.68158
    endloop
  endfacet
  facet normal 0.14408 -0.215629 -0.965787
    outer loop
      vertex 0.964318 -1.67025 -5.68158
      vertex 0.585271 -1.01372 -5.88471
      vertex 1.17408 -1.53009 -5.68158
    endloop
  endfacet
  facet normal 0.278233 -0.416405 -0.86556
    outer loop
      vertex 1.66671 -2.88683 -4.98882
      vertex 1.32687 -2.2982 -5.38124
      vertex 1.61549 -2.10535 -5.38124
    endloop
  endfacet
  facet normal 0.221499 -0.449159 -0.86556
    outer loop
      vertex 1.66671 -2.88683 -4.98882
      vertex 1.01554 -2.45173 -5.38124
      vertex 1.32687 -2.2982 -5.38124
    endloop
  endfacet
  facet normal 0.0833649 -0.245571 -0.965787
    outer loop
      vertex 0.738057 -1.78183 -5.68158
      vertex 0.302958 -1.13066 -5.88471
      vertex 0.447947 -1.08144 -5.88471
    endloop
  endfacet
  facet normal 0.0420461 -0.123856 -0.991409
    outer loop
      vertex 0.302958 -1.13066 -5.88471
      vertex 0.101565 -0.379047 -5.98715
      vertex 0.447947 -1.08144 -5.88471
    endloop
  endfacet
  facet normal 0.416404 -0.278235 -0.865559
    outer loop
      vertex 2.64458 -2.02926 -4.98882
      vertex 2.10535 -1.61549 -5.38124
      vertex 2.88683 -1.66671 -4.98882
    endloop
  endfacet
  facet normal 0.376522 -0.33021 -0.865559
    outer loop
      vertex 2.64458 -2.02926 -4.98882
      vertex 1.87647 -1.87647 -5.38124
      vertex 2.10535 -1.61549 -5.38124
    endloop
  endfacet
  facet normal -0.11731 -0.05785 -0.991409
    outer loop
      vertex -0.339844 -0.196209 -5.98715
      vertex -1.01372 -0.585271 -5.88471
      vertex -0.362547 -0.150171 -5.98715
    endloop
  endfacet
  facet normal 0.532206 -0.46673 -0.706343
    outer loop
      vertex 3.18979 -3.18979 -3.95607
      vertex 3.13857 -2.40831 -4.51104
      vertex 3.57885 -2.74615 -3.95607
    endloop
  endfacet
  facet normal 0.588577 -0.393264 -0.706343
    outer loop
      vertex 3.57885 -2.74615 -3.95607
      vertex 3.13857 -2.40831 -4.51104
      vertex 3.90667 -2.25552 -3.95607
    endloop
  endfacet
  facet normal 0.634866 -0.313083 -0.706346
    outer loop
      vertex 4.16766 -1.7263 -3.95607
      vertex 3.42606 -1.97804 -4.51104
      vertex 3.65494 -1.51392 -4.51104
    endloop
  endfacet
  facet normal 0.634866 -0.31309 -0.706343
    outer loop
      vertex 3.90667 -2.25552 -3.95607
      vertex 3.42606 -1.97804 -4.51104
      vertex 4.16766 -1.7263 -3.95607
    endloop
  endfacet
  facet normal 0.963997 -0.0631781 -0.258299
    outer loop
      vertex 5.83437 -0.768108 -1.17054
      vertex 5.68158 0 -1.92864
      vertex 5.88471 0 -1.17054
    endloop
  endfacet
  facet normal -0.144081 -0.215629 -0.965787
    outer loop
      vertex -0.585271 -1.01372 -5.88471
      vertex -1.17408 -1.53009 -5.68158
      vertex -0.712581 -0.928653 -5.88471
    endloop
  endfacet
  facet normal -0.170992 -0.194979 -0.965787
    outer loop
      vertex -0.712581 -0.928653 -5.88471
      vertex -1.17408 -1.53009 -5.68158
      vertex -0.827698 -0.827698 -5.88471
    endloop
  endfacet
  facet normal -0.694262 -0.138103 -0.706348
    outer loop
      vertex -3.82127 -1.02391 -4.51104
      vertex -4.35733 -1.16754 -3.95607
      vertex -3.92223 -0.516371 -4.51104
    endloop
  endfacet
  facet normal -0.706349 -0.0462901 -0.706349
    outer loop
      vertex -3.92223 -0.516371 -4.51104
      vertex -4.51104 0 -3.95607
      vertex -3.95607 0 -4.51104
    endloop
  endfacet
  facet normal 0 0 -1
    outer loop
      vertex 0.379047 -0.101565 -5.98715
      vertex 0.392418 0 -5.98715
      vertex 0.389061 -0.0512209 -5.98715
    endloop
  endfacet
  facet normal 0 0 -1
    outer loop
      vertex 0.362547 -0.150171 -5.98715
      vertex 0.392418 0 -5.98715
      vertex 0.379047 -0.101565 -5.98715
    endloop
  endfacet
  facet normal 0 0 -1
    outer loop
      vertex 0.339844 -0.196209 -5.98715
      vertex 0.392418 0 -5.98715
      vertex 0.362547 -0.150171 -5.98715
    endloop
  endfacet
  facet normal 0 0 -1
    outer loop
      vertex 0.311326 -0.238889 -5.98715
      vertex 0.392418 0 -5.98715
      vertex 0.339844 -0.196209 -5.98715
    endloop
  endfacet
  facet normal 0 0 -1
    outer loop
      vertex 0.277481 -0.277481 -5.98715
      vertex 0.392418 0 -5.98715
      vertex 0.311326 -0.238889 -5.98715
    endloop
  endfacet
  facet normal 0 0 -1
    outer loop
      vertex 0.238889 -0.311326 -5.98715
      vertex 0.392418 0 -5.98715
      vertex 0.277481 -0.277481 -5.98715
    endloop
  endfacet
  facet normal 0 0 -1
    outer loop
      vertex 0.196209 -0.339844 -5.98715
      vertex 0.392418 0 -5.98715
      vertex 0.238889 -0.311326 -5.98715
    endloop
  endfacet
  facet normal 0 0 -1
    outer loop
      vertex 0.150171 -0.362547 -5.98715
      vertex 0.392418 0 -5.98715
      vertex 0.196209 -0.339844 -5.98715
    endloop
  endfacet
  facet normal 0 0 -1
    outer loop
      vertex 0.101565 -0.379047 -5.98715
      vertex 0.392418 0 -5.98715
      vertex 0.150171 -0.362547 -5.98715
    endloop
  endfacet
  facet normal 0 0 -1
    outer loop
      vertex 0.0512209 -0.389061 -5.98715
      vertex 0.392418 0 -5.98715
      vertex 0.101565 -0.379047 -5.98715
    endloop
  endfacet
  facet normal 0 0 -1
    outer loop
      vertex 0 -0.392418 -5.98715
      vertex 0.392418 0 -5.98715
      vertex 0.0512209 -0.389061 -5.98715
    endloop
  endfacet
  facet normal 0 0 -1
    outer loop
      vertex -0.0512209 -0.389061 -5.98715
      vertex 0.392418 0 -5.98715
      vertex 0 -0.392418 -5.98715
    endloop
  endfacet
  facet normal 0 0 -1
    outer loop
      vertex -0.101565 -0.379047 -5.98715
      vertex 0.392418 0 -5.98715
      vertex -0.0512209 -0.389061 -5.98715
    endloop
  endfacet
  facet normal 0 0 -1
    outer loop
      vertex -0.150171 -0.362547 -5.98715
      vertex 0.392418 0 -5.98715
      vertex -0.101565 -0.379047 -5.98715
    endloop
  endfacet
  facet normal 0 0 -1
    outer loop
      vertex -0.196209 -0.339844 -5.98715
      vertex 0.392418 0 -5.98715
      vertex -0.150171 -0.362547 -5.98715
    endloop
  endfacet
  facet normal 0 0 -1
    outer loop
      vertex -0.238889 -0.311326 -5.98715
      vertex 0.392418 0 -5.98715
      vertex -0.196209 -0.339844 -5.98715
    endloop
  endfacet
  facet normal 0 0 -1
    outer loop
      vertex -0.277481 -0.277481 -5.98715
      vertex 0.392418 0 -5.98715
      vertex -0.238889 -0.311326 -5.98715
    endloop
  endfacet
  facet normal 0 0 -1
    outer loop
      vertex -0.311326 -0.238889 -5.98715
      vertex 0.392418 0 -5.98715
      vertex -0.277481 -0.277481 -5.98715
    endloop
  endfacet
  facet normal 0 0 -1
    outer loop
      vertex -0.339844 -0.196209 -5.98715
      vertex 0.392418 0 -5.98715
      vertex -0.311326 -0.238889 -5.98715
    endloop
  endfacet
  facet normal 0 0 -1
    outer loop
      vertex -0.362547 -0.150171 -5.98715
      vertex 0.392418 0 -5.98715
      vertex -0.339844 -0.196209 -5.98715
    endloop
  endfacet
  facet normal 0 0 -1
    outer loop
      vertex -0.379047 -0.101565 -5.98715
      vertex 0.392418 0 -5.98715
      vertex -0.362547 -0.150171 -5.98715
    endloop
  endfacet
  facet normal 0 0 -1
    outer loop
      vertex -0.389061 -0.0512209 -5.98715
      vertex 0.392418 0 -5.98715
      vertex -0.379047 -0.101565 -5.98715
    endloop
  endfacet
  facet normal -0 0 -1
    outer loop
      vertex 0.392418 0 -5.98715
      vertex -0.389061 -0.0512209 -5.98715
      vertex -0.392418 0 -5.98715
    endloop
  endfacet
  facet normal -0.70635 -0.0462936 -0.706347
    outer loop
      vertex -4.47245 -0.588808 -3.95607
      vertex -4.51104 0 -3.95607
      vertex -3.92223 -0.516371 -4.51104
    endloop
  endfacet
  facet normal -0.792281 -0.0519288 -0.607943
    outer loop
      vertex -4.94614 -0.651171 -3.33342
      vertex -4.98882 0 -3.33342
      vertex -4.51104 0 -3.95607
    endloop
  endfacet
  facet normal -0.694264 -0.138101 -0.706347
    outer loop
      vertex -4.35733 -1.16754 -3.95607
      vertex -4.47245 -0.588808 -3.95607
      vertex -3.92223 -0.516371 -4.51104
    endloop
  endfacet
  facet normal -0.778725 -0.154902 -0.607941
    outer loop
      vertex -4.35733 -1.16754 -3.95607
      vertex -4.94614 -0.651171 -3.33342
      vertex -4.47245 -0.588808 -3.95607
    endloop
  endfacet
  facet normal -0.195749 0 0.980654
    outer loop
      vertex 21.8544 0.0499992 24.2068
      vertex 21.9571 -4.5 24.2273
      vertex 21.9571 0.0499992 24.2273
    endloop
  endfacet
  facet normal -0.195749 0 0.980654
    outer loop
      vertex 21.9571 -4.5 24.2273
      vertex 21.8544 0.0499992 24.2068
      vertex 21.8544 -4.5 24.2068
    endloop
  endfacet
  facet normal -0.980654 0 0.195749
    outer loop
      vertex 22.5227 -4.5 24.7929
      vertex 22.5432 0.0499992 24.8956
      vertex 22.5227 0.0499992 24.7929
    endloop
  endfacet
  facet normal -0.980654 0 0.195749
    outer loop
      vertex 22.5432 0.0499992 24.8956
      vertex 22.5227 -4.5 24.7929
      vertex 22.5432 -4.5 24.8956
    endloop
  endfacet
  facet normal -0.997886 0 0.0649964
    outer loop
      vertex 22.5432 -4.5 24.8956
      vertex 22.55 0.0499992 25
      vertex 22.5432 0.0499992 24.8956
    endloop
  endfacet
  facet normal -0.997886 0 0.0649964
    outer loop
      vertex 22.55 0.0499992 25
      vertex 22.5432 -4.5 24.8956
      vertex 22.55 -4.5 25
    endloop
  endfacet
  facet normal -0.946948 0 0.321388
    outer loop
      vertex 22.4891 -4.5 24.6939
      vertex 22.5227 0.0499992 24.7929
      vertex 22.4891 0.0499992 24.6939
    endloop
  endfacet
  facet normal -0.946948 0 0.321388
    outer loop
      vertex 22.5227 0.0499992 24.7929
      vertex 22.4891 -4.5 24.6939
      vertex 22.5227 -4.5 24.7929
    endloop
  endfacet
  facet normal -0.831609 0 0.555362
    outer loop
      vertex 22.3847 -4.5 24.513
      vertex 22.4428 0.0499992 24.6
      vertex 22.3847 0.0499992 24.513
    endloop
  endfacet
  facet normal -0.831609 0 0.555362
    outer loop
      vertex 22.4428 0.0499992 24.6
      vertex 22.3847 -4.5 24.513
      vertex 22.4428 -4.5 24.6
    endloop
  endfacet
  facet normal -0.321388 0 0.946948
    outer loop
      vertex 21.9571 0.0499992 24.2273
      vertex 22.0561 -4.5 24.2609
      vertex 22.0561 0.0499992 24.2609
    endloop
  endfacet
  facet normal -0.321388 0 0.946948
    outer loop
      vertex 22.0561 -4.5 24.2609
      vertex 21.9571 0.0499992 24.2273
      vertex 21.9571 -4.5 24.2273
    endloop
  endfacet
  facet normal -0.997886 0 -0.0649964
    outer loop
      vertex 22.55 -4.5 25
      vertex 22.5432 0.0499992 25.1044
      vertex 22.55 0.0499992 25
    endloop
  endfacet
  facet normal -0.997886 -0 -0.0649964
    outer loop
      vertex 22.5432 0.0499992 25.1044
      vertex 22.55 -4.5 25
      vertex 22.5432 -4.5 25.1044
    endloop
  endfacet
  facet normal 0.555362 0 -0.831609
    outer loop
      vertex 21.263 -4.5 25.6347
      vertex 21.35 0.0499992 25.6928
      vertex 21.35 -4.5 25.6928
    endloop
  endfacet
  facet normal 0.555362 0 -0.831609
    outer loop
      vertex 21.35 0.0499992 25.6928
      vertex 21.263 -4.5 25.6347
      vertex 21.263 0.0499992 25.6347
    endloop
  endfacet
  facet normal 0.321388 0 -0.946948
    outer loop
      vertex 21.4439 -4.5 25.7391
      vertex 21.5429 0.0499992 25.7727
      vertex 21.5429 -4.5 25.7727
    endloop
  endfacet
  facet normal 0.321388 0 -0.946948
    outer loop
      vertex 21.5429 0.0499992 25.7727
      vertex 21.4439 -4.5 25.7391
      vertex 21.4439 0.0499992 25.7391
    endloop
  endfacet
  facet normal -0.896897 0 0.44224
    outer loop
      vertex 22.4428 -4.5 24.6
      vertex 22.4891 0.0499992 24.6939
      vertex 22.4428 0.0499992 24.6
    endloop
  endfacet
  facet normal -0.896897 0 0.44224
    outer loop
      vertex 22.4891 0.0499992 24.6939
      vertex 22.4428 -4.5 24.6
      vertex 22.4891 -4.5 24.6939
    endloop
  endfacet
  facet normal 0.321388 0 0.946948
    outer loop
      vertex 21.4439 0.0499992 24.2609
      vertex 21.5429 -4.5 24.2273
      vertex 21.5429 0.0499992 24.2273
    endloop
  endfacet
  facet normal 0.321388 0 0.946948
    outer loop
      vertex 21.5429 -4.5 24.2273
      vertex 21.4439 0.0499992 24.2609
      vertex 21.4439 -4.5 24.2609
    endloop
  endfacet
  facet normal -0.751925 0 0.659248
    outer loop
      vertex 22.3157 -4.5 24.4343
      vertex 22.3847 0.0499992 24.513
      vertex 22.3157 0.0499992 24.4343
    endloop
  endfacet
  facet normal -0.751925 0 0.659248
    outer loop
      vertex 22.3847 0.0499992 24.513
      vertex 22.3157 -4.5 24.4343
      vertex 22.3847 -4.5 24.513
    endloop
  endfacet
  facet normal -0.946948 0 -0.321388
    outer loop
      vertex 22.5227 -4.5 25.2071
      vertex 22.4891 0.0499992 25.3061
      vertex 22.5227 0.0499992 25.2071
    endloop
  endfacet
  facet normal -0.946948 -0 -0.321388
    outer loop
      vertex 22.4891 0.0499992 25.3061
      vertex 22.5227 -4.5 25.2071
      vertex 22.4891 -4.5 25.3061
    endloop
  endfacet
  facet normal 0.751925 0 -0.659248
    outer loop
      vertex 21.1843 -4.5 25.5657
      vertex 21.1153 0.0499992 25.487
      vertex 21.1843 0.0499992 25.5657
    endloop
  endfacet
  facet normal 0.751925 0 -0.659248
    outer loop
      vertex 21.1153 0.0499992 25.487
      vertex 21.1843 -4.5 25.5657
      vertex 21.1153 -4.5 25.487
    endloop
  endfacet
  facet normal -0.980654 0 -0.195749
    outer loop
      vertex 22.5432 -4.5 25.1044
      vertex 22.5227 0.0499992 25.2071
      vertex 22.5432 0.0499992 25.1044
    endloop
  endfacet
  facet normal -0.980654 -0 -0.195749
    outer loop
      vertex 22.5227 0.0499992 25.2071
      vertex 22.5432 -4.5 25.1044
      vertex 22.5227 -4.5 25.2071
    endloop
  endfacet
  facet normal 0.659248 0 0.751925
    outer loop
      vertex 21.1843 0.0499992 24.4343
      vertex 21.263 -4.5 24.3653
      vertex 21.263 0.0499992 24.3653
    endloop
  endfacet
  facet normal 0.659248 0 0.751925
    outer loop
      vertex 21.263 -4.5 24.3653
      vertex 21.1843 0.0499992 24.4343
      vertex 21.1843 -4.5 24.4343
    endloop
  endfacet
  facet normal 0.946899 0 -0.321533
    outer loop
      vertex 21.0109 0.0499992 25.3061
      vertex 21 0 25.274
      vertex 21 0.0499992 25.274
    endloop
  endfacet
  facet normal 0.946899 0 -0.321533
    outer loop
      vertex 21.0109 -4.5 25.3061
      vertex 21 0 25.274
      vertex 21.0109 0.0499992 25.3061
    endloop
  endfacet
  facet normal 0.946971 1.6986e-06 -0.321319
    outer loop
      vertex 21.0109 -4.5 25.3061
      vertex 20.9773 0 25.2071
      vertex 21 0 25.274
    endloop
  endfacet
  facet normal 0.946948 0 -0.321388
    outer loop
      vertex 20.9773 0 25.2071
      vertex 21.0109 -4.5 25.3061
      vertex 20.9773 -4.5 25.2071
    endloop
  endfacet
  facet normal -0.831609 0 -0.555362
    outer loop
      vertex 22.4428 -4.5 25.4
      vertex 22.3847 0.0499992 25.487
      vertex 22.4428 0.0499992 25.4
    endloop
  endfacet
  facet normal -0.831609 -0 -0.555362
    outer loop
      vertex 22.3847 0.0499992 25.487
      vertex 22.4428 -4.5 25.4
      vertex 22.3847 -4.5 25.487
    endloop
  endfacet
  facet normal -0.44224 0 0.896897
    outer loop
      vertex 22.0561 0.0499992 24.2609
      vertex 22.15 -4.5 24.3072
      vertex 22.15 0.0499992 24.3072
    endloop
  endfacet
  facet normal -0.44224 0 0.896897
    outer loop
      vertex 22.15 -4.5 24.3072
      vertex 22.0561 0.0499992 24.2609
      vertex 22.0561 -4.5 24.2609
    endloop
  endfacet
  facet normal 0.44224 0 0.896897
    outer loop
      vertex 21.35 0.0499992 24.3072
      vertex 21.4439 -4.5 24.2609
      vertex 21.4439 0.0499992 24.2609
    endloop
  endfacet
  facet normal 0.44224 0 0.896897
    outer loop
      vertex 21.4439 -4.5 24.2609
      vertex 21.35 0.0499992 24.3072
      vertex 21.35 -4.5 24.3072
    endloop
  endfacet
  facet normal -0.44224 0 -0.896897
    outer loop
      vertex 22.0561 -4.5 25.7391
      vertex 22.15 0.0499992 25.6928
      vertex 22.15 -4.5 25.6928
    endloop
  endfacet
  facet normal -0.44224 0 -0.896897
    outer loop
      vertex 22.15 0.0499992 25.6928
      vertex 22.0561 -4.5 25.7391
      vertex 22.0561 0.0499992 25.7391
    endloop
  endfacet
  facet normal -0.321388 0 -0.946948
    outer loop
      vertex 21.9571 -4.5 25.7727
      vertex 22.0561 0.0499992 25.7391
      vertex 22.0561 -4.5 25.7391
    endloop
  endfacet
  facet normal -0.321388 0 -0.946948
    outer loop
      vertex 22.0561 0.0499992 25.7391
      vertex 21.9571 -4.5 25.7727
      vertex 21.9571 0.0499992 25.7727
    endloop
  endfacet
  facet normal 0.896897 0 -0.44224
    outer loop
      vertex 21.0572 -4.5 25.4
      vertex 21.0109 0.0499992 25.3061
      vertex 21.0572 0.0499992 25.4
    endloop
  endfacet
  facet normal 0.896897 0 -0.44224
    outer loop
      vertex 21.0109 0.0499992 25.3061
      vertex 21.0572 -4.5 25.4
      vertex 21.0109 -4.5 25.3061
    endloop
  endfacet
  facet normal 0.980654 0 -0.195749
    outer loop
      vertex 20.9773 -4.5 25.2071
      vertex 20.9568 0 25.1044
      vertex 20.9773 0 25.2071
    endloop
  endfacet
  facet normal 0.980654 0 -0.195749
    outer loop
      vertex 20.9568 0 25.1044
      vertex 20.9773 -4.5 25.2071
      vertex 20.9568 -4.5 25.1044
    endloop
  endfacet
  facet normal 0.555362 0 0.831609
    outer loop
      vertex 21.263 0.0499992 24.3653
      vertex 21.35 -4.5 24.3072
      vertex 21.35 0.0499992 24.3072
    endloop
  endfacet
  facet normal 0.555362 0 0.831609
    outer loop
      vertex 21.35 -4.5 24.3072
      vertex 21.263 0.0499992 24.3653
      vertex 21.263 -4.5 24.3653
    endloop
  endfacet
  facet normal -0.555362 0 -0.831609
    outer loop
      vertex 22.15 -4.5 25.6928
      vertex 22.237 0.0499992 25.6347
      vertex 22.237 -4.5 25.6347
    endloop
  endfacet
  facet normal -0.555362 0 -0.831609
    outer loop
      vertex 22.237 0.0499992 25.6347
      vertex 22.15 -4.5 25.6928
      vertex 22.15 0.0499992 25.6928
    endloop
  endfacet
  facet normal -0.195749 0 -0.980654
    outer loop
      vertex 21.8544 -4.5 25.7932
      vertex 21.9571 0.0499992 25.7727
      vertex 21.9571 -4.5 25.7727
    endloop
  endfacet
  facet normal -0.195749 0 -0.980654
    outer loop
      vertex 21.9571 0.0499992 25.7727
      vertex 21.8544 -4.5 25.7932
      vertex 21.8544 0.0499992 25.7932
    endloop
  endfacet
  facet normal -0.659248 0 0.751925
    outer loop
      vertex 22.237 0.0499992 24.3653
      vertex 22.3157 -4.5 24.4343
      vertex 22.3157 0.0499992 24.4343
    endloop
  endfacet
  facet normal -0.659248 0 0.751925
    outer loop
      vertex 22.3157 -4.5 24.4343
      vertex 22.237 0.0499992 24.3653
      vertex 22.237 -4.5 24.3653
    endloop
  endfacet
  facet normal 0.946971 0 0.321319
    outer loop
      vertex 20.9773 0 24.7929
      vertex 20.9773 -4.5 24.7929
      vertex 21 0 24.726
    endloop
  endfacet
  facet normal 0.946899 -0 0.321533
    outer loop
      vertex 21 0 24.726
      vertex 21.0109 0.0499992 24.6939
      vertex 21 0.0499992 24.726
    endloop
  endfacet
  facet normal 0.946948 1.14782e-06 0.321388
    outer loop
      vertex 21.0109 -4.5 24.6939
      vertex 21 0 24.726
      vertex 20.9773 -4.5 24.7929
    endloop
  endfacet
  facet normal 0.946899 0 0.321533
    outer loop
      vertex 21 0 24.726
      vertex 21.0109 -4.5 24.6939
      vertex 21.0109 0.0499992 24.6939
    endloop
  endfacet
  facet normal 0.0649964 0 0.997886
    outer loop
      vertex 21.6456 0.0499992 24.2068
      vertex 21.75 -4.5 24.2
      vertex 21.75 0.0499992 24.2
    endloop
  endfacet
  facet normal 0.0649964 0 0.997886
    outer loop
      vertex 21.75 -4.5 24.2
      vertex 21.6456 0.0499992 24.2068
      vertex 21.6456 -4.5 24.2068
    endloop
  endfacet
  facet normal -0.0649964 0 -0.997886
    outer loop
      vertex 21.75 -4.5 25.8
      vertex 21.8544 0.0499992 25.7932
      vertex 21.8544 -4.5 25.7932
    endloop
  endfacet
  facet normal -0.0649964 0 -0.997886
    outer loop
      vertex 21.8544 0.0499992 25.7932
      vertex 21.75 -4.5 25.8
      vertex 21.75 0.0499992 25.8
    endloop
  endfacet
  facet normal 0.195749 0 0.980654
    outer loop
      vertex 21.5429 0.0499992 24.2273
      vertex 21.6456 -4.5 24.2068
      vertex 21.6456 0.0499992 24.2068
    endloop
  endfacet
  facet normal 0.195749 0 0.980654
    outer loop
      vertex 21.6456 -4.5 24.2068
      vertex 21.5429 0.0499992 24.2273
      vertex 21.5429 -4.5 24.2273
    endloop
  endfacet
  facet normal 0.659248 0 -0.751925
    outer loop
      vertex 21.1843 -4.5 25.5657
      vertex 21.263 0.0499992 25.6347
      vertex 21.263 -4.5 25.6347
    endloop
  endfacet
  facet normal 0.659248 0 -0.751925
    outer loop
      vertex 21.263 0.0499992 25.6347
      vertex 21.1843 -4.5 25.5657
      vertex 21.1843 0.0499992 25.5657
    endloop
  endfacet
  facet normal -0.659248 0 -0.751925
    outer loop
      vertex 22.237 -4.5 25.6347
      vertex 22.3157 0.0499992 25.5657
      vertex 22.3157 -4.5 25.5657
    endloop
  endfacet
  facet normal -0.659248 0 -0.751925
    outer loop
      vertex 22.3157 0.0499992 25.5657
      vertex 22.237 -4.5 25.6347
      vertex 22.237 0.0499992 25.6347
    endloop
  endfacet
  facet normal 0.896897 -0 0.44224
    outer loop
      vertex 21.0109 -4.5 24.6939
      vertex 21.0572 0.0499992 24.6
      vertex 21.0109 0.0499992 24.6939
    endloop
  endfacet
  facet normal 0.896897 0 0.44224
    outer loop
      vertex 21.0572 0.0499992 24.6
      vertex 21.0109 -4.5 24.6939
      vertex 21.0572 -4.5 24.6
    endloop
  endfacet
  facet normal -0.896897 0 -0.44224
    outer loop
      vertex 22.4891 -4.5 25.3061
      vertex 22.4428 0.0499992 25.4
      vertex 22.4891 0.0499992 25.3061
    endloop
  endfacet
  facet normal -0.896897 -0 -0.44224
    outer loop
      vertex 22.4428 0.0499992 25.4
      vertex 22.4891 -4.5 25.3061
      vertex 22.4428 -4.5 25.4
    endloop
  endfacet
  facet normal -0.751925 0 -0.659248
    outer loop
      vertex 22.3847 -4.5 25.487
      vertex 22.3157 0.0499992 25.5657
      vertex 22.3847 0.0499992 25.487
    endloop
  endfacet
  facet normal -0.751925 -0 -0.659248
    outer loop
      vertex 22.3157 0.0499992 25.5657
      vertex 22.3847 -4.5 25.487
      vertex 22.3157 -4.5 25.5657
    endloop
  endfacet
  facet normal 0.0649964 0 -0.997886
    outer loop
      vertex 21.6456 -4.5 25.7932
      vertex 21.75 0.0499992 25.8
      vertex 21.75 -4.5 25.8
    endloop
  endfacet
  facet normal 0.0649964 0 -0.997886
    outer loop
      vertex 21.75 0.0499992 25.8
      vertex 21.6456 -4.5 25.7932
      vertex 21.6456 0.0499992 25.7932
    endloop
  endfacet
  facet normal -0.0649964 0 0.997886
    outer loop
      vertex 21.75 0.0499992 24.2
      vertex 21.8544 -4.5 24.2068
      vertex 21.8544 0.0499992 24.2068
    endloop
  endfacet
  facet normal -0.0649964 0 0.997886
    outer loop
      vertex 21.8544 -4.5 24.2068
      vertex 21.75 0.0499992 24.2
      vertex 21.75 -4.5 24.2
    endloop
  endfacet
  facet normal -0.555362 0 0.831609
    outer loop
      vertex 22.15 0.0499992 24.3072
      vertex 22.237 -4.5 24.3653
      vertex 22.237 0.0499992 24.3653
    endloop
  endfacet
  facet normal -0.555362 0 0.831609
    outer loop
      vertex 22.237 -4.5 24.3653
      vertex 22.15 0.0499992 24.3072
      vertex 22.15 -4.5 24.3072
    endloop
  endfacet
  facet normal 0.997886 0 -0.0649964
    outer loop
      vertex 20.9568 -4.5 25.1044
      vertex 20.95 0 25
      vertex 20.9568 0 25.1044
    endloop
  endfacet
  facet normal 0.997886 0 -0.0649964
    outer loop
      vertex 20.95 0 25
      vertex 20.9568 -4.5 25.1044
      vertex 20.95 -4.5 25
    endloop
  endfacet
  facet normal 0.751925 -0 0.659248
    outer loop
      vertex 21.1153 -4.5 24.513
      vertex 21.1843 0.0499992 24.4343
      vertex 21.1153 0.0499992 24.513
    endloop
  endfacet
  facet normal 0.751925 0 0.659248
    outer loop
      vertex 21.1843 0.0499992 24.4343
      vertex 21.1153 -4.5 24.513
      vertex 21.1843 -4.5 24.4343
    endloop
  endfacet
  facet normal 0.195749 0 -0.980654
    outer loop
      vertex 21.5429 -4.5 25.7727
      vertex 21.6456 0.0499992 25.7932
      vertex 21.6456 -4.5 25.7932
    endloop
  endfacet
  facet normal 0.195749 0 -0.980654
    outer loop
      vertex 21.6456 0.0499992 25.7932
      vertex 21.5429 -4.5 25.7727
      vertex 21.5429 0.0499992 25.7727
    endloop
  endfacet
  facet normal 0.980654 -0 0.195749
    outer loop
      vertex 20.9568 -4.5 24.8956
      vertex 20.9773 0 24.7929
      vertex 20.9568 0 24.8956
    endloop
  endfacet
  facet normal 0.980654 0 0.195749
    outer loop
      vertex 20.9773 0 24.7929
      vertex 20.9568 -4.5 24.8956
      vertex 20.9773 -4.5 24.7929
    endloop
  endfacet
  facet normal 0.997886 -0 0.0649964
    outer loop
      vertex 20.95 -4.5 25
      vertex 20.9568 0 24.8956
      vertex 20.95 0 25
    endloop
  endfacet
  facet normal 0.997886 0 0.0649964
    outer loop
      vertex 20.9568 0 24.8956
      vertex 20.95 -4.5 25
      vertex 20.9568 -4.5 24.8956
    endloop
  endfacet
  facet normal 0.44224 0 -0.896897
    outer loop
      vertex 21.35 -4.5 25.6928
      vertex 21.4439 0.0499992 25.7391
      vertex 21.4439 -4.5 25.7391
    endloop
  endfacet
  facet normal 0.44224 0 -0.896897
    outer loop
      vertex 21.4439 0.0499992 25.7391
      vertex 21.35 -4.5 25.6928
      vertex 21.35 0.0499992 25.6928
    endloop
  endfacet
  facet normal 0.831609 -0 0.555362
    outer loop
      vertex 21.0572 -4.5 24.6
      vertex 21.1153 0.0499992 24.513
      vertex 21.0572 0.0499992 24.6
    endloop
  endfacet
  facet normal 0.831609 0 0.555362
    outer loop
      vertex 21.1153 0.0499992 24.513
      vertex 21.0572 -4.5 24.6
      vertex 21.1153 -4.5 24.513
    endloop
  endfacet
  facet normal 0.831609 0 -0.555362
    outer loop
      vertex 21.1153 -4.5 25.487
      vertex 21.0572 0.0499992 25.4
      vertex 21.1153 0.0499992 25.487
    endloop
  endfacet
  facet normal 0.831609 0 -0.555362
    outer loop
      vertex 21.0572 0.0499992 25.4
      vertex 21.1153 -4.5 25.487
      vertex 21.0572 -4.5 25.4
    endloop
  endfacet
  facet normal -0.195749 0 0.980654
    outer loop
      vertex 20.6044 0 49.2068
      vertex 20.7071 -4.5 49.2273
      vertex 20.7071 0 49.2273
    endloop
  endfacet
  facet normal -0.195749 0 0.980654
    outer loop
      vertex 20.7071 -4.5 49.2273
      vertex 20.6044 0 49.2068
      vertex 20.6044 -4.5 49.2068
    endloop
  endfacet
  facet normal -0.980654 0 0.195749
    outer loop
      vertex 21.2727 -4.5 49.7929
      vertex 21.2932 0.0499992 49.8956
      vertex 21.2727 0.0499992 49.7929
    endloop
  endfacet
  facet normal -0.980654 0 0.195749
    outer loop
      vertex 21.2932 0.0499992 49.8956
      vertex 21.2727 -4.5 49.7929
      vertex 21.2932 -4.5 49.8956
    endloop
  endfacet
  facet normal -0.997886 0 0.0649964
    outer loop
      vertex 21.2932 -4.5 49.8956
      vertex 21.3 0.0499992 50
      vertex 21.2932 0.0499992 49.8956
    endloop
  endfacet
  facet normal -0.997886 0 0.0649964
    outer loop
      vertex 21.3 0.0499992 50
      vertex 21.2932 -4.5 49.8956
      vertex 21.3 -4.5 50
    endloop
  endfacet
  facet normal -0.946948 0 0.321388
    outer loop
      vertex 21.2391 -4.5 49.6939
      vertex 21.2727 0.0499992 49.7929
      vertex 21.2391 0.0499992 49.6939
    endloop
  endfacet
  facet normal -0.946948 0 0.321388
    outer loop
      vertex 21.2727 0.0499992 49.7929
      vertex 21.2391 -4.5 49.6939
      vertex 21.2727 -4.5 49.7929
    endloop
  endfacet
  facet normal -0.831609 0 0.555362
    outer loop
      vertex 21.1347 -4.5 49.513
      vertex 21.1928 0.0499992 49.6
      vertex 21.1347 0.0499992 49.513
    endloop
  endfacet
  facet normal -0.831609 0 0.555362
    outer loop
      vertex 21.1928 0.0499992 49.6
      vertex 21.1347 -4.5 49.513
      vertex 21.1928 -4.5 49.6
    endloop
  endfacet
  facet normal -0.321388 0 0.946948
    outer loop
      vertex 20.7071 0 49.2273
      vertex 20.8061 -4.5 49.2609
      vertex 20.8061 0 49.2609
    endloop
  endfacet
  facet normal -0.321388 0 0.946948
    outer loop
      vertex 20.8061 -4.5 49.2609
      vertex 20.7071 0 49.2273
      vertex 20.7071 -4.5 49.2273
    endloop
  endfacet
  facet normal -0.997886 0 -0.0649964
    outer loop
      vertex 21.3 -4.5 50
      vertex 21.2932 0.0499992 50.1044
      vertex 21.3 0.0499992 50
    endloop
  endfacet
  facet normal -0.997886 -0 -0.0649964
    outer loop
      vertex 21.2932 0.0499992 50.1044
      vertex 21.3 -4.5 50
      vertex 21.2932 -4.5 50.1044
    endloop
  endfacet
  facet normal 0.555362 0 -0.831609
    outer loop
      vertex 20.013 -4.5 50.6347
      vertex 20.1 0 50.6928
      vertex 20.1 -4.5 50.6928
    endloop
  endfacet
  facet normal 0.555362 0 -0.831609
    outer loop
      vertex 20.1 0 50.6928
      vertex 20.013 -4.5 50.6347
      vertex 20.013 0 50.6347
    endloop
  endfacet
  facet normal 0.321388 0 -0.946948
    outer loop
      vertex 20.1939 -4.5 50.7391
      vertex 20.2929 0 50.7727
      vertex 20.2929 -4.5 50.7727
    endloop
  endfacet
  facet normal 0.321388 0 -0.946948
    outer loop
      vertex 20.2929 0 50.7727
      vertex 20.1939 -4.5 50.7391
      vertex 20.1939 0 50.7391
    endloop
  endfacet
  facet normal -0.896897 0 0.44224
    outer loop
      vertex 21.1928 -4.5 49.6
      vertex 21.2391 0.0499992 49.6939
      vertex 21.1928 0.0499992 49.6
    endloop
  endfacet
  facet normal -0.896897 0 0.44224
    outer loop
      vertex 21.2391 0.0499992 49.6939
      vertex 21.1928 -4.5 49.6
      vertex 21.2391 -4.5 49.6939
    endloop
  endfacet
  facet normal 0.321388 0 0.946948
    outer loop
      vertex 20.1939 0 49.2609
      vertex 20.2929 -4.5 49.2273
      vertex 20.2929 0 49.2273
    endloop
  endfacet
  facet normal 0.321388 0 0.946948
    outer loop
      vertex 20.2929 -4.5 49.2273
      vertex 20.1939 0 49.2609
      vertex 20.1939 -4.5 49.2609
    endloop
  endfacet
  facet normal -0.751925 0 0.659248
    outer loop
      vertex 21.0657 -4.5 49.4343
      vertex 21.1347 0.0499992 49.513
      vertex 21.0657 0.0499992 49.4343
    endloop
  endfacet
  facet normal -0.751925 0 0.659248
    outer loop
      vertex 21.1347 0.0499992 49.513
      vertex 21.0657 -4.5 49.4343
      vertex 21.1347 -4.5 49.513
    endloop
  endfacet
  facet normal -0.946948 0 -0.321388
    outer loop
      vertex 21.2727 -4.5 50.2071
      vertex 21.2391 0.0499992 50.3061
      vertex 21.2727 0.0499992 50.2071
    endloop
  endfacet
  facet normal -0.946948 -0 -0.321388
    outer loop
      vertex 21.2391 0.0499992 50.3061
      vertex 21.2727 -4.5 50.2071
      vertex 21.2391 -4.5 50.3061
    endloop
  endfacet
  facet normal 0.751925 0 -0.659248
    outer loop
      vertex 19.9343 -4.5 50.5657
      vertex 19.8653 0 50.487
      vertex 19.9343 0 50.5657
    endloop
  endfacet
  facet normal 0.751925 0 -0.659248
    outer loop
      vertex 19.8653 0 50.487
      vertex 19.9343 -4.5 50.5657
      vertex 19.8653 -4.5 50.487
    endloop
  endfacet
  facet normal -0.980654 0 -0.195749
    outer loop
      vertex 21.2932 -4.5 50.1044
      vertex 21.2727 0.0499992 50.2071
      vertex 21.2932 0.0499992 50.1044
    endloop
  endfacet
  facet normal -0.980654 -0 -0.195749
    outer loop
      vertex 21.2727 0.0499992 50.2071
      vertex 21.2932 -4.5 50.1044
      vertex 21.2727 -4.5 50.2071
    endloop
  endfacet
  facet normal 0.659248 0 0.751925
    outer loop
      vertex 19.9343 0 49.4343
      vertex 20.013 -4.5 49.3653
      vertex 20.013 0 49.3653
    endloop
  endfacet
  facet normal 0.659248 0 0.751925
    outer loop
      vertex 20.013 -4.5 49.3653
      vertex 19.9343 0 49.4343
      vertex 19.9343 -4.5 49.4343
    endloop
  endfacet
  facet normal 0.946948 0 -0.321388
    outer loop
      vertex 19.7609 -4.5 50.3061
      vertex 19.7273 0 50.2071
      vertex 19.7609 0 50.3061
    endloop
  endfacet
  facet normal 0.946948 0 -0.321388
    outer loop
      vertex 19.7273 0 50.2071
      vertex 19.7609 -4.5 50.3061
      vertex 19.7273 -4.5 50.2071
    endloop
  endfacet
  facet normal -0.831609 0 -0.555362
    outer loop
      vertex 21.1928 -4.5 50.4
      vertex 21.1347 0.0499992 50.487
      vertex 21.1928 0.0499992 50.4
    endloop
  endfacet
  facet normal -0.831609 -0 -0.555362
    outer loop
      vertex 21.1347 0.0499992 50.487
      vertex 21.1928 -4.5 50.4
      vertex 21.1347 -4.5 50.487
    endloop
  endfacet
  facet normal -0.44224 0 0.896897
    outer loop
      vertex 20.8061 0 49.2609
      vertex 20.9 -4.5 49.3072
      vertex 20.9 0 49.3072
    endloop
  endfacet
  facet normal -0.44224 0 0.896897
    outer loop
      vertex 20.9 -4.5 49.3072
      vertex 20.8061 0 49.2609
      vertex 20.8061 -4.5 49.2609
    endloop
  endfacet
  facet normal 0.44224 0 0.896897
    outer loop
      vertex 20.1 0 49.3072
      vertex 20.1939 -4.5 49.2609
      vertex 20.1939 0 49.2609
    endloop
  endfacet
  facet normal 0.44224 0 0.896897
    outer loop
      vertex 20.1939 -4.5 49.2609
      vertex 20.1 0 49.3072
      vertex 20.1 -4.5 49.3072
    endloop
  endfacet
  facet normal -0.44224 0 -0.896897
    outer loop
      vertex 20.8061 -4.5 50.7391
      vertex 20.9 0 50.6928
      vertex 20.9 -4.5 50.6928
    endloop
  endfacet
  facet normal -0.44224 0 -0.896897
    outer loop
      vertex 20.9 0 50.6928
      vertex 20.8061 -4.5 50.7391
      vertex 20.8061 0 50.7391
    endloop
  endfacet
  facet normal -0.321388 0 -0.946948
    outer loop
      vertex 20.7071 -4.5 50.7727
      vertex 20.8061 0 50.7391
      vertex 20.8061 -4.5 50.7391
    endloop
  endfacet
  facet normal -0.321388 0 -0.946948
    outer loop
      vertex 20.8061 0 50.7391
      vertex 20.7071 -4.5 50.7727
      vertex 20.7071 0 50.7727
    endloop
  endfacet
  facet normal 0.980654 0 -0.195749
    outer loop
      vertex 19.7273 -4.5 50.2071
      vertex 19.7068 0 50.1044
      vertex 19.7273 0 50.2071
    endloop
  endfacet
  facet normal 0.980654 0 -0.195749
    outer loop
      vertex 19.7068 0 50.1044
      vertex 19.7273 -4.5 50.2071
      vertex 19.7068 -4.5 50.1044
    endloop
  endfacet
  facet normal 0.555362 0 0.831609
    outer loop
      vertex 20.013 0 49.3653
      vertex 20.1 -4.5 49.3072
      vertex 20.1 0 49.3072
    endloop
  endfacet
  facet normal 0.555362 0 0.831609
    outer loop
      vertex 20.1 -4.5 49.3072
      vertex 20.013 0 49.3653
      vertex 20.013 -4.5 49.3653
    endloop
  endfacet
  facet normal -0.555362 0 -0.831609
    outer loop
      vertex 20.9 -4.5 50.6928
      vertex 20.987 0 50.6347
      vertex 20.987 -4.5 50.6347
    endloop
  endfacet
  facet normal -0.555362 0 -0.831609
    outer loop
      vertex 20.987 0 50.6347
      vertex 20.9 -4.5 50.6928
      vertex 20.9 0 50.6928
    endloop
  endfacet
  facet normal -0.195749 0 -0.980654
    outer loop
      vertex 20.6044 -4.5 50.7932
      vertex 20.7071 0 50.7727
      vertex 20.7071 -4.5 50.7727
    endloop
  endfacet
  facet normal -0.195749 0 -0.980654
    outer loop
      vertex 20.7071 0 50.7727
      vertex 20.6044 -4.5 50.7932
      vertex 20.6044 0 50.7932
    endloop
  endfacet
  facet normal -0.659234 0 0.751938
    outer loop
      vertex 21 0 49.3767
      vertex 21.0657 0.0499992 49.4343
      vertex 21 0.0499992 49.3767
    endloop
  endfacet
  facet normal -0.659234 0 0.751938
    outer loop
      vertex 21.0657 0.0499992 49.4343
      vertex 21 0 49.3767
      vertex 21.0657 -4.5 49.4343
    endloop
  endfacet
  facet normal -0.659323 0 0.75186
    outer loop
      vertex 20.987 -4.5 49.3653
      vertex 21 0 49.3767
      vertex 20.987 0 49.3653
    endloop
  endfacet
  facet normal -0.659248 -3.82173e-07 0.751925
    outer loop
      vertex 21 0 49.3767
      vertex 20.987 -4.5 49.3653
      vertex 21.0657 -4.5 49.4343
    endloop
  endfacet
  facet normal 0.946948 -0 0.321388
    outer loop
      vertex 19.7273 -4.5 49.7929
      vertex 19.7609 0 49.6939
      vertex 19.7273 0 49.7929
    endloop
  endfacet
  facet normal 0.946948 0 0.321388
    outer loop
      vertex 19.7609 0 49.6939
      vertex 19.7273 -4.5 49.7929
      vertex 19.7609 -4.5 49.6939
    endloop
  endfacet
  facet normal 0.0649964 0 0.997886
    outer loop
      vertex 20.3956 0 49.2068
      vertex 20.5 -4.5 49.2
      vertex 20.5 0 49.2
    endloop
  endfacet
  facet normal 0.0649964 0 0.997886
    outer loop
      vertex 20.5 -4.5 49.2
      vertex 20.3956 0 49.2068
      vertex 20.3956 -4.5 49.2068
    endloop
  endfacet
  facet normal -0.0649964 0 -0.997886
    outer loop
      vertex 20.5 -4.5 50.8
      vertex 20.6044 0 50.7932
      vertex 20.6044 -4.5 50.7932
    endloop
  endfacet
  facet normal -0.0649964 0 -0.997886
    outer loop
      vertex 20.6044 0 50.7932
      vertex 20.5 -4.5 50.8
      vertex 20.5 0 50.8
    endloop
  endfacet
  facet normal 0.195749 0 0.980654
    outer loop
      vertex 20.2929 0 49.2273
      vertex 20.3956 -4.5 49.2068
      vertex 20.3956 0 49.2068
    endloop
  endfacet
  facet normal 0.195749 0 0.980654
    outer loop
      vertex 20.3956 -4.5 49.2068
      vertex 20.2929 0 49.2273
      vertex 20.2929 -4.5 49.2273
    endloop
  endfacet
  facet normal 0.659248 0 -0.751925
    outer loop
      vertex 19.9343 -4.5 50.5657
      vertex 20.013 0 50.6347
      vertex 20.013 -4.5 50.6347
    endloop
  endfacet
  facet normal 0.659248 0 -0.751925
    outer loop
      vertex 20.013 0 50.6347
      vertex 19.9343 -4.5 50.5657
      vertex 19.9343 0 50.5657
    endloop
  endfacet
  facet normal 0.896897 -0 0.44224
    outer loop
      vertex 19.7609 -4.5 49.6939
      vertex 19.8072 0 49.6
      vertex 19.7609 0 49.6939
    endloop
  endfacet
  facet normal 0.896897 0 0.44224
    outer loop
      vertex 19.8072 0 49.6
      vertex 19.7609 -4.5 49.6939
      vertex 19.8072 -4.5 49.6
    endloop
  endfacet
  facet normal -0.896897 0 -0.44224
    outer loop
      vertex 21.2391 -4.5 50.3061
      vertex 21.1928 0.0499992 50.4
      vertex 21.2391 0.0499992 50.3061
    endloop
  endfacet
  facet normal -0.896897 -0 -0.44224
    outer loop
      vertex 21.1928 0.0499992 50.4
      vertex 21.2391 -4.5 50.3061
      vertex 21.1928 -4.5 50.4
    endloop
  endfacet
  facet normal -0.751925 0 -0.659248
    outer loop
      vertex 21.1347 -4.5 50.487
      vertex 21.0657 0.0499992 50.5657
      vertex 21.1347 0.0499992 50.487
    endloop
  endfacet
  facet normal -0.751925 -0 -0.659248
    outer loop
      vertex 21.0657 0.0499992 50.5657
      vertex 21.1347 -4.5 50.487
      vertex 21.0657 -4.5 50.5657
    endloop
  endfacet
  facet normal 0.0649964 0 -0.997886
    outer loop
      vertex 20.3956 -4.5 50.7932
      vertex 20.5 0 50.8
      vertex 20.5 -4.5 50.8
    endloop
  endfacet
  facet normal 0.0649964 0 -0.997886
    outer loop
      vertex 20.5 0 50.8
      vertex 20.3956 -4.5 50.7932
      vertex 20.3956 0 50.7932
    endloop
  endfacet
  facet normal -0.0649964 0 0.997886
    outer loop
      vertex 20.5 0 49.2
      vertex 20.6044 -4.5 49.2068
      vertex 20.6044 0 49.2068
    endloop
  endfacet
  facet normal -0.0649964 0 0.997886
    outer loop
      vertex 20.6044 -4.5 49.2068
      vertex 20.5 0 49.2
      vertex 20.5 -4.5 49.2
    endloop
  endfacet
  facet normal -0.555362 0 0.831609
    outer loop
      vertex 20.9 0 49.3072
      vertex 20.987 -4.5 49.3653
      vertex 20.987 0 49.3653
    endloop
  endfacet
  facet normal -0.555362 0 0.831609
    outer loop
      vertex 20.987 -4.5 49.3653
      vertex 20.9 0 49.3072
      vertex 20.9 -4.5 49.3072
    endloop
  endfacet
  facet normal 0.997886 0 -0.0649964
    outer loop
      vertex 19.7068 -4.5 50.1044
      vertex 19.7 0 50
      vertex 19.7068 0 50.1044
    endloop
  endfacet
  facet normal 0.997886 0 -0.0649964
    outer loop
      vertex 19.7 0 50
      vertex 19.7068 -4.5 50.1044
      vertex 19.7 -4.5 50
    endloop
  endfacet
  facet normal 0.751925 -0 0.659248
    outer loop
      vertex 19.8653 -4.5 49.513
      vertex 19.9343 0 49.4343
      vertex 19.8653 0 49.513
    endloop
  endfacet
  facet normal 0.751925 0 0.659248
    outer loop
      vertex 19.9343 0 49.4343
      vertex 19.8653 -4.5 49.513
      vertex 19.9343 -4.5 49.4343
    endloop
  endfacet
  facet normal 0.195749 0 -0.980654
    outer loop
      vertex 20.2929 -4.5 50.7727
      vertex 20.3956 0 50.7932
      vertex 20.3956 -4.5 50.7932
    endloop
  endfacet
  facet normal 0.195749 0 -0.980654
    outer loop
      vertex 20.3956 0 50.7932
      vertex 20.2929 -4.5 50.7727
      vertex 20.2929 0 50.7727
    endloop
  endfacet
  facet normal 0.980654 -0 0.195749
    outer loop
      vertex 19.7068 -4.5 49.8956
      vertex 19.7273 0 49.7929
      vertex 19.7068 0 49.8956
    endloop
  endfacet
  facet normal 0.980654 0 0.195749
    outer loop
      vertex 19.7273 0 49.7929
      vertex 19.7068 -4.5 49.8956
      vertex 19.7273 -4.5 49.7929
    endloop
  endfacet
  facet normal 0.997886 -0 0.0649964
    outer loop
      vertex 19.7 -4.5 50
      vertex 19.7068 0 49.8956
      vertex 19.7 0 50
    endloop
  endfacet
  facet normal 0.997886 0 0.0649964
    outer loop
      vertex 19.7068 0 49.8956
      vertex 19.7 -4.5 50
      vertex 19.7068 -4.5 49.8956
    endloop
  endfacet
  facet normal 0.44224 0 -0.896897
    outer loop
      vertex 20.1 -4.5 50.6928
      vertex 20.1939 0 50.7391
      vertex 20.1939 -4.5 50.7391
    endloop
  endfacet
  facet normal 0.44224 0 -0.896897
    outer loop
      vertex 20.1939 0 50.7391
      vertex 20.1 -4.5 50.6928
      vertex 20.1 0 50.6928
    endloop
  endfacet
  facet normal -0.659234 0 -0.751938
    outer loop
      vertex 21.0657 -4.5 50.5657
      vertex 21 0 50.6233
      vertex 21.0657 0.0499992 50.5657
    endloop
  endfacet
  facet normal -0.659248 -3.82173e-07 -0.751925
    outer loop
      vertex 20.987 -4.5 50.6347
      vertex 21 0 50.6233
      vertex 21.0657 -4.5 50.5657
    endloop
  endfacet
  facet normal -0.659323 0 -0.75186
    outer loop
      vertex 21 0 50.6233
      vertex 20.987 -4.5 50.6347
      vertex 20.987 0 50.6347
    endloop
  endfacet
  facet normal -0.659234 0 -0.751938
    outer loop
      vertex 21.0657 0.0499992 50.5657
      vertex 21 0 50.6233
      vertex 21 0.0499992 50.6233
    endloop
  endfacet
  facet normal 0.831609 -0 0.555362
    outer loop
      vertex 19.8072 -4.5 49.6
      vertex 19.8653 0 49.513
      vertex 19.8072 0 49.6
    endloop
  endfacet
  facet normal 0.831609 0 0.555362
    outer loop
      vertex 19.8653 0 49.513
      vertex 19.8072 -4.5 49.6
      vertex 19.8653 -4.5 49.513
    endloop
  endfacet
  facet normal 0.831609 0 -0.555362
    outer loop
      vertex 19.8653 -4.5 50.487
      vertex 19.8072 0 50.4
      vertex 19.8653 0 50.487
    endloop
  endfacet
  facet normal 0.831609 0 -0.555362
    outer loop
      vertex 19.8072 0 50.4
      vertex 19.8653 -4.5 50.487
      vertex 19.8072 -4.5 50.4
    endloop
  endfacet
  facet normal 0.896897 0 -0.44224
    outer loop
      vertex 19.8072 -4.5 50.4
      vertex 19.7609 0 50.3061
      vertex 19.8072 0 50.4
    endloop
  endfacet
  facet normal 0.896897 0 -0.44224
    outer loop
      vertex 19.7609 0 50.3061
      vertex 19.8072 -4.5 50.4
      vertex 19.7609 -4.5 50.3061
    endloop
  endfacet
  facet normal -0.195749 0 0.980654
    outer loop
      vertex 19.3544 0 74.2068
      vertex 19.4571 -4.5 74.2273
      vertex 19.4571 0 74.2273
    endloop
  endfacet
  facet normal -0.195749 0 0.980654
    outer loop
      vertex 19.4571 -4.5 74.2273
      vertex 19.3544 0 74.2068
      vertex 19.3544 -4.5 74.2068
    endloop
  endfacet
  facet normal -0.980654 0 0.195749
    outer loop
      vertex 20.0227 -4.5 74.7929
      vertex 20.0432 0 74.8956
      vertex 20.0227 0 74.7929
    endloop
  endfacet
  facet normal -0.980654 0 0.195749
    outer loop
      vertex 20.0432 0 74.8956
      vertex 20.0227 -4.5 74.7929
      vertex 20.0432 -4.5 74.8956
    endloop
  endfacet
  facet normal -0.997886 0 0.0649964
    outer loop
      vertex 20.0432 -4.5 74.8956
      vertex 20.05 0 75
      vertex 20.0432 0 74.8956
    endloop
  endfacet
  facet normal -0.997886 0 0.0649964
    outer loop
      vertex 20.05 0 75
      vertex 20.0432 -4.5 74.8956
      vertex 20.05 -4.5 75
    endloop
  endfacet
  facet normal -0.946948 0 0.321388
    outer loop
      vertex 19.9891 -4.5 74.6939
      vertex 20.0227 0 74.7929
      vertex 19.9891 0 74.6939
    endloop
  endfacet
  facet normal -0.946948 0 0.321388
    outer loop
      vertex 20.0227 0 74.7929
      vertex 19.9891 -4.5 74.6939
      vertex 20.0227 -4.5 74.7929
    endloop
  endfacet
  facet normal -0.831609 0 0.555362
    outer loop
      vertex 19.8847 -4.5 74.513
      vertex 19.9428 0 74.6
      vertex 19.8847 0 74.513
    endloop
  endfacet
  facet normal -0.831609 0 0.555362
    outer loop
      vertex 19.9428 0 74.6
      vertex 19.8847 -4.5 74.513
      vertex 19.9428 -4.5 74.6
    endloop
  endfacet
  facet normal -0.321388 0 0.946948
    outer loop
      vertex 19.4571 0 74.2273
      vertex 19.5561 -4.5 74.2609
      vertex 19.5561 0 74.2609
    endloop
  endfacet
  facet normal -0.321388 0 0.946948
    outer loop
      vertex 19.5561 -4.5 74.2609
      vertex 19.4571 0 74.2273
      vertex 19.4571 -4.5 74.2273
    endloop
  endfacet
  facet normal -0.997886 0 -0.0649964
    outer loop
      vertex 20.05 -4.5 75
      vertex 20.0432 0 75.1044
      vertex 20.05 0 75
    endloop
  endfacet
  facet normal -0.997886 -0 -0.0649964
    outer loop
      vertex 20.0432 0 75.1044
      vertex 20.05 -4.5 75
      vertex 20.0432 -4.5 75.1044
    endloop
  endfacet
  facet normal 0.555362 0 -0.831609
    outer loop
      vertex 18.763 -4.5 75.6347
      vertex 18.85 0 75.6928
      vertex 18.85 -4.5 75.6928
    endloop
  endfacet
  facet normal 0.555362 0 -0.831609
    outer loop
      vertex 18.85 0 75.6928
      vertex 18.763 -4.5 75.6347
      vertex 18.763 0 75.6347
    endloop
  endfacet
  facet normal 0.321388 0 -0.946948
    outer loop
      vertex 18.9439 -4.5 75.7391
      vertex 19.0429 0 75.7727
      vertex 19.0429 -4.5 75.7727
    endloop
  endfacet
  facet normal 0.321388 0 -0.946948
    outer loop
      vertex 19.0429 0 75.7727
      vertex 18.9439 -4.5 75.7391
      vertex 18.9439 0 75.7391
    endloop
  endfacet
  facet normal -0.896897 0 0.44224
    outer loop
      vertex 19.9428 -4.5 74.6
      vertex 19.9891 0 74.6939
      vertex 19.9428 0 74.6
    endloop
  endfacet
  facet normal -0.896897 0 0.44224
    outer loop
      vertex 19.9891 0 74.6939
      vertex 19.9428 -4.5 74.6
      vertex 19.9891 -4.5 74.6939
    endloop
  endfacet
  facet normal 0.321388 0 0.946948
    outer loop
      vertex 18.9439 0 74.2609
      vertex 19.0429 -4.5 74.2273
      vertex 19.0429 0 74.2273
    endloop
  endfacet
  facet normal 0.321388 0 0.946948
    outer loop
      vertex 19.0429 -4.5 74.2273
      vertex 18.9439 0 74.2609
      vertex 18.9439 -4.5 74.2609
    endloop
  endfacet
  facet normal -0.751925 0 0.659248
    outer loop
      vertex 19.8157 -4.5 74.4343
      vertex 19.8847 0 74.513
      vertex 19.8157 0 74.4343
    endloop
  endfacet
  facet normal -0.751925 0 0.659248
    outer loop
      vertex 19.8847 0 74.513
      vertex 19.8157 -4.5 74.4343
      vertex 19.8847 -4.5 74.513
    endloop
  endfacet
  facet normal -0.946948 0 -0.321388
    outer loop
      vertex 20.0227 -4.5 75.2071
      vertex 19.9891 0 75.3061
      vertex 20.0227 0 75.2071
    endloop
  endfacet
  facet normal -0.946948 -0 -0.321388
    outer loop
      vertex 19.9891 0 75.3061
      vertex 20.0227 -4.5 75.2071
      vertex 19.9891 -4.5 75.3061
    endloop
  endfacet
  facet normal 0.751925 0 -0.659248
    outer loop
      vertex 18.6843 -4.5 75.5657
      vertex 18.6153 0 75.487
      vertex 18.6843 0 75.5657
    endloop
  endfacet
  facet normal 0.751925 0 -0.659248
    outer loop
      vertex 18.6153 0 75.487
      vertex 18.6843 -4.5 75.5657
      vertex 18.6153 -4.5 75.487
    endloop
  endfacet
  facet normal -0.980654 0 -0.195749
    outer loop
      vertex 20.0432 -4.5 75.1044
      vertex 20.0227 0 75.2071
      vertex 20.0432 0 75.1044
    endloop
  endfacet
  facet normal -0.980654 -0 -0.195749
    outer loop
      vertex 20.0227 0 75.2071
      vertex 20.0432 -4.5 75.1044
      vertex 20.0227 -4.5 75.2071
    endloop
  endfacet
  facet normal 0.659248 0 0.751925
    outer loop
      vertex 18.6843 0 74.4343
      vertex 18.763 -4.5 74.3653
      vertex 18.763 0 74.3653
    endloop
  endfacet
  facet normal 0.659248 0 0.751925
    outer loop
      vertex 18.763 -4.5 74.3653
      vertex 18.6843 0 74.4343
      vertex 18.6843 -4.5 74.4343
    endloop
  endfacet
  facet normal 0.946948 0 -0.321388
    outer loop
      vertex 18.5109 -4.5 75.3061
      vertex 18.4773 0 75.2071
      vertex 18.5109 0 75.3061
    endloop
  endfacet
  facet normal 0.946948 0 -0.321388
    outer loop
      vertex 18.4773 0 75.2071
      vertex 18.5109 -4.5 75.3061
      vertex 18.4773 -4.5 75.2071
    endloop
  endfacet
  facet normal -0.831609 0 -0.555362
    outer loop
      vertex 19.9428 -4.5 75.4
      vertex 19.8847 0 75.487
      vertex 19.9428 0 75.4
    endloop
  endfacet
  facet normal -0.831609 -0 -0.555362
    outer loop
      vertex 19.8847 0 75.487
      vertex 19.9428 -4.5 75.4
      vertex 19.8847 -4.5 75.487
    endloop
  endfacet
  facet normal -0.44224 0 0.896897
    outer loop
      vertex 19.5561 0 74.2609
      vertex 19.65 -4.5 74.3072
      vertex 19.65 0 74.3072
    endloop
  endfacet
  facet normal -0.44224 0 0.896897
    outer loop
      vertex 19.65 -4.5 74.3072
      vertex 19.5561 0 74.2609
      vertex 19.5561 -4.5 74.2609
    endloop
  endfacet
  facet normal 0.44224 0 0.896897
    outer loop
      vertex 18.85 0 74.3072
      vertex 18.9439 -4.5 74.2609
      vertex 18.9439 0 74.2609
    endloop
  endfacet
  facet normal 0.44224 0 0.896897
    outer loop
      vertex 18.9439 -4.5 74.2609
      vertex 18.85 0 74.3072
      vertex 18.85 -4.5 74.3072
    endloop
  endfacet
  facet normal -0.44224 0 -0.896897
    outer loop
      vertex 19.5561 -4.5 75.7391
      vertex 19.65 0 75.6928
      vertex 19.65 -4.5 75.6928
    endloop
  endfacet
  facet normal -0.44224 0 -0.896897
    outer loop
      vertex 19.65 0 75.6928
      vertex 19.5561 -4.5 75.7391
      vertex 19.5561 0 75.7391
    endloop
  endfacet
  facet normal -0.321388 0 -0.946948
    outer loop
      vertex 19.4571 -4.5 75.7727
      vertex 19.5561 0 75.7391
      vertex 19.5561 -4.5 75.7391
    endloop
  endfacet
  facet normal -0.321388 0 -0.946948
    outer loop
      vertex 19.5561 0 75.7391
      vertex 19.4571 -4.5 75.7727
      vertex 19.4571 0 75.7727
    endloop
  endfacet
  facet normal 0.980654 0 -0.195749
    outer loop
      vertex 18.4773 -4.5 75.2071
      vertex 18.4568 0 75.1044
      vertex 18.4773 0 75.2071
    endloop
  endfacet
  facet normal 0.980654 0 -0.195749
    outer loop
      vertex 18.4568 0 75.1044
      vertex 18.4773 -4.5 75.2071
      vertex 18.4568 -4.5 75.1044
    endloop
  endfacet
  facet normal 0.555362 0 0.831609
    outer loop
      vertex 18.763 0 74.3653
      vertex 18.85 -4.5 74.3072
      vertex 18.85 0 74.3072
    endloop
  endfacet
  facet normal 0.555362 0 0.831609
    outer loop
      vertex 18.85 -4.5 74.3072
      vertex 18.763 0 74.3653
      vertex 18.763 -4.5 74.3653
    endloop
  endfacet
  facet normal -0.555362 0 -0.831609
    outer loop
      vertex 19.65 -4.5 75.6928
      vertex 19.737 0 75.6347
      vertex 19.737 -4.5 75.6347
    endloop
  endfacet
  facet normal -0.555362 0 -0.831609
    outer loop
      vertex 19.737 0 75.6347
      vertex 19.65 -4.5 75.6928
      vertex 19.65 0 75.6928
    endloop
  endfacet
  facet normal -0.195749 0 -0.980654
    outer loop
      vertex 19.3544 -4.5 75.7932
      vertex 19.4571 0 75.7727
      vertex 19.4571 -4.5 75.7727
    endloop
  endfacet
  facet normal -0.195749 0 -0.980654
    outer loop
      vertex 19.4571 0 75.7727
      vertex 19.3544 -4.5 75.7932
      vertex 19.3544 0 75.7932
    endloop
  endfacet
  facet normal -0.659248 0 0.751925
    outer loop
      vertex 19.737 0 74.3653
      vertex 19.8157 -4.5 74.4343
      vertex 19.8157 0 74.4343
    endloop
  endfacet
  facet normal -0.659248 0 0.751925
    outer loop
      vertex 19.8157 -4.5 74.4343
      vertex 19.737 0 74.3653
      vertex 19.737 -4.5 74.3653
    endloop
  endfacet
  facet normal 0.946948 -0 0.321388
    outer loop
      vertex 18.4773 -4.5 74.7929
      vertex 18.5109 0 74.6939
      vertex 18.4773 0 74.7929
    endloop
  endfacet
  facet normal 0.946948 0 0.321388
    outer loop
      vertex 18.5109 0 74.6939
      vertex 18.4773 -4.5 74.7929
      vertex 18.5109 -4.5 74.6939
    endloop
  endfacet
  facet normal -0.0649964 0 -0.997886
    outer loop
      vertex 19.25 -4.5 75.8
      vertex 19.3544 0 75.7932
      vertex 19.3544 -4.5 75.7932
    endloop
  endfacet
  facet normal -0.0649964 0 -0.997886
    outer loop
      vertex 19.3544 0 75.7932
      vertex 19.25 -4.5 75.8
      vertex 19.25 0 75.8
    endloop
  endfacet
  facet normal 0.195749 0 0.980654
    outer loop
      vertex 19.0429 0 74.2273
      vertex 19.1456 -4.5 74.2068
      vertex 19.1456 0 74.2068
    endloop
  endfacet
  facet normal 0.195749 0 0.980654
    outer loop
      vertex 19.1456 -4.5 74.2068
      vertex 19.0429 0 74.2273
      vertex 19.0429 -4.5 74.2273
    endloop
  endfacet
  facet normal 0.659248 0 -0.751925
    outer loop
      vertex 18.6843 -4.5 75.5657
      vertex 18.763 0 75.6347
      vertex 18.763 -4.5 75.6347
    endloop
  endfacet
  facet normal 0.659248 0 -0.751925
    outer loop
      vertex 18.763 0 75.6347
      vertex 18.6843 -4.5 75.5657
      vertex 18.6843 0 75.5657
    endloop
  endfacet
  facet normal 0.896897 -0 0.44224
    outer loop
      vertex 18.5109 -4.5 74.6939
      vertex 18.5572 0 74.6
      vertex 18.5109 0 74.6939
    endloop
  endfacet
  facet normal 0.896897 0 0.44224
    outer loop
      vertex 18.5572 0 74.6
      vertex 18.5109 -4.5 74.6939
      vertex 18.5572 -4.5 74.6
    endloop
  endfacet
  facet normal -0.896897 0 -0.44224
    outer loop
      vertex 19.9891 -4.5 75.3061
      vertex 19.9428 0 75.4
      vertex 19.9891 0 75.3061
    endloop
  endfacet
  facet normal -0.896897 -0 -0.44224
    outer loop
      vertex 19.9428 0 75.4
      vertex 19.9891 -4.5 75.3061
      vertex 19.9428 -4.5 75.4
    endloop
  endfacet
  facet normal -0.751925 0 -0.659248
    outer loop
      vertex 19.8847 -4.5 75.487
      vertex 19.8157 0 75.5657
      vertex 19.8847 0 75.487
    endloop
  endfacet
  facet normal -0.751925 -0 -0.659248
    outer loop
      vertex 19.8157 0 75.5657
      vertex 19.8847 -4.5 75.487
      vertex 19.8157 -4.5 75.5657
    endloop
  endfacet
  facet normal 0.0649964 0 -0.997886
    outer loop
      vertex 19.1456 -4.5 75.7932
      vertex 19.25 0 75.8
      vertex 19.25 -4.5 75.8
    endloop
  endfacet
  facet normal 0.0649964 0 -0.997886
    outer loop
      vertex 19.25 0 75.8
      vertex 19.1456 -4.5 75.7932
      vertex 19.1456 0 75.7932
    endloop
  endfacet
  facet normal -0.0649964 0 0.997886
    outer loop
      vertex 19.25 0 74.2
      vertex 19.3544 -4.5 74.2068
      vertex 19.3544 0 74.2068
    endloop
  endfacet
  facet normal -0.0649964 0 0.997886
    outer loop
      vertex 19.3544 -4.5 74.2068
      vertex 19.25 0 74.2
      vertex 19.25 -4.5 74.2
    endloop
  endfacet
  facet normal -0.555362 0 0.831609
    outer loop
      vertex 19.65 0 74.3072
      vertex 19.737 -4.5 74.3653
      vertex 19.737 0 74.3653
    endloop
  endfacet
  facet normal -0.555362 0 0.831609
    outer loop
      vertex 19.737 -4.5 74.3653
      vertex 19.65 0 74.3072
      vertex 19.65 -4.5 74.3072
    endloop
  endfacet
  facet normal 0.997886 0 -0.0649964
    outer loop
      vertex 18.4568 -4.5 75.1044
      vertex 18.45 0 75
      vertex 18.4568 0 75.1044
    endloop
  endfacet
  facet normal 0.997886 0 -0.0649964
    outer loop
      vertex 18.45 0 75
      vertex 18.4568 -4.5 75.1044
      vertex 18.45 -4.5 75
    endloop
  endfacet
  facet normal 0.751925 -0 0.659248
    outer loop
      vertex 18.6153 -4.5 74.513
      vertex 18.6843 0 74.4343
      vertex 18.6153 0 74.513
    endloop
  endfacet
  facet normal 0.751925 0 0.659248
    outer loop
      vertex 18.6843 0 74.4343
      vertex 18.6153 -4.5 74.513
      vertex 18.6843 -4.5 74.4343
    endloop
  endfacet
  facet normal 0.0649964 0 0.997886
    outer loop
      vertex 19.1456 0 74.2068
      vertex 19.25 -4.5 74.2
      vertex 19.25 0 74.2
    endloop
  endfacet
  facet normal 0.0649964 0 0.997886
    outer loop
      vertex 19.25 -4.5 74.2
      vertex 19.1456 0 74.2068
      vertex 19.1456 -4.5 74.2068
    endloop
  endfacet
  facet normal 0.195749 0 -0.980654
    outer loop
      vertex 19.0429 -4.5 75.7727
      vertex 19.1456 0 75.7932
      vertex 19.1456 -4.5 75.7932
    endloop
  endfacet
  facet normal 0.195749 0 -0.980654
    outer loop
      vertex 19.1456 0 75.7932
      vertex 19.0429 -4.5 75.7727
      vertex 19.0429 0 75.7727
    endloop
  endfacet
  facet normal 0.980654 -0 0.195749
    outer loop
      vertex 18.4568 -4.5 74.8956
      vertex 18.4773 0 74.7929
      vertex 18.4568 0 74.8956
    endloop
  endfacet
  facet normal 0.980654 0 0.195749
    outer loop
      vertex 18.4773 0 74.7929
      vertex 18.4568 -4.5 74.8956
      vertex 18.4773 -4.5 74.7929
    endloop
  endfacet
  facet normal 0.997886 -0 0.0649964
    outer loop
      vertex 18.45 -4.5 75
      vertex 18.4568 0 74.8956
      vertex 18.45 0 75
    endloop
  endfacet
  facet normal 0.997886 0 0.0649964
    outer loop
      vertex 18.4568 0 74.8956
      vertex 18.45 -4.5 75
      vertex 18.4568 -4.5 74.8956
    endloop
  endfacet
  facet normal 0.44224 0 -0.896897
    outer loop
      vertex 18.85 -4.5 75.6928
      vertex 18.9439 0 75.7391
      vertex 18.9439 -4.5 75.7391
    endloop
  endfacet
  facet normal 0.44224 0 -0.896897
    outer loop
      vertex 18.9439 0 75.7391
      vertex 18.85 -4.5 75.6928
      vertex 18.85 0 75.6928
    endloop
  endfacet
  facet normal -0.659248 0 -0.751925
    outer loop
      vertex 19.737 -4.5 75.6347
      vertex 19.8157 0 75.5657
      vertex 19.8157 -4.5 75.5657
    endloop
  endfacet
  facet normal -0.659248 0 -0.751925
    outer loop
      vertex 19.8157 0 75.5657
      vertex 19.737 -4.5 75.6347
      vertex 19.737 0 75.6347
    endloop
  endfacet
  facet normal 0.831609 -0 0.555362
    outer loop
      vertex 18.5572 -4.5 74.6
      vertex 18.6153 0 74.513
      vertex 18.5572 0 74.6
    endloop
  endfacet
  facet normal 0.831609 0 0.555362
    outer loop
      vertex 18.6153 0 74.513
      vertex 18.5572 -4.5 74.6
      vertex 18.6153 -4.5 74.513
    endloop
  endfacet
  facet normal 0.831609 0 -0.555362
    outer loop
      vertex 18.6153 -4.5 75.487
      vertex 18.5572 0 75.4
      vertex 18.6153 0 75.487
    endloop
  endfacet
  facet normal 0.831609 0 -0.555362
    outer loop
      vertex 18.5572 0 75.4
      vertex 18.6153 -4.5 75.487
      vertex 18.5572 -4.5 75.4
    endloop
  endfacet
  facet normal 0.896897 0 -0.44224
    outer loop
      vertex 18.5572 -4.5 75.4
      vertex 18.5109 0 75.3061
      vertex 18.5572 0 75.4
    endloop
  endfacet
  facet normal 0.896897 0 -0.44224
    outer loop
      vertex 18.5109 0 75.3061
      vertex 18.5572 -4.5 75.4
      vertex 18.5109 -4.5 75.3061
    endloop
  endfacet
  facet normal -1 0 0
    outer loop
      vertex 21 0 72.5
      vertex 21 0.0499992 77.5
      vertex 21 0.0499992 72.5
    endloop
  endfacet
  facet normal -1 -0 0
    outer loop
      vertex 21 0.0499992 77.5
      vertex 21 0 72.5
      vertex 21 0 77.5
    endloop
  endfacet
  facet normal -1 0 0
    outer loop
      vertex 21 0 50.6233
      vertex 21 0.0499992 52.5
      vertex 21 0.0499992 50.6233
    endloop
  endfacet
  facet normal -1 -0 0
    outer loop
      vertex 21 0.0499992 52.5
      vertex 21 0 50.6233
      vertex 21 0 52.5
    endloop
  endfacet
  facet normal -1 0 0
    outer loop
      vertex 21 0 47.5
      vertex 21 0.0499992 49.3767
      vertex 21 0.0499992 47.5
    endloop
  endfacet
  facet normal -1 -0 0
    outer loop
      vertex 21 0.0499992 49.3767
      vertex 21 0 47.5
      vertex 21 0 49.3767
    endloop
  endfacet
  facet normal -1 0 0
    outer loop
      vertex 21 0 25.274
      vertex 21 0.0499992 27.5
      vertex 21 0.0499992 25.274
    endloop
  endfacet
  facet normal -1 -0 0
    outer loop
      vertex 21 0.0499992 27.5
      vertex 21 0 25.274
      vertex 21 0 27.5
    endloop
  endfacet
  facet normal -1 0 0
    outer loop
      vertex 21 0 22.5
      vertex 21 0.0499992 24.726
      vertex 21 0.0499992 22.5
    endloop
  endfacet
  facet normal -1 -0 0
    outer loop
      vertex 21 0.0499992 24.726
      vertex 21 0 22.5
      vertex 21 0 24.726
    endloop
  endfacet
  facet normal 0 1 0
    outer loop
      vertex 1.17054 0 5.88471
      vertex -0.392418 0 5.98715
      vertex 0.392418 0 5.98715
    endloop
  endfacet
  facet normal 0 1 0
    outer loop
      vertex 1.17054 0 5.88471
      vertex -1.17054 0 5.88471
      vertex -0.392418 0 5.98715
    endloop
  endfacet
  facet normal 0 1 0
    outer loop
      vertex 1.92864 0 5.68158
      vertex -1.17054 0 5.88471
      vertex 1.17054 0 5.88471
    endloop
  endfacet
  facet normal 0 1 0
    outer loop
      vertex 1.92864 0 5.68158
      vertex -1.92864 0 5.68158
      vertex -1.17054 0 5.88471
    endloop
  endfacet
  facet normal 0 1 0
    outer loop
      vertex 2.65373 0 5.38124
      vertex -1.92864 0 5.68158
      vertex 1.92864 0 5.68158
    endloop
  endfacet
  facet normal 0 1 0
    outer loop
      vertex 2.65373 0 5.38124
      vertex -2.65373 0 5.38124
      vertex -1.92864 0 5.68158
    endloop
  endfacet
  facet normal 0 1 0
    outer loop
      vertex 3.33342 0 4.98882
      vertex -2.65373 0 5.38124
      vertex 2.65373 0 5.38124
    endloop
  endfacet
  facet normal 0 1 0
    outer loop
      vertex 3.33342 0 4.98882
      vertex -3.33342 0 4.98882
      vertex -2.65373 0 5.38124
    endloop
  endfacet
  facet normal 0 1 0
    outer loop
      vertex 3.95607 0 4.51104
      vertex -3.33342 0 4.98882
      vertex 3.33342 0 4.98882
    endloop
  endfacet
  facet normal 0 1 0
    outer loop
      vertex 3.95607 0 4.51104
      vertex -3.95607 0 4.51104
      vertex -3.33342 0 4.98882
    endloop
  endfacet
  facet normal 0 1 0
    outer loop
      vertex 4.51104 0 3.95607
      vertex -3.95607 0 4.51104
      vertex 3.95607 0 4.51104
    endloop
  endfacet
  facet normal 0 1 0
    outer loop
      vertex 4.51104 0 3.95607
      vertex -4.51104 0 3.95607
      vertex -3.95607 0 4.51104
    endloop
  endfacet
  facet normal 0 1 0
    outer loop
      vertex 4.98882 0 3.33342
      vertex -4.51104 0 3.95607
      vertex 4.51104 0 3.95607
    endloop
  endfacet
  facet normal 0 1 0
    outer loop
      vertex 4.98882 0 3.33342
      vertex -4.98882 0 3.33342
      vertex -4.51104 0 3.95607
    endloop
  endfacet
  facet normal 0 1 0
    outer loop
      vertex 5.44491 0 2.5
      vertex 4.98882 0 3.33342
      vertex 5.38124 0 2.65373
    endloop
  endfacet
  facet normal 0 1 0
    outer loop
      vertex 4.98882 0 3.33342
      vertex 5.44491 0 2.5
      vertex -4.98882 0 3.33342
    endloop
  endfacet
  facet normal 0 1 0
    outer loop
      vertex -5.44491 0 2.5
      vertex -4.98882 0 3.33342
      vertex 5.44491 0 2.5
    endloop
  endfacet
  facet normal 0 1 0
    outer loop
      vertex -4.98882 0 3.33342
      vertex -5.44491 0 2.5
      vertex -5.38124 0 2.65373
    endloop
  endfacet
  facet normal 0 1 0
    outer loop
      vertex -12.625 0 100
      vertex -14.55 0 76
      vertex -15 0 100
    endloop
  endfacet
  facet normal 0 1 0
    outer loop
      vertex -12.625 0 100
      vertex -14.55 0 74
      vertex -14.55 0 76
    endloop
  endfacet
  facet normal 0 1 0
    outer loop
      vertex -14.55 0 74
      vertex -15.8 0 51
      vertex -16.3 0 74
    endloop
  endfacet
  facet normal 0 1 0
    outer loop
      vertex -15.8 0 49
      vertex -14.55 0 74
      vertex -12.625 0 100
    endloop
  endfacet
  facet normal 0 1 0
    outer loop
      vertex -14.55 0 74
      vertex -15.8 0 49
      vertex -15.8 0 51
    endloop
  endfacet
  facet normal 0 1 0
    outer loop
      vertex -15.8 0 49
      vertex -17.05 0 26
      vertex -17.55 0 49
    endloop
  endfacet
  facet normal 0 1 0
    outer loop
      vertex -17.5 0 2.5
      vertex -15.8 0 49
      vertex -12.625 0 100
    endloop
  endfacet
  facet normal 0 1 0
    outer loop
      vertex -15.8 0 49
      vertex -17.05 0 24
      vertex -17.05 0 26
    endloop
  endfacet
  facet normal 0 1 0
    outer loop
      vertex -15.8 0 49
      vertex -17.5 0 2.5
      vertex -17.05 0 24
    endloop
  endfacet
  facet normal 0 1 -0
    outer loop
      vertex -17.5 0 2.5
      vertex -18.8 0 24
      vertex -17.05 0 24
    endloop
  endfacet
  facet normal 0 1 0
    outer loop
      vertex -5.98715 0 0
      vertex -5.44491 0 2.5
      vertex 5.98715 0 0
    endloop
  endfacet
  facet normal 0 1 0
    outer loop
      vertex -5.44491 0 2.5
      vertex -5.98715 0 0
      vertex -17.5 0 2.5
    endloop
  endfacet
  facet normal 0 1 0
    outer loop
      vertex -17.5 0 2.5
      vertex -20 0 0
      vertex -18.8 0 24
    endloop
  endfacet
  facet normal 0 1 0
    outer loop
      vertex -20 0 0
      vertex -17.5 0 2.5
      vertex -5.98715 0 0
    endloop
  endfacet
  facet normal 0 1 0
    outer loop
      vertex -15 0 100
      vertex -14.55 0 76
      vertex -16.2 0 76
    endloop
  endfacet
  facet normal 0 1 0
    outer loop
      vertex -16.3 0 74
      vertex -15.8 0 51
      vertex -17.45 0 51
    endloop
  endfacet
  facet normal 0 1 0
    outer loop
      vertex -17.55 0 49
      vertex -17.05 0 26
      vertex -18.7 0 26
    endloop
  endfacet
  facet normal 0 1 0
    outer loop
      vertex 5.88471 0 -1.17054
      vertex 5.98715 0 0
      vertex 5.98715 0 -0.392418
    endloop
  endfacet
  facet normal 0 1 0
    outer loop
      vertex 5.68158 0 -1.92864
      vertex 5.98715 0 0
      vertex 5.88471 0 -1.17054
    endloop
  endfacet
  facet normal 0 1 0
    outer loop
      vertex 5.98715 0 0
      vertex 5.68158 0 -1.92864
      vertex -5.98715 0 0
    endloop
  endfacet
  facet normal 0 1 0
    outer loop
      vertex -5.98715 0 0
      vertex -5.88471 0 -1.17054
      vertex -5.98715 0 -0.392418
    endloop
  endfacet
  facet normal 0 1 -0
    outer loop
      vertex -5.68158 0 -1.92864
      vertex -5.98715 0 0
      vertex 5.68158 0 -1.92864
    endloop
  endfacet
  facet normal 0 1 0
    outer loop
      vertex -5.98715 0 0
      vertex -5.68158 0 -1.92864
      vertex -5.88471 0 -1.17054
    endloop
  endfacet
  facet normal 0 1 -0
    outer loop
      vertex 5.38124 0 -2.65373
      vertex -5.68158 0 -1.92864
      vertex 5.68158 0 -1.92864
    endloop
  endfacet
  facet normal 0 1 0
    outer loop
      vertex 5.38124 0 -2.65373
      vertex -5.38124 0 -2.65373
      vertex -5.68158 0 -1.92864
    endloop
  endfacet
  facet normal 0 1 -0
    outer loop
      vertex 4.98882 0 -3.33342
      vertex -5.38124 0 -2.65373
      vertex 5.38124 0 -2.65373
    endloop
  endfacet
  facet normal 0 1 0
    outer loop
      vertex 4.98882 0 -3.33342
      vertex -4.98882 0 -3.33342
      vertex -5.38124 0 -2.65373
    endloop
  endfacet
  facet normal 0 1 -0
    outer loop
      vertex 4.51104 0 -3.95607
      vertex -4.98882 0 -3.33342
      vertex 4.98882 0 -3.33342
    endloop
  endfacet
  facet normal 0 1 0
    outer loop
      vertex 4.51104 0 -3.95607
      vertex -4.51104 0 -3.95607
      vertex -4.98882 0 -3.33342
    endloop
  endfacet
  facet normal 0 1 -0
    outer loop
      vertex 3.95607 0 -4.51104
      vertex -4.51104 0 -3.95607
      vertex 4.51104 0 -3.95607
    endloop
  endfacet
  facet normal 0 1 0
    outer loop
      vertex 3.95607 0 -4.51104
      vertex -3.95607 0 -4.51104
      vertex -4.51104 0 -3.95607
    endloop
  endfacet
  facet normal 0 1 -0
    outer loop
      vertex 3.33342 0 -4.98882
      vertex -3.95607 0 -4.51104
      vertex 3.95607 0 -4.51104
    endloop
  endfacet
  facet normal 0 1 0
    outer loop
      vertex 3.33342 0 -4.98882
      vertex -3.33342 0 -4.98882
      vertex -3.95607 0 -4.51104
    endloop
  endfacet
  facet normal 0 1 -0
    outer loop
      vertex 2.65373 0 -5.38124
      vertex -3.33342 0 -4.98882
      vertex 3.33342 0 -4.98882
    endloop
  endfacet
  facet normal 0 1 0
    outer loop
      vertex 2.65373 0 -5.38124
      vertex -2.65373 0 -5.38124
      vertex -3.33342 0 -4.98882
    endloop
  endfacet
  facet normal 0 1 -0
    outer loop
      vertex 1.92864 0 -5.68158
      vertex -2.65373 0 -5.38124
      vertex 2.65373 0 -5.38124
    endloop
  endfacet
  facet normal 0 1 0
    outer loop
      vertex 1.92864 0 -5.68158
      vertex -1.92864 0 -5.68158
      vertex -2.65373 0 -5.38124
    endloop
  endfacet
  facet normal 0 1 -0
    outer loop
      vertex 1.17054 0 -5.88471
      vertex -1.92864 0 -5.68158
      vertex 1.92864 0 -5.68158
    endloop
  endfacet
  facet normal 0 1 0
    outer loop
      vertex 1.17054 0 -5.88471
      vertex -1.17054 0 -5.88471
      vertex -1.92864 0 -5.68158
    endloop
  endfacet
  facet normal 0 1 -0
    outer loop
      vertex 0.392418 0 -5.98715
      vertex -1.17054 0 -5.88471
      vertex 1.17054 0 -5.88471
    endloop
  endfacet
  facet normal 0 1 0
    outer loop
      vertex -1.17054 0 -5.88471
      vertex 0.392418 0 -5.98715
      vertex -0.392418 0 -5.98715
    endloop
  endfacet
  facet normal 0 1 0
    outer loop
      vertex 21 0 27.5
      vertex 20.5 0 27
      vertex 20.5 0 27.5
    endloop
  endfacet
  facet normal 0 1 0
    outer loop
      vertex 20.5 0 27
      vertex 18.7 0 26
      vertex 18.7 0 27
    endloop
  endfacet
  facet normal 0 1 -0
    outer loop
      vertex 21 0 25.274
      vertex 20.5 0 27
      vertex 21 0 27.5
    endloop
  endfacet
  facet normal 0 1 0
    outer loop
      vertex 21 0 25.274
      vertex 18.7 0 26
      vertex 20.5 0 27
    endloop
  endfacet
  facet normal 0 1 -0
    outer loop
      vertex 20.9773 0 25.2071
      vertex 18.7 0 26
      vertex 21 0 25.274
    endloop
  endfacet
  facet normal 0 1 -0
    outer loop
      vertex 20.9568 0 25.1044
      vertex 18.7 0 26
      vertex 20.9773 0 25.2071
    endloop
  endfacet
  facet normal 0 1 -0
    outer loop
      vertex 20.95 0 25
      vertex 18.7 0 26
      vertex 20.9568 0 25.1044
    endloop
  endfacet
  facet normal 0 1 0
    outer loop
      vertex 18.7 0 24
      vertex 20.95 0 25
      vertex 20.9568 0 24.8956
    endloop
  endfacet
  facet normal 0 1 0
    outer loop
      vertex 18.7 0 24
      vertex 20.9568 0 24.8956
      vertex 20.9773 0 24.7929
    endloop
  endfacet
  facet normal 0 1 0
    outer loop
      vertex 18.7 0 24
      vertex 20.9773 0 24.7929
      vertex 21 0 24.726
    endloop
  endfacet
  facet normal 0 1 0
    outer loop
      vertex 20.95 0 25
      vertex 18.7 0 24
      vertex 18.7 0 26
    endloop
  endfacet
  facet normal 0 1 -0
    outer loop
      vertex 18.875 0 22.5
      vertex 18.7 0 24
      vertex 21 0 22.5
    endloop
  endfacet
  facet normal 0 1 -0
    outer loop
      vertex 21 0 22.5
      vertex 18.7 0 24
      vertex 21 0 24.726
    endloop
  endfacet
  facet normal 0 1 0
    outer loop
      vertex 17.05 0 26
      vertex 18.65 0 27
      vertex 18.7 0 26
    endloop
  endfacet
  facet normal 0 1 0
    outer loop
      vertex 18.65 0 27
      vertex 17.05 0 26
      vertex 16.275 0 27
    endloop
  endfacet
  facet normal 0 1 -0
    outer loop
      vertex 17.05 0 24
      vertex 16.275 0 27
      vertex 17.05 0 26
    endloop
  endfacet
  facet normal 0 1 0
    outer loop
      vertex 18.7 0 24
      vertex 18.875 0 22.5
      vertex 17.05 0 24
    endloop
  endfacet
  facet normal 0 1 0
    outer loop
      vertex 17.05 0 24
      vertex 17.5 0 2.5
      vertex 16.275 0 27
    endloop
  endfacet
  facet normal 0 1 0
    outer loop
      vertex 18.875 0 22.5
      vertex 17.5 0 2.5
      vertex 17.05 0 24
    endloop
  endfacet
  facet normal 0 1 0
    outer loop
      vertex 5.98715 0 0
      vertex 17.5 0 2.5
      vertex 20 0 0
    endloop
  endfacet
  facet normal 0 1 0
    outer loop
      vertex 17.5 0 2.5
      vertex 5.98715 0 0
      vertex 5.44491 0 2.5
    endloop
  endfacet
  facet normal 0 1 0
    outer loop
      vertex 5.44491 0 2.5
      vertex 5.98715 0 0
      vertex -5.44491 0 2.5
    endloop
  endfacet
  facet normal 0 1 0
    outer loop
      vertex 20 0 0
      vertex 17.5 0 2.5
      vertex 18.875 0 22.5
    endloop
  endfacet
  facet normal 0 1 -0
    outer loop
      vertex 19.0429 0 75.7727
      vertex 16.2 0 77.5
      vertex 21 0 77.5
    endloop
  endfacet
  facet normal 0 1 0
    outer loop
      vertex 19.1456 0 75.7932
      vertex 21 0 77.5
      vertex 19.25 0 75.8
    endloop
  endfacet
  facet normal 0 1 0
    outer loop
      vertex 21 0 77.5
      vertex 19.3544 0 75.7932
      vertex 19.25 0 75.8
    endloop
  endfacet
  facet normal 0 1 0
    outer loop
      vertex 21 0 77.5
      vertex 19.4571 0 75.7727
      vertex 19.3544 0 75.7932
    endloop
  endfacet
  facet normal 0 1 0
    outer loop
      vertex 21 0 77.5
      vertex 19.5561 0 75.7391
      vertex 19.4571 0 75.7727
    endloop
  endfacet
  facet normal 0 1 0
    outer loop
      vertex 21 0 77.5
      vertex 19.65 0 75.6928
      vertex 19.5561 0 75.7391
    endloop
  endfacet
  facet normal 0 1 0
    outer loop
      vertex 21 0 77.5
      vertex 19.737 0 75.6347
      vertex 19.65 0 75.6928
    endloop
  endfacet
  facet normal 0 1 0
    outer loop
      vertex 21 0 77.5
      vertex 19.8157 0 75.5657
      vertex 19.737 0 75.6347
    endloop
  endfacet
  facet normal 0 1 0
    outer loop
      vertex 21 0 77.5
      vertex 19.8847 0 75.487
      vertex 19.8157 0 75.5657
    endloop
  endfacet
  facet normal 0 1 0
    outer loop
      vertex 21 0 77.5
      vertex 19.9428 0 75.4
      vertex 19.8847 0 75.487
    endloop
  endfacet
  facet normal 0 1 0
    outer loop
      vertex 21 0 77.5
      vertex 19.9891 0 75.3061
      vertex 19.9428 0 75.4
    endloop
  endfacet
  facet normal 0 1 0
    outer loop
      vertex 21 0 77.5
      vertex 20.0227 0 75.2071
      vertex 19.9891 0 75.3061
    endloop
  endfacet
  facet normal 0 1 0
    outer loop
      vertex 21 0 77.5
      vertex 20.0432 0 75.1044
      vertex 20.0227 0 75.2071
    endloop
  endfacet
  facet normal 0 1 0
    outer loop
      vertex 21 0 77.5
      vertex 20.05 0 75
      vertex 20.0432 0 75.1044
    endloop
  endfacet
  facet normal 0 1 -0
    outer loop
      vertex 21 0 72.5
      vertex 20.05 0 75
      vertex 21 0 77.5
    endloop
  endfacet
  facet normal 0 1 0
    outer loop
      vertex 20.05 0 75
      vertex 21 0 72.5
      vertex 20.0432 0 74.8956
    endloop
  endfacet
  facet normal 0 1 0
    outer loop
      vertex 20.0432 0 74.8956
      vertex 21 0 72.5
      vertex 20.0227 0 74.7929
    endloop
  endfacet
  facet normal 0 1 0
    outer loop
      vertex 21 0 72.5
      vertex 19.25 0 74.2
      vertex 19.3544 0 74.2068
    endloop
  endfacet
  facet normal 0 1 0
    outer loop
      vertex 19.25 0 74.2
      vertex 16.375 0 72.5
      vertex 16.2 0 74
    endloop
  endfacet
  facet normal 0 1 0
    outer loop
      vertex 19.25 0 74.2
      vertex 21 0 72.5
      vertex 16.375 0 72.5
    endloop
  endfacet
  facet normal 0 1 0
    outer loop
      vertex 19.4571 0 74.2273
      vertex 21 0 72.5
      vertex 19.3544 0 74.2068
    endloop
  endfacet
  facet normal 0 1 0
    outer loop
      vertex 19.5561 0 74.2609
      vertex 21 0 72.5
      vertex 19.4571 0 74.2273
    endloop
  endfacet
  facet normal 0 1 0
    outer loop
      vertex 19.65 0 74.3072
      vertex 21 0 72.5
      vertex 19.5561 0 74.2609
    endloop
  endfacet
  facet normal 0 1 0
    outer loop
      vertex 19.737 0 74.3653
      vertex 21 0 72.5
      vertex 19.65 0 74.3072
    endloop
  endfacet
  facet normal 0 1 0
    outer loop
      vertex 19.8157 0 74.4343
      vertex 21 0 72.5
      vertex 19.737 0 74.3653
    endloop
  endfacet
  facet normal 0 1 0
    outer loop
      vertex 19.8847 0 74.513
      vertex 21 0 72.5
      vertex 19.8157 0 74.4343
    endloop
  endfacet
  facet normal 0 1 0
    outer loop
      vertex 19.9428 0 74.6
      vertex 21 0 72.5
      vertex 19.8847 0 74.513
    endloop
  endfacet
  facet normal 0 1 0
    outer loop
      vertex 19.9891 0 74.6939
      vertex 21 0 72.5
      vertex 19.9428 0 74.6
    endloop
  endfacet
  facet normal 0 1 0
    outer loop
      vertex 20.0227 0 74.7929
      vertex 21 0 72.5
      vertex 19.9891 0 74.6939
    endloop
  endfacet
  facet normal 0 1 0
    outer loop
      vertex 14.55 0 76
      vertex 15 0 100
      vertex 16.2 0 76
    endloop
  endfacet
  facet normal 0 1 0
    outer loop
      vertex 15 0 100
      vertex 14.55 0 76
      vertex 12.625 0 100
    endloop
  endfacet
  facet normal 0 1 -0
    outer loop
      vertex 14.55 0 74
      vertex 12.625 0 100
      vertex 14.55 0 76
    endloop
  endfacet
  facet normal 0 1 0
    outer loop
      vertex 16.2 0 74
      vertex 16.375 0 72.5
      vertex 14.55 0 74
    endloop
  endfacet
  facet normal 0 1 0
    outer loop
      vertex 15.8 0 51
      vertex 16.375 0 72.5
      vertex 17.45 0 51
    endloop
  endfacet
  facet normal 0 1 0
    outer loop
      vertex 16.375 0 72.5
      vertex 15.8 0 51
      vertex 14.55 0 74
    endloop
  endfacet
  facet normal 0 1 -0
    outer loop
      vertex 15.8 0 49
      vertex 14.55 0 74
      vertex 15.8 0 51
    endloop
  endfacet
  facet normal 0 1 0
    outer loop
      vertex 15.975 0 33
      vertex 14.55 0 74
      vertex 15.8 0 49
    endloop
  endfacet
  facet normal 0 1 0
    outer loop
      vertex 17.45 0 49
      vertex 17.625 0 47.5
      vertex 15.8 0 49
    endloop
  endfacet
  facet normal 0 1 0
    outer loop
      vertex 15.975 0 33
      vertex 17.625 0 47.5
      vertex 18.35 0 33
    endloop
  endfacet
  facet normal 0 1 0
    outer loop
      vertex 14.55 0 74
      vertex 15.975 0 33
      vertex 12.625 0 100
    endloop
  endfacet
  facet normal 0 1 0
    outer loop
      vertex 17.625 0 47.5
      vertex 15.975 0 33
      vertex 15.8 0 49
    endloop
  endfacet
  facet normal 0 1 0
    outer loop
      vertex 19.0429 0 75.7727
      vertex 21 0 77.5
      vertex 19.1456 0 75.7932
    endloop
  endfacet
  facet normal 0 1 -0
    outer loop
      vertex 18.9439 0 75.7391
      vertex 16.2 0 77.5
      vertex 19.0429 0 75.7727
    endloop
  endfacet
  facet normal 0 1 -0
    outer loop
      vertex 18.85 0 75.6928
      vertex 16.2 0 77.5
      vertex 18.9439 0 75.7391
    endloop
  endfacet
  facet normal 0 1 -0
    outer loop
      vertex 18.763 0 75.6347
      vertex 16.2 0 77.5
      vertex 18.85 0 75.6928
    endloop
  endfacet
  facet normal 0 1 -0
    outer loop
      vertex 18.6843 0 75.5657
      vertex 16.2 0 77.5
      vertex 18.763 0 75.6347
    endloop
  endfacet
  facet normal 0 1 0
    outer loop
      vertex 16.2 0 77.5
      vertex 18.6843 0 75.5657
      vertex 16.2 0 76
    endloop
  endfacet
  facet normal 0 1 -0
    outer loop
      vertex 18.6153 0 75.487
      vertex 16.2 0 76
      vertex 18.6843 0 75.5657
    endloop
  endfacet
  facet normal 0 1 -0
    outer loop
      vertex 18.5572 0 75.4
      vertex 16.2 0 76
      vertex 18.6153 0 75.487
    endloop
  endfacet
  facet normal 0 1 -0
    outer loop
      vertex 18.5109 0 75.3061
      vertex 16.2 0 76
      vertex 18.5572 0 75.4
    endloop
  endfacet
  facet normal 0 1 -0
    outer loop
      vertex 18.4773 0 75.2071
      vertex 16.2 0 76
      vertex 18.5109 0 75.3061
    endloop
  endfacet
  facet normal 0 1 -0
    outer loop
      vertex 18.4568 0 75.1044
      vertex 16.2 0 76
      vertex 18.4773 0 75.2071
    endloop
  endfacet
  facet normal 0 1 -0
    outer loop
      vertex 18.45 0 75
      vertex 16.2 0 76
      vertex 18.4568 0 75.1044
    endloop
  endfacet
  facet normal 0 1 0
    outer loop
      vertex 16.2 0 74
      vertex 18.45 0 75
      vertex 18.4568 0 74.8956
    endloop
  endfacet
  facet normal 0 1 0
    outer loop
      vertex 16.2 0 74
      vertex 18.4568 0 74.8956
      vertex 18.4773 0 74.7929
    endloop
  endfacet
  facet normal 0 1 0
    outer loop
      vertex 16.2 0 74
      vertex 18.4773 0 74.7929
      vertex 18.5109 0 74.6939
    endloop
  endfacet
  facet normal 0 1 0
    outer loop
      vertex 16.2 0 74
      vertex 18.5109 0 74.6939
      vertex 18.5572 0 74.6
    endloop
  endfacet
  facet normal 0 1 0
    outer loop
      vertex 16.2 0 74
      vertex 18.5572 0 74.6
      vertex 18.6153 0 74.513
    endloop
  endfacet
  facet normal 0 1 0
    outer loop
      vertex 16.2 0 74
      vertex 18.6153 0 74.513
      vertex 18.6843 0 74.4343
    endloop
  endfacet
  facet normal 0 1 0
    outer loop
      vertex 16.2 0 74
      vertex 18.6843 0 74.4343
      vertex 18.763 0 74.3653
    endloop
  endfacet
  facet normal 0 1 0
    outer loop
      vertex 16.2 0 74
      vertex 18.763 0 74.3653
      vertex 18.85 0 74.3072
    endloop
  endfacet
  facet normal 0 1 0
    outer loop
      vertex 18.45 0 75
      vertex 16.2 0 74
      vertex 16.2 0 76
    endloop
  endfacet
  facet normal 0 1 0
    outer loop
      vertex 18.9439 0 74.2609
      vertex 16.2 0 74
      vertex 18.85 0 74.3072
    endloop
  endfacet
  facet normal 0 1 0
    outer loop
      vertex 19.0429 0 74.2273
      vertex 16.2 0 74
      vertex 18.9439 0 74.2609
    endloop
  endfacet
  facet normal 0 1 0
    outer loop
      vertex 19.1456 0 74.2068
      vertex 16.2 0 74
      vertex 19.0429 0 74.2273
    endloop
  endfacet
  facet normal 0 1 0
    outer loop
      vertex 16.2 0 74
      vertex 19.1456 0 74.2068
      vertex 19.25 0 74.2
    endloop
  endfacet
  facet normal 0 1 0
    outer loop
      vertex 21 0 47.5
      vertex 20.5 0 49.2
      vertex 20.6044 0 49.2068
    endloop
  endfacet
  facet normal 0 1 0
    outer loop
      vertex 19.9343 0 49.4343
      vertex 17.625 0 47.5
      vertex 17.45 0 49
    endloop
  endfacet
  facet normal 0 1 0
    outer loop
      vertex 17.625 0 47.5
      vertex 20.5 0 49.2
      vertex 21 0 47.5
    endloop
  endfacet
  facet normal 0 1 0
    outer loop
      vertex 20.7071 0 49.2273
      vertex 21 0 47.5
      vertex 20.6044 0 49.2068
    endloop
  endfacet
  facet normal 0 1 0
    outer loop
      vertex 20.8061 0 49.2609
      vertex 21 0 47.5
      vertex 20.7071 0 49.2273
    endloop
  endfacet
  facet normal 0 1 0
    outer loop
      vertex 20.9 0 49.3072
      vertex 21 0 47.5
      vertex 20.8061 0 49.2609
    endloop
  endfacet
  facet normal 0 1 0
    outer loop
      vertex 20.987 0 49.3653
      vertex 21 0 47.5
      vertex 20.9 0 49.3072
    endloop
  endfacet
  facet normal 0 1 -0
    outer loop
      vertex 21 0 47.5
      vertex 20.987 0 49.3653
      vertex 21 0 49.3767
    endloop
  endfacet
  facet normal 0 1 -0
    outer loop
      vertex 20.1 0 50.6928
      vertex 17.45 0 52.5
      vertex 21 0 52.5
    endloop
  endfacet
  facet normal 0 1 -0
    outer loop
      vertex 20.013 0 50.6347
      vertex 17.45 0 52.5
      vertex 20.1 0 50.6928
    endloop
  endfacet
  facet normal 0 1 0
    outer loop
      vertex 20.3956 0 50.7932
      vertex 21 0 52.5
      vertex 20.5 0 50.8
    endloop
  endfacet
  facet normal 0 1 0
    outer loop
      vertex 21 0 52.5
      vertex 20.6044 0 50.7932
      vertex 20.5 0 50.8
    endloop
  endfacet
  facet normal 0 1 0
    outer loop
      vertex 21 0 52.5
      vertex 20.7071 0 50.7727
      vertex 20.6044 0 50.7932
    endloop
  endfacet
  facet normal 0 1 0
    outer loop
      vertex 21 0 52.5
      vertex 20.8061 0 50.7391
      vertex 20.7071 0 50.7727
    endloop
  endfacet
  facet normal 0 1 0
    outer loop
      vertex 21 0 52.5
      vertex 20.9 0 50.6928
      vertex 20.8061 0 50.7391
    endloop
  endfacet
  facet normal 0 1 0
    outer loop
      vertex 21 0 52.5
      vertex 20.987 0 50.6347
      vertex 20.9 0 50.6928
    endloop
  endfacet
  facet normal -0 1 0
    outer loop
      vertex 20.987 0 50.6347
      vertex 21 0 52.5
      vertex 21 0 50.6233
    endloop
  endfacet
  facet normal 0 1 0
    outer loop
      vertex 20.2929 0 50.7727
      vertex 21 0 52.5
      vertex 20.3956 0 50.7932
    endloop
  endfacet
  facet normal 0 1 0
    outer loop
      vertex 20.1939 0 50.7391
      vertex 21 0 52.5
      vertex 20.2929 0 50.7727
    endloop
  endfacet
  facet normal 0 1 0
    outer loop
      vertex 20.1 0 50.6928
      vertex 21 0 52.5
      vertex 20.1939 0 50.7391
    endloop
  endfacet
  facet normal 0 1 -0
    outer loop
      vertex 19.9343 0 50.5657
      vertex 17.45 0 52.5
      vertex 20.013 0 50.6347
    endloop
  endfacet
  facet normal 0 1 0
    outer loop
      vertex 17.45 0 52.5
      vertex 19.9343 0 50.5657
      vertex 17.45 0 51
    endloop
  endfacet
  facet normal 0 1 -0
    outer loop
      vertex 19.8653 0 50.487
      vertex 17.45 0 51
      vertex 19.9343 0 50.5657
    endloop
  endfacet
  facet normal 0 1 -0
    outer loop
      vertex 19.8072 0 50.4
      vertex 17.45 0 51
      vertex 19.8653 0 50.487
    endloop
  endfacet
  facet normal 0 1 -0
    outer loop
      vertex 19.7609 0 50.3061
      vertex 17.45 0 51
      vertex 19.8072 0 50.4
    endloop
  endfacet
  facet normal 0 1 -0
    outer loop
      vertex 19.7273 0 50.2071
      vertex 17.45 0 51
      vertex 19.7609 0 50.3061
    endloop
  endfacet
  facet normal 0 1 -0
    outer loop
      vertex 19.7068 0 50.1044
      vertex 17.45 0 51
      vertex 19.7273 0 50.2071
    endloop
  endfacet
  facet normal 0 1 -0
    outer loop
      vertex 19.7 0 50
      vertex 17.45 0 51
      vertex 19.7068 0 50.1044
    endloop
  endfacet
  facet normal 0 1 0
    outer loop
      vertex 17.45 0 49
      vertex 19.7 0 50
      vertex 19.7068 0 49.8956
    endloop
  endfacet
  facet normal 0 1 0
    outer loop
      vertex 17.45 0 49
      vertex 19.7068 0 49.8956
      vertex 19.7273 0 49.7929
    endloop
  endfacet
  facet normal 0 1 0
    outer loop
      vertex 17.45 0 49
      vertex 19.7273 0 49.7929
      vertex 19.7609 0 49.6939
    endloop
  endfacet
  facet normal 0 1 0
    outer loop
      vertex 17.45 0 49
      vertex 19.7609 0 49.6939
      vertex 19.8072 0 49.6
    endloop
  endfacet
  facet normal 0 1 0
    outer loop
      vertex 17.45 0 49
      vertex 19.8072 0 49.6
      vertex 19.8653 0 49.513
    endloop
  endfacet
  facet normal 0 1 0
    outer loop
      vertex 17.45 0 49
      vertex 19.8653 0 49.513
      vertex 19.9343 0 49.4343
    endloop
  endfacet
  facet normal 0 1 0
    outer loop
      vertex 17.625 0 47.5
      vertex 19.9343 0 49.4343
      vertex 20.013 0 49.3653
    endloop
  endfacet
  facet normal 0 1 0
    outer loop
      vertex 17.625 0 47.5
      vertex 20.013 0 49.3653
      vertex 20.1 0 49.3072
    endloop
  endfacet
  facet normal 0 1 0
    outer loop
      vertex 19.7 0 50
      vertex 17.45 0 49
      vertex 17.45 0 51
    endloop
  endfacet
  facet normal 0 1 0
    outer loop
      vertex 17.625 0 47.5
      vertex 20.1 0 49.3072
      vertex 20.1939 0 49.2609
    endloop
  endfacet
  facet normal 0 1 0
    outer loop
      vertex 17.625 0 47.5
      vertex 20.1939 0 49.2609
      vertex 20.2929 0 49.2273
    endloop
  endfacet
  facet normal 0 1 0
    outer loop
      vertex 17.625 0 47.5
      vertex 20.2929 0 49.2273
      vertex 20.3956 0 49.2068
    endloop
  endfacet
  facet normal 0 1 0
    outer loop
      vertex 17.625 0 47.5
      vertex 20.3956 0 49.2068
      vertex 20.5 0 49.2
    endloop
  endfacet
  facet normal -1 0 0
    outer loop
      vertex 5 -18.6603 13.6296
      vertex 5 -16.0326 16
      vertex 5 -16.3488 10
    endloop
  endfacet
  facet normal -1 -0 0
    outer loop
      vertex 5 -16.0326 16
      vertex 5 -18.6603 13.6296
      vertex 5 -18.5354 16
    endloop
  endfacet
  facet normal -1 0 -0
    outer loop
      vertex 5 -18.6603 13.6296
      vertex 5 -16.3488 10
      vertex 5 -18.8449 10
    endloop
  endfacet
  facet normal 0 0 -1
    outer loop
      vertex 4.35463 -16.2517 16
      vertex 5 -18.5354 16
      vertex 4.96933 -18.5458 16
    endloop
  endfacet
  facet normal 0 0 -1
    outer loop
      vertex 4.35463 -16.2517 16
      vertex 4.96933 -18.5458 16
      vertex 4.66142 -18.607 16
    endloop
  endfacet
  facet normal 0 0 -1
    outer loop
      vertex 5 -18.5354 16
      vertex 4.56365 -16.1807 16
      vertex 5 -16.0326 16
    endloop
  endfacet
  facet normal 0 0 -1
    outer loop
      vertex 5 -18.5354 16
      vertex 4.35463 -16.2517 16
      vertex 4.56365 -16.1807 16
    endloop
  endfacet
  facet normal 0 0 -1
    outer loop
      vertex 4.66142 -18.607 16
      vertex 4.13814 -16.2948 16
      vertex 4.35463 -16.2517 16
    endloop
  endfacet
  facet normal 0 0 -1
    outer loop
      vertex 2.1961 -16.6811 16
      vertex 4.66142 -18.607 16
      vertex 2.5061 -19.0357 16
    endloop
  endfacet
  facet normal 0 0 -1
    outer loop
      vertex 4.66142 -18.607 16
      vertex 2.1961 -16.6811 16
      vertex 4.13814 -16.2948 16
    endloop
  endfacet
  facet normal 0 0 -1
    outer loop
      vertex 0.313263 -19.1795 16
      vertex 2.1961 -16.6811 16
      vertex 2.5061 -19.0357 16
    endloop
  endfacet
  facet normal 0 0 -1
    outer loop
      vertex 0.313263 -19.1795 16
      vertex 0.220263 -16.8106 16
      vertex 2.1961 -16.6811 16
    endloop
  endfacet
  facet normal 0 0 -1
    outer loop
      vertex 0 -16.825 16
      vertex 0.313263 -19.1795 16
      vertex 0 -19.2 16
    endloop
  endfacet
  facet normal 0 0 -1
    outer loop
      vertex 0.313263 -19.1795 16
      vertex 0 -16.825 16
      vertex 0.220263 -16.8106 16
    endloop
  endfacet
  facet normal 0 0 -1
    outer loop
      vertex -0.313263 -19.1795 16
      vertex 0 -16.825 16
      vertex 0 -19.2 16
    endloop
  endfacet
  facet normal -0 0 -1
    outer loop
      vertex 0 -16.825 16
      vertex -0.313263 -19.1795 16
      vertex -0.220263 -16.8106 16
    endloop
  endfacet
  facet normal 0 0 -1
    outer loop
      vertex -0.313263 -19.1795 16
      vertex -2.1961 -16.6811 16
      vertex -0.220263 -16.8106 16
    endloop
  endfacet
  facet normal 0 0 -1
    outer loop
      vertex -2.5061 -19.0357 16
      vertex -2.1961 -16.6811 16
      vertex -0.313263 -19.1795 16
    endloop
  endfacet
  facet normal 0 0 -1
    outer loop
      vertex -4.66142 -18.607 16
      vertex -2.1961 -16.6811 16
      vertex -2.5061 -19.0357 16
    endloop
  endfacet
  facet normal -0 0 -1
    outer loop
      vertex -2.1961 -16.6811 16
      vertex -4.66142 -18.607 16
      vertex -4.13814 -16.2948 16
    endloop
  endfacet
  facet normal -0 0 -1
    outer loop
      vertex -4.13814 -16.2948 16
      vertex -4.66142 -18.607 16
      vertex -4.35463 -16.2517 16
    endloop
  endfacet
  facet normal 0 0 -1
    outer loop
      vertex -4.96933 -18.5458 16
      vertex -4.35463 -16.2517 16
      vertex -4.66142 -18.607 16
    endloop
  endfacet
  facet normal 0 0 -1
    outer loop
      vertex -5 -18.5354 16
      vertex -4.35463 -16.2517 16
      vertex -4.96933 -18.5458 16
    endloop
  endfacet
  facet normal -0 0 -1
    outer loop
      vertex -4.35463 -16.2517 16
      vertex -5 -18.5354 16
      vertex -4.56365 -16.1807 16
    endloop
  endfacet
  facet normal -0 0 -1
    outer loop
      vertex -4.56365 -16.1807 16
      vertex -5 -18.5354 16
      vertex -5 -16.0326 16
    endloop
  endfacet
  facet normal -0 0 1
    outer loop
      vertex 4.5484 -16.5021 10
      vertex 5 -18.8449 10
      vertex 5 -16.3488 10
    endloop
  endfacet
  facet normal -0 0 1
    outer loop
      vertex 4.43228 -16.5415 10
      vertex 5 -18.8449 10
      vertex 4.5484 -16.5021 10
    endloop
  endfacet
  facet normal 0 0 1
    outer loop
      vertex 5 -18.8449 10
      vertex 4.43228 -16.5415 10
      vertex 4.85453 -18.8738 10
    endloop
  endfacet
  facet normal -0 0 1
    outer loop
      vertex 4.312 -16.5654 10
      vertex 4.85453 -18.8738 10
      vertex 4.43228 -16.5415 10
    endloop
  endfacet
  facet normal -0 0 1
    outer loop
      vertex 2.23526 -16.9785 10
      vertex 4.85453 -18.8738 10
      vertex 4.312 -16.5654 10
    endloop
  endfacet
  facet normal 0 0 1
    outer loop
      vertex 4.85453 -18.8738 10
      vertex 2.23526 -16.9785 10
      vertex 2.54526 -19.3332 10
    endloop
  endfacet
  facet normal 0 0 1
    outer loop
      vertex 2.23526 -16.9785 10
      vertex 0.195789 -19.4872 10
      vertex 2.54526 -19.3332 10
    endloop
  endfacet
  facet normal -0 0 1
    outer loop
      vertex 0.122368 -17.117 10
      vertex 0.195789 -19.4872 10
      vertex 2.23526 -16.9785 10
    endloop
  endfacet
  facet normal -0 0 1
    outer loop
      vertex 0 -17.125 10
      vertex 0.195789 -19.4872 10
      vertex 0.122368 -17.117 10
    endloop
  endfacet
  facet normal 0 0 1
    outer loop
      vertex 0 -17.125 10
      vertex 0 -19.5 10
      vertex 0.195789 -19.4872 10
    endloop
  endfacet
  facet normal 0 0 1
    outer loop
      vertex -0.195789 -19.4872 10
      vertex 0 -17.125 10
      vertex -0.122368 -17.117 10
    endloop
  endfacet
  facet normal 0 0 1
    outer loop
      vertex 0 -17.125 10
      vertex -0.195789 -19.4872 10
      vertex 0 -19.5 10
    endloop
  endfacet
  facet normal 0 0 1
    outer loop
      vertex -2.23526 -16.9785 10
      vertex -0.195789 -19.4872 10
      vertex -0.122368 -17.117 10
    endloop
  endfacet
  facet normal 0 0 1
    outer loop
      vertex -2.23526 -16.9785 10
      vertex -2.54526 -19.3332 10
      vertex -0.195789 -19.4872 10
    endloop
  endfacet
  facet normal 0 0 1
    outer loop
      vertex -4.85453 -18.8738 10
      vertex -2.23526 -16.9785 10
      vertex -4.312 -16.5654 10
    endloop
  endfacet
  facet normal 0 0 1
    outer loop
      vertex -4.85453 -18.8738 10
      vertex -4.312 -16.5654 10
      vertex -4.43228 -16.5415 10
    endloop
  endfacet
  facet normal 0 0 1
    outer loop
      vertex -5 -18.8449 10
      vertex -4.43228 -16.5415 10
      vertex -4.5484 -16.5021 10
    endloop
  endfacet
  facet normal 0 0 1
    outer loop
      vertex -2.23526 -16.9785 10
      vertex -4.85453 -18.8738 10
      vertex -2.54526 -19.3332 10
    endloop
  endfacet
  facet normal 0 0 1
    outer loop
      vertex -5 -18.8449 10
      vertex -4.5484 -16.5021 10
      vertex -5 -16.3488 10
    endloop
  endfacet
  facet normal 0 0 1
    outer loop
      vertex -4.43228 -16.5415 10
      vertex -5 -18.8449 10
      vertex -4.85453 -18.8738 10
    endloop
  endfacet
  facet normal 1 0 0
    outer loop
      vertex -5 -18.6603 13.6296
      vertex -5 -16.0326 16
      vertex -5 -18.5354 16
    endloop
  endfacet
  facet normal 1 0 0
    outer loop
      vertex -5 -16.0326 16
      vertex -5 -18.6603 13.6296
      vertex -5 -16.3488 10
    endloop
  endfacet
  facet normal 1 0 0
    outer loop
      vertex -5 -16.3488 10
      vertex -5 -18.6603 13.6296
      vertex -5 -18.8449 10
    endloop
  endfacet
  facet normal 0 0.8969 -0.442233
    outer loop
      vertex 18.2123 -2.77164 31.148
      vertex 15.8126 -2.59808 31.5
      vertex 18.229 -2.59808 31.5
    endloop
  endfacet
  facet normal 0 0.8969 -0.442233
    outer loop
      vertex 15.8126 -2.59808 31.5
      vertex 18.2123 -2.77164 31.148
      vertex 15.796 -2.77164 31.148
    endloop
  endfacet
  facet normal -0 0.980791 0.195062
    outer loop
      vertex 15.8688 -2.89778 29.2235
      vertex 18.2503 -2.97433 29.6084
      vertex 18.2851 -2.89778 29.2235
    endloop
  endfacet
  facet normal 0 0.980791 0.195062
    outer loop
      vertex 18.2503 -2.97433 29.6084
      vertex 15.8688 -2.89778 29.2235
      vertex 15.834 -2.97433 29.6084
    endloop
  endfacet
  facet normal -0 0.44216 0.896936
    outer loop
      vertex 18.7 -1.14805 27.2284
      vertex 20.5 -1.5 27.4019
      vertex 20.5 -1.14805 27.2284
    endloop
  endfacet
  facet normal 0 0.44216 0.896936
    outer loop
      vertex 20.5 -1.5 27.4019
      vertex 18.7 -1.14805 27.2284
      vertex 18.7 -1.5 27.4019
    endloop
  endfacet
  facet normal -0 0.44216 0.896936
    outer loop
      vertex 16.1883 -1.14805 27.2284
      vertex 18.5316 -1.5 27.4019
      vertex 18.5633 -1.14805 27.2284
    endloop
  endfacet
  facet normal 0 0.44216 0.896936
    outer loop
      vertex 18.5316 -1.5 27.4019
      vertex 16.1883 -1.14805 27.2284
      vertex 16.1566 -1.5 27.4019
    endloop
  endfacet
  facet normal 0 0.980791 -0.195062
    outer loop
      vertex 15.7942 -2.97433 30.3916
      vertex 18.2061 -2.89778 30.7765
      vertex 18.2105 -2.97433 30.3916
    endloop
  endfacet
  facet normal 0 0.980791 -0.195062
    outer loop
      vertex 18.2061 -2.89778 30.7765
      vertex 15.7942 -2.97433 30.3916
      vertex 15.7898 -2.89778 30.7765
    endloop
  endfacet
  facet normal -0 0.659428 0.751768
    outer loop
      vertex 16.1243 -1.82628 27.6199
      vertex 18.467 -2.12132 27.8787
      vertex 18.4993 -1.82628 27.6199
    endloop
  endfacet
  facet normal -1.70229e-06 0.65942 0.751775
    outer loop
      vertex 16.0923 -2.11859 27.8763
      vertex 18.467 -2.12132 27.8787
      vertex 16.1243 -1.82628 27.6199
    endloop
  endfacet
  facet normal 0 0.660256 0.751041
    outer loop
      vertex 18.467 -2.12132 27.8787
      vertex 16.0923 -2.11859 27.8763
      vertex 16.0917 -2.12132 27.8787
    endloop
  endfacet
  facet normal 0 0.194969 -0.980809
    outer loop
      vertex 18.3116 -0.644617 32.924
      vertex 15.9506 -0.391578 32.9743
      vertex 18.3256 -0.391578 32.9743
    endloop
  endfacet
  facet normal -1.60517e-05 0.194915 -0.98082
    outer loop
      vertex 15.9448 -0.49687 32.9534
      vertex 18.3116 -0.644617 32.924
      vertex 18.3042 -0.776457 32.8978
    endloop
  endfacet
  facet normal -3.00952e-05 0.194699 -0.980863
    outer loop
      vertex 18.3116 -0.644617 32.924
      vertex 15.9448 -0.49687 32.9534
      vertex 15.9506 -0.391578 32.9743
    endloop
  endfacet
  facet normal 0 0.195045 -0.980794
    outer loop
      vertex 15.9448 -0.49687 32.9534
      vertex 18.3042 -0.776457 32.8978
      vertex 15.9292 -0.776457 32.8978
    endloop
  endfacet
  facet normal 0 0.065491 -0.997853
    outer loop
      vertex 18.3256 -0.391578 32.9743
      vertex 15.975 0 33
      vertex 18.35 0 33
    endloop
  endfacet
  facet normal 0 0.065491 -0.997853
    outer loop
      vertex 15.975 0 33
      vertex 18.3256 -0.391578 32.9743
      vertex 15.9506 -0.391578 32.9743
    endloop
  endfacet
  facet normal -0 0.946931 0.321437
    outer loop
      vertex 15.9128 -2.77164 28.8519
      vertex 18.2851 -2.89778 29.2235
      vertex 18.3291 -2.77164 28.8519
    endloop
  endfacet
  facet normal 0 0.946931 0.321437
    outer loop
      vertex 18.2851 -2.89778 29.2235
      vertex 15.9128 -2.77164 28.8519
      vertex 15.8688 -2.89778 29.2235
    endloop
  endfacet
  facet normal 0 0.321579 -0.946883
    outer loop
      vertex 18.2862 -1.14805 32.7716
      vertex 15.9292 -0.776457 32.8978
      vertex 18.3042 -0.776457 32.8978
    endloop
  endfacet
  facet normal 0 0.321579 -0.946883
    outer loop
      vertex 15.9292 -0.776457 32.8978
      vertex 18.2862 -1.14805 32.7716
      vertex 15.9112 -1.14805 32.7716
    endloop
  endfacet
  facet normal 0 0.751799 -0.659392
    outer loop
      vertex 18.2527 -2.38006 31.8263
      vertex 15.8758 -2.12132 32.1213
      vertex 18.2549 -2.12132 32.1213
    endloop
  endfacet
  facet normal 0 0.751799 -0.659392
    outer loop
      vertex 15.8758 -2.12132 32.1213
      vertex 18.2527 -2.38006 31.8263
      vertex 15.8394 -2.38006 31.8263
    endloop
  endfacet
  facet normal 0 0.831529 -0.555481
    outer loop
      vertex 18.2529 -2.40304 31.7919
      vertex 15.8394 -2.38006 31.8263
      vertex 18.2527 -2.38006 31.8263
    endloop
  endfacet
  facet normal -1.78478e-06 0.831471 -0.555567
    outer loop
      vertex 18.229 -2.59808 31.5
      vertex 15.8394 -2.38006 31.8263
      vertex 18.2529 -2.40304 31.7919
    endloop
  endfacet
  facet normal 0 0.831477 -0.555558
    outer loop
      vertex 15.8394 -2.38006 31.8263
      vertex 18.229 -2.59808 31.5
      vertex 15.8126 -2.59808 31.5
    endloop
  endfacet
  facet normal -0 0.997858 0.0654112
    outer loop
      vertex 15.834 -2.97433 29.6084
      vertex 18.2253 -3 30
      vertex 18.2503 -2.97433 29.6084
    endloop
  endfacet
  facet normal 0 0.997858 0.0654112
    outer loop
      vertex 18.2253 -3 30
      vertex 15.834 -2.97433 29.6084
      vertex 15.809 -3 30
    endloop
  endfacet
  facet normal -0 0.751799 0.659392
    outer loop
      vertex 16.0917 -2.12132 27.8787
      vertex 18.4353 -2.38006 28.1737
      vertex 18.467 -2.12132 27.8787
    endloop
  endfacet
  facet normal 0 0.751799 0.659392
    outer loop
      vertex 18.4353 -2.38006 28.1737
      vertex 16.0917 -2.12132 27.8787
      vertex 16.0252 -2.38006 28.1737
    endloop
  endfacet
  facet normal -0 0.065491 0.997853
    outer loop
      vertex 18.7 0 27
      vertex 20.5 -0.391578 27.0257
      vertex 20.5 0 27
    endloop
  endfacet
  facet normal 0 0.065491 0.997853
    outer loop
      vertex 20.5 -0.391578 27.0257
      vertex 18.7 0 27
      vertex 18.7 -0.391578 27.0257
    endloop
  endfacet
  facet normal -0 0.065491 0.997853
    outer loop
      vertex 16.275 0 27
      vertex 18.6231 -0.391578 27.0257
      vertex 18.65 0 27
    endloop
  endfacet
  facet normal 0 0.065491 0.997853
    outer loop
      vertex 18.6231 -0.391578 27.0257
      vertex 16.275 0 27
      vertex 16.2481 -0.391578 27.0257
    endloop
  endfacet
  facet normal -0 0.89685 0.442334
    outer loop
      vertex 15.9652 -2.59808 28.5
      vertex 18.3291 -2.77164 28.8519
      vertex 18.3816 -2.59808 28.5
    endloop
  endfacet
  facet normal 0 0.89685 0.442334
    outer loop
      vertex 18.3291 -2.77164 28.8519
      vertex 15.9652 -2.59808 28.5
      vertex 15.9128 -2.77164 28.8519
    endloop
  endfacet
  facet normal 0 0.44216 -0.896936
    outer loop
      vertex 18.2718 -1.5 32.5981
      vertex 15.9112 -1.14805 32.7716
      vertex 18.2862 -1.14805 32.7716
    endloop
  endfacet
  facet normal 0 0.44216 -0.896936
    outer loop
      vertex 15.9112 -1.14805 32.7716
      vertex 18.2718 -1.5 32.5981
      vertex 15.8968 -1.5 32.5981
    endloop
  endfacet
  facet normal -0 0.321579 0.946883
    outer loop
      vertex 18.7 -0.776457 27.1022
      vertex 20.5 -1.14805 27.2284
      vertex 20.5 -0.776457 27.1022
    endloop
  endfacet
  facet normal 0 0.321579 0.946883
    outer loop
      vertex 20.5 -1.14805 27.2284
      vertex 18.7 -0.776457 27.1022
      vertex 18.7 -1.14805 27.2284
    endloop
  endfacet
  facet normal -0 0.321579 0.946883
    outer loop
      vertex 16.219 -0.776457 27.1022
      vertex 18.5633 -1.14805 27.2284
      vertex 18.594 -0.776457 27.1022
    endloop
  endfacet
  facet normal 0 0.321579 0.946883
    outer loop
      vertex 18.5633 -1.14805 27.2284
      vertex 16.219 -0.776457 27.1022
      vertex 16.1883 -1.14805 27.2284
    endloop
  endfacet
  facet normal 0 0.555547 -0.831485
    outer loop
      vertex 18.2613 -1.82628 32.3801
      vertex 15.8968 -1.5 32.5981
      vertex 18.2718 -1.5 32.5981
    endloop
  endfacet
  facet normal 0 0.555547 -0.831485
    outer loop
      vertex 15.8968 -1.5 32.5981
      vertex 18.2613 -1.82628 32.3801
      vertex 15.8863 -1.82628 32.3801
    endloop
  endfacet
  facet normal -0 0.555667 0.831405
    outer loop
      vertex 18.7 -1.5 27.4019
      vertex 20.5 -1.64678 27.5
      vertex 20.5 -1.5 27.4019
    endloop
  endfacet
  facet normal 0 0.555667 0.831405
    outer loop
      vertex 20.5 -1.64678 27.5
      vertex 18.7 -1.5 27.4019
      vertex 18.7 -1.64678 27.5
    endloop
  endfacet
  facet normal -0 0.555547 0.831485
    outer loop
      vertex 16.1566 -1.5 27.4019
      vertex 18.4993 -1.82628 27.6199
      vertex 18.5316 -1.5 27.4019
    endloop
  endfacet
  facet normal 0 0.555547 0.831485
    outer loop
      vertex 18.4993 -1.82628 27.6199
      vertex 16.1566 -1.5 27.4019
      vertex 16.1243 -1.82628 27.6199
    endloop
  endfacet
  facet normal -1.29772e-05 0.831434 0.555623
    outer loop
      vertex 16.0252 -2.38006 28.1737
      vertex 18.3816 -2.59808 28.5
      vertex 18.4288 -2.4262 28.2428
    endloop
  endfacet
  facet normal -0 0.831643 0.555311
    outer loop
      vertex 16.0252 -2.38006 28.1737
      vertex 18.4288 -2.4262 28.2428
      vertex 18.4353 -2.38006 28.1737
    endloop
  endfacet
  facet normal 0 0.831477 0.555558
    outer loop
      vertex 18.3816 -2.59808 28.5
      vertex 16.0252 -2.38006 28.1737
      vertex 15.9652 -2.59808 28.5
    endloop
  endfacet
  facet normal -0 0.19495 0.980813
    outer loop
      vertex 18.7 -0.391578 27.0257
      vertex 20.5 -0.776457 27.1022
      vertex 20.5 -0.391578 27.0257
    endloop
  endfacet
  facet normal 0 0.19495 0.980813
    outer loop
      vertex 20.5 -0.776457 27.1022
      vertex 18.7 -0.391578 27.0257
      vertex 18.7 -0.776457 27.1022
    endloop
  endfacet
  facet normal -0 0.194623 0.980878
    outer loop
      vertex 16.2481 -0.391578 27.0257
      vertex 18.6126 -0.529671 27.0531
      vertex 18.6231 -0.391578 27.0257
    endloop
  endfacet
  facet normal -4.88955e-05 0.193817 0.981038
    outer loop
      vertex 16.2474 -0.400183 27.0274
      vertex 18.6126 -0.529671 27.0531
      vertex 16.2481 -0.391578 27.0257
    endloop
  endfacet
  facet normal 2.58714e-05 0.195131 0.980777
    outer loop
      vertex 18.6126 -0.529671 27.0531
      vertex 16.2474 -0.400183 27.0274
      vertex 18.594 -0.776457 27.1022
    endloop
  endfacet
  facet normal 0 0.194976 0.980808
    outer loop
      vertex 18.594 -0.776457 27.1022
      vertex 16.2474 -0.400183 27.0274
      vertex 16.219 -0.776457 27.1022
    endloop
  endfacet
  facet normal 0 0.946905 -0.321514
    outer loop
      vertex 18.2061 -2.89778 30.7765
      vertex 15.796 -2.77164 31.148
      vertex 18.2123 -2.77164 31.148
    endloop
  endfacet
  facet normal 0 0.946905 -0.321514
    outer loop
      vertex 15.796 -2.77164 31.148
      vertex 18.2061 -2.89778 30.7765
      vertex 15.7898 -2.89778 30.7765
    endloop
  endfacet
  facet normal -1 0 0
    outer loop
      vertex 20.5 -0.391578 27.0257
      vertex 20.5 0 27.5
      vertex 20.5 0 27
    endloop
  endfacet
  facet normal -1 0 0
    outer loop
      vertex 20.5 -0.776457 27.1022
      vertex 20.5 0 27.5
      vertex 20.5 -0.391578 27.0257
    endloop
  endfacet
  facet normal -1 0 0
    outer loop
      vertex 20.5 -1.14805 27.2284
      vertex 20.5 0 27.5
      vertex 20.5 -0.776457 27.1022
    endloop
  endfacet
  facet normal -1 0 0
    outer loop
      vertex 20.5 -1.5 27.4019
      vertex 20.5 0 27.5
      vertex 20.5 -1.14805 27.2284
    endloop
  endfacet
  facet normal -1 -0 0
    outer loop
      vertex 20.5 0 27.5
      vertex 20.5 -1.5 27.4019
      vertex 20.5 -1.64678 27.5
    endloop
  endfacet
  facet normal 0 0.659428 -0.751768
    outer loop
      vertex 18.2549 -2.12132 32.1213
      vertex 15.8863 -1.82628 32.3801
      vertex 18.2613 -1.82628 32.3801
    endloop
  endfacet
  facet normal -1.7608e-05 0.659348 -0.751838
    outer loop
      vertex 18.2549 -2.12132 32.1213
      vertex 15.8806 -2.09071 32.1482
      vertex 15.8863 -1.82628 32.3801
    endloop
  endfacet
  facet normal 0 0.660119 -0.751161
    outer loop
      vertex 15.8806 -2.09071 32.1482
      vertex 18.2549 -2.12132 32.1213
      vertex 15.8758 -2.12132 32.1213
    endloop
  endfacet
  facet normal 0 0.997858 -0.0654112
    outer loop
      vertex 15.809 -3 30
      vertex 18.2105 -2.97433 30.3916
      vertex 18.2253 -3 30
    endloop
  endfacet
  facet normal 0 0.997858 -0.0654112
    outer loop
      vertex 18.2105 -2.97433 30.3916
      vertex 15.809 -3 30
      vertex 15.7942 -2.97433 30.3916
    endloop
  endfacet
endsolid OpenSCAD_Model
