solid OpenSCAD_Model
  facet normal 0 0 -1
    outer loop
      vertex -4.39979 -5.73392 116.588
      vertex -3.6601 -6.22816 116.588
      vertex -3.72166 -6.18703 116.588
    endloop
  endfacet
  facet normal -0.554341 -0.829639 0.0663774
    outer loop
      vertex -3.6601 -6.22816 116.588
      vertex -4.39979 -5.73392 116.588
      vertex -9.13142 -11.9003 0
    endloop
  endfacet
  facet normal -0.995656 0.0652883 0.0663778
    outer loop
      vertex -14.8717 1.95789 0
      vertex -7.16926 0.887707 116.588
      vertex -7.16561 0.94337 116.588
    endloop
  endfacet
  facet normal -0.995659 0.0652453 0.0663776
    outer loop
      vertex -7.16926 0.887707 116.588
      vertex -14.8717 1.95789 0
      vertex -15 0 0
    endloop
  endfacet
  facet normal 0.944841 0.320734 0.0663775
    outer loop
      vertex 6.96324 1.92342 116.588
      vertex 14.4889 3.88229 0
      vertex 13.8582 5.74025 0
    endloop
  endfacet
  facet normal 0.944842 0.320731 0.0663776
    outer loop
      vertex 14.4889 3.88229 0
      vertex 6.96324 1.92342 116.588
      vertex 6.98117 1.8706 116.588
    endloop
  endfacet
  facet normal -0.657892 -0.750181 0.0663774
    outer loop
      vertex -9.13142 -11.9003 0
      vertex -5.11057 -5.11057 116.588
      vertex -10.6066 -10.6066 0
    endloop
  endfacet
  facet normal -0.657888 -0.750185 0.0663775
    outer loop
      vertex -5.11057 -5.11057 116.588
      vertex -9.13142 -11.9003 0
      vertex -5.06863 -5.14735 116.588
    endloop
  endfacet
  facet normal 0 0 1
    outer loop
      vertex 7.22744 0 116.588
      vertex 7.16926 0.887707 116.588
      vertex 7.1741 0.813834 116.588
    endloop
  endfacet
  facet normal 0.995658 0.0652551 0.0663775
    outer loop
      vertex 7.16926 0.887707 116.588
      vertex 7.22744 0 116.588
      vertex 15 0 0
    endloop
  endfacet
  facet normal 0.995656 0.0652883 0.0663778
    outer loop
      vertex 7.16926 0.887707 116.588
      vertex 14.8717 1.95789 0
      vertex 7.16561 0.94337 116.588
    endloop
  endfacet
  facet normal 0.995659 0.0652453 0.0663776
    outer loop
      vertex 14.8717 1.95789 0
      vertex 7.16926 0.887707 116.588
      vertex 15 0 0
    endloop
  endfacet
  facet normal 0.320731 -0.944842 0.0663776
    outer loop
      vertex 3.88229 -14.4889 0
      vertex 1.92342 -6.96324 116.588
      vertex 1.8706 -6.98117 116.588
    endloop
  endfacet
  facet normal 0.320734 -0.944841 0.0663775
    outer loop
      vertex 1.92342 -6.96324 116.588
      vertex 3.88229 -14.4889 0
      vertex 5.74025 -13.8582 0
    endloop
  endfacet
  facet normal -0.750185 -0.657888 0.0663775
    outer loop
      vertex -11.9003 -9.13142 0
      vertex -5.11057 -5.11057 116.588
      vertex -5.14735 -5.06863 116.588
    endloop
  endfacet
  facet normal -0.750181 -0.657892 0.0663774
    outer loop
      vertex -5.11057 -5.11057 116.588
      vertex -11.9003 -9.13142 0
      vertex -10.6066 -10.6066 0
    endloop
  endfacet
  facet normal 0 0 -1
    outer loop
      vertex 1.92342 -6.96324 116.588
      vertex 2.76582 -6.67729 116.588
      vertex 1.99352 -6.93945 116.588
    endloop
  endfacet
  facet normal 0.320724 -0.944844 0.0663774
    outer loop
      vertex 2.76582 -6.67729 116.588
      vertex 1.92342 -6.96324 116.588
      vertex 5.74025 -13.8582 0
    endloop
  endfacet
  facet normal -0.0652883 -0.995656 0.0663778
    outer loop
      vertex -1.95789 -14.8717 0
      vertex -0.887707 -7.16926 116.588
      vertex -0.94337 -7.16561 116.588
    endloop
  endfacet
  facet normal -0.0652453 -0.995659 0.0663776
    outer loop
      vertex -0.887707 -7.16926 116.588
      vertex -1.95789 -14.8717 0
      vertex 0 -15 0
    endloop
  endfacet
  facet normal 0 0 -1
    outer loop
      vertex 5.73392 -4.39979 116.588
      vertex 6.22816 -3.6601 116.588
      vertex 6.18703 -3.72166 116.588
    endloop
  endfacet
  facet normal 0.829639 -0.554341 0.0663774
    outer loop
      vertex 6.22816 -3.6601 116.588
      vertex 5.73392 -4.39979 116.588
      vertex 11.9003 -9.13142 0
    endloop
  endfacet
  facet normal -0.944841 0.320734 0.0663775
    outer loop
      vertex -14.4889 3.88229 0
      vertex -6.96324 1.92342 116.588
      vertex -13.8582 5.74025 0
    endloop
  endfacet
  facet normal -0.944842 0.320731 0.0663776
    outer loop
      vertex -6.96324 1.92342 116.588
      vertex -14.4889 3.88229 0
      vertex -6.98117 1.8706 116.588
    endloop
  endfacet
  facet normal 0 0 -1
    outer loop
      vertex 2.76582 -6.67729 116.588
      vertex 3.56369 -6.28382 116.588
      vertex 3.49729 -6.31657 116.588
    endloop
  endfacet
  facet normal 0.441317 -0.894893 0.0663774
    outer loop
      vertex 3.56369 -6.28382 116.588
      vertex 2.76582 -6.67729 116.588
      vertex 5.74025 -13.8582 0
    endloop
  endfacet
  facet normal 0 0 1
    outer loop
      vertex -0.887707 -7.16926 116.588
      vertex 0 -7.22744 116.588
      vertex -0.813834 -7.1741 116.588
    endloop
  endfacet
  facet normal -0.0652551 -0.995658 0.0663775
    outer loop
      vertex 0 -7.22744 116.588
      vertex -0.887707 -7.16926 116.588
      vertex 0 -15 0
    endloop
  endfacet
  facet normal -0.657923 0.750155 0.0663772
    outer loop
      vertex -4.49739 5.64832 116.588
      vertex -4.39979 5.73392 116.588
      vertex -9.13142 11.9003 0
    endloop
  endfacet
  facet normal -0.657896 0.750178 0.0663774
    outer loop
      vertex -5.06863 5.14735 116.588
      vertex -4.49739 5.64832 116.588
      vertex -9.13142 11.9003 0
    endloop
  endfacet
  facet normal -0.99566 0.0652335 0.0663777
    outer loop
      vertex -15 0 0
      vertex -7.1741 0.813834 116.588
      vertex -7.16926 0.887707 116.588
    endloop
  endfacet
  facet normal -0.995658 0.0652571 0.0663775
    outer loop
      vertex -7.1741 0.813834 116.588
      vertex -15 0 0
      vertex -7.22744 0 116.588
    endloop
  endfacet
  facet normal -0.995656 -0.0652884 0.0663771
    outer loop
      vertex -15 0 0
      vertex -7.16561 -0.94337 116.588
      vertex -7.16926 -0.887707 116.588
    endloop
  endfacet
  facet normal -0.995659 -0.0652453 0.0663776
    outer loop
      vertex -7.16561 -0.94337 116.588
      vertex -15 0 0
      vertex -14.8717 -1.95789 0
    endloop
  endfacet
  facet normal 0.978632 -0.19461 0.0663779
    outer loop
      vertex 7.15473 -0.998082 116.588
      vertex 14.8717 -1.95789 0
      vertex 7.16561 -0.94337 116.588
    endloop
  endfacet
  facet normal 0.978621 -0.194666 0.0663776
    outer loop
      vertex 14.8717 -1.95789 0
      vertex 7.15473 -0.998082 116.588
      vertex 14.4889 -3.88229 0
    endloop
  endfacet
  facet normal 0.750185 -0.657888 0.0663775
    outer loop
      vertex 5.11057 -5.11057 116.588
      vertex 11.9003 -9.13142 0
      vertex 5.14735 -5.06863 116.588
    endloop
  endfacet
  facet normal 0.750181 -0.657892 0.0663774
    outer loop
      vertex 11.9003 -9.13142 0
      vertex 5.11057 -5.11057 116.588
      vertex 10.6066 -10.6066 0
    endloop
  endfacet
  facet normal 0 0 -1
    outer loop
      vertex 0.998082 -7.15473 116.588
      vertex 1.8706 -6.98117 116.588
      vertex 1.74328 -7.0065 116.588
    endloop
  endfacet
  facet normal 0.194666 -0.978621 0.0663776
    outer loop
      vertex 1.8706 -6.98117 116.588
      vertex 0.998082 -7.15473 116.588
      vertex 3.88229 -14.4889 0
    endloop
  endfacet
  facet normal 0 0 -1
    outer loop
      vertex 2.76582 6.67729 116.588
      vertex 1.92342 6.96324 116.588
      vertex 1.99352 6.93945 116.588
    endloop
  endfacet
  facet normal 0.320724 0.944844 0.0663774
    outer loop
      vertex 1.92342 6.96324 116.588
      vertex 2.76582 6.67729 116.588
      vertex 5.74025 13.8582 0
    endloop
  endfacet
  facet normal 0.441284 -0.894909 0.0663779
    outer loop
      vertex 5.74025 -13.8582 0
      vertex 3.61372 -6.25915 116.588
      vertex 3.56369 -6.28382 116.588
    endloop
  endfacet
  facet normal 0.441308 -0.894897 0.0663775
    outer loop
      vertex 3.61372 -6.25915 116.588
      vertex 5.74025 -13.8582 0
      vertex 7.5 -12.9904 0
    endloop
  endfacet
  facet normal 0.894897 0.441308 0.0663775
    outer loop
      vertex 6.25915 3.61372 116.588
      vertex 13.8582 5.74025 0
      vertex 12.9904 7.5 0
    endloop
  endfacet
  facet normal 0.894909 0.441284 0.0663779
    outer loop
      vertex 13.8582 5.74025 0
      vertex 6.25915 3.61372 116.588
      vertex 6.28382 3.56369 116.588
    endloop
  endfacet
  facet normal 0 0 -1
    outer loop
      vertex -6.67729 -2.76582 116.588
      vertex -6.28382 -3.56369 116.588
      vertex -6.31657 -3.49729 116.588
    endloop
  endfacet
  facet normal -0.894893 -0.441317 0.0663774
    outer loop
      vertex -6.67729 -2.76582 116.588
      vertex -13.8582 -5.74025 0
      vertex -6.28382 -3.56369 116.588
    endloop
  endfacet
  facet normal -0.750178 0.657896 0.0663774
    outer loop
      vertex -11.9003 9.13142 0
      vertex -5.64832 4.49739 116.588
      vertex -5.14735 5.06863 116.588
    endloop
  endfacet
  facet normal -0.750155 0.657923 0.0663772
    outer loop
      vertex -11.9003 9.13142 0
      vertex -5.73392 4.39979 116.588
      vertex -5.64832 4.49739 116.588
    endloop
  endfacet
  facet normal 0 0 -1
    outer loop
      vertex -2.76582 6.67729 116.588
      vertex -3.56369 6.28382 116.588
      vertex -3.49729 6.31657 116.588
    endloop
  endfacet
  facet normal -0.441317 0.894893 0.0663774
    outer loop
      vertex -3.56369 6.28382 116.588
      vertex -2.76582 6.67729 116.588
      vertex -5.74025 13.8582 0
    endloop
  endfacet
  facet normal 0.657892 0.750181 0.0663774
    outer loop
      vertex 9.13142 11.9003 0
      vertex 5.11057 5.11057 116.588
      vertex 10.6066 10.6066 0
    endloop
  endfacet
  facet normal 0.657888 0.750185 0.0663775
    outer loop
      vertex 5.11057 5.11057 116.588
      vertex 9.13142 11.9003 0
      vertex 5.06863 5.14735 116.588
    endloop
  endfacet
  facet normal -0.978632 -0.19461 0.0663779
    outer loop
      vertex -14.8717 -1.95789 0
      vertex -7.15473 -0.998082 116.588
      vertex -7.16561 -0.94337 116.588
    endloop
  endfacet
  facet normal -0.978621 -0.194666 0.0663776
    outer loop
      vertex -7.15473 -0.998082 116.588
      vertex -14.8717 -1.95789 0
      vertex -14.4889 -3.88229 0
    endloop
  endfacet
  facet normal 0 0 -1
    outer loop
      vertex -3.56369 -6.28382 116.588
      vertex -2.76582 -6.67729 116.588
      vertex -3.49729 -6.31657 116.588
    endloop
  endfacet
  facet normal -0.441317 -0.894893 0.0663774
    outer loop
      vertex -2.76582 -6.67729 116.588
      vertex -3.56369 -6.28382 116.588
      vertex -5.74025 -13.8582 0
    endloop
  endfacet
  facet normal -0.894897 0.441308 0.0663775
    outer loop
      vertex -13.8582 5.74025 0
      vertex -6.25915 3.61372 116.588
      vertex -12.9904 7.5 0
    endloop
  endfacet
  facet normal -0.894909 0.441284 0.0663779
    outer loop
      vertex -6.25915 3.61372 116.588
      vertex -13.8582 5.74025 0
      vertex -6.28382 3.56369 116.588
    endloop
  endfacet
  facet normal -0.944842 0.32073 0.0663774
    outer loop
      vertex -13.8582 5.74025 0
      vertex -6.93945 1.99352 116.588
      vertex -6.67729 2.76582 116.588
    endloop
  endfacet
  facet normal -0.944865 0.320661 0.0663766
    outer loop
      vertex -6.93945 1.99352 116.588
      vertex -13.8582 5.74025 0
      vertex -6.96324 1.92342 116.588
    endloop
  endfacet
  facet normal -0.554343 0.829637 0.0663776
    outer loop
      vertex -7.5 12.9904 0
      vertex -3.6601 6.22816 116.588
      vertex -3.61372 6.25915 116.588
    endloop
  endfacet
  facet normal -0.554352 0.829631 0.0663775
    outer loop
      vertex -3.6601 6.22816 116.588
      vertex -7.5 12.9904 0
      vertex -9.13142 11.9003 0
    endloop
  endfacet
  facet normal 0.944842 -0.320731 0.0663776
    outer loop
      vertex 6.96324 -1.92342 116.588
      vertex 14.4889 -3.88229 0
      vertex 6.98117 -1.8706 116.588
    endloop
  endfacet
  facet normal 0.944841 -0.320734 0.0663775
    outer loop
      vertex 14.4889 -3.88229 0
      vertex 6.96324 -1.92342 116.588
      vertex 13.8582 -5.74025 0
    endloop
  endfacet
  facet normal -0.0652884 0.995656 0.0663771
    outer loop
      vertex 0 15 0
      vertex -0.94337 7.16561 116.588
      vertex -0.887707 7.16926 116.588
    endloop
  endfacet
  facet normal -0.0652453 0.995659 0.0663776
    outer loop
      vertex -0.94337 7.16561 116.588
      vertex 0 15 0
      vertex -1.95789 14.8717 0
    endloop
  endfacet
  facet normal -0.750181 0.657892 0.0663774
    outer loop
      vertex -11.9003 9.13142 0
      vertex -5.11057 5.11057 116.588
      vertex -10.6066 10.6066 0
    endloop
  endfacet
  facet normal -0.750185 0.657888 0.0663775
    outer loop
      vertex -5.11057 5.11057 116.588
      vertex -11.9003 9.13142 0
      vertex -5.14735 5.06863 116.588
    endloop
  endfacet
  facet normal -0.829637 -0.554343 0.0663776
    outer loop
      vertex -12.9904 -7.5 0
      vertex -6.22816 -3.6601 116.588
      vertex -6.25915 -3.61372 116.588
    endloop
  endfacet
  facet normal -0.829631 -0.554352 0.0663775
    outer loop
      vertex -6.22816 -3.6601 116.588
      vertex -12.9904 -7.5 0
      vertex -11.9003 -9.13142 0
    endloop
  endfacet
  facet normal 0 0 -1
    outer loop
      vertex -3.6601 6.22816 116.588
      vertex -4.39979 5.73392 116.588
      vertex -3.72166 6.18703 116.588
    endloop
  endfacet
  facet normal -0.554341 0.829639 0.0663774
    outer loop
      vertex -4.39979 5.73392 116.588
      vertex -3.6601 6.22816 116.588
      vertex -9.13142 11.9003 0
    endloop
  endfacet
  facet normal 0.657923 0.750155 0.0663772
    outer loop
      vertex 4.49739 5.64832 116.588
      vertex 9.13142 11.9003 0
      vertex 4.39979 5.73392 116.588
    endloop
  endfacet
  facet normal 0.657896 0.750178 0.0663774
    outer loop
      vertex 9.13142 11.9003 0
      vertex 4.49739 5.64832 116.588
      vertex 5.06863 5.14735 116.588
    endloop
  endfacet
  facet normal -0.750178 -0.657896 0.0663774
    outer loop
      vertex -5.64832 -4.49739 116.588
      vertex -11.9003 -9.13142 0
      vertex -5.14735 -5.06863 116.588
    endloop
  endfacet
  facet normal -0.750155 -0.657923 0.0663772
    outer loop
      vertex -11.9003 -9.13142 0
      vertex -5.64832 -4.49739 116.588
      vertex -5.73392 -4.39979 116.588
    endloop
  endfacet
  facet normal 0.894867 0.441369 0.0663767
    outer loop
      vertex 6.31657 3.49729 116.588
      vertex 13.8582 5.74025 0
      vertex 6.28382 3.56369 116.588
    endloop
  endfacet
  facet normal 0.894895 0.441312 0.0663775
    outer loop
      vertex 6.67729 2.76582 116.588
      vertex 13.8582 5.74025 0
      vertex 6.31657 3.49729 116.588
    endloop
  endfacet
  facet normal 0.750181 0.657892 0.0663774
    outer loop
      vertex 5.11057 5.11057 116.588
      vertex 11.9003 9.13142 0
      vertex 10.6066 10.6066 0
    endloop
  endfacet
  facet normal 0.750185 0.657888 0.0663775
    outer loop
      vertex 11.9003 9.13142 0
      vertex 5.11057 5.11057 116.588
      vertex 5.14735 5.06863 116.588
    endloop
  endfacet
  facet normal -0.441284 0.894909 0.0663779
    outer loop
      vertex -5.74025 13.8582 0
      vertex -3.61372 6.25915 116.588
      vertex -3.56369 6.28382 116.588
    endloop
  endfacet
  facet normal -0.441308 0.894897 0.0663775
    outer loop
      vertex -3.61372 6.25915 116.588
      vertex -5.74025 13.8582 0
      vertex -7.5 12.9904 0
    endloop
  endfacet
  facet normal 0.829631 0.554352 0.0663775
    outer loop
      vertex 6.22816 3.6601 116.588
      vertex 12.9904 7.5 0
      vertex 11.9003 9.13142 0
    endloop
  endfacet
  facet normal 0.829637 0.554343 0.0663776
    outer loop
      vertex 12.9904 7.5 0
      vertex 6.22816 3.6601 116.588
      vertex 6.25915 3.61372 116.588
    endloop
  endfacet
  facet normal 0.995656 -0.0652884 0.0663771
    outer loop
      vertex 7.16561 -0.94337 116.588
      vertex 15 0 0
      vertex 7.16926 -0.887707 116.588
    endloop
  endfacet
  facet normal 0.995659 -0.0652453 0.0663776
    outer loop
      vertex 15 0 0
      vertex 7.16561 -0.94337 116.588
      vertex 14.8717 -1.95789 0
    endloop
  endfacet
  facet normal 0.995658 -0.0652571 0.0663775
    outer loop
      vertex 7.1741 -0.813834 116.588
      vertex 15 0 0
      vertex 7.22744 0 116.588
    endloop
  endfacet
  facet normal 0.99566 -0.0652335 0.0663777
    outer loop
      vertex 15 0 0
      vertex 7.1741 -0.813834 116.588
      vertex 7.16926 -0.887707 116.588
    endloop
  endfacet
  facet normal 0.978616 0.194693 0.0663777
    outer loop
      vertex 7.0065 1.74328 116.588
      vertex 14.4889 3.88229 0
      vertex 6.98117 1.8706 116.588
    endloop
  endfacet
  facet normal 0.978622 0.194661 0.0663775
    outer loop
      vertex 14.4889 3.88229 0
      vertex 7.0065 1.74328 116.588
      vertex 7.15473 0.998082 116.588
    endloop
  endfacet
  facet normal 0.978621 0.194666 0.0663776
    outer loop
      vertex 7.15473 0.998082 116.588
      vertex 14.8717 1.95789 0
      vertex 14.4889 3.88229 0
    endloop
  endfacet
  facet normal 0.978632 0.19461 0.0663779
    outer loop
      vertex 14.8717 1.95789 0
      vertex 7.15473 0.998082 116.588
      vertex 7.16561 0.94337 116.588
    endloop
  endfacet
  facet normal -0.657923 -0.750155 0.0663772
    outer loop
      vertex -4.49739 -5.64832 116.588
      vertex -9.13142 -11.9003 0
      vertex -4.39979 -5.73392 116.588
    endloop
  endfacet
  facet normal -0.657896 -0.750178 0.0663774
    outer loop
      vertex -9.13142 -11.9003 0
      vertex -4.49739 -5.64832 116.588
      vertex -5.06863 -5.14735 116.588
    endloop
  endfacet
  facet normal -0.944842 -0.320731 0.0663776
    outer loop
      vertex -14.4889 -3.88229 0
      vertex -6.96324 -1.92342 116.588
      vertex -6.98117 -1.8706 116.588
    endloop
  endfacet
  facet normal -0.944841 -0.320734 0.0663775
    outer loop
      vertex -6.96324 -1.92342 116.588
      vertex -14.4889 -3.88229 0
      vertex -13.8582 -5.74025 0
    endloop
  endfacet
  facet normal -0.320731 0.944842 0.0663776
    outer loop
      vertex -3.88229 14.4889 0
      vertex -1.92342 6.96324 116.588
      vertex -1.8706 6.98117 116.588
    endloop
  endfacet
  facet normal -0.320734 0.944841 0.0663775
    outer loop
      vertex -1.92342 6.96324 116.588
      vertex -3.88229 14.4889 0
      vertex -5.74025 13.8582 0
    endloop
  endfacet
  facet normal 0 0 1
    outer loop
      vertex 0 -7.22744 116.588
      vertex 0.887707 -7.16926 116.588
      vertex 0.813834 -7.1741 116.588
    endloop
  endfacet
  facet normal 0.0652551 -0.995658 0.0663775
    outer loop
      vertex 0.887707 -7.16926 116.588
      vertex 0 -7.22744 116.588
      vertex 0 -15 0
    endloop
  endfacet
  facet normal 0.0652883 0.995656 0.0663778
    outer loop
      vertex 1.95789 14.8717 0
      vertex 0.887707 7.16926 116.588
      vertex 0.94337 7.16561 116.588
    endloop
  endfacet
  facet normal 0.0652453 0.995659 0.0663776
    outer loop
      vertex 0.887707 7.16926 116.588
      vertex 1.95789 14.8717 0
      vertex 0 15 0
    endloop
  endfacet
  facet normal 0 0 -1
    outer loop
      vertex 1.8706 6.98117 116.588
      vertex 0.998082 7.15473 116.588
      vertex 1.74328 7.0065 116.588
    endloop
  endfacet
  facet normal 0.194666 0.978621 0.0663776
    outer loop
      vertex 0.998082 7.15473 116.588
      vertex 1.8706 6.98117 116.588
      vertex 3.88229 14.4889 0
    endloop
  endfacet
  facet normal 0 0 -1
    outer loop
      vertex 6.28382 -3.56369 116.588
      vertex 6.67729 -2.76582 116.588
      vertex 6.31657 -3.49729 116.588
    endloop
  endfacet
  facet normal 0.894893 -0.441317 0.0663774
    outer loop
      vertex 13.8582 -5.74025 0
      vertex 6.67729 -2.76582 116.588
      vertex 6.28382 -3.56369 116.588
    endloop
  endfacet
  facet normal 0.750178 0.657896 0.0663774
    outer loop
      vertex 5.64832 4.49739 116.588
      vertex 11.9003 9.13142 0
      vertex 5.14735 5.06863 116.588
    endloop
  endfacet
  facet normal 0.750155 0.657923 0.0663772
    outer loop
      vertex 5.73392 4.39979 116.588
      vertex 11.9003 9.13142 0
      vertex 5.64832 4.49739 116.588
    endloop
  endfacet
  facet normal 0.657888 -0.750185 0.0663775
    outer loop
      vertex 9.13142 -11.9003 0
      vertex 5.11057 -5.11057 116.588
      vertex 5.06863 -5.14735 116.588
    endloop
  endfacet
  facet normal 0.657892 -0.750181 0.0663774
    outer loop
      vertex 5.11057 -5.11057 116.588
      vertex 9.13142 -11.9003 0
      vertex 10.6066 -10.6066 0
    endloop
  endfacet
  facet normal 0.554343 -0.829637 0.0663776
    outer loop
      vertex 7.5 -12.9904 0
      vertex 3.6601 -6.22816 116.588
      vertex 3.61372 -6.25915 116.588
    endloop
  endfacet
  facet normal 0.554352 -0.829631 0.0663775
    outer loop
      vertex 3.6601 -6.22816 116.588
      vertex 7.5 -12.9904 0
      vertex 9.13142 -11.9003 0
    endloop
  endfacet
  facet normal 0.0652884 -0.995656 0.0663771
    outer loop
      vertex 0 -15 0
      vertex 0.94337 -7.16561 116.588
      vertex 0.887707 -7.16926 116.588
    endloop
  endfacet
  facet normal 0.0652453 -0.995659 0.0663776
    outer loop
      vertex 0.94337 -7.16561 116.588
      vertex 0 -15 0
      vertex 1.95789 -14.8717 0
    endloop
  endfacet
  facet normal 0 0 -1
    outer loop
      vertex -2.76582 -6.67729 116.588
      vertex -1.92342 -6.96324 116.588
      vertex -1.99352 -6.93945 116.588
    endloop
  endfacet
  facet normal -0.320724 -0.944844 0.0663774
    outer loop
      vertex -1.92342 -6.96324 116.588
      vertex -2.76582 -6.67729 116.588
      vertex -5.74025 -13.8582 0
    endloop
  endfacet
  facet normal -0.894867 0.441369 0.0663767
    outer loop
      vertex -13.8582 5.74025 0
      vertex -6.31657 3.49729 116.588
      vertex -6.28382 3.56369 116.588
    endloop
  endfacet
  facet normal -0.894895 0.441312 0.0663775
    outer loop
      vertex -13.8582 5.74025 0
      vertex -6.67729 2.76582 116.588
      vertex -6.31657 3.49729 116.588
    endloop
  endfacet
  facet normal -0.657888 0.750185 0.0663775
    outer loop
      vertex -9.13142 11.9003 0
      vertex -5.11057 5.11057 116.588
      vertex -5.06863 5.14735 116.588
    endloop
  endfacet
  facet normal -0.657892 0.750181 0.0663774
    outer loop
      vertex -5.11057 5.11057 116.588
      vertex -9.13142 11.9003 0
      vertex -10.6066 10.6066 0
    endloop
  endfacet
  facet normal 0.894909 -0.441284 0.0663779
    outer loop
      vertex 6.25915 -3.61372 116.588
      vertex 13.8582 -5.74025 0
      vertex 6.28382 -3.56369 116.588
    endloop
  endfacet
  facet normal 0.894897 -0.441308 0.0663775
    outer loop
      vertex 13.8582 -5.74025 0
      vertex 6.25915 -3.61372 116.588
      vertex 12.9904 -7.5 0
    endloop
  endfacet
  facet normal 0.829637 0.554343 0.0663774
    outer loop
      vertex 6.18703 3.72166 116.588
      vertex 11.9003 9.13142 0
      vertex 5.73392 4.39979 116.588
    endloop
  endfacet
  facet normal 0.829655 0.554316 0.066377
    outer loop
      vertex 11.9003 9.13142 0
      vertex 6.18703 3.72166 116.588
      vertex 6.22816 3.6601 116.588
    endloop
  endfacet
  facet normal 0 0 -1
    outer loop
      vertex 2 0 0
      vertex 15 0 0
      vertex 14.8717 -1.95789 0
    endloop
  endfacet
  facet normal 0 0 -1
    outer loop
      vertex 1.98289 -0.261052 0
      vertex 14.8717 -1.95789 0
      vertex 14.4889 -3.88229 0
    endloop
  endfacet
  facet normal 0 0 -1
    outer loop
      vertex 15 0 0
      vertex 2 0 0
      vertex 14.8717 1.95789 0
    endloop
  endfacet
  facet normal 0 0 -1
    outer loop
      vertex 1.93185 -0.517637 0
      vertex 14.4889 -3.88229 0
      vertex 13.8582 -5.74025 0
    endloop
  endfacet
  facet normal 0 0 -1
    outer loop
      vertex 1.98289 0.261052 0
      vertex 14.8717 1.95789 0
      vertex 2 0 0
    endloop
  endfacet
  facet normal 0 0 -1
    outer loop
      vertex 1.84776 -0.765367 0
      vertex 13.8582 -5.74025 0
      vertex 12.9904 -7.5 0
    endloop
  endfacet
  facet normal -0 0 -1
    outer loop
      vertex 14.8717 1.95789 0
      vertex 1.98289 0.261052 0
      vertex 14.4889 3.88229 0
    endloop
  endfacet
  facet normal 0 0 -1
    outer loop
      vertex 1.73205 -1 0
      vertex 12.9904 -7.5 0
      vertex 11.9003 -9.13142 0
    endloop
  endfacet
  facet normal 0 0 -1
    outer loop
      vertex 1.93185 0.517637 0
      vertex 14.4889 3.88229 0
      vertex 1.98289 0.261052 0
    endloop
  endfacet
  facet normal 0 0 -1
    outer loop
      vertex 1.58671 -1.21752 0
      vertex 11.9003 -9.13142 0
      vertex 10.6066 -10.6066 0
    endloop
  endfacet
  facet normal -0 0 -1
    outer loop
      vertex 14.4889 3.88229 0
      vertex 1.93185 0.517637 0
      vertex 13.8582 5.74025 0
    endloop
  endfacet
  facet normal 0 0 -1
    outer loop
      vertex 1.41421 -1.41421 0
      vertex 10.6066 -10.6066 0
      vertex 9.13142 -11.9003 0
    endloop
  endfacet
  facet normal 0 0 -1
    outer loop
      vertex 1.84776 0.765367 0
      vertex 13.8582 5.74025 0
      vertex 1.93185 0.517637 0
    endloop
  endfacet
  facet normal 0 0 -1
    outer loop
      vertex 1.21752 -1.58671 0
      vertex 9.13142 -11.9003 0
      vertex 7.5 -12.9904 0
    endloop
  endfacet
  facet normal -0 0 -1
    outer loop
      vertex 13.8582 5.74025 0
      vertex 1.84776 0.765367 0
      vertex 12.9904 7.5 0
    endloop
  endfacet
  facet normal 0 0 -1
    outer loop
      vertex 1 -1.73205 0
      vertex 7.5 -12.9904 0
      vertex 5.74025 -13.8582 0
    endloop
  endfacet
  facet normal 0 0 -1
    outer loop
      vertex 1.73205 1 0
      vertex 12.9904 7.5 0
      vertex 1.84776 0.765367 0
    endloop
  endfacet
  facet normal 0 0 -1
    outer loop
      vertex 0.765367 -1.84776 0
      vertex 5.74025 -13.8582 0
      vertex 3.88229 -14.4889 0
    endloop
  endfacet
  facet normal -0 0 -1
    outer loop
      vertex 12.9904 7.5 0
      vertex 1.73205 1 0
      vertex 11.9003 9.13142 0
    endloop
  endfacet
  facet normal 0 0 -1
    outer loop
      vertex 1.58671 1.21752 0
      vertex 11.9003 9.13142 0
      vertex 1.73205 1 0
    endloop
  endfacet
  facet normal 0 0 -1
    outer loop
      vertex 14.8717 -1.95789 0
      vertex 1.98289 -0.261052 0
      vertex 2 0 0
    endloop
  endfacet
  facet normal 0 0 -1
    outer loop
      vertex 0.517637 -1.93185 0
      vertex 3.88229 -14.4889 0
      vertex 1.95789 -14.8717 0
    endloop
  endfacet
  facet normal 0 0 -1
    outer loop
      vertex 14.4889 -3.88229 0
      vertex 1.93185 -0.517637 0
      vertex 1.98289 -0.261052 0
    endloop
  endfacet
  facet normal 0 0 -1
    outer loop
      vertex 13.8582 -5.74025 0
      vertex 1.84776 -0.765367 0
      vertex 1.93185 -0.517637 0
    endloop
  endfacet
  facet normal 0 0 -1
    outer loop
      vertex 12.9904 -7.5 0
      vertex 1.73205 -1 0
      vertex 1.84776 -0.765367 0
    endloop
  endfacet
  facet normal 0 0 -1
    outer loop
      vertex 11.9003 -9.13142 0
      vertex 1.58671 -1.21752 0
      vertex 1.73205 -1 0
    endloop
  endfacet
  facet normal 0 0 -1
    outer loop
      vertex 10.6066 -10.6066 0
      vertex 1.41421 -1.41421 0
      vertex 1.58671 -1.21752 0
    endloop
  endfacet
  facet normal 0 0 -1
    outer loop
      vertex 9.13142 -11.9003 0
      vertex 1.21752 -1.58671 0
      vertex 1.41421 -1.41421 0
    endloop
  endfacet
  facet normal 0 0 -1
    outer loop
      vertex 7.5 -12.9904 0
      vertex 1 -1.73205 0
      vertex 1.21752 -1.58671 0
    endloop
  endfacet
  facet normal 0 0 -1
    outer loop
      vertex 5.74025 -13.8582 0
      vertex 0.765367 -1.84776 0
      vertex 1 -1.73205 0
    endloop
  endfacet
  facet normal 0 0 -1
    outer loop
      vertex 3.88229 -14.4889 0
      vertex 0.517637 -1.93185 0
      vertex 0.765367 -1.84776 0
    endloop
  endfacet
  facet normal 0 0 -1
    outer loop
      vertex 1.95789 -14.8717 0
      vertex 0.261052 -1.98289 0
      vertex 0.517637 -1.93185 0
    endloop
  endfacet
  facet normal 0 0 -1
    outer loop
      vertex 0 -15 0
      vertex 0.261052 -1.98289 0
      vertex 1.95789 -14.8717 0
    endloop
  endfacet
  facet normal 0 0 -1
    outer loop
      vertex 0 -15 0
      vertex 0 -2 0
      vertex 0.261052 -1.98289 0
    endloop
  endfacet
  facet normal 0 0 -1
    outer loop
      vertex 0 -15 0
      vertex -0.261052 -1.98289 0
      vertex 0 -2 0
    endloop
  endfacet
  facet normal 0 0 -1
    outer loop
      vertex -1.95789 -14.8717 0
      vertex -0.261052 -1.98289 0
      vertex 0 -15 0
    endloop
  endfacet
  facet normal -0 0 -1
    outer loop
      vertex -0.261052 -1.98289 0
      vertex -1.95789 -14.8717 0
      vertex -0.517637 -1.93185 0
    endloop
  endfacet
  facet normal 0 0 -1
    outer loop
      vertex -3.88229 -14.4889 0
      vertex -0.517637 -1.93185 0
      vertex -1.95789 -14.8717 0
    endloop
  endfacet
  facet normal -0 0 -1
    outer loop
      vertex -0.517637 -1.93185 0
      vertex -3.88229 -14.4889 0
      vertex -0.765367 -1.84776 0
    endloop
  endfacet
  facet normal 0 0 -1
    outer loop
      vertex -5.74025 -13.8582 0
      vertex -0.765367 -1.84776 0
      vertex -3.88229 -14.4889 0
    endloop
  endfacet
  facet normal -0 0 -1
    outer loop
      vertex -0.765367 -1.84776 0
      vertex -5.74025 -13.8582 0
      vertex -1 -1.73205 0
    endloop
  endfacet
  facet normal 0 0 -1
    outer loop
      vertex -7.5 -12.9904 0
      vertex -1 -1.73205 0
      vertex -5.74025 -13.8582 0
    endloop
  endfacet
  facet normal -0 0 -1
    outer loop
      vertex -1 -1.73205 0
      vertex -7.5 -12.9904 0
      vertex -1.21752 -1.58671 0
    endloop
  endfacet
  facet normal 0 0 -1
    outer loop
      vertex -9.13142 -11.9003 0
      vertex -1.21752 -1.58671 0
      vertex -7.5 -12.9904 0
    endloop
  endfacet
  facet normal -0 0 -1
    outer loop
      vertex -1.21752 -1.58671 0
      vertex -9.13142 -11.9003 0
      vertex -1.41421 -1.41421 0
    endloop
  endfacet
  facet normal 0 0 -1
    outer loop
      vertex -10.6066 -10.6066 0
      vertex -1.41421 -1.41421 0
      vertex -9.13142 -11.9003 0
    endloop
  endfacet
  facet normal -0 0 -1
    outer loop
      vertex -1.41421 -1.41421 0
      vertex -10.6066 -10.6066 0
      vertex -1.58671 -1.21752 0
    endloop
  endfacet
  facet normal 0 0 -1
    outer loop
      vertex -11.9003 -9.13142 0
      vertex -1.58671 -1.21752 0
      vertex -10.6066 -10.6066 0
    endloop
  endfacet
  facet normal -0 0 -1
    outer loop
      vertex 11.9003 9.13142 0
      vertex 1.58671 1.21752 0
      vertex 10.6066 10.6066 0
    endloop
  endfacet
  facet normal 0 0 -1
    outer loop
      vertex 1.41421 1.41421 0
      vertex 10.6066 10.6066 0
      vertex 1.58671 1.21752 0
    endloop
  endfacet
  facet normal -0 0 -1
    outer loop
      vertex 10.6066 10.6066 0
      vertex 1.41421 1.41421 0
      vertex 9.13142 11.9003 0
    endloop
  endfacet
  facet normal 0 0 -1
    outer loop
      vertex 1.21752 1.58671 0
      vertex 9.13142 11.9003 0
      vertex 1.41421 1.41421 0
    endloop
  endfacet
  facet normal -0 0 -1
    outer loop
      vertex 9.13142 11.9003 0
      vertex 1.21752 1.58671 0
      vertex 7.5 12.9904 0
    endloop
  endfacet
  facet normal 0 0 -1
    outer loop
      vertex 1 1.73205 0
      vertex 7.5 12.9904 0
      vertex 1.21752 1.58671 0
    endloop
  endfacet
  facet normal -0 0 -1
    outer loop
      vertex 7.5 12.9904 0
      vertex 1 1.73205 0
      vertex 5.74025 13.8582 0
    endloop
  endfacet
  facet normal 0 0 -1
    outer loop
      vertex 0.765367 1.84776 0
      vertex 5.74025 13.8582 0
      vertex 1 1.73205 0
    endloop
  endfacet
  facet normal -0 0 -1
    outer loop
      vertex 5.74025 13.8582 0
      vertex 0.765367 1.84776 0
      vertex 3.88229 14.4889 0
    endloop
  endfacet
  facet normal 0 0 -1
    outer loop
      vertex 0.517637 1.93185 0
      vertex 3.88229 14.4889 0
      vertex 0.765367 1.84776 0
    endloop
  endfacet
  facet normal -0 0 -1
    outer loop
      vertex 3.88229 14.4889 0
      vertex 0.517637 1.93185 0
      vertex 1.95789 14.8717 0
    endloop
  endfacet
  facet normal 0 0 -1
    outer loop
      vertex 0.261052 1.98289 0
      vertex 1.95789 14.8717 0
      vertex 0.517637 1.93185 0
    endloop
  endfacet
  facet normal 0 0 -1
    outer loop
      vertex 0 2 0
      vertex 1.95789 14.8717 0
      vertex 0.261052 1.98289 0
    endloop
  endfacet
  facet normal 0 0 -1
    outer loop
      vertex 0 2 0
      vertex 0 15 0
      vertex 1.95789 14.8717 0
    endloop
  endfacet
  facet normal 0 0 -1
    outer loop
      vertex -0.261052 1.98289 0
      vertex 0 15 0
      vertex 0 2 0
    endloop
  endfacet
  facet normal 0 0 -1
    outer loop
      vertex -1.95789 14.8717 0
      vertex -0.261052 1.98289 0
      vertex -0.517637 1.93185 0
    endloop
  endfacet
  facet normal 0 0 -1
    outer loop
      vertex -3.88229 14.4889 0
      vertex -0.517637 1.93185 0
      vertex -0.765367 1.84776 0
    endloop
  endfacet
  facet normal 0 0 -1
    outer loop
      vertex -5.74025 13.8582 0
      vertex -0.765367 1.84776 0
      vertex -1 1.73205 0
    endloop
  endfacet
  facet normal 0 0 -1
    outer loop
      vertex -7.5 12.9904 0
      vertex -1 1.73205 0
      vertex -1.21752 1.58671 0
    endloop
  endfacet
  facet normal 0 0 -1
    outer loop
      vertex -9.13142 11.9003 0
      vertex -1.21752 1.58671 0
      vertex -1.41421 1.41421 0
    endloop
  endfacet
  facet normal 0 0 -1
    outer loop
      vertex -10.6066 10.6066 0
      vertex -1.41421 1.41421 0
      vertex -1.58671 1.21752 0
    endloop
  endfacet
  facet normal 0 0 -1
    outer loop
      vertex -11.9003 9.13142 0
      vertex -1.58671 1.21752 0
      vertex -1.73205 1 0
    endloop
  endfacet
  facet normal 0 0 -1
    outer loop
      vertex -12.9904 7.5 0
      vertex -1.73205 1 0
      vertex -1.84776 0.765367 0
    endloop
  endfacet
  facet normal 0 0 -1
    outer loop
      vertex -13.8582 5.74025 0
      vertex -1.84776 0.765367 0
      vertex -1.93185 0.517637 0
    endloop
  endfacet
  facet normal 0 0 -1
    outer loop
      vertex -0.261052 1.98289 0
      vertex -1.95789 14.8717 0
      vertex 0 15 0
    endloop
  endfacet
  facet normal 0 0 -1
    outer loop
      vertex -14.4889 3.88229 0
      vertex -1.93185 0.517637 0
      vertex -1.98289 0.261052 0
    endloop
  endfacet
  facet normal 0 0 -1
    outer loop
      vertex -14.8717 1.95789 0
      vertex -1.98289 0.261052 0
      vertex -2 0 0
    endloop
  endfacet
  facet normal -0 0 -1
    outer loop
      vertex -1.58671 -1.21752 0
      vertex -11.9003 -9.13142 0
      vertex -1.73205 -1 0
    endloop
  endfacet
  facet normal 0 0 -1
    outer loop
      vertex -0.517637 1.93185 0
      vertex -3.88229 14.4889 0
      vertex -1.95789 14.8717 0
    endloop
  endfacet
  facet normal 0 0 -1
    outer loop
      vertex -12.9904 -7.5 0
      vertex -1.73205 -1 0
      vertex -11.9003 -9.13142 0
    endloop
  endfacet
  facet normal 0 0 -1
    outer loop
      vertex -0.765367 1.84776 0
      vertex -5.74025 13.8582 0
      vertex -3.88229 14.4889 0
    endloop
  endfacet
  facet normal -0 0 -1
    outer loop
      vertex -1.73205 -1 0
      vertex -12.9904 -7.5 0
      vertex -1.84776 -0.765367 0
    endloop
  endfacet
  facet normal 0 0 -1
    outer loop
      vertex -1 1.73205 0
      vertex -7.5 12.9904 0
      vertex -5.74025 13.8582 0
    endloop
  endfacet
  facet normal 0 0 -1
    outer loop
      vertex -13.8582 -5.74025 0
      vertex -1.84776 -0.765367 0
      vertex -12.9904 -7.5 0
    endloop
  endfacet
  facet normal 0 0 -1
    outer loop
      vertex -1.21752 1.58671 0
      vertex -9.13142 11.9003 0
      vertex -7.5 12.9904 0
    endloop
  endfacet
  facet normal -0 0 -1
    outer loop
      vertex -1.84776 -0.765367 0
      vertex -13.8582 -5.74025 0
      vertex -1.93185 -0.517637 0
    endloop
  endfacet
  facet normal 0 0 -1
    outer loop
      vertex -1.41421 1.41421 0
      vertex -10.6066 10.6066 0
      vertex -9.13142 11.9003 0
    endloop
  endfacet
  facet normal 0 0 -1
    outer loop
      vertex -14.4889 -3.88229 0
      vertex -1.93185 -0.517637 0
      vertex -13.8582 -5.74025 0
    endloop
  endfacet
  facet normal 0 0 -1
    outer loop
      vertex -1.58671 1.21752 0
      vertex -11.9003 9.13142 0
      vertex -10.6066 10.6066 0
    endloop
  endfacet
  facet normal -0 0 -1
    outer loop
      vertex -1.93185 -0.517637 0
      vertex -14.4889 -3.88229 0
      vertex -1.98289 -0.261052 0
    endloop
  endfacet
  facet normal 0 0 -1
    outer loop
      vertex -1.73205 1 0
      vertex -12.9904 7.5 0
      vertex -11.9003 9.13142 0
    endloop
  endfacet
  facet normal 0 0 -1
    outer loop
      vertex -14.8717 -1.95789 0
      vertex -1.98289 -0.261052 0
      vertex -14.4889 -3.88229 0
    endloop
  endfacet
  facet normal 0 0 -1
    outer loop
      vertex -1.84776 0.765367 0
      vertex -13.8582 5.74025 0
      vertex -12.9904 7.5 0
    endloop
  endfacet
  facet normal -0 0 -1
    outer loop
      vertex -1.98289 -0.261052 0
      vertex -14.8717 -1.95789 0
      vertex -2 0 0
    endloop
  endfacet
  facet normal 0 0 -1
    outer loop
      vertex -1.93185 0.517637 0
      vertex -14.4889 3.88229 0
      vertex -13.8582 5.74025 0
    endloop
  endfacet
  facet normal 0 0 -1
    outer loop
      vertex -15 0 0
      vertex -2 0 0
      vertex -14.8717 -1.95789 0
    endloop
  endfacet
  facet normal 0 0 -1
    outer loop
      vertex -1.98289 0.261052 0
      vertex -14.8717 1.95789 0
      vertex -14.4889 3.88229 0
    endloop
  endfacet
  facet normal 0 0 -1
    outer loop
      vertex -2 0 0
      vertex -15 0 0
      vertex -14.8717 1.95789 0
    endloop
  endfacet
  facet normal 0 0 1
    outer loop
      vertex 0.887707 7.16926 116.588
      vertex 0 7.22744 116.588
      vertex 0.813834 7.1741 116.588
    endloop
  endfacet
  facet normal 0.0652551 0.995658 0.0663775
    outer loop
      vertex 0 7.22744 116.588
      vertex 0.887707 7.16926 116.588
      vertex 0 15 0
    endloop
  endfacet
  facet normal 0 0 1
    outer loop
      vertex 0 7.22744 116.588
      vertex -0.887707 7.16926 116.588
      vertex -0.813834 7.1741 116.588
    endloop
  endfacet
  facet normal -0.0652551 0.995658 0.0663775
    outer loop
      vertex -0.887707 7.16926 116.588
      vertex 0 7.22744 116.588
      vertex 0 15 0
    endloop
  endfacet
  facet normal 0 0 -1
    outer loop
      vertex 3.56369 6.28382 116.588
      vertex 2.76582 6.67729 116.588
      vertex 3.49729 6.31657 116.588
    endloop
  endfacet
  facet normal 0.441317 0.894893 0.0663774
    outer loop
      vertex 2.76582 6.67729 116.588
      vertex 3.56369 6.28382 116.588
      vertex 5.74025 13.8582 0
    endloop
  endfacet
  facet normal -0.554352 -0.829631 0.0663775
    outer loop
      vertex -7.5 -12.9904 0
      vertex -3.6601 -6.22816 116.588
      vertex -9.13142 -11.9003 0
    endloop
  endfacet
  facet normal -0.554343 -0.829637 0.0663776
    outer loop
      vertex -3.6601 -6.22816 116.588
      vertex -7.5 -12.9904 0
      vertex -3.61372 -6.25915 116.588
    endloop
  endfacet
  facet normal -0.829631 0.554352 0.0663775
    outer loop
      vertex -12.9904 7.5 0
      vertex -6.22816 3.6601 116.588
      vertex -11.9003 9.13142 0
    endloop
  endfacet
  facet normal -0.829637 0.554343 0.0663776
    outer loop
      vertex -6.22816 3.6601 116.588
      vertex -12.9904 7.5 0
      vertex -6.25915 3.61372 116.588
    endloop
  endfacet
  facet normal -0.894909 -0.441284 0.0663779
    outer loop
      vertex -13.8582 -5.74025 0
      vertex -6.25915 -3.61372 116.588
      vertex -6.28382 -3.56369 116.588
    endloop
  endfacet
  facet normal -0.894897 -0.441308 0.0663775
    outer loop
      vertex -6.25915 -3.61372 116.588
      vertex -13.8582 -5.74025 0
      vertex -12.9904 -7.5 0
    endloop
  endfacet
  facet normal -0.995658 -0.0652571 0.0663775
    outer loop
      vertex -15 0 0
      vertex -7.1741 -0.813834 116.588
      vertex -7.22744 0 116.588
    endloop
  endfacet
  facet normal -0.99566 -0.0652335 0.0663777
    outer loop
      vertex -7.1741 -0.813834 116.588
      vertex -15 0 0
      vertex -7.16926 -0.887707 116.588
    endloop
  endfacet
  facet normal 0.750155 -0.657923 0.0663772
    outer loop
      vertex 5.64832 -4.49739 116.588
      vertex 11.9003 -9.13142 0
      vertex 5.73392 -4.39979 116.588
    endloop
  endfacet
  facet normal 0.750178 -0.657896 0.0663774
    outer loop
      vertex 11.9003 -9.13142 0
      vertex 5.64832 -4.49739 116.588
      vertex 5.14735 -5.06863 116.588
    endloop
  endfacet
  facet normal 0.829637 -0.554343 0.0663776
    outer loop
      vertex 6.22816 -3.6601 116.588
      vertex 12.9904 -7.5 0
      vertex 6.25915 -3.61372 116.588
    endloop
  endfacet
  facet normal 0.829631 -0.554352 0.0663775
    outer loop
      vertex 12.9904 -7.5 0
      vertex 6.22816 -3.6601 116.588
      vertex 11.9003 -9.13142 0
    endloop
  endfacet
  facet normal 0 0 -1
    outer loop
      vertex -1.92342 6.96324 116.588
      vertex -2.76582 6.67729 116.588
      vertex -1.99352 6.93945 116.588
    endloop
  endfacet
  facet normal -0.320724 0.944844 0.0663774
    outer loop
      vertex -2.76582 6.67729 116.588
      vertex -1.92342 6.96324 116.588
      vertex -5.74025 13.8582 0
    endloop
  endfacet
  facet normal -0.194666 -0.978621 0.0663776
    outer loop
      vertex -1.95789 -14.8717 0
      vertex -0.998082 -7.15473 116.588
      vertex -3.88229 -14.4889 0
    endloop
  endfacet
  facet normal -0.19461 -0.978632 0.0663779
    outer loop
      vertex -0.998082 -7.15473 116.588
      vertex -1.95789 -14.8717 0
      vertex -0.94337 -7.16561 116.588
    endloop
  endfacet
  facet normal -0.441308 -0.894897 0.0663775
    outer loop
      vertex -5.74025 -13.8582 0
      vertex -3.61372 -6.25915 116.588
      vertex -7.5 -12.9904 0
    endloop
  endfacet
  facet normal -0.441284 -0.894909 0.0663779
    outer loop
      vertex -3.61372 -6.25915 116.588
      vertex -5.74025 -13.8582 0
      vertex -3.56369 -6.28382 116.588
    endloop
  endfacet
  facet normal 0 0 -1
    outer loop
      vertex -6.22816 -3.6601 116.588
      vertex -5.73392 -4.39979 116.588
      vertex -6.18703 -3.72166 116.588
    endloop
  endfacet
  facet normal -0.829639 -0.554341 0.0663774
    outer loop
      vertex -5.73392 -4.39979 116.588
      vertex -6.22816 -3.6601 116.588
      vertex -11.9003 -9.13142 0
    endloop
  endfacet
  facet normal 0 0 -1
    outer loop
      vertex -7.15473 -0.998082 116.588
      vertex -6.98117 -1.8706 116.588
      vertex -7.0065 -1.74328 116.588
    endloop
  endfacet
  facet normal -0.978621 -0.194666 0.0663776
    outer loop
      vertex -6.98117 -1.8706 116.588
      vertex -7.15473 -0.998082 116.588
      vertex -14.4889 -3.88229 0
    endloop
  endfacet
  facet normal -0.320734 -0.944841 0.0663775
    outer loop
      vertex -3.88229 -14.4889 0
      vertex -1.92342 -6.96324 116.588
      vertex -5.74025 -13.8582 0
    endloop
  endfacet
  facet normal -0.320731 -0.944842 0.0663776
    outer loop
      vertex -1.92342 -6.96324 116.588
      vertex -3.88229 -14.4889 0
      vertex -1.8706 -6.98117 116.588
    endloop
  endfacet
  facet normal 0.19461 -0.978632 0.0663779
    outer loop
      vertex 1.95789 -14.8717 0
      vertex 0.998082 -7.15473 116.588
      vertex 0.94337 -7.16561 116.588
    endloop
  endfacet
  facet normal 0.194666 -0.978621 0.0663776
    outer loop
      vertex 0.998082 -7.15473 116.588
      vertex 1.95789 -14.8717 0
      vertex 3.88229 -14.4889 0
    endloop
  endfacet
  facet normal 0.554352 0.829631 0.0663775
    outer loop
      vertex 7.5 12.9904 0
      vertex 3.6601 6.22816 116.588
      vertex 9.13142 11.9003 0
    endloop
  endfacet
  facet normal 0.554343 0.829637 0.0663776
    outer loop
      vertex 3.6601 6.22816 116.588
      vertex 7.5 12.9904 0
      vertex 3.61372 6.25915 116.588
    endloop
  endfacet
  facet normal 0 0 -1
    outer loop
      vertex -0.998082 7.15473 116.588
      vertex -1.8706 6.98117 116.588
      vertex -1.74328 7.0065 116.588
    endloop
  endfacet
  facet normal -0.194666 0.978621 0.0663776
    outer loop
      vertex -1.8706 6.98117 116.588
      vertex -0.998082 7.15473 116.588
      vertex -3.88229 14.4889 0
    endloop
  endfacet
  facet normal 0 0 -1
    outer loop
      vertex -1.8706 -6.98117 116.588
      vertex -0.998082 -7.15473 116.588
      vertex -1.74328 -7.0065 116.588
    endloop
  endfacet
  facet normal -0.194666 -0.978621 0.0663776
    outer loop
      vertex -0.998082 -7.15473 116.588
      vertex -1.8706 -6.98117 116.588
      vertex -3.88229 -14.4889 0
    endloop
  endfacet
  facet normal 0.441308 0.894897 0.0663775
    outer loop
      vertex 5.74025 13.8582 0
      vertex 3.61372 6.25915 116.588
      vertex 7.5 12.9904 0
    endloop
  endfacet
  facet normal 0.441284 0.894909 0.0663779
    outer loop
      vertex 3.61372 6.25915 116.588
      vertex 5.74025 13.8582 0
      vertex 3.56369 6.28382 116.588
    endloop
  endfacet
  facet normal 0.944842 0.32073 0.0663774
    outer loop
      vertex 6.93945 1.99352 116.588
      vertex 13.8582 5.74025 0
      vertex 6.67729 2.76582 116.588
    endloop
  endfacet
  facet normal 0.944865 0.320661 0.0663766
    outer loop
      vertex 13.8582 5.74025 0
      vertex 6.93945 1.99352 116.588
      vertex 6.96324 1.92342 116.588
    endloop
  endfacet
  facet normal -0.978621 0.194666 0.0663776
    outer loop
      vertex -14.8717 1.95789 0
      vertex -7.15473 0.998082 116.588
      vertex -14.4889 3.88229 0
    endloop
  endfacet
  facet normal -0.978632 0.19461 0.0663779
    outer loop
      vertex -7.15473 0.998082 116.588
      vertex -14.8717 1.95789 0
      vertex -7.16561 0.94337 116.588
    endloop
  endfacet
  facet normal 0 0 -1
    outer loop
      vertex 6.98117 -1.8706 116.588
      vertex 7.15473 -0.998082 116.588
      vertex 7.0065 -1.74328 116.588
    endloop
  endfacet
  facet normal 0.978621 -0.194666 0.0663776
    outer loop
      vertex 7.15473 -0.998082 116.588
      vertex 6.98117 -1.8706 116.588
      vertex 14.4889 -3.88229 0
    endloop
  endfacet
  facet normal -0.829637 0.554343 0.0663774
    outer loop
      vertex -11.9003 9.13142 0
      vertex -6.18703 3.72166 116.588
      vertex -5.73392 4.39979 116.588
    endloop
  endfacet
  facet normal -0.829655 0.554316 0.066377
    outer loop
      vertex -6.18703 3.72166 116.588
      vertex -11.9003 9.13142 0
      vertex -6.22816 3.6601 116.588
    endloop
  endfacet
  facet normal -0.19461 0.978632 0.0663779
    outer loop
      vertex -1.95789 14.8717 0
      vertex -0.998082 7.15473 116.588
      vertex -0.94337 7.16561 116.588
    endloop
  endfacet
  facet normal -0.194666 0.978621 0.0663776
    outer loop
      vertex -0.998082 7.15473 116.588
      vertex -1.95789 14.8717 0
      vertex -3.88229 14.4889 0
    endloop
  endfacet
  facet normal 0.320734 0.944841 0.0663775
    outer loop
      vertex 3.88229 14.4889 0
      vertex 1.92342 6.96324 116.588
      vertex 5.74025 13.8582 0
    endloop
  endfacet
  facet normal 0.320731 0.944842 0.0663776
    outer loop
      vertex 1.92342 6.96324 116.588
      vertex 3.88229 14.4889 0
      vertex 1.8706 6.98117 116.588
    endloop
  endfacet
  facet normal 0.194666 0.978621 0.0663776
    outer loop
      vertex 1.95789 14.8717 0
      vertex 0.998082 7.15473 116.588
      vertex 3.88229 14.4889 0
    endloop
  endfacet
  facet normal 0.19461 0.978632 0.0663779
    outer loop
      vertex 0.998082 7.15473 116.588
      vertex 1.95789 14.8717 0
      vertex 0.94337 7.16561 116.588
    endloop
  endfacet
  facet normal 0 0 -1
    outer loop
      vertex 4.39979 5.73392 116.588
      vertex 3.6601 6.22816 116.588
      vertex 3.72166 6.18703 116.588
    endloop
  endfacet
  facet normal 0.554341 0.829639 0.0663774
    outer loop
      vertex 3.6601 6.22816 116.588
      vertex 4.39979 5.73392 116.588
      vertex 9.13142 11.9003 0
    endloop
  endfacet
  facet normal 0 0 -1
    outer loop
      vertex -6.96324 -1.92342 116.588
      vertex -6.67729 -2.76582 116.588
      vertex -6.93945 -1.99352 116.588
    endloop
  endfacet
  facet normal -0.944844 -0.320724 0.0663774
    outer loop
      vertex -6.67729 -2.76582 116.588
      vertex -6.96324 -1.92342 116.588
      vertex -13.8582 -5.74025 0
    endloop
  endfacet
  facet normal 0.657923 -0.750155 0.0663772
    outer loop
      vertex 4.49739 -5.64832 116.588
      vertex 4.39979 -5.73392 116.588
      vertex 9.13142 -11.9003 0
    endloop
  endfacet
  facet normal 0.657896 -0.750178 0.0663774
    outer loop
      vertex 5.06863 -5.14735 116.588
      vertex 4.49739 -5.64832 116.588
      vertex 9.13142 -11.9003 0
    endloop
  endfacet
  facet normal 0 0 -1
    outer loop
      vertex 3.6601 -6.22816 116.588
      vertex 4.39979 -5.73392 116.588
      vertex 3.72166 -6.18703 116.588
    endloop
  endfacet
  facet normal 0.554341 -0.829639 0.0663774
    outer loop
      vertex 4.39979 -5.73392 116.588
      vertex 3.6601 -6.22816 116.588
      vertex 9.13142 -11.9003 0
    endloop
  endfacet
  facet normal -0.978616 0.194693 0.0663777
    outer loop
      vertex -14.4889 3.88229 0
      vertex -7.0065 1.74328 116.588
      vertex -6.98117 1.8706 116.588
    endloop
  endfacet
  facet normal -0.978622 0.194661 0.0663775
    outer loop
      vertex -7.0065 1.74328 116.588
      vertex -14.4889 3.88229 0
      vertex -7.15473 0.998082 116.588
    endloop
  endfacet
  facet normal 0 0 -1
    outer loop
      vertex 6.67729 -2.76582 116.588
      vertex 6.96324 -1.92342 116.588
      vertex 6.93945 -1.99352 116.588
    endloop
  endfacet
  facet normal 0.944844 -0.320724 0.0663774
    outer loop
      vertex 6.96324 -1.92342 116.588
      vertex 6.67729 -2.76582 116.588
      vertex 13.8582 -5.74025 0
    endloop
  endfacet
  facet normal -0.980784 -0.195096 0
    outer loop
      vertex 1.93185 0.517637 0
      vertex 1.95437 0.404425 112.271
      vertex 1.93185 0.517637 112.271
    endloop
  endfacet
  facet normal -0.980784 -0.195098 -1.57568e-09
    outer loop
      vertex 1.98289 0.261052 0
      vertex 1.95437 0.404425 112.271
      vertex 1.93185 0.517637 0
    endloop
  endfacet
  facet normal -0.980784 -0.195099 0
    outer loop
      vertex 1.95437 0.404425 112.271
      vertex 1.98289 0.261052 0
      vertex 1.98289 0.261052 112.271
    endloop
  endfacet
  facet normal -0.997859 -0.0654075 0
    outer loop
      vertex 1.98289 0.261052 0
      vertex 1.99044 0.145869 112.271
      vertex 1.98289 0.261052 112.271
    endloop
  endfacet
  facet normal -0.997859 -0.0654022 5.49751e-09
    outer loop
      vertex 2 0 0
      vertex 1.99044 0.145869 112.271
      vertex 1.98289 0.261052 0
    endloop
  endfacet
  facet normal -0.997859 -0.065398 0
    outer loop
      vertex 1.99044 0.145869 112.271
      vertex 2 0 0
      vertex 2 0 112.271
    endloop
  endfacet
  facet normal 0 0 1
    outer loop
      vertex 0 2 112.271
      vertex 0.261052 1.98289 112.271
      vertex 0.145869 1.99044 112.271
    endloop
  endfacet
  facet normal -0.0654022 -0.997859 0
    outer loop
      vertex 0 2 0
      vertex 0.261052 1.98289 112.271
      vertex 0 2 112.271
    endloop
  endfacet
  facet normal -0.0654022 -0.997859 -0
    outer loop
      vertex 0.261052 1.98289 112.271
      vertex 0 2 0
      vertex 0.261052 1.98289 0
    endloop
  endfacet
  facet normal 0 0 -1
    outer loop
      vertex -0.517637 1.93185 112.271
      vertex -0.261052 1.98289 112.271
      vertex -0.404425 1.95437 112.271
    endloop
  endfacet
  facet normal 0.195098 -0.980784 0
    outer loop
      vertex -0.517637 1.93185 0
      vertex -0.261052 1.98289 112.271
      vertex -0.517637 1.93185 112.271
    endloop
  endfacet
  facet normal 0.195098 -0.980784 0
    outer loop
      vertex -0.261052 1.98289 112.271
      vertex -0.517637 1.93185 0
      vertex -0.261052 1.98289 0
    endloop
  endfacet
  facet normal 1 -0 0
    outer loop
      vertex -1.93185 -0.517638 112.271
      vertex -1.93185 -0.517637 0
      vertex -1.93185 -0.517637 112.271
    endloop
  endfacet
  facet normal 0.94694 0.321411 2.86281e-09
    outer loop
      vertex -1.89475 -0.626942 112.271
      vertex -1.93185 -0.517637 0
      vertex -1.93185 -0.517638 112.271
    endloop
  endfacet
  facet normal 0.946927 0.321448 4.33554e-08
    outer loop
      vertex -1.84776 -0.765366 112.271
      vertex -1.93185 -0.517637 0
      vertex -1.89475 -0.626942 112.271
    endloop
  endfacet
  facet normal 1 0 -0.000748991
    outer loop
      vertex -1.84776 -0.765367 112.271
      vertex -1.93185 -0.517637 0
      vertex -1.84776 -0.765366 112.271
    endloop
  endfacet
  facet normal 0.946934 0.321429 0
    outer loop
      vertex -1.93185 -0.517637 0
      vertex -1.84776 -0.765367 112.271
      vertex -1.84776 -0.765367 0
    endloop
  endfacet
  facet normal 0 0 1
    outer loop
      vertex 1.21752 -1.58671 112.271
      vertex 1 -1.73205 112.271
      vertex 1.09598 -1.66792 112.271
    endloop
  endfacet
  facet normal -0.555564 0.831474 0
    outer loop
      vertex 1.21752 -1.58671 0
      vertex 1 -1.73205 112.271
      vertex 1.21752 -1.58671 112.271
    endloop
  endfacet
  facet normal -0.555564 0.831474 0
    outer loop
      vertex 1 -1.73205 112.271
      vertex 1.21752 -1.58671 0
      vertex 1 -1.73205 0
    endloop
  endfacet
  facet normal 0.896886 -0.442262 0
    outer loop
      vertex -1.7831 0.896473 112.271
      vertex -1.73205 1 0
      vertex -1.73205 1 112.271
    endloop
  endfacet
  facet normal 0.896857 -0.44232 -6.66894e-08
    outer loop
      vertex -1.84776 0.765367 112.271
      vertex -1.73205 1 0
      vertex -1.7831 0.896473 112.271
    endloop
  endfacet
  facet normal 0.89687 -0.442294 0
    outer loop
      vertex -1.73205 1 0
      vertex -1.84776 0.765367 112.271
      vertex -1.84776 0.765367 0
    endloop
  endfacet
  facet normal 1 -0 0
    outer loop
      vertex -1.84776 0.765366 112.271
      vertex -1.84776 0.765367 0
      vertex -1.84776 0.765367 112.271
    endloop
  endfacet
  facet normal 0.946927 -0.321448 -2.86314e-09
    outer loop
      vertex -1.89475 0.626942 112.271
      vertex -1.84776 0.765367 0
      vertex -1.84776 0.765366 112.271
    endloop
  endfacet
  facet normal 0.94694 -0.321411 4.84178e-08
    outer loop
      vertex -1.93185 0.517638 112.271
      vertex -1.84776 0.765367 0
      vertex -1.89475 0.626942 112.271
    endloop
  endfacet
  facet normal 1 -0 0.000748991
    outer loop
      vertex -1.93185 0.517637 112.271
      vertex -1.84776 0.765367 0
      vertex -1.93185 0.517638 112.271
    endloop
  endfacet
  facet normal 0.946934 -0.321429 0
    outer loop
      vertex -1.84776 0.765367 0
      vertex -1.93185 0.517637 112.271
      vertex -1.93185 0.517637 0
    endloop
  endfacet
  facet normal 0 0 -1
    outer loop
      vertex -0.765367 1.84776 112.271
      vertex -0.626942 1.89475 112.271
      vertex -0.765366 1.84776 112.271
    endloop
  endfacet
  facet normal 0 0 1
    outer loop
      vertex -0.765367 1.84776 112.271
      vertex -0.517638 1.93185 112.271
      vertex -0.626942 1.89475 112.271
    endloop
  endfacet
  facet normal 0 0 1
    outer loop
      vertex -0.765367 1.84776 112.271
      vertex -0.517637 1.93185 112.271
      vertex -0.517638 1.93185 112.271
    endloop
  endfacet
  facet normal 0.321429 -0.946934 0
    outer loop
      vertex -0.765367 1.84776 0
      vertex -0.517637 1.93185 112.271
      vertex -0.765367 1.84776 112.271
    endloop
  endfacet
  facet normal 0.321429 -0.946934 0
    outer loop
      vertex -0.517637 1.93185 112.271
      vertex -0.765367 1.84776 0
      vertex -0.517637 1.93185 0
    endloop
  endfacet
  facet normal -0.997859 0.065398 0
    outer loop
      vertex 2 0 0
      vertex 1.99044 -0.145869 112.271
      vertex 2 0 112.271
    endloop
  endfacet
  facet normal -0.997859 0.0654075 1.24596e-08
    outer loop
      vertex 2 0 0
      vertex 1.98289 -0.261052 112.271
      vertex 1.99044 -0.145869 112.271
    endloop
  endfacet
  facet normal -0.997859 0.0654022 0
    outer loop
      vertex 1.98289 -0.261052 0
      vertex 1.98289 -0.261052 112.271
      vertex 2 0 0
    endloop
  endfacet
  facet normal 0.831471 -0.555568 0
    outer loop
      vertex -1.66792 1.09598 112.271
      vertex -1.58671 1.21752 0
      vertex -1.58671 1.21752 112.271
    endloop
  endfacet
  facet normal 0.831477 -0.55556 1.35496e-08
    outer loop
      vertex -1.73205 1 112.271
      vertex -1.58671 1.21752 0
      vertex -1.66792 1.09598 112.271
    endloop
  endfacet
  facet normal 0.831474 -0.555564 0
    outer loop
      vertex -1.58671 1.21752 0
      vertex -1.73205 1 112.271
      vertex -1.73205 1 0
    endloop
  endfacet
  facet normal 0.980784 -0.195096 0
    outer loop
      vertex -1.95437 0.404425 112.271
      vertex -1.93185 0.517637 0
      vertex -1.93185 0.517637 112.271
    endloop
  endfacet
  facet normal 0.980784 -0.195099 -2.81989e-09
    outer loop
      vertex -1.98289 0.261052 112.271
      vertex -1.93185 0.517637 0
      vertex -1.95437 0.404425 112.271
    endloop
  endfacet
  facet normal 0.980784 -0.195098 0
    outer loop
      vertex -1.93185 0.517637 0
      vertex -1.98289 0.261052 112.271
      vertex -1.98289 0.261052 0
    endloop
  endfacet
  facet normal -1 0 0
    outer loop
      vertex 1.93185 -0.517637 0
      vertex 1.93185 -0.517638 112.271
      vertex 1.93185 -0.517637 112.271
    endloop
  endfacet
  facet normal -0.94694 0.321411 2.86281e-09
    outer loop
      vertex 1.93185 -0.517637 0
      vertex 1.89475 -0.626942 112.271
      vertex 1.93185 -0.517638 112.271
    endloop
  endfacet
  facet normal -0.946927 0.321448 4.33554e-08
    outer loop
      vertex 1.93185 -0.517637 0
      vertex 1.84776 -0.765366 112.271
      vertex 1.89475 -0.626942 112.271
    endloop
  endfacet
  facet normal -0.946934 0.321429 -2.86298e-09
    outer loop
      vertex 1.84776 -0.765367 0
      vertex 1.84776 -0.765366 112.271
      vertex 1.93185 -0.517637 0
    endloop
  endfacet
  facet normal -1 -0 0
    outer loop
      vertex 1.84776 -0.765366 112.271
      vertex 1.84776 -0.765367 0
      vertex 1.84776 -0.765367 112.271
    endloop
  endfacet
  facet normal 0 0 1
    outer loop
      vertex 1.41421 -1.41421 112.271
      vertex 1.21752 -1.58671 112.271
      vertex 1.32743 -1.49032 112.271
    endloop
  endfacet
  facet normal -0.659362 0.751826 0
    outer loop
      vertex 1.41421 -1.41421 0
      vertex 1.21752 -1.58671 112.271
      vertex 1.41421 -1.41421 112.271
    endloop
  endfacet
  facet normal -0.659362 0.751826 0
    outer loop
      vertex 1.21752 -1.58671 112.271
      vertex 1.41421 -1.41421 0
      vertex 1.21752 -1.58671 0
    endloop
  endfacet
  facet normal -0 0 1
    outer loop
      vertex 0.517637 1.93185 112.271
      vertex 0.626942 1.89475 112.271
      vertex 0.517638 1.93185 112.271
    endloop
  endfacet
  facet normal 0 0 1
    outer loop
      vertex 0.517637 1.93185 112.271
      vertex 0.765366 1.84776 112.271
      vertex 0.626942 1.89475 112.271
    endloop
  endfacet
  facet normal 0 0 -1
    outer loop
      vertex 0.517637 1.93185 112.271
      vertex 0.765367 1.84776 112.271
      vertex 0.765366 1.84776 112.271
    endloop
  endfacet
  facet normal -0.321429 -0.946934 0
    outer loop
      vertex 0.517637 1.93185 0
      vertex 0.765367 1.84776 112.271
      vertex 0.517637 1.93185 112.271
    endloop
  endfacet
  facet normal -0.321429 -0.946934 -0
    outer loop
      vertex 0.765367 1.84776 112.271
      vertex 0.517637 1.93185 0
      vertex 0.765367 1.84776 0
    endloop
  endfacet
  facet normal 0.751835 0.659352 0
    outer loop
      vertex -1.49032 -1.32743 112.271
      vertex -1.58671 -1.21752 0
      vertex -1.58671 -1.21752 112.271
    endloop
  endfacet
  facet normal 0.751814 0.659375 4.05813e-08
    outer loop
      vertex -1.41421 -1.41421 112.271
      vertex -1.58671 -1.21752 0
      vertex -1.49032 -1.32743 112.271
    endloop
  endfacet
  facet normal 0.751826 0.659362 0
    outer loop
      vertex -1.58671 -1.21752 0
      vertex -1.41421 -1.41421 112.271
      vertex -1.41421 -1.41421 0
    endloop
  endfacet
  facet normal 0 0 1
    outer loop
      vertex -1.41421 1.41421 112.271
      vertex -1.21752 1.58671 112.271
      vertex -1.32743 1.49032 112.271
    endloop
  endfacet
  facet normal 0.659362 -0.751826 0
    outer loop
      vertex -1.41421 1.41421 0
      vertex -1.21752 1.58671 112.271
      vertex -1.41421 1.41421 112.271
    endloop
  endfacet
  facet normal 0.659362 -0.751826 0
    outer loop
      vertex -1.21752 1.58671 112.271
      vertex -1.41421 1.41421 0
      vertex -1.21752 1.58671 0
    endloop
  endfacet
  facet normal 0.997859 -0.0654075 0
    outer loop
      vertex -1.99044 0.145869 112.271
      vertex -1.98289 0.261052 0
      vertex -1.98289 0.261052 112.271
    endloop
  endfacet
  facet normal 0.997859 -0.065398 9.83854e-09
    outer loop
      vertex -2 0 112.271
      vertex -1.98289 0.261052 0
      vertex -1.99044 0.145869 112.271
    endloop
  endfacet
  facet normal 0.997859 -0.0654022 0
    outer loop
      vertex -1.98289 0.261052 0
      vertex -2 0 112.271
      vertex -2 0 0
    endloop
  endfacet
  facet normal 0 0 1
    outer loop
      vertex 1 1.73205 112.271
      vertex 1.21752 1.58671 112.271
      vertex 1.09598 1.66792 112.271
    endloop
  endfacet
  facet normal -0.555564 -0.831474 0
    outer loop
      vertex 1 1.73205 0
      vertex 1.21752 1.58671 112.271
      vertex 1 1.73205 112.271
    endloop
  endfacet
  facet normal -0.555564 -0.831474 -0
    outer loop
      vertex 1.21752 1.58671 112.271
      vertex 1 1.73205 0
      vertex 1.21752 1.58671 0
    endloop
  endfacet
  facet normal -0.831477 0.55556 0
    outer loop
      vertex 1.73205 -1 0
      vertex 1.66792 -1.09598 112.271
      vertex 1.73205 -1 112.271
    endloop
  endfacet
  facet normal -0.831474 0.555564 5.97869e-09
    outer loop
      vertex 1.58671 -1.21752 0
      vertex 1.66792 -1.09598 112.271
      vertex 1.73205 -1 0
    endloop
  endfacet
  facet normal -0.831471 0.555568 0
    outer loop
      vertex 1.66792 -1.09598 112.271
      vertex 1.58671 -1.21752 0
      vertex 1.58671 -1.21752 112.271
    endloop
  endfacet
  facet normal -0.831471 -0.555568 0
    outer loop
      vertex 1.58671 1.21752 0
      vertex 1.66792 1.09598 112.271
      vertex 1.58671 1.21752 112.271
    endloop
  endfacet
  facet normal -0.831474 -0.555564 5.97869e-09
    outer loop
      vertex 1.73205 1 0
      vertex 1.66792 1.09598 112.271
      vertex 1.58671 1.21752 0
    endloop
  endfacet
  facet normal -0.831477 -0.55556 0
    outer loop
      vertex 1.66792 1.09598 112.271
      vertex 1.73205 1 0
      vertex 1.73205 1 112.271
    endloop
  endfacet
  facet normal 0.751814 -0.659375 0
    outer loop
      vertex -1.49032 1.32743 112.271
      vertex -1.41421 1.41421 0
      vertex -1.41421 1.41421 112.271
    endloop
  endfacet
  facet normal 0.751835 -0.659352 3.20421e-08
    outer loop
      vertex -1.58671 1.21752 112.271
      vertex -1.41421 1.41421 0
      vertex -1.49032 1.32743 112.271
    endloop
  endfacet
  facet normal 0.751826 -0.659362 0
    outer loop
      vertex -1.41421 1.41421 0
      vertex -1.58671 1.21752 112.271
      vertex -1.58671 1.21752 0
    endloop
  endfacet
  facet normal -0 0 -1
    outer loop
      vertex 0.765367 -1.84776 112.271
      vertex 0.626942 -1.89475 112.271
      vertex 0.765366 -1.84776 112.271
    endloop
  endfacet
  facet normal 0 0 1
    outer loop
      vertex 0.765367 -1.84776 112.271
      vertex 0.517638 -1.93185 112.271
      vertex 0.626942 -1.89475 112.271
    endloop
  endfacet
  facet normal 0 0 1
    outer loop
      vertex 0.765367 -1.84776 112.271
      vertex 0.517637 -1.93185 112.271
      vertex 0.517638 -1.93185 112.271
    endloop
  endfacet
  facet normal -0.321429 0.946934 0
    outer loop
      vertex 0.765367 -1.84776 0
      vertex 0.517637 -1.93185 112.271
      vertex 0.765367 -1.84776 112.271
    endloop
  endfacet
  facet normal -0.321429 0.946934 0
    outer loop
      vertex 0.517637 -1.93185 112.271
      vertex 0.765367 -1.84776 0
      vertex 0.517637 -1.93185 0
    endloop
  endfacet
  facet normal -0.751814 -0.659375 0
    outer loop
      vertex 1.41421 1.41421 0
      vertex 1.49032 1.32743 112.271
      vertex 1.41421 1.41421 112.271
    endloop
  endfacet
  facet normal -0.751826 -0.659362 1.79048e-08
    outer loop
      vertex 1.58671 1.21752 0
      vertex 1.49032 1.32743 112.271
      vertex 1.41421 1.41421 0
    endloop
  endfacet
  facet normal -0.751835 -0.659352 0
    outer loop
      vertex 1.49032 1.32743 112.271
      vertex 1.58671 1.21752 0
      vertex 1.58671 1.21752 112.271
    endloop
  endfacet
  facet normal 0 0 1
    outer loop
      vertex 0.261052 -1.98289 112.271
      vertex 0 -2 112.271
      vertex 0.145869 -1.99044 112.271
    endloop
  endfacet
  facet normal -0.0654022 0.997859 0
    outer loop
      vertex 0.261052 -1.98289 0
      vertex 0 -2 112.271
      vertex 0.261052 -1.98289 112.271
    endloop
  endfacet
  facet normal -0.0654022 0.997859 0
    outer loop
      vertex 0 -2 112.271
      vertex 0.261052 -1.98289 0
      vertex 0 -2 0
    endloop
  endfacet
  facet normal 0 0 1
    outer loop
      vertex 1.21752 1.58671 112.271
      vertex 1.41421 1.41421 112.271
      vertex 1.32743 1.49032 112.271
    endloop
  endfacet
  facet normal -0.659362 -0.751826 0
    outer loop
      vertex 1.21752 1.58671 0
      vertex 1.41421 1.41421 112.271
      vertex 1.21752 1.58671 112.271
    endloop
  endfacet
  facet normal -0.659362 -0.751826 -0
    outer loop
      vertex 1.41421 1.41421 112.271
      vertex 1.21752 1.58671 0
      vertex 1.41421 1.41421 0
    endloop
  endfacet
  facet normal 0.997859 0.065398 0
    outer loop
      vertex -1.99044 -0.145869 112.271
      vertex -2 0 0
      vertex -2 0 112.271
    endloop
  endfacet
  facet normal 0.997859 0.0654075 1.24596e-08
    outer loop
      vertex -1.98289 -0.261052 112.271
      vertex -2 0 0
      vertex -1.99044 -0.145869 112.271
    endloop
  endfacet
  facet normal 0.997859 0.0654022 0
    outer loop
      vertex -2 0 0
      vertex -1.98289 -0.261052 112.271
      vertex -1.98289 -0.261052 0
    endloop
  endfacet
  facet normal 0 0 1
    outer loop
      vertex -1.21752 -1.58671 112.271
      vertex -1.41421 -1.41421 112.271
      vertex -1.32743 -1.49032 112.271
    endloop
  endfacet
  facet normal 0.659362 0.751826 -0
    outer loop
      vertex -1.21752 -1.58671 0
      vertex -1.41421 -1.41421 112.271
      vertex -1.21752 -1.58671 112.271
    endloop
  endfacet
  facet normal 0.659362 0.751826 0
    outer loop
      vertex -1.41421 -1.41421 112.271
      vertex -1.21752 -1.58671 0
      vertex -1.41421 -1.41421 0
    endloop
  endfacet
  facet normal 0 0 1
    outer loop
      vertex -1.21752 1.58671 112.271
      vertex -1 1.73205 112.271
      vertex -1.09598 1.66792 112.271
    endloop
  endfacet
  facet normal 0.555564 -0.831474 0
    outer loop
      vertex -1.21752 1.58671 0
      vertex -1 1.73205 112.271
      vertex -1.21752 1.58671 112.271
    endloop
  endfacet
  facet normal 0.555564 -0.831474 0
    outer loop
      vertex -1 1.73205 112.271
      vertex -1.21752 1.58671 0
      vertex -1 1.73205 0
    endloop
  endfacet
  facet normal -0.896886 -0.442262 0
    outer loop
      vertex 1.73205 1 0
      vertex 1.7831 0.896473 112.271
      vertex 1.73205 1 112.271
    endloop
  endfacet
  facet normal -0.89687 -0.442294 -3.72646e-08
    outer loop
      vertex 1.84776 0.765367 0
      vertex 1.7831 0.896473 112.271
      vertex 1.73205 1 0
    endloop
  endfacet
  facet normal -0.896857 -0.44232 0
    outer loop
      vertex 1.7831 0.896473 112.271
      vertex 1.84776 0.765367 0
      vertex 1.84776 0.765367 112.271
    endloop
  endfacet
  facet normal 0 0 1
    outer loop
      vertex 0 -2 112.271
      vertex -0.261052 -1.98289 112.271
      vertex -0.145869 -1.99044 112.271
    endloop
  endfacet
  facet normal 0.0654022 0.997859 -0
    outer loop
      vertex 0 -2 0
      vertex -0.261052 -1.98289 112.271
      vertex 0 -2 112.271
    endloop
  endfacet
  facet normal 0.0654022 0.997859 0
    outer loop
      vertex -0.261052 -1.98289 112.271
      vertex 0 -2 0
      vertex -0.261052 -1.98289 0
    endloop
  endfacet
  facet normal 0 0 -1
    outer loop
      vertex 0.517637 -1.93185 112.271
      vertex 0.261052 -1.98289 112.271
      vertex 0.404425 -1.95437 112.271
    endloop
  endfacet
  facet normal -0.195098 0.980784 0
    outer loop
      vertex 0.517637 -1.93185 0
      vertex 0.261052 -1.98289 112.271
      vertex 0.517637 -1.93185 112.271
    endloop
  endfacet
  facet normal -0.195098 0.980784 0
    outer loop
      vertex 0.261052 -1.98289 112.271
      vertex 0.517637 -1.93185 0
      vertex 0.261052 -1.98289 0
    endloop
  endfacet
  facet normal 0 0 -1
    outer loop
      vertex 0.765367 1.84776 112.271
      vertex 1 1.73205 112.271
      vertex 0.896473 1.7831 112.271
    endloop
  endfacet
  facet normal -0.442294 -0.89687 0
    outer loop
      vertex 0.765367 1.84776 0
      vertex 1 1.73205 112.271
      vertex 0.765367 1.84776 112.271
    endloop
  endfacet
  facet normal -0.442294 -0.89687 -0
    outer loop
      vertex 1 1.73205 112.271
      vertex 0.765367 1.84776 0
      vertex 1 1.73205 0
    endloop
  endfacet
  facet normal -0.896857 0.44232 0
    outer loop
      vertex 1.84776 -0.765367 0
      vertex 1.7831 -0.896473 112.271
      vertex 1.84776 -0.765367 112.271
    endloop
  endfacet
  facet normal -0.896886 0.442262 -8.44578e-08
    outer loop
      vertex 1.84776 -0.765367 0
      vertex 1.73205 -1 112.271
      vertex 1.7831 -0.896473 112.271
    endloop
  endfacet
  facet normal -0.89687 0.442294 0
    outer loop
      vertex 1.73205 -1 0
      vertex 1.73205 -1 112.271
      vertex 1.84776 -0.765367 0
    endloop
  endfacet
  facet normal -0.980784 0.195099 0
    outer loop
      vertex 1.98289 -0.261052 0
      vertex 1.95437 -0.404425 112.271
      vertex 1.98289 -0.261052 112.271
    endloop
  endfacet
  facet normal -0.980784 0.195098 -1.57568e-09
    outer loop
      vertex 1.93185 -0.517637 0
      vertex 1.95437 -0.404425 112.271
      vertex 1.98289 -0.261052 0
    endloop
  endfacet
  facet normal -0.980784 0.195096 0
    outer loop
      vertex 1.95437 -0.404425 112.271
      vertex 1.93185 -0.517637 0
      vertex 1.93185 -0.517637 112.271
    endloop
  endfacet
  facet normal 0.980784 0.195099 0
    outer loop
      vertex -1.95437 -0.404425 112.271
      vertex -1.98289 -0.261052 0
      vertex -1.98289 -0.261052 112.271
    endloop
  endfacet
  facet normal 0.980784 0.195096 -3.57114e-09
    outer loop
      vertex -1.93185 -0.517637 112.271
      vertex -1.98289 -0.261052 0
      vertex -1.95437 -0.404425 112.271
    endloop
  endfacet
  facet normal 0.980784 0.195098 0
    outer loop
      vertex -1.98289 -0.261052 0
      vertex -1.93185 -0.517637 112.271
      vertex -1.93185 -0.517637 0
    endloop
  endfacet
  facet normal 0 0 -1
    outer loop
      vertex -0.261052 -1.98289 112.271
      vertex -0.517637 -1.93185 112.271
      vertex -0.404425 -1.95437 112.271
    endloop
  endfacet
  facet normal 0.195098 0.980784 -0
    outer loop
      vertex -0.261052 -1.98289 0
      vertex -0.517637 -1.93185 112.271
      vertex -0.261052 -1.98289 112.271
    endloop
  endfacet
  facet normal 0.195098 0.980784 0
    outer loop
      vertex -0.517637 -1.93185 112.271
      vertex -0.261052 -1.98289 0
      vertex -0.517637 -1.93185 0
    endloop
  endfacet
  facet normal 0 0 -1
    outer loop
      vertex 0.261052 1.98289 112.271
      vertex 0.517637 1.93185 112.271
      vertex 0.404425 1.95437 112.271
    endloop
  endfacet
  facet normal -0.195098 -0.980784 0
    outer loop
      vertex 0.261052 1.98289 0
      vertex 0.517637 1.93185 112.271
      vertex 0.261052 1.98289 112.271
    endloop
  endfacet
  facet normal -0.195098 -0.980784 -0
    outer loop
      vertex 0.517637 1.93185 112.271
      vertex 0.261052 1.98289 0
      vertex 0.517637 1.93185 0
    endloop
  endfacet
  facet normal -1 0 0
    outer loop
      vertex 1.84776 0.765367 0
      vertex 1.84776 0.765366 112.271
      vertex 1.84776 0.765367 112.271
    endloop
  endfacet
  facet normal -0.946927 -0.321448 -2.86314e-09
    outer loop
      vertex 1.84776 0.765367 0
      vertex 1.89475 0.626942 112.271
      vertex 1.84776 0.765366 112.271
    endloop
  endfacet
  facet normal -0.94694 -0.321411 4.84178e-08
    outer loop
      vertex 1.84776 0.765367 0
      vertex 1.93185 0.517638 112.271
      vertex 1.89475 0.626942 112.271
    endloop
  endfacet
  facet normal -0.946934 -0.321429 2.86298e-09
    outer loop
      vertex 1.93185 0.517637 0
      vertex 1.93185 0.517638 112.271
      vertex 1.84776 0.765367 0
    endloop
  endfacet
  facet normal -1 -0 0
    outer loop
      vertex 1.93185 0.517638 112.271
      vertex 1.93185 0.517637 0
      vertex 1.93185 0.517637 112.271
    endloop
  endfacet
  facet normal 0 0 -1
    outer loop
      vertex 1 -1.73205 112.271
      vertex 0.765367 -1.84776 112.271
      vertex 0.896473 -1.7831 112.271
    endloop
  endfacet
  facet normal -0.442294 0.89687 0
    outer loop
      vertex 1 -1.73205 0
      vertex 0.765367 -1.84776 112.271
      vertex 1 -1.73205 112.271
    endloop
  endfacet
  facet normal -0.442294 0.89687 0
    outer loop
      vertex 0.765367 -1.84776 112.271
      vertex 1 -1.73205 0
      vertex 0.765367 -1.84776 0
    endloop
  endfacet
  facet normal -0.751835 0.659352 0
    outer loop
      vertex 1.58671 -1.21752 0
      vertex 1.49032 -1.32743 112.271
      vertex 1.58671 -1.21752 112.271
    endloop
  endfacet
  facet normal -0.751826 0.659362 1.79048e-08
    outer loop
      vertex 1.41421 -1.41421 0
      vertex 1.49032 -1.32743 112.271
      vertex 1.58671 -1.21752 0
    endloop
  endfacet
  facet normal -0.751814 0.659375 0
    outer loop
      vertex 1.49032 -1.32743 112.271
      vertex 1.41421 -1.41421 0
      vertex 1.41421 -1.41421 112.271
    endloop
  endfacet
  facet normal 0.831477 0.55556 0
    outer loop
      vertex -1.66792 -1.09598 112.271
      vertex -1.73205 -1 0
      vertex -1.73205 -1 112.271
    endloop
  endfacet
  facet normal 0.831471 0.555568 1.07e-08
    outer loop
      vertex -1.58671 -1.21752 112.271
      vertex -1.73205 -1 0
      vertex -1.66792 -1.09598 112.271
    endloop
  endfacet
  facet normal 0.831474 0.555564 0
    outer loop
      vertex -1.73205 -1 0
      vertex -1.58671 -1.21752 112.271
      vertex -1.58671 -1.21752 0
    endloop
  endfacet
  facet normal 0 0 1
    outer loop
      vertex -0.261052 1.98289 112.271
      vertex 0 2 112.271
      vertex -0.145869 1.99044 112.271
    endloop
  endfacet
  facet normal 0.0654022 -0.997859 0
    outer loop
      vertex -0.261052 1.98289 0
      vertex 0 2 112.271
      vertex -0.261052 1.98289 112.271
    endloop
  endfacet
  facet normal 0.0654022 -0.997859 0
    outer loop
      vertex 0 2 112.271
      vertex -0.261052 1.98289 0
      vertex 0 2 0
    endloop
  endfacet
  facet normal 0 0 1
    outer loop
      vertex -0.517637 -1.93185 112.271
      vertex -0.626942 -1.89475 112.271
      vertex -0.517638 -1.93185 112.271
    endloop
  endfacet
  facet normal 0 0 1
    outer loop
      vertex -0.517637 -1.93185 112.271
      vertex -0.765366 -1.84776 112.271
      vertex -0.626942 -1.89475 112.271
    endloop
  endfacet
  facet normal 0 0 -1
    outer loop
      vertex -0.517637 -1.93185 112.271
      vertex -0.765367 -1.84776 112.271
      vertex -0.765366 -1.84776 112.271
    endloop
  endfacet
  facet normal 0.321429 0.946934 -0
    outer loop
      vertex -0.517637 -1.93185 0
      vertex -0.765367 -1.84776 112.271
      vertex -0.517637 -1.93185 112.271
    endloop
  endfacet
  facet normal 0.321429 0.946934 0
    outer loop
      vertex -0.765367 -1.84776 112.271
      vertex -0.517637 -1.93185 0
      vertex -0.765367 -1.84776 0
    endloop
  endfacet
  facet normal 0 0 -1
    outer loop
      vertex -1 1.73205 112.271
      vertex -0.765367 1.84776 112.271
      vertex -0.896473 1.7831 112.271
    endloop
  endfacet
  facet normal 0.442294 -0.89687 0
    outer loop
      vertex -1 1.73205 0
      vertex -0.765367 1.84776 112.271
      vertex -1 1.73205 112.271
    endloop
  endfacet
  facet normal 0.442294 -0.89687 0
    outer loop
      vertex -0.765367 1.84776 112.271
      vertex -1 1.73205 0
      vertex -0.765367 1.84776 0
    endloop
  endfacet
  facet normal 0 0 -1
    outer loop
      vertex -0.765367 -1.84776 112.271
      vertex -1 -1.73205 112.271
      vertex -0.896473 -1.7831 112.271
    endloop
  endfacet
  facet normal 0.442294 0.89687 -0
    outer loop
      vertex -0.765367 -1.84776 0
      vertex -1 -1.73205 112.271
      vertex -0.765367 -1.84776 112.271
    endloop
  endfacet
  facet normal 0.442294 0.89687 0
    outer loop
      vertex -1 -1.73205 112.271
      vertex -0.765367 -1.84776 0
      vertex -1 -1.73205 0
    endloop
  endfacet
  facet normal 0.896857 0.44232 0
    outer loop
      vertex -1.7831 -0.896473 112.271
      vertex -1.84776 -0.765367 0
      vertex -1.84776 -0.765367 112.271
    endloop
  endfacet
  facet normal 0.896886 0.442262 -8.44578e-08
    outer loop
      vertex -1.73205 -1 112.271
      vertex -1.84776 -0.765367 0
      vertex -1.7831 -0.896473 112.271
    endloop
  endfacet
  facet normal 0.89687 0.442294 0
    outer loop
      vertex -1.84776 -0.765367 0
      vertex -1.73205 -1 112.271
      vertex -1.73205 -1 0
    endloop
  endfacet
  facet normal 0 0 1
    outer loop
      vertex -1 -1.73205 112.271
      vertex -1.21752 -1.58671 112.271
      vertex -1.09598 -1.66792 112.271
    endloop
  endfacet
  facet normal 0.555564 0.831474 -0
    outer loop
      vertex -1 -1.73205 0
      vertex -1.21752 -1.58671 112.271
      vertex -1 -1.73205 112.271
    endloop
  endfacet
  facet normal 0.555564 0.831474 0
    outer loop
      vertex -1.21752 -1.58671 112.271
      vertex -1 -1.73205 0
      vertex -1.21752 -1.58671 0
    endloop
  endfacet
  facet normal 0.338839 0.507105 0.792485
    outer loop
      vertex 2.63738 4.56808 126.015
      vertex 2.88382 4.07367 126.226
      vertex 3.21107 4.18475 126.015
    endloop
  endfacet
  facet normal 0.338836 0.507104 0.792487
    outer loop
      vertex 2.63738 4.56808 126.015
      vertex 2.5 4.33013 126.226
      vertex 2.88382 4.07367 126.226
    endloop
  endfacet
  facet normal -0.947513 0.188473 -0.258259
    outer loop
      vertex -7.51063 0.988793 117.428
      vertex -7.77916 1.02415 118.439
      vertex -7.57893 2.03077 118.439
    endloop
  endfacet
  facet normal -0.169079 0.850012 0.49889
    outer loop
      vertex -0.936522 7.1136 123.538
      vertex -1.85702 6.9305 123.538
      vertex -1.7216 6.4251 124.445
    endloop
  endfacet
  facet normal -0.751779 -0.255192 0.608034
    outer loop
      vertex -5.80977 -1.55672 125.275
      vertex -6.4251 -1.7216 124.445
      vertex -6.14542 -2.54552 124.445
    endloop
  endfacet
  facet normal 0.875021 0.297027 0.382247
    outer loop
      vertex 6.99879 2.899 122.572
      vertex 6.62882 2.74575 123.538
      vertex 6.9305 1.85702 123.538
    endloop
  endfacet
  facet normal 0.828764 -0.408703 0.382246
    outer loop
      vertex 6.99879 -2.899 122.572
      vertex 6.21372 -3.58749 123.538
      vertex 6.56052 -3.78772 122.572
    endloop
  endfacet
  facet normal 0.93887 -0.318708 -0.130188
    outer loop
      vertex 7.37521 -3.05491 119.477
      vertex 7.24902 -3.00264 118.439
      vertex 7.57893 -2.03077 118.439
    endloop
  endfacet
  facet normal -0.318708 0.93887 -0.130188
    outer loop
      vertex -3.00264 7.24902 118.439
      vertex -3.05491 7.37521 119.477
      vertex -2.03077 7.57893 118.439
    endloop
  endfacet
  facet normal -0.588584 0.393277 0.70633
    outer loop
      vertex -4.7718 3.66153 125.275
      vertex -5.2089 3.00736 125.275
      vertex -4.18475 3.21107 126.015
    endloop
  endfacet
  facet normal 0.694747 0.609271 0.382252
    outer loop
      vertex 6.01 4.61164 122.572
      vertex 5.35665 5.35665 122.572
      vertex 5.6923 4.36785 123.538
    endloop
  endfacet
  facet normal 0.313096 -0.634882 0.706325
    outer loop
      vertex 2.63738 -4.56808 126.015
      vertex 2.01857 -4.87325 126.015
      vertex 2.30173 -5.55688 125.275
    endloop
  endfacet
  facet normal -0.66011 0.441077 0.608034
    outer loop
      vertex -5.27719 4.04933 124.445
      vertex -5.76059 3.32588 124.445
      vertex -5.2089 3.00736 125.275
    endloop
  endfacet
  facet normal 0.889241 0.43852 0.130192
    outer loop
      vertex 6.91337 3.99144 120.523
      vertex 6.79508 3.92314 121.561
      vertex 7.37521 3.05491 120.523
    endloop
  endfacet
  facet normal 0.53672 -0.803266 -0.258256
    outer loop
      vertex 3.92314 -6.79508 118.439
      vertex 3.78772 -6.56052 117.428
      vertex 4.61164 -6.01 117.428
    endloop
  endfacet
  facet normal 0.947513 0.188473 0.258259
    outer loop
      vertex 7.57893 2.03077 121.561
      vertex 7.51063 0.988793 122.572
      vertex 7.77916 1.02415 121.561
    endloop
  endfacet
  facet normal 0.214425 0.143274 -0.966175
    outer loop
      vertex 1.66792 1.09598 112.271
      vertex 1.2382 0.950108 112.154
      vertex 1.58671 1.21752 112.271
    endloop
  endfacet
  facet normal 0.0648424 -0.989366 0.13019
    outer loop
      vertex 0 -7.84628 121.561
      vertex 0 -7.98287 120.523
      vertex 1.04197 -7.91458 120.523
    endloop
  endfacet
  facet normal 0.393282 0.588584 0.706328
    outer loop
      vertex 3.00736 5.2089 125.275
      vertex 2.63738 4.56808 126.015
      vertex 3.21107 4.18475 126.015
    endloop
  endfacet
  facet normal 0.598158 -0.118971 0.792498
    outer loop
      vertex 4.86717 -1.10538 126.226
      vertex 5.22964 -0.688495 126.015
      vertex 4.95722 -0.652631 126.226
    endloop
  endfacet
  facet normal 0.598169 -0.118986 0.792487
    outer loop
      vertex 5.22964 -0.688495 126.015
      vertex 4.86717 -1.10538 126.226
      vertex 5.09503 -1.36521 126.015
    endloop
  endfacet
  facet normal -0.79221 -0.0519272 0.608036
    outer loop
      vertex -5.96326 -0.785078 125.275
      vertex -6.65176 0 124.445
      vertex -6.59485 -0.868228 124.445
    endloop
  endfacet
  facet normal 0.180323 0.906383 -0.382039
    outer loop
      vertex 1.74328 7.0065 116.588
      vertex 1.96067 7.31731 117.428
      vertex 1.8706 6.98117 116.588
    endloop
  endfacet
  facet normal 0.180294 0.90639 -0.382035
    outer loop
      vertex 1.96067 7.31731 117.428
      vertex 1.74328 7.0065 116.588
      vertex 0.988793 7.51063 117.428
    endloop
  endfacet
  facet normal -0.571431 -0.651594 0.498891
    outer loop
      vertex -4.7035 -4.7035 124.445
      vertex -5.07348 -5.07348 123.538
      vertex -4.04933 -5.27719 124.445
    endloop
  endfacet
  facet normal 0.507104 -0.338836 0.792487
    outer loop
      vertex 4.07367 -2.88382 126.226
      vertex 4.56808 -2.63738 126.015
      vertex 4.33013 -2.5 126.226
    endloop
  endfacet
  facet normal 0.507105 -0.338839 0.792485
    outer loop
      vertex 4.56808 -2.63738 126.015
      vertex 4.07367 -2.88382 126.226
      vertex 4.18475 -3.21107 126.015
    endloop
  endfacet
  facet normal -0.609328 -0.694812 -0.382042
    outer loop
      vertex -4.49739 -5.64832 116.588
      vertex -4.61164 -6.01 117.428
      vertex -5.35665 -5.35665 117.428
    endloop
  endfacet
  facet normal -0.609361 -0.694786 -0.382035
    outer loop
      vertex -4.61164 -6.01 117.428
      vertex -4.49739 -5.64832 116.588
      vertex -4.39979 -5.73392 116.588
    endloop
  endfacet
  facet normal 0.72634 -0.636977 -0.258246
    outer loop
      vertex 6.22487 -4.77651 118.439
      vertex 5.35665 -5.35665 117.428
      vertex 6.01 -4.61164 117.428
    endloop
  endfacet
  facet normal 0.938871 0.318705 0.130184
    outer loop
      vertex 7.71086 2.06612 120.523
      vertex 7.37521 3.05491 120.523
      vertex 7.57893 2.03077 121.561
    endloop
  endfacet
  facet normal -0.88924 -0.438524 0.130188
    outer loop
      vertex -7.24902 -3.00264 121.561
      vertex -7.37521 -3.05491 120.523
      vertex -6.79508 -3.92314 121.561
    endloop
  endfacet
  facet normal 0.820673 -0.278578 0.49889
    outer loop
      vertex 6.9305 -1.85702 123.538
      vertex 6.14542 -2.54552 124.445
      vertex 6.62882 -2.74575 123.538
    endloop
  endfacet
  facet normal 0.438524 -0.88924 -0.130188
    outer loop
      vertex 3.05491 -7.37521 119.477
      vertex 3.00264 -7.24902 118.439
      vertex 3.92314 -6.79508 118.439
    endloop
  endfacet
  facet normal -0.989366 0.0648424 0.13019
    outer loop
      vertex -7.91458 1.04197 120.523
      vertex -7.98287 0 120.523
      vertex -7.84628 0 121.561
    endloop
  endfacet
  facet normal 0.318708 0.93887 -0.130188
    outer loop
      vertex 3.00264 7.24902 118.439
      vertex 2.03077 7.57893 118.439
      vertex 3.05491 7.37521 119.477
    endloop
  endfacet
  facet normal -0.0631785 0.964008 0.258258
    outer loop
      vertex 0 7.84628 121.561
      vertex -1.02415 7.77916 121.561
      vertex -0.988793 7.51063 122.572
    endloop
  endfacet
  facet normal -0.577516 -0.196037 0.792492
    outer loop
      vertex -4.76778 -1.4763 126.226
      vertex -4.87325 -2.01857 126.015
      vertex -4.6194 -1.91342 126.226
    endloop
  endfacet
  facet normal -0.577519 -0.196036 0.792491
    outer loop
      vertex -4.87325 -2.01857 126.015
      vertex -4.76778 -1.4763 126.226
      vertex -5.09503 -1.36521 126.015
    endloop
  endfacet
  facet normal 0.278578 0.820673 0.49889
    outer loop
      vertex 2.74575 6.62882 123.538
      vertex 1.85702 6.9305 123.538
      vertex 2.54552 6.14542 124.445
    endloop
  endfacet
  facet normal 0.726341 -0.636975 0.258248
    outer loop
      vertex 6.22487 -4.77651 121.561
      vertex 5.35665 -5.35665 122.572
      vertex 5.54816 -5.54816 121.561
    endloop
  endfacet
  facet normal 0.93887 0.318708 -0.130188
    outer loop
      vertex 7.57893 2.03077 118.439
      vertex 7.24902 3.00264 118.439
      vertex 7.37521 3.05491 119.477
    endloop
  endfacet
  facet normal 0.828764 0.408701 0.382248
    outer loop
      vertex 6.99879 2.899 122.572
      vertex 6.21372 3.58749 123.538
      vertex 6.62882 2.74575 123.538
    endloop
  endfacet
  facet normal 0.408713 0.828857 -0.382034
    outer loop
      vertex 3.56369 6.28382 116.588
      vertex 3.78772 6.56052 117.428
      vertex 3.61372 6.25915 116.588
    endloop
  endfacet
  facet normal 0.408791 0.828815 -0.382041
    outer loop
      vertex 3.49729 6.31657 116.588
      vertex 3.78772 6.56052 117.428
      vertex 3.56369 6.28382 116.588
    endloop
  endfacet
  facet normal 0.408742 0.828843 -0.382032
    outer loop
      vertex 3.78772 6.56052 117.428
      vertex 3.49729 6.31657 116.588
      vertex 2.899 6.99879 117.428
    endloop
  endfacet
  facet normal 0.828844 -0.408739 -0.382035
    outer loop
      vertex 6.99879 -2.899 117.428
      vertex 6.31657 -3.49729 116.588
      vertex 6.67729 -2.76582 116.588
    endloop
  endfacet
  facet normal 0.318705 -0.938871 0.130184
    outer loop
      vertex 3.05491 -7.37521 120.523
      vertex 2.03077 -7.57893 121.561
      vertex 2.06612 -7.71086 120.523
    endloop
  endfacet
  facet normal -0.43852 -0.889241 0.130192
    outer loop
      vertex -3.92314 -6.79508 121.561
      vertex -3.99144 -6.91337 120.523
      vertex -3.05491 -7.37521 120.523
    endloop
  endfacet
  facet normal -0.875019 -0.297029 0.38225
    outer loop
      vertex -6.9305 -1.85702 123.538
      vertex -7.31731 -1.96067 122.572
      vertex -6.99879 -2.899 122.572
    endloop
  endfacet
  facet normal -0.745445 0.653729 -0.130194
    outer loop
      vertex -6.22487 4.77651 118.439
      vertex -6.33324 4.85966 119.477
      vertex -5.54816 5.54816 118.439
    endloop
  endfacet
  facet normal -0.227537 0.670321 0.706326
    outer loop
      vertex -1.55672 5.80977 125.275
      vertex -2.30173 5.55688 125.275
      vertex -1.36521 5.09503 126.015
    endloop
  endfacet
  facet normal 0.252933 0.0503139 -0.966175
    outer loop
      vertex 1.98289 0.261052 112.271
      vertex 1.54737 0.203714 112.154
      vertex 1.95437 0.404425 112.271
    endloop
  endfacet
  facet normal 0.255192 -0.751779 0.608034
    outer loop
      vertex 2.54552 -6.14542 124.445
      vertex 1.55672 -5.80977 125.275
      vertex 1.7216 -6.4251 124.445
    endloop
  endfacet
  facet normal -0.180276 -0.906303 0.382249
    outer loop
      vertex -1.85702 -6.9305 123.538
      vertex -1.96067 -7.31731 122.572
      vertex -0.988793 -7.51063 122.572
    endloop
  endfacet
  facet normal 0.571431 -0.651593 0.498892
    outer loop
      vertex 5.07348 -5.07348 123.538
      vertex 4.04933 -5.27719 124.445
      vertex 4.36785 -5.6923 123.538
    endloop
  endfacet
  facet normal 0.824391 -0.550844 -0.130193
    outer loop
      vertex 6.91337 -3.99144 119.477
      vertex 6.33324 -4.85966 119.477
      vertex 6.79508 -3.92314 118.439
    endloop
  endfacet
  facet normal 0.0566802 -0.864813 0.498884
    outer loop
      vertex 0 -6.65176 124.445
      vertex 0 -7.17498 123.538
      vertex 0.936522 -7.1136 123.538
    endloop
  endfacet
  facet normal 0.824391 -0.550844 0.130193
    outer loop
      vertex 6.79508 -3.92314 121.561
      vertex 6.33324 -4.85966 120.523
      vertex 6.91337 -3.99144 120.523
    endloop
  endfacet
  facet normal 0.550846 -0.82439 0.130195
    outer loop
      vertex 4.77651 -6.22487 121.561
      vertex 3.92314 -6.79508 121.561
      vertex 4.85966 -6.33324 120.523
    endloop
  endfacet
  facet normal 0.875102 -0.297057 -0.382039
    outer loop
      vertex 6.98117 -1.8706 116.588
      vertex 7.31731 -1.96067 117.428
      vertex 6.96324 -1.92342 116.588
    endloop
  endfacet
  facet normal 0.875122 -0.296992 -0.382044
    outer loop
      vertex 7.31731 -1.96067 117.428
      vertex 6.93945 -1.99352 116.588
      vertex 6.96324 -1.92342 116.588
    endloop
  endfacet
  facet normal 0.875104 -0.297058 -0.382034
    outer loop
      vertex 6.93945 -1.99352 116.588
      vertex 7.31731 -1.96067 117.428
      vertex 6.99879 -2.899 117.428
    endloop
  endfacet
  facet normal 0.43852 0.889241 0.130192
    outer loop
      vertex 3.99144 6.91337 120.523
      vertex 3.05491 7.37521 120.523
      vertex 3.92314 6.79508 121.561
    endloop
  endfacet
  facet normal -0.72634 -0.636977 0.258246
    outer loop
      vertex -6.01 -4.61164 122.572
      vertex -6.22487 -4.77651 121.561
      vertex -5.35665 -5.35665 122.572
    endloop
  endfacet
  facet normal 0.046301 -0.706372 0.706325
    outer loop
      vertex 0.688495 -5.22964 126.015
      vertex 0 -6.01472 125.275
      vertex 0.785078 -5.96326 125.275
    endloop
  endfacet
  facet normal -0.43852 0.889241 0.130192
    outer loop
      vertex -3.05491 7.37521 120.523
      vertex -3.99144 6.91337 120.523
      vertex -3.92314 6.79508 121.561
    endloop
  endfacet
  facet normal 0.751779 0.255192 0.608034
    outer loop
      vertex 6.14542 2.54552 124.445
      vertex 5.80977 1.55672 125.275
      vertex 6.4251 1.7216 124.445
    endloop
  endfacet
  facet normal 0.706372 0.0463018 0.706325
    outer loop
      vertex 6.01472 0 125.275
      vertex 5.22964 0.688495 126.015
      vertex 5.27477 0 126.015
    endloop
  endfacet
  facet normal 0.636975 0.726341 -0.258248
    outer loop
      vertex 5.35665 5.35665 117.428
      vertex 4.77651 6.22487 118.439
      vertex 5.54816 5.54816 118.439
    endloop
  endfacet
  facet normal 0.989367 0.0648404 -0.130188
    outer loop
      vertex 7.84628 0 118.439
      vertex 7.77916 1.02415 118.439
      vertex 7.91458 1.04197 119.477
    endloop
  endfacet
  facet normal 0.393277 0.588584 0.70633
    outer loop
      vertex 3.66153 4.7718 125.275
      vertex 3.00736 5.2089 125.275
      vertex 3.21107 4.18475 126.015
    endloop
  endfacet
  facet normal 0.550844 0.824391 0.130193
    outer loop
      vertex 3.99144 6.91337 120.523
      vertex 3.92314 6.79508 121.561
      vertex 4.85966 6.33324 120.523
    endloop
  endfacet
  facet normal 0.726341 0.636975 0.258248
    outer loop
      vertex 5.54816 5.54816 121.561
      vertex 5.35665 5.35665 122.572
      vertex 6.22487 4.77651 121.561
    endloop
  endfacet
  facet normal -0.964009 0.0631856 0.258251
    outer loop
      vertex -7.51063 0.988793 122.572
      vertex -7.84628 0 121.561
      vertex -7.57544 0 122.572
    endloop
  endfacet
  facet normal -0.938871 0.318705 0.130184
    outer loop
      vertex -7.37521 3.05491 120.523
      vertex -7.71086 2.06612 120.523
      vertex -7.57893 2.03077 121.561
    endloop
  endfacet
  facet normal -0.989367 0.0648404 0.130188
    outer loop
      vertex -7.77916 1.02415 121.561
      vertex -7.91458 1.04197 120.523
      vertex -7.84628 0 121.561
    endloop
  endfacet
  facet normal -0.989366 -0.0648424 0.13019
    outer loop
      vertex -7.84628 0 121.561
      vertex -7.98287 0 120.523
      vertex -7.91458 -1.04197 120.523
    endloop
  endfacet
  facet normal -0.550844 -0.824391 -0.130193
    outer loop
      vertex -3.99144 -6.91337 119.477
      vertex -4.85966 -6.33324 119.477
      vertex -3.92314 -6.79508 118.439
    endloop
  endfacet
  facet normal -0.889241 -0.43852 -0.130192
    outer loop
      vertex -6.91337 -3.99144 119.477
      vertex -7.37521 -3.05491 119.477
      vertex -6.79508 -3.92314 118.439
    endloop
  endfacet
  facet normal -0.712038 -0.351137 0.608034
    outer loop
      vertex -5.2089 -3.00736 125.275
      vertex -6.14542 -2.54552 124.445
      vertex -5.76059 -3.32588 124.445
    endloop
  endfacet
  facet normal -0.93887 -0.318708 -0.130188
    outer loop
      vertex -7.37521 -3.05491 119.477
      vertex -7.57893 -2.03077 118.439
      vertex -7.24902 -3.00264 118.439
    endloop
  endfacet
  facet normal -0.195094 -0.980785 0
    outer loop
      vertex -2.06612 -7.71086 119.477
      vertex -1.04197 -7.91458 120.523
      vertex -2.06612 -7.71086 120.523
    endloop
  endfacet
  facet normal -0.195094 -0.980785 -0
    outer loop
      vertex -1.04197 -7.91458 120.523
      vertex -2.06612 -7.71086 119.477
      vertex -1.04197 -7.91458 119.477
    endloop
  endfacet
  facet normal -0.318708 -0.93887 0.130188
    outer loop
      vertex -3.00264 -7.24902 121.561
      vertex -3.05491 -7.37521 120.523
      vertex -2.03077 -7.57893 121.561
    endloop
  endfacet
  facet normal -0.0631856 -0.964009 -0.258251
    outer loop
      vertex 0 -7.84628 118.439
      vertex -0.988793 -7.51063 117.428
      vertex 0 -7.57544 117.428
    endloop
  endfacet
  facet normal -0.458539 -0.402137 0.792482
    outer loop
      vertex -4.18475 -3.21107 126.015
      vertex -3.6624 -3.39087 126.226
      vertex -3.96677 -3.04381 126.226
    endloop
  endfacet
  facet normal -0.458538 -0.402126 0.792489
    outer loop
      vertex -3.6624 -3.39087 126.226
      vertex -4.18475 -3.21107 126.015
      vertex -3.72982 -3.72982 126.015
    endloop
  endfacet
  facet normal -0.255189 -0.751782 0.608032
    outer loop
      vertex -2.30173 -5.55688 125.275
      vertex -2.54552 -6.14542 124.445
      vertex -1.55672 -5.80977 125.275
    endloop
  endfacet
  facet normal 0.0463018 -0.706372 0.706325
    outer loop
      vertex 0 -5.27477 126.015
      vertex 0 -6.01472 125.275
      vertex 0.688495 -5.22964 126.015
    endloop
  endfacet
  facet normal 0.408703 -0.828764 0.382246
    outer loop
      vertex 3.58749 -6.21372 123.538
      vertex 2.899 -6.99879 122.572
      vertex 3.78772 -6.56052 122.572
    endloop
  endfacet
  facet normal 0.546988 -0.269751 0.792489
    outer loop
      vertex 4.5343 -2.08599 126.226
      vertex 4.56808 -2.63738 126.015
      vertex 4.87325 -2.01857 126.015
    endloop
  endfacet
  facet normal 0.546991 -0.26975 0.792487
    outer loop
      vertex 4.56808 -2.63738 126.015
      vertex 4.5343 -2.08599 126.226
      vertex 4.33013 -2.5 126.226
    endloop
  endfacet
  facet normal 0.972438 -0.193431 -0.130185
    outer loop
      vertex 7.71086 -2.06612 119.477
      vertex 7.57893 -2.03077 118.439
      vertex 7.77916 -1.02415 118.439
    endloop
  endfacet
  facet normal 0.427286 -0.866447 0.258256
    outer loop
      vertex 3.78772 -6.56052 122.572
      vertex 2.899 -6.99879 122.572
      vertex 3.92314 -6.79508 121.561
    endloop
  endfacet
  facet normal -0.0566802 -0.864813 0.498884
    outer loop
      vertex 0 -6.65176 124.445
      vertex -0.936522 -7.1136 123.538
      vertex 0 -7.17498 123.538
    endloop
  endfacet
  facet normal 0.850012 0.169079 0.49889
    outer loop
      vertex 6.9305 1.85702 123.538
      vertex 6.4251 1.7216 124.445
      vertex 7.1136 0.936522 123.538
    endloop
  endfacet
  facet normal 0.546988 -0.269738 0.792493
    outer loop
      vertex 4.87325 -2.01857 126.015
      vertex 4.6194 -1.91342 126.226
      vertex 4.5343 -2.08599 126.226
    endloop
  endfacet
  facet normal 0.0519272 -0.79221 0.608036
    outer loop
      vertex 0.785078 -5.96326 125.275
      vertex 0 -6.65176 124.445
      vertex 0.868228 -6.59485 124.445
    endloop
  endfacet
  facet normal -0.0604403 -0.922167 -0.382041
    outer loop
      vertex 0 -7.57544 117.428
      vertex -0.813834 -7.1741 116.588
      vertex 0 -7.22744 116.588
    endloop
  endfacet
  facet normal 0.866448 -0.427285 -0.258254
    outer loop
      vertex 7.24902 -3.00264 118.439
      vertex 6.79508 -3.92314 118.439
      vertex 6.99879 -2.899 117.428
    endloop
  endfacet
  facet normal 0.0648404 -0.989367 -0.130188
    outer loop
      vertex 1.04197 -7.91458 119.477
      vertex 0 -7.84628 118.439
      vertex 1.02415 -7.77916 118.439
    endloop
  endfacet
  facet normal -0.922167 -0.0604403 -0.382041
    outer loop
      vertex -7.1741 -0.813834 116.588
      vertex -7.57544 0 117.428
      vertex -7.22744 0 116.588
    endloop
  endfacet
  facet normal 0.180293 0.90639 -0.382035
    outer loop
      vertex 0.998082 7.15473 116.588
      vertex 0.988793 7.51063 117.428
      vertex 1.74328 7.0065 116.588
    endloop
  endfacet
  facet normal 0.180246 0.906398 -0.382039
    outer loop
      vertex 0.94337 7.16561 116.588
      vertex 0.988793 7.51063 117.428
      vertex 0.998082 7.15473 116.588
    endloop
  endfacet
  facet normal 0.972438 0.193431 -0.130185
    outer loop
      vertex 7.77916 1.02415 118.439
      vertex 7.57893 2.03077 118.439
      vertex 7.71086 2.06612 119.477
    endloop
  endfacet
  facet normal 0.947512 -0.188474 -0.258259
    outer loop
      vertex 7.57893 -2.03077 118.439
      vertex 7.31731 -1.96067 117.428
      vertex 7.51063 -0.988793 117.428
    endloop
  endfacet
  facet normal -0.997859 0.065399 0
    outer loop
      vertex -7.98287 0 119.477
      vertex -7.91458 1.04197 120.523
      vertex -7.91458 1.04197 119.477
    endloop
  endfacet
  facet normal -0.997859 0.065399 0
    outer loop
      vertex -7.91458 1.04197 120.523
      vertex -7.98287 0 119.477
      vertex -7.98287 0 120.523
    endloop
  endfacet
  facet normal -0.914806 0.310535 -0.258259
    outer loop
      vertex -7.31731 1.96067 117.428
      vertex -7.57893 2.03077 118.439
      vertex -6.99879 2.899 117.428
    endloop
  endfacet
  facet normal -0.536729 0.803263 -0.258247
    outer loop
      vertex -4.61164 6.01 117.428
      vertex -4.77651 6.22487 118.439
      vertex -3.92314 6.79508 118.439
    endloop
  endfacet
  facet normal -0.408739 0.828844 -0.382035
    outer loop
      vertex -2.76582 6.67729 116.588
      vertex -3.49729 6.31657 116.588
      vertex -2.899 6.99879 117.428
    endloop
  endfacet
  facet normal 0.0580234 -0.117659 -0.991357
    outer loop
      vertex 0.597262 -1.44192 112.154
      vertex 0.200229 -0.483397 112.017
      vertex 0.261612 -0.453126 112.017
    endloop
  endfacet
  facet normal -0.0828923 0.244203 -0.966175
    outer loop
      vertex -0.626942 1.89475 112.271
      vertex -0.403944 1.50754 112.154
      vertex -0.597262 1.44192 112.154
    endloop
  endfacet
  facet normal -0.0828881 0.244205 -0.966175
    outer loop
      vertex -0.403944 1.50754 112.154
      vertex -0.626942 1.89475 112.271
      vertex -0.517638 1.93185 112.271
    endloop
  endfacet
  facet normal 0.751782 -0.255189 0.608032
    outer loop
      vertex 5.80977 -1.55672 125.275
      vertex 5.55688 -2.30173 125.275
      vertex 6.14542 -2.54552 124.445
    endloop
  endfacet
  facet normal 0.72634 -0.636977 0.258246
    outer loop
      vertex 6.01 -4.61164 122.572
      vertex 5.35665 -5.35665 122.572
      vertex 6.22487 -4.77651 121.561
    endloop
  endfacet
  facet normal 0.670321 -0.227537 0.706326
    outer loop
      vertex 5.09503 -1.36521 126.015
      vertex 4.87325 -2.01857 126.015
      vertex 5.55688 -2.30173 125.275
    endloop
  endfacet
  facet normal 0.458521 0.402133 0.792495
    outer loop
      vertex 3.72982 3.72982 126.015
      vertex 3.53553 3.53553 126.226
      vertex 3.6624 3.39087 126.226
    endloop
  endfacet
  facet normal 0.313091 -0.634882 0.706328
    outer loop
      vertex 2.63738 -4.56808 126.015
      vertex 2.30173 -5.55688 125.275
      vertex 3.00736 -5.2089 125.275
    endloop
  endfacet
  facet normal 0.768327 -0.51338 0.382251
    outer loop
      vertex 6.21372 -3.58749 123.538
      vertex 5.6923 -4.36785 123.538
      vertex 6.01 -4.61164 122.572
    endloop
  endfacet
  facet normal 0.820673 -0.278578 0.49889
    outer loop
      vertex 6.4251 -1.7216 124.445
      vertex 6.14542 -2.54552 124.445
      vertex 6.9305 -1.85702 123.538
    endloop
  endfacet
  facet normal -0.310539 0.914806 0.258255
    outer loop
      vertex -2.03077 7.57893 121.561
      vertex -3.00264 7.24902 121.561
      vertex -2.899 6.99879 122.572
    endloop
  endfacet
  facet normal -0.659348 0.751838 0
    outer loop
      vertex -4.85966 6.33324 119.477
      vertex -5.64474 5.64474 120.523
      vertex -4.85966 6.33324 120.523
    endloop
  endfacet
  facet normal -0.659348 0.751838 0
    outer loop
      vertex -5.64474 5.64474 120.523
      vertex -4.85966 6.33324 119.477
      vertex -5.64474 5.64474 119.477
    endloop
  endfacet
  facet normal 0.653729 0.745445 0.130194
    outer loop
      vertex 4.85966 6.33324 120.523
      vertex 4.77651 6.22487 121.561
      vertex 5.54816 5.54816 121.561
    endloop
  endfacet
  facet normal -0.193431 0.972438 0.130185
    outer loop
      vertex -1.02415 7.77916 121.561
      vertex -2.06612 7.71086 120.523
      vertex -2.03077 7.57893 121.561
    endloop
  endfacet
  facet normal 0.507112 0.338835 0.792482
    outer loop
      vertex 4.18475 3.21107 126.015
      vertex 3.96677 3.04381 126.226
      vertex 4.07367 2.88382 126.226
    endloop
  endfacet
  facet normal 0.571431 0.651593 0.498892
    outer loop
      vertex 4.36785 5.6923 123.538
      vertex 4.04933 5.27719 124.445
      vertex 5.07348 5.07348 123.538
    endloop
  endfacet
  facet normal 0.653736 0.74544 0.130185
    outer loop
      vertex 5.64474 5.64474 120.523
      vertex 4.85966 6.33324 120.523
      vertex 5.54816 5.54816 121.561
    endloop
  endfacet
  facet normal 0.408703 0.828764 0.382246
    outer loop
      vertex 3.78772 6.56052 122.572
      vertex 2.899 6.99879 122.572
      vertex 3.58749 6.21372 123.538
    endloop
  endfacet
  facet normal 0.596896 0.523463 0.608031
    outer loop
      vertex 4.7035 4.7035 124.445
      vertex 4.25305 4.25305 125.275
      vertex 5.27719 4.04933 124.445
    endloop
  endfacet
  facet normal 0.820673 0.278578 0.49889
    outer loop
      vertex 6.9305 1.85702 123.538
      vertex 6.14542 2.54552 124.445
      vertex 6.4251 1.7216 124.445
    endloop
  endfacet
  facet normal 0.712037 0.35114 0.608032
    outer loop
      vertex 6.14542 2.54552 124.445
      vertex 5.2089 3.00736 125.275
      vertex 5.55688 2.30173 125.275
    endloop
  endfacet
  facet normal 0.88924 0.438524 0.130188
    outer loop
      vertex 7.37521 3.05491 120.523
      vertex 6.79508 3.92314 121.561
      vertex 7.24902 3.00264 121.561
    endloop
  endfacet
  facet normal 0.745445 0.653729 0.130194
    outer loop
      vertex 6.33324 4.85966 120.523
      vertex 5.54816 5.54816 121.561
      vertex 6.22487 4.77651 121.561
    endloop
  endfacet
  facet normal 0.318705 0.938871 0.130184
    outer loop
      vertex 2.06612 7.71086 120.523
      vertex 2.03077 7.57893 121.561
      vertex 3.05491 7.37521 120.523
    endloop
  endfacet
  facet normal 0.0631785 0.964008 -0.258258
    outer loop
      vertex 0.988793 7.51063 117.428
      vertex 0 7.84628 118.439
      vertex 1.02415 7.77916 118.439
    endloop
  endfacet
  facet normal 0.824391 0.550844 -0.130193
    outer loop
      vertex 6.79508 3.92314 118.439
      vertex 6.33324 4.85966 119.477
      vertex 6.91337 3.99144 119.477
    endloop
  endfacet
  facet normal 0.609328 0.694812 -0.382042
    outer loop
      vertex 4.49739 5.64832 116.588
      vertex 4.61164 6.01 117.428
      vertex 5.35665 5.35665 117.428
    endloop
  endfacet
  facet normal 0.609361 0.694786 -0.382035
    outer loop
      vertex 4.61164 6.01 117.428
      vertex 4.49739 5.64832 116.588
      vertex 4.39979 5.73392 116.588
    endloop
  endfacet
  facet normal -0.828764 -0.408703 0.382246
    outer loop
      vertex -6.21372 -3.58749 123.538
      vertex -6.99879 -2.899 122.572
      vertex -6.56052 -3.78772 122.572
    endloop
  endfacet
  facet normal -0.92208 0.0604334 0.382253
    outer loop
      vertex -7.1136 0.936522 123.538
      vertex -7.57544 0 122.572
      vertex -7.17498 0 123.538
    endloop
  endfacet
  facet normal -0.588584 -0.393282 0.706328
    outer loop
      vertex -4.56808 -2.63738 126.015
      vertex -5.2089 -3.00736 125.275
      vertex -4.18475 -3.21107 126.015
    endloop
  endfacet
  facet normal -0.947512 0.188474 0.258259
    outer loop
      vertex -7.31731 1.96067 122.572
      vertex -7.57893 2.03077 121.561
      vertex -7.51063 0.988793 122.572
    endloop
  endfacet
  facet normal -0.651593 0.571431 0.498892
    outer loop
      vertex -5.07348 5.07348 123.538
      vertex -5.6923 4.36785 123.538
      vertex -5.27719 4.04933 124.445
    endloop
  endfacet
  facet normal -0.864813 0.0566802 0.498884
    outer loop
      vertex -7.1136 0.936522 123.538
      vertex -7.17498 0 123.538
      vertex -6.65176 0 124.445
    endloop
  endfacet
  facet normal -0.820673 0.278578 0.49889
    outer loop
      vertex -6.62882 2.74575 123.538
      vertex -6.9305 1.85702 123.538
      vertex -6.14542 2.54552 124.445
    endloop
  endfacet
  facet normal -0.989366 -0.0648424 -0.13019
    outer loop
      vertex -7.91458 -1.04197 119.477
      vertex -7.98287 0 119.477
      vertex -7.84628 0 118.439
    endloop
  endfacet
  facet normal -0.726341 -0.636975 -0.258248
    outer loop
      vertex -5.54816 -5.54816 118.439
      vertex -6.22487 -4.77651 118.439
      vertex -5.35665 -5.35665 117.428
    endloop
  endfacet
  facet normal -0.72634 -0.636977 -0.258246
    outer loop
      vertex -5.35665 -5.35665 117.428
      vertex -6.22487 -4.77651 118.439
      vertex -6.01 -4.61164 117.428
    endloop
  endfacet
  facet normal -0.964009 0.0631856 -0.258251
    outer loop
      vertex -7.57544 0 117.428
      vertex -7.84628 0 118.439
      vertex -7.51063 0.988793 117.428
    endloop
  endfacet
  facet normal -0.609271 -0.694747 0.382252
    outer loop
      vertex -4.36785 -5.6923 123.538
      vertex -5.35665 -5.35665 122.572
      vertex -4.61164 -6.01 122.572
    endloop
  endfacet
  facet normal -0.964008 -0.0631785 -0.258258
    outer loop
      vertex -7.77916 -1.02415 118.439
      vertex -7.84628 0 118.439
      vertex -7.51063 -0.988793 117.428
    endloop
  endfacet
  facet normal -0.536729 -0.803263 0.258247
    outer loop
      vertex -4.61164 -6.01 122.572
      vertex -4.77651 -6.22487 121.561
      vertex -3.92314 -6.79508 121.561
    endloop
  endfacet
  facet normal -0.438524 -0.88924 0.130188
    outer loop
      vertex -3.00264 -7.24902 121.561
      vertex -3.92314 -6.79508 121.561
      vertex -3.05491 -7.37521 120.523
    endloop
  endfacet
  facet normal -0.803266 -0.53672 0.258256
    outer loop
      vertex -6.56052 -3.78772 122.572
      vertex -6.79508 -3.92314 121.561
      vertex -6.01 -4.61164 122.572
    endloop
  endfacet
  facet normal -0.659348 -0.751838 0
    outer loop
      vertex -5.64474 -5.64474 119.477
      vertex -4.85966 -6.33324 120.523
      vertex -5.64474 -5.64474 120.523
    endloop
  endfacet
  facet normal -0.659348 -0.751838 -0
    outer loop
      vertex -4.85966 -6.33324 120.523
      vertex -5.64474 -5.64474 119.477
      vertex -4.85966 -6.33324 119.477
    endloop
  endfacet
  facet normal -0.745445 -0.653729 -0.130194
    outer loop
      vertex -5.54816 -5.54816 118.439
      vertex -6.33324 -4.85966 119.477
      vertex -6.22487 -4.77651 118.439
    endloop
  endfacet
  facet normal -0.318708 -0.93887 -0.130188
    outer loop
      vertex -2.03077 -7.57893 118.439
      vertex -3.05491 -7.37521 119.477
      vertex -3.00264 -7.24902 118.439
    endloop
  endfacet
  facet normal 0.653736 -0.74544 -0.130185
    outer loop
      vertex 5.64474 -5.64474 119.477
      vertex 4.85966 -6.33324 119.477
      vertex 5.54816 -5.54816 118.439
    endloop
  endfacet
  facet normal 0.318705 -0.938871 -0.130184
    outer loop
      vertex 2.06612 -7.71086 119.477
      vertex 2.03077 -7.57893 118.439
      vertex 3.05491 -7.37521 119.477
    endloop
  endfacet
  facet normal -0.670321 -0.227537 0.706326
    outer loop
      vertex -5.09503 -1.36521 126.015
      vertex -5.55688 -2.30173 125.275
      vertex -4.87325 -2.01857 126.015
    endloop
  endfacet
  facet normal -0.0519275 -0.79221 0.608035
    outer loop
      vertex 0 -6.01472 125.275
      vertex -0.785078 -5.96326 125.275
      vertex 0 -6.65176 124.445
    endloop
  endfacet
  facet normal 0.383316 -0.777289 0.498889
    outer loop
      vertex 3.32588 -5.76059 124.445
      vertex 2.54552 -6.14542 124.445
      vertex 3.58749 -6.21372 123.538
    endloop
  endfacet
  facet normal -0.0631856 -0.964009 0.258251
    outer loop
      vertex 0 -7.57544 122.572
      vertex -0.988793 -7.51063 122.572
      vertex 0 -7.84628 121.561
    endloop
  endfacet
  facet normal 0.188474 -0.947512 -0.258259
    outer loop
      vertex 2.03077 -7.57893 118.439
      vertex 0.988793 -7.51063 117.428
      vertex 1.96067 -7.31731 117.428
    endloop
  endfacet
  facet normal 0.154887 -0.778655 0.608035
    outer loop
      vertex 1.7216 -6.4251 124.445
      vertex 0.785078 -5.96326 125.275
      vertex 0.868228 -6.59485 124.445
    endloop
  endfacet
  facet normal -0.297027 -0.875021 0.382247
    outer loop
      vertex -2.74575 -6.62882 123.538
      vertex -2.899 -6.99879 122.572
      vertex -1.85702 -6.9305 123.538
    endloop
  endfacet
  facet normal 0.720604 0.481498 0.498889
    outer loop
      vertex 6.21372 3.58749 123.538
      vertex 5.27719 4.04933 124.445
      vertex 5.76059 3.32588 124.445
    endloop
  endfacet
  facet normal 0.906303 -0.180276 0.382249
    outer loop
      vertex 7.1136 -0.936522 123.538
      vertex 6.9305 -1.85702 123.538
      vertex 7.51063 -0.988793 122.572
    endloop
  endfacet
  facet normal 0.513427 -0.768402 -0.382036
    outer loop
      vertex 4.39979 -5.73392 116.588
      vertex 4.61164 -6.01 117.428
      vertex 3.72166 -6.18703 116.588
    endloop
  endfacet
  facet normal 0.653729 -0.745445 0.130194
    outer loop
      vertex 5.54816 -5.54816 121.561
      vertex 4.77651 -6.22487 121.561
      vertex 4.85966 -6.33324 120.523
    endloop
  endfacet
  facet normal 0.609271 -0.694747 0.382252
    outer loop
      vertex 5.35665 -5.35665 122.572
      vertex 4.36785 -5.6923 123.538
      vertex 4.61164 -6.01 122.572
    endloop
  endfacet
  facet normal 0.720604 -0.481498 0.498889
    outer loop
      vertex 5.76059 -3.32588 124.445
      vertex 5.27719 -4.04933 124.445
      vertex 6.21372 -3.58749 123.538
    endloop
  endfacet
  facet normal 0.214425 -0.143274 -0.966175
    outer loop
      vertex 1.58671 -1.21752 112.271
      vertex 1.2382 -0.950108 112.154
      vertex 1.66792 -1.09598 112.271
    endloop
  endfacet
  facet normal 0.745445 -0.653729 -0.130194
    outer loop
      vertex 6.33324 -4.85966 119.477
      vertex 5.54816 -5.54816 118.439
      vertex 6.22487 -4.77651 118.439
    endloop
  endfacet
  facet normal 0.88924 -0.438524 -0.130188
    outer loop
      vertex 7.37521 -3.05491 119.477
      vertex 6.79508 -3.92314 118.439
      vertex 7.24902 -3.00264 118.439
    endloop
  endfacet
  facet normal 0.130908 0.00857877 -0.991357
    outer loop
      vertex 1.56072 0 112.154
      vertex 0.523225 0 112.017
      vertex 1.54737 0.203714 112.154
    endloop
  endfacet
  facet normal -0.427285 -0.866448 -0.258254
    outer loop
      vertex -3.00264 -7.24902 118.439
      vertex -3.92314 -6.79508 118.439
      vertex -2.899 -6.99879 117.428
    endloop
  endfacet
  facet normal -0.318705 -0.938871 -0.130184
    outer loop
      vertex -2.06612 -7.71086 119.477
      vertex -3.05491 -7.37521 119.477
      vertex -2.03077 -7.57893 118.439
    endloop
  endfacet
  facet normal 0.257336 0.0168653 -0.966175
    outer loop
      vertex 2 0 112.271
      vertex 1.56072 0 112.154
      vertex 1.99044 0.145869 112.271
    endloop
  endfacet
  facet normal 0.82439 0.550846 -0.130195
    outer loop
      vertex 6.79508 3.92314 118.439
      vertex 6.22487 4.77651 118.439
      vertex 6.33324 4.85966 119.477
    endloop
  endfacet
  facet normal 0.947513 0.188473 -0.258259
    outer loop
      vertex 7.77916 1.02415 118.439
      vertex 7.51063 0.988793 117.428
      vertex 7.57893 2.03077 118.439
    endloop
  endfacet
  facet normal 0.989366 0.0648424 0.13019
    outer loop
      vertex 7.91458 1.04197 120.523
      vertex 7.84628 0 121.561
      vertex 7.98287 0 120.523
    endloop
  endfacet
  facet normal 0.914806 -0.310539 0.258255
    outer loop
      vertex 7.57893 -2.03077 121.561
      vertex 6.99879 -2.899 122.572
      vertex 7.24902 -3.00264 121.561
    endloop
  endfacet
  facet normal 0.866447 -0.427286 0.258256
    outer loop
      vertex 6.99879 -2.899 122.572
      vertex 6.56052 -3.78772 122.572
      vertex 6.79508 -3.92314 121.561
    endloop
  endfacet
  facet normal 0.972438 -0.193434 0.130187
    outer loop
      vertex 7.77916 -1.02415 121.561
      vertex 7.71086 -2.06612 120.523
      vertex 7.91458 -1.04197 120.523
    endloop
  endfacet
  facet normal -0.93887 0.318708 -0.130188
    outer loop
      vertex -7.24902 3.00264 118.439
      vertex -7.57893 2.03077 118.439
      vertex -7.37521 3.05491 119.477
    endloop
  endfacet
  facet normal -0.980785 0.195094 0
    outer loop
      vertex -7.91458 1.04197 119.477
      vertex -7.71086 2.06612 120.523
      vertex -7.71086 2.06612 119.477
    endloop
  endfacet
  facet normal -0.980785 0.195094 0
    outer loop
      vertex -7.71086 2.06612 120.523
      vertex -7.91458 1.04197 119.477
      vertex -7.91458 1.04197 120.523
    endloop
  endfacet
  facet normal -0.88924 0.438524 -0.130188
    outer loop
      vertex -7.24902 3.00264 118.439
      vertex -7.37521 3.05491 119.477
      vertex -6.79508 3.92314 118.439
    endloop
  endfacet
  facet normal -0.193889 0.170038 -0.966175
    outer loop
      vertex -1.2382 0.950108 112.154
      vertex -1.58671 1.21752 112.271
      vertex -1.49032 1.32743 112.271
    endloop
  endfacet
  facet normal -0.0631785 0.964008 -0.258258
    outer loop
      vertex -0.988793 7.51063 117.428
      vertex -1.02415 7.77916 118.439
      vertex 0 7.84628 118.439
    endloop
  endfacet
  facet normal -0.72634 0.636977 -0.258246
    outer loop
      vertex -6.01 4.61164 117.428
      vertex -6.22487 4.77651 118.439
      vertex -5.35665 5.35665 117.428
    endloop
  endfacet
  facet normal -0.720604 -0.481498 0.498889
    outer loop
      vertex -5.76059 -3.32588 124.445
      vertex -6.21372 -3.58749 123.538
      vertex -5.27719 -4.04933 124.445
    endloop
  endfacet
  facet normal 0.35114 -0.712037 0.608032
    outer loop
      vertex 3.00736 -5.2089 125.275
      vertex 2.30173 -5.55688 125.275
      vertex 2.54552 -6.14542 124.445
    endloop
  endfacet
  facet normal 0.351137 -0.712038 0.608034
    outer loop
      vertex 3.00736 -5.2089 125.275
      vertex 2.54552 -6.14542 124.445
      vertex 3.32588 -5.76059 124.445
    endloop
  endfacet
  facet normal 0.427285 -0.866448 0.258254
    outer loop
      vertex 3.92314 -6.79508 121.561
      vertex 2.899 -6.99879 122.572
      vertex 3.00264 -7.24902 121.561
    endloop
  endfacet
  facet normal 0.712037 -0.35114 0.608032
    outer loop
      vertex 5.55688 -2.30173 125.275
      vertex 5.2089 -3.00736 125.275
      vertex 6.14542 -2.54552 124.445
    endloop
  endfacet
  facet normal 0.914806 -0.310535 0.258259
    outer loop
      vertex 7.31731 -1.96067 122.572
      vertex 6.99879 -2.899 122.572
      vertex 7.57893 -2.03077 121.561
    endloop
  endfacet
  facet normal 0.577519 -0.196036 0.792491
    outer loop
      vertex 4.76778 -1.4763 126.226
      vertex 4.87325 -2.01857 126.015
      vertex 5.09503 -1.36521 126.015
    endloop
  endfacet
  facet normal 0.577516 -0.196037 0.792492
    outer loop
      vertex 4.87325 -2.01857 126.015
      vertex 4.76778 -1.4763 126.226
      vertex 4.6194 -1.91342 126.226
    endloop
  endfacet
  facet normal 0.588584 -0.393282 0.706328
    outer loop
      vertex 4.56808 -2.63738 126.015
      vertex 4.18475 -3.21107 126.015
      vertex 5.2089 -3.00736 125.275
    endloop
  endfacet
  facet normal 0.532215 -0.466741 0.706329
    outer loop
      vertex 4.7718 -3.66153 125.275
      vertex 3.72982 -3.72982 126.015
      vertex 4.25305 -4.25305 125.275
    endloop
  endfacet
  facet normal 0.596896 -0.523463 0.608031
    outer loop
      vertex 5.27719 -4.04933 124.445
      vertex 4.25305 -4.25305 125.275
      vertex 4.7035 -4.7035 124.445
    endloop
  endfacet
  facet normal -0.82439 0.550846 -0.130195
    outer loop
      vertex -6.22487 4.77651 118.439
      vertex -6.79508 3.92314 118.439
      vertex -6.33324 4.85966 119.477
    endloop
  endfacet
  facet normal 0.0604374 0.922081 0.382249
    outer loop
      vertex 0.988793 7.51063 122.572
      vertex 0 7.57544 122.572
      vertex 0.936522 7.1136 123.538
    endloop
  endfacet
  facet normal 0.0604334 0.92208 0.382253
    outer loop
      vertex 0 7.57544 122.572
      vertex 0 7.17498 123.538
      vertex 0.936522 7.1136 123.538
    endloop
  endfacet
  facet normal 0.193431 0.972438 0.130185
    outer loop
      vertex 2.06612 7.71086 120.523
      vertex 1.02415 7.77916 121.561
      vertex 2.03077 7.57893 121.561
    endloop
  endfacet
  facet normal 0.53672 0.803266 0.258256
    outer loop
      vertex 3.92314 6.79508 121.561
      vertex 3.78772 6.56052 122.572
      vertex 4.61164 6.01 122.572
    endloop
  endfacet
  facet normal 0.427285 0.866448 0.258254
    outer loop
      vertex 3.00264 7.24902 121.561
      vertex 2.899 6.99879 122.572
      vertex 3.92314 6.79508 121.561
    endloop
  endfacet
  facet normal 0.536729 0.803263 -0.258247
    outer loop
      vertex 4.61164 6.01 117.428
      vertex 3.92314 6.79508 118.439
      vertex 4.77651 6.22487 118.439
    endloop
  endfacet
  facet normal 0.193434 0.972438 0.130187
    outer loop
      vertex 1.04197 7.91458 120.523
      vertex 1.02415 7.77916 121.561
      vertex 2.06612 7.71086 120.523
    endloop
  endfacet
  facet normal 0.66011 0.441077 0.608034
    outer loop
      vertex 5.27719 4.04933 124.445
      vertex 5.2089 3.00736 125.275
      vertex 5.76059 3.32588 124.445
    endloop
  endfacet
  facet normal 0.670321 0.227537 0.706326
    outer loop
      vertex 5.55688 2.30173 125.275
      vertex 4.87325 2.01857 126.015
      vertex 5.09503 1.36521 126.015
    endloop
  endfacet
  facet normal 0.402126 0.458538 0.792489
    outer loop
      vertex 3.21107 4.18475 126.015
      vertex 3.39087 3.6624 126.226
      vertex 3.72982 3.72982 126.015
    endloop
  endfacet
  facet normal 0.402137 0.458539 0.792482
    outer loop
      vertex 3.21107 4.18475 126.015
      vertex 3.04381 3.96677 126.226
      vertex 3.39087 3.6624 126.226
    endloop
  endfacet
  facet normal 0.651593 0.571431 0.498892
    outer loop
      vertex 5.6923 4.36785 123.538
      vertex 5.07348 5.07348 123.538
      vertex 5.27719 4.04933 124.445
    endloop
  endfacet
  facet normal 0.72634 0.636977 0.258246
    outer loop
      vertex 6.22487 4.77651 121.561
      vertex 5.35665 5.35665 122.572
      vertex 6.01 4.61164 122.572
    endloop
  endfacet
  facet normal 0.694743 0.609273 0.382255
    outer loop
      vertex 5.35665 5.35665 122.572
      vertex 5.07348 5.07348 123.538
      vertex 5.6923 4.36785 123.538
    endloop
  endfacet
  facet normal 0.188474 0.947512 0.258259
    outer loop
      vertex 2.03077 7.57893 121.561
      vertex 0.988793 7.51063 122.572
      vertex 1.96067 7.31731 122.572
    endloop
  endfacet
  facet normal -0.53672 0.803266 0.258256
    outer loop
      vertex -3.92314 6.79508 121.561
      vertex -4.61164 6.01 122.572
      vertex -3.78772 6.56052 122.572
    endloop
  endfacet
  facet normal 0.441077 0.66011 0.608034
    outer loop
      vertex 3.32588 5.76059 124.445
      vertex 3.00736 5.2089 125.275
      vertex 4.04933 5.27719 124.445
    endloop
  endfacet
  facet normal 0.180276 0.906303 0.382249
    outer loop
      vertex 0.988793 7.51063 122.572
      vertex 0.936522 7.1136 123.538
      vertex 1.85702 6.9305 123.538
    endloop
  endfacet
  facet normal 0.441073 0.660117 0.60803
    outer loop
      vertex 4.04933 5.27719 124.445
      vertex 3.00736 5.2089 125.275
      vertex 3.66153 4.7718 125.275
    endloop
  endfacet
  facet normal 0.402133 0.458521 0.792495
    outer loop
      vertex 3.72982 3.72982 126.015
      vertex 3.39087 3.6624 126.226
      vertex 3.53553 3.53553 126.226
    endloop
  endfacet
  facet normal 0.598158 0.118971 0.792498
    outer loop
      vertex 5.22964 0.688495 126.015
      vertex 4.86717 1.10538 126.226
      vertex 4.95722 0.652631 126.226
    endloop
  endfacet
  facet normal 0.598169 0.118986 0.792487
    outer loop
      vertex 4.86717 1.10538 126.226
      vertex 5.22964 0.688495 126.015
      vertex 5.09503 1.36521 126.015
    endloop
  endfacet
  facet normal 0.989366 -0.0648424 -0.13019
    outer loop
      vertex 7.91458 -1.04197 119.477
      vertex 7.84628 0 118.439
      vertex 7.98287 0 119.477
    endloop
  endfacet
  facet normal 0.980785 -0.195094 0
    outer loop
      vertex 7.71086 -2.06612 120.523
      vertex 7.91458 -1.04197 119.477
      vertex 7.91458 -1.04197 120.523
    endloop
  endfacet
  facet normal 0.980785 -0.195094 0
    outer loop
      vertex 7.91458 -1.04197 119.477
      vertex 7.71086 -2.06612 120.523
      vertex 7.71086 -2.06612 119.477
    endloop
  endfacet
  facet normal 0.922167 -0.0604403 -0.382041
    outer loop
      vertex 7.57544 0 117.428
      vertex 7.1741 -0.813834 116.588
      vertex 7.22744 0 116.588
    endloop
  endfacet
  facet normal 0.914806 -0.310539 -0.258255
    outer loop
      vertex 7.24902 -3.00264 118.439
      vertex 6.99879 -2.899 117.428
      vertex 7.57893 -2.03077 118.439
    endloop
  endfacet
  facet normal 0.980785 0.195094 0
    outer loop
      vertex 7.91458 1.04197 120.523
      vertex 7.71086 2.06612 119.477
      vertex 7.71086 2.06612 120.523
    endloop
  endfacet
  facet normal 0.980785 0.195094 0
    outer loop
      vertex 7.71086 2.06612 119.477
      vertex 7.91458 1.04197 120.523
      vertex 7.91458 1.04197 119.477
    endloop
  endfacet
  facet normal 0.972438 0.193434 -0.130187
    outer loop
      vertex 7.77916 1.02415 118.439
      vertex 7.71086 2.06612 119.477
      vertex 7.91458 1.04197 119.477
    endloop
  endfacet
  facet normal 0.922167 0.0604403 -0.382041
    outer loop
      vertex 7.22744 0 116.588
      vertex 7.1741 0.813834 116.588
      vertex 7.57544 0 117.428
    endloop
  endfacet
  facet normal 0.889241 0.43852 -0.130192
    outer loop
      vertex 7.37521 3.05491 119.477
      vertex 6.79508 3.92314 118.439
      vertex 6.91337 3.99144 119.477
    endloop
  endfacet
  facet normal 0.803263 0.536729 0.258247
    outer loop
      vertex 6.22487 4.77651 121.561
      vertex 6.01 4.61164 122.572
      vertex 6.79508 3.92314 121.561
    endloop
  endfacet
  facet normal 0.824391 0.550844 0.130193
    outer loop
      vertex 6.91337 3.99144 120.523
      vertex 6.33324 4.85966 120.523
      vertex 6.79508 3.92314 121.561
    endloop
  endfacet
  facet normal 0.964008 0.0631785 0.258258
    outer loop
      vertex 7.77916 1.02415 121.561
      vertex 7.51063 0.988793 122.572
      vertex 7.84628 0 121.561
    endloop
  endfacet
  facet normal 0.989367 0.0648404 0.130188
    outer loop
      vertex 7.91458 1.04197 120.523
      vertex 7.77916 1.02415 121.561
      vertex 7.84628 0 121.561
    endloop
  endfacet
  facet normal 0.193434 0.972438 -0.130187
    outer loop
      vertex 2.06612 7.71086 119.477
      vertex 1.02415 7.77916 118.439
      vertex 1.04197 7.91458 119.477
    endloop
  endfacet
  facet normal 0.188474 0.947512 -0.258259
    outer loop
      vertex 1.96067 7.31731 117.428
      vertex 0.988793 7.51063 117.428
      vertex 2.03077 7.57893 118.439
    endloop
  endfacet
  facet normal 0.188473 0.947513 -0.258259
    outer loop
      vertex 2.03077 7.57893 118.439
      vertex 0.988793 7.51063 117.428
      vertex 1.02415 7.77916 118.439
    endloop
  endfacet
  facet normal -0.0631856 0.964009 -0.258251
    outer loop
      vertex 0 7.57544 117.428
      vertex -0.988793 7.51063 117.428
      vertex 0 7.84628 118.439
    endloop
  endfacet
  facet normal -0.0648404 0.989367 -0.130188
    outer loop
      vertex -1.02415 7.77916 118.439
      vertex -1.04197 7.91458 119.477
      vertex 0 7.84628 118.439
    endloop
  endfacet
  facet normal 0.828844 0.408739 -0.382035
    outer loop
      vertex 6.67729 2.76582 116.588
      vertex 6.31657 3.49729 116.588
      vertex 6.99879 2.899 117.428
    endloop
  endfacet
  facet normal 0.297057 0.875104 -0.382033
    outer loop
      vertex 2.899 6.99879 117.428
      vertex 2.76582 6.67729 116.588
      vertex 1.99352 6.93945 116.588
    endloop
  endfacet
  facet normal 0.653736 0.74544 -0.130185
    outer loop
      vertex 5.54816 5.54816 118.439
      vertex 4.85966 6.33324 119.477
      vertex 5.64474 5.64474 119.477
    endloop
  endfacet
  facet normal 0.659348 0.751838 -0
    outer loop
      vertex 5.64474 5.64474 119.477
      vertex 4.85966 6.33324 120.523
      vertex 5.64474 5.64474 120.523
    endloop
  endfacet
  facet normal 0.659348 0.751838 0
    outer loop
      vertex 4.85966 6.33324 120.523
      vertex 5.64474 5.64474 119.477
      vertex 4.85966 6.33324 119.477
    endloop
  endfacet
  facet normal -0.964008 -0.0631785 0.258258
    outer loop
      vertex -7.51063 -0.988793 122.572
      vertex -7.84628 0 121.561
      vertex -7.77916 -1.02415 121.561
    endloop
  endfacet
  facet normal -0.896875 -0.442284 0
    outer loop
      vertex -6.91337 -3.99144 119.477
      vertex -7.37521 -3.05491 120.523
      vertex -7.37521 -3.05491 119.477
    endloop
  endfacet
  facet normal -0.896875 -0.442284 0
    outer loop
      vertex -7.37521 -3.05491 120.523
      vertex -6.91337 -3.99144 119.477
      vertex -6.91337 -3.99144 120.523
    endloop
  endfacet
  facet normal -0.922081 0.0604374 0.382249
    outer loop
      vertex -7.51063 0.988793 122.572
      vertex -7.57544 0 122.572
      vertex -7.1136 0.936522 123.538
    endloop
  endfacet
  facet normal -0.86481 0.056686 0.498888
    outer loop
      vertex -6.59485 0.868228 124.445
      vertex -7.1136 0.936522 123.538
      vertex -6.65176 0 124.445
    endloop
  endfacet
  facet normal -0.86481 -0.056686 0.498888
    outer loop
      vertex -6.65176 0 124.445
      vertex -7.1136 -0.936522 123.538
      vertex -6.59485 -0.868228 124.445
    endloop
  endfacet
  facet normal -0.864813 -0.0566802 0.498884
    outer loop
      vertex -6.65176 0 124.445
      vertex -7.17498 0 123.538
      vertex -7.1136 -0.936522 123.538
    endloop
  endfacet
  facet normal -0.608568 0.0398993 0.792498
    outer loop
      vertex -5.22964 0.688495 126.015
      vertex -4.98742 0.192002 126.226
      vertex -4.95722 0.652631 126.226
    endloop
  endfacet
  facet normal -0.608578 0.0398915 0.792491
    outer loop
      vertex -4.98742 0.192002 126.226
      vertex -5.22964 0.688495 126.015
      vertex -5.27477 0 126.015
    endloop
  endfacet
  facet normal -0.850012 0.169079 0.49889
    outer loop
      vertex -6.9305 1.85702 123.538
      vertex -7.1136 0.936522 123.538
      vertex -6.4251 1.7216 124.445
    endloop
  endfacet
  facet normal -0.634882 0.313096 0.706325
    outer loop
      vertex -4.56808 2.63738 126.015
      vertex -5.55688 2.30173 125.275
      vertex -4.87325 2.01857 126.015
    endloop
  endfacet
  facet normal 0.196046 0.57752 0.792487
    outer loop
      vertex 1.36521 5.09503 126.015
      vertex 1.2941 4.82963 126.226
      vertex 1.4763 4.76778 126.226
    endloop
  endfacet
  facet normal -0.831468 0.555573 0
    outer loop
      vertex -6.91337 3.99144 119.477
      vertex -6.33324 4.85966 120.523
      vertex -6.33324 4.85966 119.477
    endloop
  endfacet
  facet normal -0.831468 0.555573 0
    outer loop
      vertex -6.33324 4.85966 120.523
      vertex -6.91337 3.99144 119.477
      vertex -6.91337 3.99144 120.523
    endloop
  endfacet
  facet normal -0.906303 0.180276 0.382249
    outer loop
      vertex -7.31731 1.96067 122.572
      vertex -7.51063 0.988793 122.572
      vertex -6.9305 1.85702 123.538
    endloop
  endfacet
  facet normal -0.964008 0.0631785 0.258258
    outer loop
      vertex -7.77916 1.02415 121.561
      vertex -7.84628 0 121.561
      vertex -7.51063 0.988793 122.572
    endloop
  endfacet
  facet normal -0.947513 0.188473 0.258259
    outer loop
      vertex -7.57893 2.03077 121.561
      vertex -7.77916 1.02415 121.561
      vertex -7.51063 0.988793 122.572
    endloop
  endfacet
  facet normal -0.906303 0.180276 0.382249
    outer loop
      vertex -6.9305 1.85702 123.538
      vertex -7.51063 0.988793 122.572
      vertex -7.1136 0.936522 123.538
    endloop
  endfacet
  facet normal -0.972438 -0.193434 0.130187
    outer loop
      vertex -7.77916 -1.02415 121.561
      vertex -7.91458 -1.04197 120.523
      vertex -7.71086 -2.06612 120.523
    endloop
  endfacet
  facet normal -0.824391 -0.550844 -0.130193
    outer loop
      vertex -6.33324 -4.85966 119.477
      vertex -6.91337 -3.99144 119.477
      vertex -6.79508 -3.92314 118.439
    endloop
  endfacet
  facet normal -0.906383 -0.180323 -0.382039
    outer loop
      vertex -7.31731 -1.96067 117.428
      vertex -7.0065 -1.74328 116.588
      vertex -6.98117 -1.8706 116.588
    endloop
  endfacet
  facet normal -0.90639 -0.180294 -0.382035
    outer loop
      vertex -7.0065 -1.74328 116.588
      vertex -7.31731 -1.96067 117.428
      vertex -7.51063 -0.988793 117.428
    endloop
  endfacet
  facet normal -0.636975 -0.726341 -0.258248
    outer loop
      vertex -4.77651 -6.22487 118.439
      vertex -5.54816 -5.54816 118.439
      vertex -5.35665 -5.35665 117.428
    endloop
  endfacet
  facet normal -0.694747 -0.609271 0.382252
    outer loop
      vertex -5.6923 -4.36785 123.538
      vertex -6.01 -4.61164 122.572
      vertex -5.35665 -5.35665 122.572
    endloop
  endfacet
  facet normal -0.768327 -0.51338 0.382251
    outer loop
      vertex -5.6923 -4.36785 123.538
      vertex -6.21372 -3.58749 123.538
      vertex -6.01 -4.61164 122.572
    endloop
  endfacet
  facet normal -0.947513 -0.188473 0.258259
    outer loop
      vertex -7.51063 -0.988793 122.572
      vertex -7.77916 -1.02415 121.561
      vertex -7.57893 -2.03077 121.561
    endloop
  endfacet
  facet normal -0.947512 -0.188474 0.258259
    outer loop
      vertex -7.51063 -0.988793 122.572
      vertex -7.57893 -2.03077 121.561
      vertex -7.31731 -1.96067 122.572
    endloop
  endfacet
  facet normal -0.193434 -0.972438 0.130187
    outer loop
      vertex -1.02415 -7.77916 121.561
      vertex -2.06612 -7.71086 120.523
      vertex -1.04197 -7.91458 120.523
    endloop
  endfacet
  facet normal -0.43852 -0.889241 -0.130192
    outer loop
      vertex -3.05491 -7.37521 119.477
      vertex -3.99144 -6.91337 119.477
      vertex -3.92314 -6.79508 118.439
    endloop
  endfacet
  facet normal -0.824391 -0.550844 0.130193
    outer loop
      vertex -6.79508 -3.92314 121.561
      vertex -6.91337 -3.99144 120.523
      vertex -6.33324 -4.85966 120.523
    endloop
  endfacet
  facet normal -0.442284 -0.896875 0
    outer loop
      vertex -3.99144 -6.91337 119.477
      vertex -3.05491 -7.37521 120.523
      vertex -3.99144 -6.91337 120.523
    endloop
  endfacet
  facet normal -0.442284 -0.896875 -0
    outer loop
      vertex -3.05491 -7.37521 120.523
      vertex -3.99144 -6.91337 119.477
      vertex -3.05491 -7.37521 119.477
    endloop
  endfacet
  facet normal -0.653736 -0.74544 0.130185
    outer loop
      vertex -5.54816 -5.54816 121.561
      vertex -5.64474 -5.64474 120.523
      vertex -4.85966 -6.33324 120.523
    endloop
  endfacet
  facet normal -0.536729 -0.803263 -0.258247
    outer loop
      vertex -3.92314 -6.79508 118.439
      vertex -4.77651 -6.22487 118.439
      vertex -4.61164 -6.01 117.428
    endloop
  endfacet
  facet normal -0.768402 -0.513427 -0.382036
    outer loop
      vertex -5.73392 -4.39979 116.588
      vertex -6.01 -4.61164 117.428
      vertex -6.18703 -3.72166 116.588
    endloop
  endfacet
  facet normal -0.188474 -0.947512 -0.258259
    outer loop
      vertex -0.988793 -7.51063 117.428
      vertex -2.03077 -7.57893 118.439
      vertex -1.96067 -7.31731 117.428
    endloop
  endfacet
  facet normal 0.0604403 -0.922167 -0.382041
    outer loop
      vertex 0.813834 -7.1741 116.588
      vertex 0 -7.57544 117.428
      vertex 0 -7.22744 116.588
    endloop
  endfacet
  facet normal -0.0604694 -0.922166 -0.382039
    outer loop
      vertex -0.887707 -7.16926 116.588
      vertex -0.988793 -7.51063 117.428
      vertex -0.94337 -7.16561 116.588
    endloop
  endfacet
  facet normal -0.0604187 -0.922171 -0.382034
    outer loop
      vertex -0.813834 -7.1741 116.588
      vertex -0.988793 -7.51063 117.428
      vertex -0.887707 -7.16926 116.588
    endloop
  endfacet
  facet normal -0.0604431 -0.922168 -0.382038
    outer loop
      vertex -0.988793 -7.51063 117.428
      vertex -0.813834 -7.1741 116.588
      vertex 0 -7.57544 117.428
    endloop
  endfacet
  facet normal 0.180246 -0.906398 -0.382039
    outer loop
      vertex 0.998082 -7.15473 116.588
      vertex 0.988793 -7.51063 117.428
      vertex 0.94337 -7.16561 116.588
    endloop
  endfacet
  facet normal 0.180293 -0.90639 -0.382035
    outer loop
      vertex 0.988793 -7.51063 117.428
      vertex 0.998082 -7.15473 116.588
      vertex 1.74328 -7.0065 116.588
    endloop
  endfacet
  facet normal 0.653736 -0.74544 0.130185
    outer loop
      vertex 5.54816 -5.54816 121.561
      vertex 4.85966 -6.33324 120.523
      vertex 5.64474 -5.64474 120.523
    endloop
  endfacet
  facet normal 0.523465 -0.596896 0.60803
    outer loop
      vertex 4.25305 -4.25305 125.275
      vertex 3.66153 -4.7718 125.275
      vertex 4.04933 -5.27719 124.445
    endloop
  endfacet
  facet normal -0.828764 -0.408701 0.382248
    outer loop
      vertex -6.62882 -2.74575 123.538
      vertex -6.99879 -2.899 122.572
      vertex -6.21372 -3.58749 123.538
    endloop
  endfacet
  facet normal -0.694284 -0.138105 0.706326
    outer loop
      vertex -5.22964 -0.688495 126.015
      vertex -5.80977 -1.55672 125.275
      vertex -5.09503 -1.36521 126.015
    endloop
  endfacet
  facet normal -0.596896 -0.523463 0.608031
    outer loop
      vertex -4.25305 -4.25305 125.275
      vertex -5.27719 -4.04933 124.445
      vertex -4.7035 -4.7035 124.445
    endloop
  endfacet
  facet normal -0.889241 -0.43852 0.130192
    outer loop
      vertex -6.79508 -3.92314 121.561
      vertex -7.37521 -3.05491 120.523
      vertex -6.91337 -3.99144 120.523
    endloop
  endfacet
  facet normal -0.0604334 -0.92208 0.382253
    outer loop
      vertex 0 -7.17498 123.538
      vertex -0.936522 -7.1136 123.538
      vertex 0 -7.57544 122.572
    endloop
  endfacet
  facet normal 0.169079 -0.850012 0.49889
    outer loop
      vertex 1.7216 -6.4251 124.445
      vertex 0.936522 -7.1136 123.538
      vertex 1.85702 -6.9305 123.538
    endloop
  endfacet
  facet normal -0.188474 -0.947512 0.258259
    outer loop
      vertex -1.96067 -7.31731 122.572
      vertex -2.03077 -7.57893 121.561
      vertex -0.988793 -7.51063 122.572
    endloop
  endfacet
  facet normal 0.0631856 -0.964009 0.258251
    outer loop
      vertex 0 -7.57544 122.572
      vertex 0 -7.84628 121.561
      vertex 0.988793 -7.51063 122.572
    endloop
  endfacet
  facet normal -0.180276 -0.906303 0.382249
    outer loop
      vertex -0.936522 -7.1136 123.538
      vertex -1.85702 -6.9305 123.538
      vertex -0.988793 -7.51063 122.572
    endloop
  endfacet
  facet normal -0.310535 -0.914806 0.258259
    outer loop
      vertex -1.96067 -7.31731 122.572
      vertex -2.899 -6.99879 122.572
      vertex -2.03077 -7.57893 121.561
    endloop
  endfacet
  facet normal -0.481498 -0.720604 0.498889
    outer loop
      vertex -3.32588 -5.76059 124.445
      vertex -4.04933 -5.27719 124.445
      vertex -3.58749 -6.21372 123.538
    endloop
  endfacet
  facet normal -0.278578 -0.820673 0.49889
    outer loop
      vertex -1.7216 -6.4251 124.445
      vertex -2.54552 -6.14542 124.445
      vertex -1.85702 -6.9305 123.538
    endloop
  endfacet
  facet normal -0.51338 -0.768327 0.382251
    outer loop
      vertex -4.36785 -5.6923 123.538
      vertex -4.61164 -6.01 122.572
      vertex -3.58749 -6.21372 123.538
    endloop
  endfacet
  facet normal -0.383316 -0.777289 0.49889
    outer loop
      vertex -2.54552 -6.14542 124.445
      vertex -3.58749 -6.21372 123.538
      vertex -2.74575 -6.62882 123.538
    endloop
  endfacet
  facet normal 0.43852 -0.889241 0.130192
    outer loop
      vertex 3.92314 -6.79508 121.561
      vertex 3.05491 -7.37521 120.523
      vertex 3.99144 -6.91337 120.523
    endloop
  endfacet
  facet normal 0.74544 -0.653736 0.130185
    outer loop
      vertex 6.33324 -4.85966 120.523
      vertex 5.54816 -5.54816 121.561
      vertex 5.64474 -5.64474 120.523
    endloop
  endfacet
  facet normal 0.513428 -0.768402 -0.382035
    outer loop
      vertex 3.6601 -6.22816 116.588
      vertex 3.78772 -6.56052 117.428
      vertex 3.61372 -6.25915 116.588
    endloop
  endfacet
  facet normal 0.513402 -0.768418 -0.382038
    outer loop
      vertex 3.72166 -6.18703 116.588
      vertex 3.78772 -6.56052 117.428
      vertex 3.6601 -6.22816 116.588
    endloop
  endfacet
  facet normal 0.513426 -0.768404 -0.382033
    outer loop
      vertex 3.78772 -6.56052 117.428
      vertex 3.72166 -6.18703 116.588
      vertex 4.61164 -6.01 117.428
    endloop
  endfacet
  facet normal 0.889241 -0.43852 -0.130192
    outer loop
      vertex 6.91337 -3.99144 119.477
      vertex 6.79508 -3.92314 118.439
      vertex 7.37521 -3.05491 119.477
    endloop
  endfacet
  facet normal 0.408739 -0.828844 -0.382035
    outer loop
      vertex 2.899 -6.99879 117.428
      vertex 2.76582 -6.67729 116.588
      vertex 3.49729 -6.31657 116.588
    endloop
  endfacet
  facet normal 0.82439 -0.550846 -0.130195
    outer loop
      vertex 6.33324 -4.85966 119.477
      vertex 6.22487 -4.77651 118.439
      vertex 6.79508 -3.92314 118.439
    endloop
  endfacet
  facet normal 0.751838 -0.659348 0
    outer loop
      vertex 5.64474 -5.64474 120.523
      vertex 6.33324 -4.85966 119.477
      vertex 6.33324 -4.85966 120.523
    endloop
  endfacet
  facet normal 0.751838 -0.659348 0
    outer loop
      vertex 6.33324 -4.85966 119.477
      vertex 5.64474 -5.64474 120.523
      vertex 5.64474 -5.64474 119.477
    endloop
  endfacet
  facet normal 0.803263 -0.536729 -0.258247
    outer loop
      vertex 6.22487 -4.77651 118.439
      vertex 6.01 -4.61164 117.428
      vertex 6.79508 -3.92314 118.439
    endloop
  endfacet
  facet normal 0.636975 -0.726341 -0.258248
    outer loop
      vertex 5.54816 -5.54816 118.439
      vertex 4.77651 -6.22487 118.439
      vertex 5.35665 -5.35665 117.428
    endloop
  endfacet
  facet normal 0.726341 -0.636975 -0.258248
    outer loop
      vertex 5.54816 -5.54816 118.439
      vertex 5.35665 -5.35665 117.428
      vertex 6.22487 -4.77651 118.439
    endloop
  endfacet
  facet normal -0.0503139 -0.252933 -0.966175
    outer loop
      vertex -0.203714 -1.54737 112.154
      vertex -0.261052 -1.98289 112.271
      vertex -0.404425 -1.95437 112.271
    endloop
  endfacet
  facet normal -0.0580261 -0.117658 -0.991357
    outer loop
      vertex -0.597262 -1.44192 112.154
      vertex -0.780361 -1.35162 112.154
      vertex -0.261612 -0.453126 112.017
    endloop
  endfacet
  facet normal 0.90639 -0.180294 -0.382035
    outer loop
      vertex 7.31731 -1.96067 117.428
      vertex 7.0065 -1.74328 116.588
      vertex 7.51063 -0.988793 117.428
    endloop
  endfacet
  facet normal 0.906383 -0.180323 -0.382039
    outer loop
      vertex 7.0065 -1.74328 116.588
      vertex 7.31731 -1.96067 117.428
      vertex 6.98117 -1.8706 116.588
    endloop
  endfacet
  facet normal 0.0728844 -0.109079 -0.991357
    outer loop
      vertex 0.950108 -1.2382 112.154
      vertex 0.261612 -0.453126 112.017
      vertex 0.318519 -0.415102 112.017
    endloop
  endfacet
  facet normal 0.257336 0.016864 -0.966175
    outer loop
      vertex 1.54737 0.203714 112.154
      vertex 1.99044 0.145869 112.271
      vertex 1.56072 0 112.154
    endloop
  endfacet
  facet normal 0.257337 0.0168679 -0.966175
    outer loop
      vertex 1.99044 0.145869 112.271
      vertex 1.54737 0.203714 112.154
      vertex 1.98289 0.261052 112.271
    endloop
  endfacet
  facet normal 0.828843 -0.408742 -0.382032
    outer loop
      vertex 6.56052 -3.78772 117.428
      vertex 6.31657 -3.49729 116.588
      vertex 6.99879 -2.899 117.428
    endloop
  endfacet
  facet normal 0.828815 -0.408791 -0.382041
    outer loop
      vertex 6.31657 -3.49729 116.588
      vertex 6.56052 -3.78772 117.428
      vertex 6.28382 -3.56369 116.588
    endloop
  endfacet
  facet normal 0.828857 -0.408713 -0.382034
    outer loop
      vertex 6.28382 -3.56369 116.588
      vertex 6.56052 -3.78772 117.428
      vertex 6.25915 -3.61372 116.588
    endloop
  endfacet
  facet normal 0.922081 -0.0604374 0.382249
    outer loop
      vertex 7.57544 0 122.572
      vertex 7.1136 -0.936522 123.538
      vertex 7.51063 -0.988793 122.572
    endloop
  endfacet
  facet normal 0.906303 0.180276 0.382249
    outer loop
      vertex 7.51063 0.988793 122.572
      vertex 6.9305 1.85702 123.538
      vertex 7.1136 0.936522 123.538
    endloop
  endfacet
  facet normal 0.989367 -0.0648404 -0.130188
    outer loop
      vertex 7.91458 -1.04197 119.477
      vertex 7.77916 -1.02415 118.439
      vertex 7.84628 0 118.439
    endloop
  endfacet
  facet normal 0.989366 -0.0648424 0.13019
    outer loop
      vertex 7.98287 0 120.523
      vertex 7.84628 0 121.561
      vertex 7.91458 -1.04197 120.523
    endloop
  endfacet
  facet normal 0.751779 -0.255192 0.608034
    outer loop
      vertex 6.4251 -1.7216 124.445
      vertex 5.80977 -1.55672 125.275
      vertex 6.14542 -2.54552 124.445
    endloop
  endfacet
  facet normal 0.866448 -0.427285 0.258254
    outer loop
      vertex 6.99879 -2.899 122.572
      vertex 6.79508 -3.92314 121.561
      vertex 7.24902 -3.00264 121.561
    endloop
  endfacet
  facet normal -0.550846 0.82439 0.130195
    outer loop
      vertex -3.92314 6.79508 121.561
      vertex -4.85966 6.33324 120.523
      vertex -4.77651 6.22487 121.561
    endloop
  endfacet
  facet normal -0.889241 0.43852 -0.130192
    outer loop
      vertex -6.79508 3.92314 118.439
      vertex -7.37521 3.05491 119.477
      vertex -6.91337 3.99144 119.477
    endloop
  endfacet
  facet normal -0.938871 0.318705 -0.130184
    outer loop
      vertex -7.57893 2.03077 118.439
      vertex -7.71086 2.06612 119.477
      vertex -7.37521 3.05491 119.477
    endloop
  endfacet
  facet normal -0.989366 0.0648424 -0.13019
    outer loop
      vertex -7.84628 0 118.439
      vertex -7.98287 0 119.477
      vertex -7.91458 1.04197 119.477
    endloop
  endfacet
  facet normal -0.964008 0.0631785 -0.258258
    outer loop
      vertex -7.51063 0.988793 117.428
      vertex -7.84628 0 118.439
      vertex -7.77916 1.02415 118.439
    endloop
  endfacet
  facet normal -0.947512 -0.188474 -0.258259
    outer loop
      vertex -7.31731 -1.96067 117.428
      vertex -7.57893 -2.03077 118.439
      vertex -7.51063 -0.988793 117.428
    endloop
  endfacet
  facet normal -0.964009 -0.0631856 -0.258251
    outer loop
      vertex -7.51063 -0.988793 117.428
      vertex -7.84628 0 118.439
      vertex -7.57544 0 117.428
    endloop
  endfacet
  facet normal -0.803263 0.536729 -0.258247
    outer loop
      vertex -6.01 4.61164 117.428
      vertex -6.79508 3.92314 118.439
      vertex -6.22487 4.77651 118.439
    endloop
  endfacet
  facet normal -0.768404 0.513426 -0.382033
    outer loop
      vertex -6.18703 3.72166 116.588
      vertex -6.56052 3.78772 117.428
      vertex -6.01 4.61164 117.428
    endloop
  endfacet
  facet normal -0.768418 0.513402 -0.382038
    outer loop
      vertex -6.22816 3.6601 116.588
      vertex -6.56052 3.78772 117.428
      vertex -6.18703 3.72166 116.588
    endloop
  endfacet
  facet normal -0.768402 0.513428 -0.382035
    outer loop
      vertex -6.25915 3.61372 116.588
      vertex -6.56052 3.78772 117.428
      vertex -6.22816 3.6601 116.588
    endloop
  endfacet
  facet normal 0.188474 -0.947512 0.258259
    outer loop
      vertex 1.96067 -7.31731 122.572
      vertex 0.988793 -7.51063 122.572
      vertex 2.03077 -7.57893 121.561
    endloop
  endfacet
  facet normal 0.297029 -0.875019 0.38225
    outer loop
      vertex 2.899 -6.99879 122.572
      vertex 1.85702 -6.9305 123.538
      vertex 1.96067 -7.31731 122.572
    endloop
  endfacet
  facet normal -0.118987 -0.598168 0.792488
    outer loop
      vertex -1.2941 -4.82963 126.226
      vertex -1.36521 -5.09503 126.015
      vertex -1.10538 -4.86717 126.226
    endloop
  endfacet
  facet normal 0.154885 -0.778656 0.608034
    outer loop
      vertex 1.55672 -5.80977 125.275
      vertex 0.785078 -5.96326 125.275
      vertex 1.7216 -6.4251 124.445
    endloop
  endfacet
  facet normal 0.706372 -0.0463018 0.706325
    outer loop
      vertex 5.27477 0 126.015
      vertex 5.22964 -0.688495 126.015
      vertex 6.01472 0 125.275
    endloop
  endfacet
  facet normal 0.86481 -0.056686 0.498888
    outer loop
      vertex 6.65176 0 124.445
      vertex 6.59485 -0.868228 124.445
      vertex 7.1136 -0.936522 123.538
    endloop
  endfacet
  facet normal 0.706372 -0.046301 0.706325
    outer loop
      vertex 6.01472 0 125.275
      vertex 5.22964 -0.688495 126.015
      vertex 5.96326 -0.785078 125.275
    endloop
  endfacet
  facet normal 0.634882 -0.313096 0.706325
    outer loop
      vertex 4.87325 -2.01857 126.015
      vertex 4.56808 -2.63738 126.015
      vertex 5.55688 -2.30173 125.275
    endloop
  endfacet
  facet normal 0.670321 -0.227537 0.706326
    outer loop
      vertex 5.80977 -1.55672 125.275
      vertex 5.09503 -1.36521 126.015
      vertex 5.55688 -2.30173 125.275
    endloop
  endfacet
  facet normal 0.694284 -0.138105 0.706326
    outer loop
      vertex 5.22964 -0.688495 126.015
      vertex 5.09503 -1.36521 126.015
      vertex 5.80977 -1.55672 125.275
    endloop
  endfacet
  facet normal 0.596896 -0.523465 0.60803
    outer loop
      vertex 4.7718 -3.66153 125.275
      vertex 4.25305 -4.25305 125.275
      vertex 5.27719 -4.04933 124.445
    endloop
  endfacet
  facet normal 0.720605 -0.481493 0.498892
    outer loop
      vertex 6.21372 -3.58749 123.538
      vertex 5.27719 -4.04933 124.445
      vertex 5.6923 -4.36785 123.538
    endloop
  endfacet
  facet normal 0.441077 -0.66011 0.608034
    outer loop
      vertex 4.04933 -5.27719 124.445
      vertex 3.00736 -5.2089 125.275
      vertex 3.32588 -5.76059 124.445
    endloop
  endfacet
  facet normal 0.441073 -0.660117 0.60803
    outer loop
      vertex 3.66153 -4.7718 125.275
      vertex 3.00736 -5.2089 125.275
      vertex 4.04933 -5.27719 124.445
    endloop
  endfacet
  facet normal 0.634882 -0.313091 0.706328
    outer loop
      vertex 5.55688 -2.30173 125.275
      vertex 4.56808 -2.63738 126.015
      vertex 5.2089 -3.00736 125.275
    endloop
  endfacet
  facet normal 0.660117 -0.441073 0.60803
    outer loop
      vertex 5.2089 -3.00736 125.275
      vertex 4.7718 -3.66153 125.275
      vertex 5.27719 -4.04933 124.445
    endloop
  endfacet
  facet normal -0.193431 0.972438 -0.130185
    outer loop
      vertex -2.03077 7.57893 118.439
      vertex -2.06612 7.71086 119.477
      vertex -1.02415 7.77916 118.439
    endloop
  endfacet
  facet normal -0.550844 0.824391 -0.130193
    outer loop
      vertex -3.92314 6.79508 118.439
      vertex -4.85966 6.33324 119.477
      vertex -3.99144 6.91337 119.477
    endloop
  endfacet
  facet normal -0.427286 0.866447 0.258256
    outer loop
      vertex -2.899 6.99879 122.572
      vertex -3.92314 6.79508 121.561
      vertex -3.78772 6.56052 122.572
    endloop
  endfacet
  facet normal -0.427285 0.866448 -0.258254
    outer loop
      vertex -2.899 6.99879 117.428
      vertex -3.92314 6.79508 118.439
      vertex -3.00264 7.24902 118.439
    endloop
  endfacet
  facet normal -0.338835 0.507112 0.792482
    outer loop
      vertex -2.88382 4.07367 126.226
      vertex -3.21107 4.18475 126.015
      vertex -3.04381 3.96677 126.226
    endloop
  endfacet
  facet normal -0.138105 0.694284 0.706326
    outer loop
      vertex -0.688495 5.22964 126.015
      vertex -1.55672 5.80977 125.275
      vertex -1.36521 5.09503 126.015
    endloop
  endfacet
  facet normal 0.550846 0.82439 0.130195
    outer loop
      vertex 4.85966 6.33324 120.523
      vertex 3.92314 6.79508 121.561
      vertex 4.77651 6.22487 121.561
    endloop
  endfacet
  facet normal 0.536729 0.803263 0.258247
    outer loop
      vertex 4.77651 6.22487 121.561
      vertex 3.92314 6.79508 121.561
      vertex 4.61164 6.01 122.572
    endloop
  endfacet
  facet normal 0.43852 0.889241 -0.130192
    outer loop
      vertex 3.92314 6.79508 118.439
      vertex 3.05491 7.37521 119.477
      vertex 3.99144 6.91337 119.477
    endloop
  endfacet
  facet normal 0.555573 0.831468 -0
    outer loop
      vertex 4.85966 6.33324 119.477
      vertex 3.99144 6.91337 120.523
      vertex 4.85966 6.33324 120.523
    endloop
  endfacet
  facet normal 0.555573 0.831468 0
    outer loop
      vertex 3.99144 6.91337 120.523
      vertex 4.85966 6.33324 119.477
      vertex 3.99144 6.91337 119.477
    endloop
  endfacet
  facet normal 0.513377 0.768331 0.382247
    outer loop
      vertex 3.78772 6.56052 122.572
      vertex 3.58749 6.21372 123.538
      vertex 4.61164 6.01 122.572
    endloop
  endfacet
  facet normal 0.427286 0.866447 0.258256
    outer loop
      vertex 3.92314 6.79508 121.561
      vertex 2.899 6.99879 122.572
      vertex 3.78772 6.56052 122.572
    endloop
  endfacet
  facet normal -0.0648424 0.989366 0.13019
    outer loop
      vertex 0 7.98287 120.523
      vertex -1.04197 7.91458 120.523
      vertex 0 7.84628 121.561
    endloop
  endfacet
  facet normal 0.32144 0.94693 -0
    outer loop
      vertex 3.05491 7.37521 119.477
      vertex 2.06612 7.71086 120.523
      vertex 3.05491 7.37521 120.523
    endloop
  endfacet
  facet normal 0.32144 0.94693 0
    outer loop
      vertex 2.06612 7.71086 120.523
      vertex 3.05491 7.37521 119.477
      vertex 2.06612 7.71086 119.477
    endloop
  endfacet
  facet normal 0.0631856 0.964009 -0.258251
    outer loop
      vertex 0.988793 7.51063 117.428
      vertex 0 7.57544 117.428
      vertex 0 7.84628 118.439
    endloop
  endfacet
  facet normal 0.79221 -0.0519275 0.608035
    outer loop
      vertex 6.01472 0 125.275
      vertex 5.96326 -0.785078 125.275
      vertex 6.65176 0 124.445
    endloop
  endfacet
  facet normal 0.850012 -0.169079 0.49889
    outer loop
      vertex 7.1136 -0.936522 123.538
      vertex 6.4251 -1.7216 124.445
      vertex 6.9305 -1.85702 123.538
    endloop
  endfacet
  facet normal 0.864813 -0.0566802 0.498884
    outer loop
      vertex 7.17498 0 123.538
      vertex 6.65176 0 124.445
      vertex 7.1136 -0.936522 123.538
    endloop
  endfacet
  facet normal 0.803266 0.53672 0.258256
    outer loop
      vertex 6.79508 3.92314 121.561
      vertex 6.01 4.61164 122.572
      vertex 6.56052 3.78772 122.572
    endloop
  endfacet
  facet normal 0.660117 0.441073 0.60803
    outer loop
      vertex 5.27719 4.04933 124.445
      vertex 4.7718 3.66153 125.275
      vertex 5.2089 3.00736 125.275
    endloop
  endfacet
  facet normal 0.596896 0.523465 0.60803
    outer loop
      vertex 5.27719 4.04933 124.445
      vertex 4.25305 4.25305 125.275
      vertex 4.7718 3.66153 125.275
    endloop
  endfacet
  facet normal 0.712038 0.351137 0.608034
    outer loop
      vertex 5.76059 3.32588 124.445
      vertex 5.2089 3.00736 125.275
      vertex 6.14542 2.54552 124.445
    endloop
  endfacet
  facet normal 0.79221 0.0519272 0.608036
    outer loop
      vertex 6.59485 0.868228 124.445
      vertex 5.96326 0.785078 125.275
      vertex 6.65176 0 124.445
    endloop
  endfacet
  facet normal 0.636975 0.726341 0.258248
    outer loop
      vertex 5.54816 5.54816 121.561
      vertex 4.77651 6.22487 121.561
      vertex 5.35665 5.35665 122.572
    endloop
  endfacet
  facet normal 0.636977 0.72634 0.258246
    outer loop
      vertex 4.77651 6.22487 121.561
      vertex 4.61164 6.01 122.572
      vertex 5.35665 5.35665 122.572
    endloop
  endfacet
  facet normal 0.720605 0.481493 0.498892
    outer loop
      vertex 5.6923 4.36785 123.538
      vertex 5.27719 4.04933 124.445
      vertex 6.21372 3.58749 123.538
    endloop
  endfacet
  facet normal 0.768327 0.51338 0.382251
    outer loop
      vertex 6.01 4.61164 122.572
      vertex 5.6923 4.36785 123.538
      vertex 6.21372 3.58749 123.538
    endloop
  endfacet
  facet normal 0.866448 0.427285 0.258254
    outer loop
      vertex 7.24902 3.00264 121.561
      vertex 6.79508 3.92314 121.561
      vertex 6.99879 2.899 122.572
    endloop
  endfacet
  facet normal 0.866447 0.427286 0.258256
    outer loop
      vertex 6.79508 3.92314 121.561
      vertex 6.56052 3.78772 122.572
      vertex 6.99879 2.899 122.572
    endloop
  endfacet
  facet normal -0.0631856 0.964009 0.258251
    outer loop
      vertex 0 7.84628 121.561
      vertex -0.988793 7.51063 122.572
      vertex 0 7.57544 122.572
    endloop
  endfacet
  facet normal 0.065399 0.997859 -0
    outer loop
      vertex 1.04197 7.91458 119.477
      vertex 0 7.98287 120.523
      vertex 1.04197 7.91458 120.523
    endloop
  endfacet
  facet normal 0.065399 0.997859 0
    outer loop
      vertex 0 7.98287 120.523
      vertex 1.04197 7.91458 119.477
      vertex 0 7.98287 119.477
    endloop
  endfacet
  facet normal 0.651594 0.571431 0.498891
    outer loop
      vertex 5.07348 5.07348 123.538
      vertex 4.7035 4.7035 124.445
      vertex 5.27719 4.04933 124.445
    endloop
  endfacet
  facet normal 0.351137 0.712038 0.608034
    outer loop
      vertex 3.32588 5.76059 124.445
      vertex 2.54552 6.14542 124.445
      vertex 3.00736 5.2089 125.275
    endloop
  endfacet
  facet normal 0.523465 0.596896 0.60803
    outer loop
      vertex 4.04933 5.27719 124.445
      vertex 3.66153 4.7718 125.275
      vertex 4.25305 4.25305 125.275
    endloop
  endfacet
  facet normal 0.180276 0.906303 0.382249
    outer loop
      vertex 1.96067 7.31731 122.572
      vertex 0.988793 7.51063 122.572
      vertex 1.85702 6.9305 123.538
    endloop
  endfacet
  facet normal 0.546988 0.269738 0.792493
    outer loop
      vertex 4.87325 2.01857 126.015
      vertex 4.5343 2.08599 126.226
      vertex 4.6194 1.91342 126.226
    endloop
  endfacet
  facet normal 0.588584 0.393282 0.706328
    outer loop
      vertex 5.2089 3.00736 125.275
      vertex 4.18475 3.21107 126.015
      vertex 4.56808 2.63738 126.015
    endloop
  endfacet
  facet normal 0.694812 0.609328 -0.382042
    outer loop
      vertex 6.01 4.61164 117.428
      vertex 5.64832 4.49739 116.588
      vertex 5.35665 5.35665 117.428
    endloop
  endfacet
  facet normal 0.694786 0.609361 -0.382035
    outer loop
      vertex 5.64832 4.49739 116.588
      vertex 6.01 4.61164 117.428
      vertex 5.73392 4.39979 116.588
    endloop
  endfacet
  facet normal 0.906398 -0.180246 -0.382039
    outer loop
      vertex 7.51063 -0.988793 117.428
      vertex 7.15473 -0.998082 116.588
      vertex 7.16561 -0.94337 116.588
    endloop
  endfacet
  facet normal 0.90639 -0.180293 -0.382035
    outer loop
      vertex 7.15473 -0.998082 116.588
      vertex 7.51063 -0.988793 117.428
      vertex 7.0065 -1.74328 116.588
    endloop
  endfacet
  facet normal 0.768402 0.513427 -0.382036
    outer loop
      vertex 5.73392 4.39979 116.588
      vertex 6.01 4.61164 117.428
      vertex 6.18703 3.72166 116.588
    endloop
  endfacet
  facet normal 0.88924 0.438524 -0.130188
    outer loop
      vertex 7.24902 3.00264 118.439
      vertex 6.79508 3.92314 118.439
      vertex 7.37521 3.05491 119.477
    endloop
  endfacet
  facet normal 0.82439 0.550846 0.130195
    outer loop
      vertex 6.33324 4.85966 120.523
      vertex 6.22487 4.77651 121.561
      vertex 6.79508 3.92314 121.561
    endloop
  endfacet
  facet normal 0.310535 0.914806 -0.258259
    outer loop
      vertex 2.899 6.99879 117.428
      vertex 1.96067 7.31731 117.428
      vertex 2.03077 7.57893 118.439
    endloop
  endfacet
  facet normal 0.53672 0.803266 -0.258256
    outer loop
      vertex 4.61164 6.01 117.428
      vertex 3.78772 6.56052 117.428
      vertex 3.92314 6.79508 118.439
    endloop
  endfacet
  facet normal 0.0648404 0.989367 -0.130188
    outer loop
      vertex 1.02415 7.77916 118.439
      vertex 0 7.84628 118.439
      vertex 1.04197 7.91458 119.477
    endloop
  endfacet
  facet normal 0.310539 0.914806 -0.258255
    outer loop
      vertex 2.899 6.99879 117.428
      vertex 2.03077 7.57893 118.439
      vertex 3.00264 7.24902 118.439
    endloop
  endfacet
  facet normal 0.427286 0.866447 -0.258256
    outer loop
      vertex 3.78772 6.56052 117.428
      vertex 2.899 6.99879 117.428
      vertex 3.92314 6.79508 118.439
    endloop
  endfacet
  facet normal -0.0604403 0.922167 -0.382041
    outer loop
      vertex 0 7.22744 116.588
      vertex -0.813834 7.1741 116.588
      vertex 0 7.57544 117.428
    endloop
  endfacet
  facet normal -0.609361 0.694786 -0.382035
    outer loop
      vertex -4.49739 5.64832 116.588
      vertex -4.61164 6.01 117.428
      vertex -4.39979 5.73392 116.588
    endloop
  endfacet
  facet normal -0.609328 0.694812 -0.382042
    outer loop
      vertex -4.61164 6.01 117.428
      vertex -4.49739 5.64832 116.588
      vertex -5.35665 5.35665 117.428
    endloop
  endfacet
  facet normal 0.609325 0.69481 -0.38205
    outer loop
      vertex 5.06863 5.14735 116.588
      vertex 5.35665 5.35665 117.428
      vertex 5.11057 5.11057 116.588
    endloop
  endfacet
  facet normal 0.609333 0.694803 -0.38205
    outer loop
      vertex 5.35665 5.35665 117.428
      vertex 5.06863 5.14735 116.588
      vertex 4.49739 5.64832 116.588
    endloop
  endfacet
  facet normal 0.653729 0.745445 -0.130194
    outer loop
      vertex 5.54816 5.54816 118.439
      vertex 4.77651 6.22487 118.439
      vertex 4.85966 6.33324 119.477
    endloop
  endfacet
  facet normal 0.74544 0.653736 -0.130185
    outer loop
      vertex 6.33324 4.85966 119.477
      vertex 5.54816 5.54816 118.439
      vertex 5.64474 5.64474 119.477
    endloop
  endfacet
  facet normal 0.550844 0.824391 -0.130193
    outer loop
      vertex 4.85966 6.33324 119.477
      vertex 3.92314 6.79508 118.439
      vertex 3.99144 6.91337 119.477
    endloop
  endfacet
  facet normal 0.550846 0.82439 -0.130195
    outer loop
      vertex 4.77651 6.22487 118.439
      vertex 3.92314 6.79508 118.439
      vertex 4.85966 6.33324 119.477
    endloop
  endfacet
  facet normal 0.74544 0.653736 0.130185
    outer loop
      vertex 5.64474 5.64474 120.523
      vertex 5.54816 5.54816 121.561
      vertex 6.33324 4.85966 120.523
    endloop
  endfacet
  facet normal -0.820673 -0.278578 0.49889
    outer loop
      vertex -6.4251 -1.7216 124.445
      vertex -6.9305 -1.85702 123.538
      vertex -6.14542 -2.54552 124.445
    endloop
  endfacet
  facet normal -0.694286 -0.138103 0.706325
    outer loop
      vertex -5.22964 -0.688495 126.015
      vertex -5.96326 -0.785078 125.275
      vertex -5.80977 -1.55672 125.275
    endloop
  endfacet
  facet normal -0.914806 -0.310539 0.258255
    outer loop
      vertex -6.99879 -2.899 122.572
      vertex -7.57893 -2.03077 121.561
      vertex -7.24902 -3.00264 121.561
    endloop
  endfacet
  facet normal -0.92208 -0.0604334 0.382253
    outer loop
      vertex -7.17498 0 123.538
      vertex -7.57544 0 122.572
      vertex -7.1136 -0.936522 123.538
    endloop
  endfacet
  facet normal -0.972438 -0.193431 0.130185
    outer loop
      vertex -7.57893 -2.03077 121.561
      vertex -7.77916 -1.02415 121.561
      vertex -7.71086 -2.06612 120.523
    endloop
  endfacet
  facet normal -0.875021 -0.297027 0.382247
    outer loop
      vertex -6.9305 -1.85702 123.538
      vertex -6.99879 -2.899 122.572
      vertex -6.62882 -2.74575 123.538
    endloop
  endfacet
  facet normal -0.670321 0.227537 0.706326
    outer loop
      vertex -5.55688 2.30173 125.275
      vertex -5.80977 1.55672 125.275
      vertex -5.09503 1.36521 126.015
    endloop
  endfacet
  facet normal -0.651594 0.571431 0.498891
    outer loop
      vertex -5.07348 5.07348 123.538
      vertex -5.27719 4.04933 124.445
      vertex -4.7035 4.7035 124.445
    endloop
  endfacet
  facet normal 0.255192 0.751779 0.608034
    outer loop
      vertex 1.7216 6.4251 124.445
      vertex 1.55672 5.80977 125.275
      vertex 2.54552 6.14542 124.445
    endloop
  endfacet
  facet normal -0.0604334 0.92208 0.382253
    outer loop
      vertex 0 7.57544 122.572
      vertex -0.936522 7.1136 123.538
      vertex 0 7.17498 123.538
    endloop
  endfacet
  facet normal -0.180276 0.906303 0.382249
    outer loop
      vertex -0.988793 7.51063 122.572
      vertex -1.96067 7.31731 122.572
      vertex -1.85702 6.9305 123.538
    endloop
  endfacet
  facet normal -0.914806 0.310539 0.258255
    outer loop
      vertex -7.24902 3.00264 121.561
      vertex -7.57893 2.03077 121.561
      vertex -6.99879 2.899 122.572
    endloop
  endfacet
  facet normal -0.712038 0.351137 0.608034
    outer loop
      vertex -5.76059 3.32588 124.445
      vertex -6.14542 2.54552 124.445
      vertex -5.2089 3.00736 125.275
    endloop
  endfacet
  facet normal -0.694286 0.138103 0.706325
    outer loop
      vertex -5.80977 1.55672 125.275
      vertex -5.96326 0.785078 125.275
      vertex -5.22964 0.688495 126.015
    endloop
  endfacet
  facet normal -0.90639 0.180293 -0.382035
    outer loop
      vertex -7.15473 0.998082 116.588
      vertex -7.51063 0.988793 117.428
      vertex -7.0065 1.74328 116.588
    endloop
  endfacet
  facet normal -0.906398 0.180246 -0.382039
    outer loop
      vertex -7.16561 0.94337 116.588
      vertex -7.51063 0.988793 117.428
      vertex -7.15473 0.998082 116.588
    endloop
  endfacet
  facet normal -0.252933 0.0503138 -0.966175
    outer loop
      vertex -1.95437 0.404425 112.271
      vertex -1.50754 0.403944 112.154
      vertex -1.54737 0.203714 112.154
    endloop
  endfacet
  facet normal -0.265821 0 -0.964022
    outer loop
      vertex -1.50754 0.403944 112.154
      vertex -1.93185 0.517637 112.271
      vertex -1.93185 0.517638 112.271
    endloop
  endfacet
  facet normal -0.252933 0.0503132 -0.966175
    outer loop
      vertex -1.50754 0.403944 112.154
      vertex -1.95437 0.404425 112.271
      vertex -1.93185 0.517637 112.271
    endloop
  endfacet
  facet normal -0.252933 0.0503139 -0.966175
    outer loop
      vertex -1.54737 0.203714 112.154
      vertex -1.98289 0.261052 112.271
      vertex -1.95437 0.404425 112.271
    endloop
  endfacet
  facet normal -0.866447 -0.427286 -0.258256
    outer loop
      vertex -6.79508 -3.92314 118.439
      vertex -6.99879 -2.899 117.428
      vertex -6.56052 -3.78772 117.428
    endloop
  endfacet
  facet normal -0.914806 -0.310539 -0.258255
    outer loop
      vertex -7.24902 -3.00264 118.439
      vertex -7.57893 -2.03077 118.439
      vertex -6.99879 -2.899 117.428
    endloop
  endfacet
  facet normal -0.653736 -0.74544 -0.130185
    outer loop
      vertex -4.85966 -6.33324 119.477
      vertex -5.64474 -5.64474 119.477
      vertex -5.54816 -5.54816 118.439
    endloop
  endfacet
  facet normal -0.74544 -0.653736 -0.130185
    outer loop
      vertex -5.64474 -5.64474 119.477
      vertex -6.33324 -4.85966 119.477
      vertex -5.54816 -5.54816 118.439
    endloop
  endfacet
  facet normal -0.310539 -0.914806 0.258255
    outer loop
      vertex -2.899 -6.99879 122.572
      vertex -3.00264 -7.24902 121.561
      vertex -2.03077 -7.57893 121.561
    endloop
  endfacet
  facet normal -0.383316 -0.777289 0.498889
    outer loop
      vertex -3.32588 -5.76059 124.445
      vertex -3.58749 -6.21372 123.538
      vertex -2.54552 -6.14542 124.445
    endloop
  endfacet
  facet normal 0.193431 -0.972438 0.130185
    outer loop
      vertex 2.03077 -7.57893 121.561
      vertex 1.02415 -7.77916 121.561
      vertex 2.06612 -7.71086 120.523
    endloop
  endfacet
  facet normal -0.550846 -0.82439 0.130195
    outer loop
      vertex -4.77651 -6.22487 121.561
      vertex -4.85966 -6.33324 120.523
      vertex -3.92314 -6.79508 121.561
    endloop
  endfacet
  facet normal -0.550844 -0.824391 0.130193
    outer loop
      vertex -3.92314 -6.79508 121.561
      vertex -4.85966 -6.33324 120.523
      vertex -3.99144 -6.91337 120.523
    endloop
  endfacet
  facet normal -0.297057 -0.875104 -0.382033
    outer loop
      vertex -2.899 -6.99879 117.428
      vertex -2.76582 -6.67729 116.588
      vertex -1.99352 -6.93945 116.588
    endloop
  endfacet
  facet normal -0.438524 -0.88924 -0.130188
    outer loop
      vertex -3.05491 -7.37521 119.477
      vertex -3.92314 -6.79508 118.439
      vertex -3.00264 -7.24902 118.439
    endloop
  endfacet
  facet normal -0.180323 -0.906383 -0.382039
    outer loop
      vertex -1.74328 -7.0065 116.588
      vertex -1.96067 -7.31731 117.428
      vertex -1.8706 -6.98117 116.588
    endloop
  endfacet
  facet normal -0.180294 -0.90639 -0.382035
    outer loop
      vertex -1.96067 -7.31731 117.428
      vertex -1.74328 -7.0065 116.588
      vertex -0.988793 -7.51063 117.428
    endloop
  endfacet
  facet normal -0.653729 -0.745445 -0.130194
    outer loop
      vertex -4.85966 -6.33324 119.477
      vertex -5.54816 -5.54816 118.439
      vertex -4.77651 -6.22487 118.439
    endloop
  endfacet
  facet normal -0.408739 -0.828844 -0.382035
    outer loop
      vertex -2.899 -6.99879 117.428
      vertex -3.49729 -6.31657 116.588
      vertex -2.76582 -6.67729 116.588
    endloop
  endfacet
  facet normal 0.427285 -0.866448 -0.258254
    outer loop
      vertex 3.00264 -7.24902 118.439
      vertex 2.899 -6.99879 117.428
      vertex 3.92314 -6.79508 118.439
    endloop
  endfacet
  facet normal 0.318708 -0.93887 -0.130188
    outer loop
      vertex 3.05491 -7.37521 119.477
      vertex 2.03077 -7.57893 118.439
      vertex 3.00264 -7.24902 118.439
    endloop
  endfacet
  facet normal -0.180293 -0.90639 -0.382035
    outer loop
      vertex -0.998082 -7.15473 116.588
      vertex -0.988793 -7.51063 117.428
      vertex -1.74328 -7.0065 116.588
    endloop
  endfacet
  facet normal -0.180246 -0.906398 -0.382039
    outer loop
      vertex -0.94337 -7.16561 116.588
      vertex -0.988793 -7.51063 117.428
      vertex -0.998082 -7.15473 116.588
    endloop
  endfacet
  facet normal -0.850013 -0.169082 0.498888
    outer loop
      vertex -6.59485 -0.868228 124.445
      vertex -7.1136 -0.936522 123.538
      vertex -6.4251 -1.7216 124.445
    endloop
  endfacet
  facet normal -0.546988 -0.269738 0.792493
    outer loop
      vertex -4.5343 -2.08599 126.226
      vertex -4.6194 -1.91342 126.226
      vertex -4.87325 -2.01857 126.015
    endloop
  endfacet
  facet normal -0.670321 -0.227537 0.706326
    outer loop
      vertex -5.09503 -1.36521 126.015
      vertex -5.80977 -1.55672 125.275
      vertex -5.55688 -2.30173 125.275
    endloop
  endfacet
  facet normal -0.751838 -0.659348 0
    outer loop
      vertex -5.64474 -5.64474 119.477
      vertex -6.33324 -4.85966 120.523
      vertex -6.33324 -4.85966 119.477
    endloop
  endfacet
  facet normal -0.751838 -0.659348 0
    outer loop
      vertex -6.33324 -4.85966 120.523
      vertex -5.64474 -5.64474 119.477
      vertex -5.64474 -5.64474 120.523
    endloop
  endfacet
  facet normal -0.768331 -0.513377 0.382247
    outer loop
      vertex -6.21372 -3.58749 123.538
      vertex -6.56052 -3.78772 122.572
      vertex -6.01 -4.61164 122.572
    endloop
  endfacet
  facet normal -0.66011 -0.441077 0.608034
    outer loop
      vertex -5.2089 -3.00736 125.275
      vertex -5.76059 -3.32588 124.445
      vertex -5.27719 -4.04933 124.445
    endloop
  endfacet
  facet normal -0.720605 -0.481493 0.498892
    outer loop
      vertex -5.27719 -4.04933 124.445
      vertex -6.21372 -3.58749 123.538
      vertex -5.6923 -4.36785 123.538
    endloop
  endfacet
  facet normal 0.402126 -0.458538 0.792489
    outer loop
      vertex 3.39087 -3.6624 126.226
      vertex 3.21107 -4.18475 126.015
      vertex 3.72982 -3.72982 126.015
    endloop
  endfacet
  facet normal 0.402137 -0.458539 0.792482
    outer loop
      vertex 3.04381 -3.96677 126.226
      vertex 3.21107 -4.18475 126.015
      vertex 3.39087 -3.6624 126.226
    endloop
  endfacet
  facet normal -0.0398993 -0.608568 0.792498
    outer loop
      vertex -0.688495 -5.22964 126.015
      vertex -0.192002 -4.98742 126.226
      vertex -0.652631 -4.95722 126.226
    endloop
  endfacet
  facet normal -0.0398915 -0.608578 0.792491
    outer loop
      vertex -0.192002 -4.98742 126.226
      vertex -0.688495 -5.22964 126.015
      vertex 0 -5.27477 126.015
    endloop
  endfacet
  facet normal 0.118986 -0.598169 0.792487
    outer loop
      vertex 1.10538 -4.86717 126.226
      vertex 0.688495 -5.22964 126.015
      vertex 1.36521 -5.09503 126.015
    endloop
  endfacet
  facet normal 0.118971 -0.598158 0.792498
    outer loop
      vertex 0.652631 -4.95722 126.226
      vertex 0.688495 -5.22964 126.015
      vertex 1.10538 -4.86717 126.226
    endloop
  endfacet
  facet normal 0.0631785 -0.964008 0.258258
    outer loop
      vertex 0.988793 -7.51063 122.572
      vertex 0 -7.84628 121.561
      vertex 1.02415 -7.77916 121.561
    endloop
  endfacet
  facet normal -0.193431 -0.972438 0.130185
    outer loop
      vertex -2.03077 -7.57893 121.561
      vertex -2.06612 -7.71086 120.523
      vertex -1.02415 -7.77916 121.561
    endloop
  endfacet
  facet normal 0.53672 -0.803266 0.258256
    outer loop
      vertex 4.61164 -6.01 122.572
      vertex 3.78772 -6.56052 122.572
      vertex 3.92314 -6.79508 121.561
    endloop
  endfacet
  facet normal 0.278578 -0.820673 0.49889
    outer loop
      vertex 2.54552 -6.14542 124.445
      vertex 1.7216 -6.4251 124.445
      vertex 1.85702 -6.9305 123.538
    endloop
  endfacet
  facet normal 0.0604334 -0.92208 0.382253
    outer loop
      vertex 0 -7.17498 123.538
      vertex 0 -7.57544 122.572
      vertex 0.936522 -7.1136 123.538
    endloop
  endfacet
  facet normal 0.180276 -0.906303 0.382249
    outer loop
      vertex 1.85702 -6.9305 123.538
      vertex 0.936522 -7.1136 123.538
      vertex 0.988793 -7.51063 122.572
    endloop
  endfacet
  facet normal -0.169079 -0.850012 0.49889
    outer loop
      vertex -1.7216 -6.4251 124.445
      vertex -1.85702 -6.9305 123.538
      vertex -0.936522 -7.1136 123.538
    endloop
  endfacet
  facet normal -0.056686 -0.86481 0.498888
    outer loop
      vertex -0.868228 -6.59485 124.445
      vertex -0.936522 -7.1136 123.538
      vertex 0 -6.65176 124.445
    endloop
  endfacet
  facet normal -0.0604374 -0.922081 0.382249
    outer loop
      vertex -0.936522 -7.1136 123.538
      vertex -0.988793 -7.51063 122.572
      vertex 0 -7.57544 122.572
    endloop
  endfacet
  facet normal -0.169082 -0.850013 0.498888
    outer loop
      vertex -0.868228 -6.59485 124.445
      vertex -1.7216 -6.4251 124.445
      vertex -0.936522 -7.1136 123.538
    endloop
  endfacet
  facet normal -0.278578 -0.820673 0.49889
    outer loop
      vertex -2.54552 -6.14542 124.445
      vertex -2.74575 -6.62882 123.538
      vertex -1.85702 -6.9305 123.538
    endloop
  endfacet
  facet normal -0.297029 -0.875019 0.38225
    outer loop
      vertex -1.85702 -6.9305 123.538
      vertex -2.899 -6.99879 122.572
      vertex -1.96067 -7.31731 122.572
    endloop
  endfacet
  facet normal -0.118971 -0.598158 0.792498
    outer loop
      vertex -1.10538 -4.86717 126.226
      vertex -0.688495 -5.22964 126.015
      vertex -0.652631 -4.95722 126.226
    endloop
  endfacet
  facet normal -0.118986 -0.598169 0.792487
    outer loop
      vertex -0.688495 -5.22964 126.015
      vertex -1.10538 -4.86717 126.226
      vertex -1.36521 -5.09503 126.015
    endloop
  endfacet
  facet normal -0.351137 -0.712038 0.608034
    outer loop
      vertex -3.00736 -5.2089 125.275
      vertex -3.32588 -5.76059 124.445
      vertex -2.54552 -6.14542 124.445
    endloop
  endfacet
  facet normal -0.523465 -0.596896 0.60803
    outer loop
      vertex -3.66153 -4.7718 125.275
      vertex -4.25305 -4.25305 125.275
      vertex -4.04933 -5.27719 124.445
    endloop
  endfacet
  facet normal -0.466741 -0.532215 0.706329
    outer loop
      vertex -3.72982 -3.72982 126.015
      vertex -4.25305 -4.25305 125.275
      vertex -3.66153 -4.7718 125.275
    endloop
  endfacet
  facet normal -0.651593 -0.571431 0.498892
    outer loop
      vertex -5.27719 -4.04933 124.445
      vertex -5.6923 -4.36785 123.538
      vertex -5.07348 -5.07348 123.538
    endloop
  endfacet
  facet normal -0.523463 -0.596896 0.608031
    outer loop
      vertex -4.25305 -4.25305 125.275
      vertex -4.7035 -4.7035 124.445
      vertex -4.04933 -5.27719 124.445
    endloop
  endfacet
  facet normal 0.636975 -0.726341 0.258248
    outer loop
      vertex 5.35665 -5.35665 122.572
      vertex 4.77651 -6.22487 121.561
      vertex 5.54816 -5.54816 121.561
    endloop
  endfacet
  facet normal 0.745445 -0.653729 0.130194
    outer loop
      vertex 6.22487 -4.77651 121.561
      vertex 5.54816 -5.54816 121.561
      vertex 6.33324 -4.85966 120.523
    endloop
  endfacet
  facet normal 0.651593 -0.571431 0.498892
    outer loop
      vertex 5.27719 -4.04933 124.445
      vertex 5.07348 -5.07348 123.538
      vertex 5.6923 -4.36785 123.538
    endloop
  endfacet
  facet normal 0.609273 -0.694743 0.382255
    outer loop
      vertex 5.07348 -5.07348 123.538
      vertex 4.36785 -5.6923 123.538
      vertex 5.35665 -5.35665 122.572
    endloop
  endfacet
  facet normal 0.636977 -0.72634 0.258246
    outer loop
      vertex 5.35665 -5.35665 122.572
      vertex 4.61164 -6.01 122.572
      vertex 4.77651 -6.22487 121.561
    endloop
  endfacet
  facet normal 0.536729 -0.803263 0.258247
    outer loop
      vertex 4.61164 -6.01 122.572
      vertex 3.92314 -6.79508 121.561
      vertex 4.77651 -6.22487 121.561
    endloop
  endfacet
  facet normal 0.555573 -0.831468 0
    outer loop
      vertex 3.99144 -6.91337 119.477
      vertex 4.85966 -6.33324 120.523
      vertex 3.99144 -6.91337 120.523
    endloop
  endfacet
  facet normal 0.555573 -0.831468 0
    outer loop
      vertex 4.85966 -6.33324 120.523
      vertex 3.99144 -6.91337 119.477
      vertex 4.85966 -6.33324 119.477
    endloop
  endfacet
  facet normal 0.659348 -0.751838 0
    outer loop
      vertex 4.85966 -6.33324 119.477
      vertex 5.64474 -5.64474 120.523
      vertex 4.85966 -6.33324 120.523
    endloop
  endfacet
  facet normal 0.659348 -0.751838 0
    outer loop
      vertex 5.64474 -5.64474 120.523
      vertex 4.85966 -6.33324 119.477
      vertex 5.64474 -5.64474 119.477
    endloop
  endfacet
  facet normal -0.0168653 -0.257336 -0.966175
    outer loop
      vertex 0 -2 112.271
      vertex -0.145869 -1.99044 112.271
      vertex 0 -1.56072 112.154
    endloop
  endfacet
  facet normal 0.768402 -0.513428 -0.382035
    outer loop
      vertex 6.25915 -3.61372 116.588
      vertex 6.56052 -3.78772 117.428
      vertex 6.22816 -3.6601 116.588
    endloop
  endfacet
  facet normal 0.768418 -0.513402 -0.382038
    outer loop
      vertex 6.22816 -3.6601 116.588
      vertex 6.56052 -3.78772 117.428
      vertex 6.18703 -3.72166 116.588
    endloop
  endfacet
  facet normal 0.768404 -0.513426 -0.382033
    outer loop
      vertex 6.18703 -3.72166 116.588
      vertex 6.56052 -3.78772 117.428
      vertex 6.01 -4.61164 117.428
    endloop
  endfacet
  facet normal 0.768402 -0.513427 -0.382036
    outer loop
      vertex 6.01 -4.61164 117.428
      vertex 5.73392 -4.39979 116.588
      vertex 6.18703 -3.72166 116.588
    endloop
  endfacet
  facet normal 0.896875 -0.442284 0
    outer loop
      vertex 6.91337 -3.99144 120.523
      vertex 7.37521 -3.05491 119.477
      vertex 7.37521 -3.05491 120.523
    endloop
  endfacet
  facet normal 0.896875 -0.442284 0
    outer loop
      vertex 7.37521 -3.05491 119.477
      vertex 6.91337 -3.99144 120.523
      vertex 6.91337 -3.99144 119.477
    endloop
  endfacet
  facet normal 0.94693 -0.32144 0
    outer loop
      vertex 7.37521 -3.05491 120.523
      vertex 7.71086 -2.06612 119.477
      vertex 7.71086 -2.06612 120.523
    endloop
  endfacet
  facet normal 0.94693 -0.32144 0
    outer loop
      vertex 7.71086 -2.06612 119.477
      vertex 7.37521 -3.05491 120.523
      vertex 7.37521 -3.05491 119.477
    endloop
  endfacet
  facet normal 0.938871 -0.318705 -0.130184
    outer loop
      vertex 7.71086 -2.06612 119.477
      vertex 7.37521 -3.05491 119.477
      vertex 7.57893 -2.03077 118.439
    endloop
  endfacet
  facet normal 0.947512 -0.188474 0.258259
    outer loop
      vertex 7.51063 -0.988793 122.572
      vertex 7.31731 -1.96067 122.572
      vertex 7.57893 -2.03077 121.561
    endloop
  endfacet
  facet normal -0.0255934 -0.128668 -0.991357
    outer loop
      vertex -0.0682945 -0.518748 112.017
      vertex -0.403944 -1.50754 112.154
      vertex -0.13542 -0.505396 112.017
    endloop
  endfacet
  facet normal 0.130907 -0.00858152 -0.991358
    outer loop
      vertex 1.54737 -0.203714 112.154
      vertex 0.518748 -0.0682945 112.017
      vertex 0.523225 0 112.017
    endloop
  endfacet
  facet normal -0.0421676 0.124227 -0.991357
    outer loop
      vertex -0.200229 0.483397 112.017
      vertex -0.597262 1.44192 112.154
      vertex -0.403944 1.50754 112.154
    endloop
  endfacet
  facet normal -0.128668 0.0255934 -0.991357
    outer loop
      vertex -0.518748 0.0682945 112.017
      vertex -1.50754 0.403944 112.154
      vertex -0.505396 0.13542 112.017
    endloop
  endfacet
  facet normal 0.193889 -0.170038 -0.966175
    outer loop
      vertex 1.49032 -1.32743 112.271
      vertex 1.2382 -0.950108 112.154
      vertex 1.58671 -1.21752 112.271
    endloop
  endfacet
  facet normal -0.244203 0.0828923 -0.966175
    outer loop
      vertex -1.50754 0.403944 112.154
      vertex -1.89475 0.626942 112.271
      vertex -1.44192 0.597262 112.154
    endloop
  endfacet
  facet normal -0.244205 0.0828881 -0.966175
    outer loop
      vertex -1.89475 0.626942 112.271
      vertex -1.50754 0.403944 112.154
      vertex -1.93185 0.517638 112.271
    endloop
  endfacet
  facet normal 0.69481 0.609325 -0.38205
    outer loop
      vertex 5.35665 5.35665 117.428
      vertex 5.14735 5.06863 116.588
      vertex 5.11057 5.11057 116.588
    endloop
  endfacet
  facet normal 0.694803 0.609333 -0.38205
    outer loop
      vertex 5.14735 5.06863 116.588
      vertex 5.35665 5.35665 117.428
      vertex 5.64832 4.49739 116.588
    endloop
  endfacet
  facet normal 0.989367 -0.0648404 0.130188
    outer loop
      vertex 7.84628 0 121.561
      vertex 7.77916 -1.02415 121.561
      vertex 7.91458 -1.04197 120.523
    endloop
  endfacet
  facet normal 0.906303 -0.180276 0.382249
    outer loop
      vertex 7.51063 -0.988793 122.572
      vertex 6.9305 -1.85702 123.538
      vertex 7.31731 -1.96067 122.572
    endloop
  endfacet
  facet normal 0.964009 -0.0631856 0.258251
    outer loop
      vertex 7.57544 0 122.572
      vertex 7.51063 -0.988793 122.572
      vertex 7.84628 0 121.561
    endloop
  endfacet
  facet normal 0.964009 0.0631856 0.258251
    outer loop
      vertex 7.84628 0 121.561
      vertex 7.51063 0.988793 122.572
      vertex 7.57544 0 122.572
    endloop
  endfacet
  facet normal 0.972438 -0.193434 -0.130187
    outer loop
      vertex 7.91458 -1.04197 119.477
      vertex 7.71086 -2.06612 119.477
      vertex 7.77916 -1.02415 118.439
    endloop
  endfacet
  facet normal 0.989366 0.0648424 -0.13019
    outer loop
      vertex 7.98287 0 119.477
      vertex 7.84628 0 118.439
      vertex 7.91458 1.04197 119.477
    endloop
  endfacet
  facet normal 0.997859 0.065399 0
    outer loop
      vertex 7.98287 0 120.523
      vertex 7.91458 1.04197 119.477
      vertex 7.91458 1.04197 120.523
    endloop
  endfacet
  facet normal 0.997859 0.065399 0
    outer loop
      vertex 7.91458 1.04197 119.477
      vertex 7.98287 0 120.523
      vertex 7.98287 0 119.477
    endloop
  endfacet
  facet normal 0.768331 -0.513377 0.382247
    outer loop
      vertex 6.21372 -3.58749 123.538
      vertex 6.01 -4.61164 122.572
      vertex 6.56052 -3.78772 122.572
    endloop
  endfacet
  facet normal 0.803266 -0.53672 0.258256
    outer loop
      vertex 6.56052 -3.78772 122.572
      vertex 6.01 -4.61164 122.572
      vertex 6.79508 -3.92314 121.561
    endloop
  endfacet
  facet normal -0.768402 0.513427 -0.382036
    outer loop
      vertex -6.01 4.61164 117.428
      vertex -5.73392 4.39979 116.588
      vertex -6.18703 3.72166 116.588
    endloop
  endfacet
  facet normal -0.726341 0.636975 -0.258248
    outer loop
      vertex -5.35665 5.35665 117.428
      vertex -6.22487 4.77651 118.439
      vertex -5.54816 5.54816 118.439
    endloop
  endfacet
  facet normal -0.989367 0.0648404 -0.130188
    outer loop
      vertex -7.84628 0 118.439
      vertex -7.91458 1.04197 119.477
      vertex -7.77916 1.02415 118.439
    endloop
  endfacet
  facet normal -0.94693 0.32144 0
    outer loop
      vertex -7.71086 2.06612 119.477
      vertex -7.37521 3.05491 120.523
      vertex -7.37521 3.05491 119.477
    endloop
  endfacet
  facet normal -0.94693 0.32144 0
    outer loop
      vertex -7.37521 3.05491 120.523
      vertex -7.71086 2.06612 119.477
      vertex -7.71086 2.06612 120.523
    endloop
  endfacet
  facet normal -0.866448 0.427285 -0.258254
    outer loop
      vertex -6.99879 2.899 117.428
      vertex -7.24902 3.00264 118.439
      vertex -6.79508 3.92314 118.439
    endloop
  endfacet
  facet normal -0.914806 0.310539 -0.258255
    outer loop
      vertex -6.99879 2.899 117.428
      vertex -7.57893 2.03077 118.439
      vertex -7.24902 3.00264 118.439
    endloop
  endfacet
  facet normal -0.922167 0.0604403 -0.382041
    outer loop
      vertex -7.22744 0 116.588
      vertex -7.57544 0 117.428
      vertex -7.1741 0.813834 116.588
    endloop
  endfacet
  facet normal -0.947512 0.188474 -0.258259
    outer loop
      vertex -7.51063 0.988793 117.428
      vertex -7.57893 2.03077 118.439
      vertex -7.31731 1.96067 117.428
    endloop
  endfacet
  facet normal -0.875104 0.297057 -0.382033
    outer loop
      vertex -6.99879 2.899 117.428
      vertex -6.67729 2.76582 116.588
      vertex -6.93945 1.99352 116.588
    endloop
  endfacet
  facet normal -0.947513 -0.188473 -0.258259
    outer loop
      vertex -7.57893 -2.03077 118.439
      vertex -7.77916 -1.02415 118.439
      vertex -7.51063 -0.988793 117.428
    endloop
  endfacet
  facet normal -0.997859 -0.065399 0
    outer loop
      vertex -7.91458 -1.04197 119.477
      vertex -7.98287 0 120.523
      vertex -7.98287 0 119.477
    endloop
  endfacet
  facet normal -0.997859 -0.065399 0
    outer loop
      vertex -7.98287 0 120.523
      vertex -7.91458 -1.04197 119.477
      vertex -7.91458 -1.04197 120.523
    endloop
  endfacet
  facet normal -0.980785 -0.195094 0
    outer loop
      vertex -7.71086 -2.06612 119.477
      vertex -7.91458 -1.04197 120.523
      vertex -7.91458 -1.04197 119.477
    endloop
  endfacet
  facet normal -0.980785 -0.195094 0
    outer loop
      vertex -7.91458 -1.04197 120.523
      vertex -7.71086 -2.06612 119.477
      vertex -7.71086 -2.06612 120.523
    endloop
  endfacet
  facet normal -0.875102 -0.297057 -0.382039
    outer loop
      vertex -7.31731 -1.96067 117.428
      vertex -6.98117 -1.8706 116.588
      vertex -6.96324 -1.92342 116.588
    endloop
  endfacet
  facet normal -0.875122 -0.296992 -0.382044
    outer loop
      vertex -6.93945 -1.99352 116.588
      vertex -7.31731 -1.96067 117.428
      vertex -6.96324 -1.92342 116.588
    endloop
  endfacet
  facet normal -0.875104 -0.297058 -0.382034
    outer loop
      vertex -7.31731 -1.96067 117.428
      vertex -6.93945 -1.99352 116.588
      vertex -6.99879 -2.899 117.428
    endloop
  endfacet
  facet normal -0.922166 0.0604694 -0.382039
    outer loop
      vertex -7.16926 0.887707 116.588
      vertex -7.51063 0.988793 117.428
      vertex -7.16561 0.94337 116.588
    endloop
  endfacet
  facet normal -0.922171 0.0604187 -0.382034
    outer loop
      vertex -7.1741 0.813834 116.588
      vertex -7.51063 0.988793 117.428
      vertex -7.16926 0.887707 116.588
    endloop
  endfacet
  facet normal -0.922168 0.0604431 -0.382038
    outer loop
      vertex -7.51063 0.988793 117.428
      vertex -7.1741 0.813834 116.588
      vertex -7.57544 0 117.428
    endloop
  endfacet
  facet normal -0.803266 0.53672 -0.258256
    outer loop
      vertex -6.56052 3.78772 117.428
      vertex -6.79508 3.92314 118.439
      vertex -6.01 4.61164 117.428
    endloop
  endfacet
  facet normal -0.0828979 0.244202 -0.966175
    outer loop
      vertex -0.597262 1.44192 112.154
      vertex -0.765366 1.84776 112.271
      vertex -0.626942 1.89475 112.271
    endloop
  endfacet
  facet normal -0.231292 0.114068 -0.966174
    outer loop
      vertex -1.7831 0.896473 112.271
      vertex -1.35162 0.780361 112.154
      vertex -1.44192 0.597262 112.154
    endloop
  endfacet
  facet normal -0.231296 0.114054 -0.966175
    outer loop
      vertex -1.35162 0.780361 112.154
      vertex -1.7831 0.896473 112.271
      vertex -1.73205 1 112.271
    endloop
  endfacet
  facet normal -0.609333 0.694803 -0.38205
    outer loop
      vertex -5.35665 5.35665 117.428
      vertex -4.49739 5.64832 116.588
      vertex -5.06863 5.14735 116.588
    endloop
  endfacet
  facet normal -0.609325 0.69481 -0.38205
    outer loop
      vertex -5.35665 5.35665 117.428
      vertex -5.06863 5.14735 116.588
      vertex -5.11057 5.11057 116.588
    endloop
  endfacet
  facet normal 0.0604374 -0.922081 0.382249
    outer loop
      vertex 0.936522 -7.1136 123.538
      vertex 0 -7.57544 122.572
      vertex 0.988793 -7.51063 122.572
    endloop
  endfacet
  facet normal 0.180276 -0.906303 0.382249
    outer loop
      vertex 1.85702 -6.9305 123.538
      vertex 0.988793 -7.51063 122.572
      vertex 1.96067 -7.31731 122.572
    endloop
  endfacet
  facet normal -0.0398736 -0.608571 0.792497
    outer loop
      vertex 0 -5 126.226
      vertex -0.192002 -4.98742 126.226
      vertex 0 -5.27477 126.015
    endloop
  endfacet
  facet normal 0.0519275 -0.79221 0.608035
    outer loop
      vertex 0 -6.01472 125.275
      vertex 0 -6.65176 124.445
      vertex 0.785078 -5.96326 125.275
    endloop
  endfacet
  facet normal 0.138103 -0.694286 0.706325
    outer loop
      vertex 1.55672 -5.80977 125.275
      vertex 0.688495 -5.22964 126.015
      vertex 0.785078 -5.96326 125.275
    endloop
  endfacet
  facet normal 0.255189 -0.751782 0.608032
    outer loop
      vertex 2.30173 -5.55688 125.275
      vertex 1.55672 -5.80977 125.275
      vertex 2.54552 -6.14542 124.445
    endloop
  endfacet
  facet normal 0.608578 -0.0398915 0.792491
    outer loop
      vertex 4.98742 -0.192002 126.226
      vertex 5.22964 -0.688495 126.015
      vertex 5.27477 0 126.015
    endloop
  endfacet
  facet normal 0.608568 -0.0398993 0.792498
    outer loop
      vertex 5.22964 -0.688495 126.015
      vertex 4.98742 -0.192002 126.226
      vertex 4.95722 -0.652631 126.226
    endloop
  endfacet
  facet normal 0.608571 -0.0398736 0.792497
    outer loop
      vertex 5 0 126.226
      vertex 4.98742 -0.192002 126.226
      vertex 5.27477 0 126.015
    endloop
  endfacet
  facet normal 0.86481 0.056686 0.498888
    outer loop
      vertex 7.1136 0.936522 123.538
      vertex 6.59485 0.868228 124.445
      vertex 6.65176 0 124.445
    endloop
  endfacet
  facet normal 0.850013 -0.169082 0.498888
    outer loop
      vertex 6.59485 -0.868228 124.445
      vertex 6.4251 -1.7216 124.445
      vertex 7.1136 -0.936522 123.538
    endloop
  endfacet
  facet normal 0.598168 -0.118987 0.792488
    outer loop
      vertex 4.86717 -1.10538 126.226
      vertex 4.82963 -1.2941 126.226
      vertex 5.09503 -1.36521 126.015
    endloop
  endfacet
  facet normal 0.57752 -0.196046 0.792487
    outer loop
      vertex 4.82963 -1.2941 126.226
      vertex 4.76778 -1.4763 126.226
      vertex 5.09503 -1.36521 126.015
    endloop
  endfacet
  facet normal 0.523463 -0.596896 0.608031
    outer loop
      vertex 4.25305 -4.25305 125.275
      vertex 4.04933 -5.27719 124.445
      vertex 4.7035 -4.7035 124.445
    endloop
  endfacet
  facet normal 0.466741 -0.532215 0.706329
    outer loop
      vertex 3.72982 -3.72982 126.015
      vertex 3.66153 -4.7718 125.275
      vertex 4.25305 -4.25305 125.275
    endloop
  endfacet
  facet normal 0.532215 -0.466739 0.70633
    outer loop
      vertex 4.18475 -3.21107 126.015
      vertex 3.72982 -3.72982 126.015
      vertex 4.7718 -3.66153 125.275
    endloop
  endfacet
  facet normal 0.588584 -0.393277 0.70633
    outer loop
      vertex 5.2089 -3.00736 125.275
      vertex 4.18475 -3.21107 126.015
      vertex 4.7718 -3.66153 125.275
    endloop
  endfacet
  facet normal -0.438524 0.88924 -0.130188
    outer loop
      vertex -3.00264 7.24902 118.439
      vertex -3.92314 6.79508 118.439
      vertex -3.05491 7.37521 119.477
    endloop
  endfacet
  facet normal -0.0604431 0.922168 -0.382038
    outer loop
      vertex -0.813834 7.1741 116.588
      vertex -0.988793 7.51063 117.428
      vertex 0 7.57544 117.428
    endloop
  endfacet
  facet normal -0.0604187 0.922171 -0.382034
    outer loop
      vertex -0.887707 7.16926 116.588
      vertex -0.988793 7.51063 117.428
      vertex -0.813834 7.1741 116.588
    endloop
  endfacet
  facet normal -0.0604694 0.922166 -0.382039
    outer loop
      vertex -0.988793 7.51063 117.428
      vertex -0.887707 7.16926 116.588
      vertex -0.94337 7.16561 116.588
    endloop
  endfacet
  facet normal -0.0648404 0.989367 0.130188
    outer loop
      vertex 0 7.84628 121.561
      vertex -1.04197 7.91458 120.523
      vertex -1.02415 7.77916 121.561
    endloop
  endfacet
  facet normal -0.318705 0.938871 0.130184
    outer loop
      vertex -2.06612 7.71086 120.523
      vertex -3.05491 7.37521 120.523
      vertex -2.03077 7.57893 121.561
    endloop
  endfacet
  facet normal -0.82439 0.550846 0.130195
    outer loop
      vertex -6.33324 4.85966 120.523
      vertex -6.79508 3.92314 121.561
      vertex -6.22487 4.77651 121.561
    endloop
  endfacet
  facet normal -0.74544 0.653736 -0.130185
    outer loop
      vertex -5.54816 5.54816 118.439
      vertex -6.33324 4.85966 119.477
      vertex -5.64474 5.64474 119.477
    endloop
  endfacet
  facet normal -0.653736 0.74544 -0.130185
    outer loop
      vertex -5.54816 5.54816 118.439
      vertex -5.64474 5.64474 119.477
      vertex -4.85966 6.33324 119.477
    endloop
  endfacet
  facet normal -0.74544 0.653736 0.130185
    outer loop
      vertex -5.64474 5.64474 120.523
      vertex -6.33324 4.85966 120.523
      vertex -5.54816 5.54816 121.561
    endloop
  endfacet
  facet normal -0.318708 0.93887 0.130188
    outer loop
      vertex -2.03077 7.57893 121.561
      vertex -3.05491 7.37521 120.523
      vertex -3.00264 7.24902 121.561
    endloop
  endfacet
  facet normal 0.056686 0.86481 0.498888
    outer loop
      vertex 0.936522 7.1136 123.538
      vertex 0 6.65176 124.445
      vertex 0.868228 6.59485 124.445
    endloop
  endfacet
  facet normal 0.408701 0.828764 0.382248
    outer loop
      vertex 2.899 6.99879 122.572
      vertex 2.74575 6.62882 123.538
      vertex 3.58749 6.21372 123.538
    endloop
  endfacet
  facet normal 0.383316 0.777289 0.49889
    outer loop
      vertex 2.74575 6.62882 123.538
      vertex 2.54552 6.14542 124.445
      vertex 3.58749 6.21372 123.538
    endloop
  endfacet
  facet normal 0.297027 0.875021 0.382247
    outer loop
      vertex 2.899 6.99879 122.572
      vertex 1.85702 6.9305 123.538
      vertex 2.74575 6.62882 123.538
    endloop
  endfacet
  facet normal -0.636977 0.72634 0.258246
    outer loop
      vertex -4.77651 6.22487 121.561
      vertex -5.35665 5.35665 122.572
      vertex -4.61164 6.01 122.572
    endloop
  endfacet
  facet normal 0.0648424 0.989366 -0.13019
    outer loop
      vertex 1.04197 7.91458 119.477
      vertex 0 7.84628 118.439
      vertex 0 7.98287 119.477
    endloop
  endfacet
  facet normal -0.0648424 0.989366 -0.13019
    outer loop
      vertex 0 7.84628 118.439
      vertex -1.04197 7.91458 119.477
      vertex 0 7.98287 119.477
    endloop
  endfacet
  facet normal 0.0631856 0.964009 0.258251
    outer loop
      vertex 0 7.84628 121.561
      vertex 0 7.57544 122.572
      vertex 0.988793 7.51063 122.572
    endloop
  endfacet
  facet normal 0.310539 0.914806 0.258255
    outer loop
      vertex 3.00264 7.24902 121.561
      vertex 2.03077 7.57893 121.561
      vertex 2.899 6.99879 122.572
    endloop
  endfacet
  facet normal 0.442284 0.896875 -0
    outer loop
      vertex 3.99144 6.91337 119.477
      vertex 3.05491 7.37521 120.523
      vertex 3.99144 6.91337 120.523
    endloop
  endfacet
  facet normal 0.442284 0.896875 0
    outer loop
      vertex 3.05491 7.37521 120.523
      vertex 3.99144 6.91337 119.477
      vertex 3.05491 7.37521 119.477
    endloop
  endfacet
  facet normal -0.310539 0.914806 -0.258255
    outer loop
      vertex -2.899 6.99879 117.428
      vertex -3.00264 7.24902 118.439
      vertex -2.03077 7.57893 118.439
    endloop
  endfacet
  facet normal 0.864813 0.0566802 0.498884
    outer loop
      vertex 7.1136 0.936522 123.538
      vertex 6.65176 0 124.445
      vertex 7.17498 0 123.538
    endloop
  endfacet
  facet normal 0.820673 0.278578 0.49889
    outer loop
      vertex 6.62882 2.74575 123.538
      vertex 6.14542 2.54552 124.445
      vertex 6.9305 1.85702 123.538
    endloop
  endfacet
  facet normal 0.634882 0.313091 0.706328
    outer loop
      vertex 5.2089 3.00736 125.275
      vertex 4.56808 2.63738 126.015
      vertex 5.55688 2.30173 125.275
    endloop
  endfacet
  facet normal 0.507105 0.338839 0.792485
    outer loop
      vertex 4.07367 2.88382 126.226
      vertex 4.56808 2.63738 126.015
      vertex 4.18475 3.21107 126.015
    endloop
  endfacet
  facet normal 0.507104 0.338836 0.792487
    outer loop
      vertex 4.56808 2.63738 126.015
      vertex 4.07367 2.88382 126.226
      vertex 4.33013 2.5 126.226
    endloop
  endfacet
  facet normal 0.768331 0.513377 0.382247
    outer loop
      vertex 6.56052 3.78772 122.572
      vertex 6.01 4.61164 122.572
      vertex 6.21372 3.58749 123.538
    endloop
  endfacet
  facet normal 0.828764 0.408703 0.382246
    outer loop
      vertex 6.56052 3.78772 122.572
      vertex 6.21372 3.58749 123.538
      vertex 6.99879 2.899 122.572
    endloop
  endfacet
  facet normal 0.875019 0.297029 0.38225
    outer loop
      vertex 6.99879 2.899 122.572
      vertex 6.9305 1.85702 123.538
      vertex 7.31731 1.96067 122.572
    endloop
  endfacet
  facet normal 0.906303 0.180276 0.382249
    outer loop
      vertex 7.31731 1.96067 122.572
      vertex 6.9305 1.85702 123.538
      vertex 7.51063 0.988793 122.572
    endloop
  endfacet
  facet normal 0.0648404 0.989367 0.130188
    outer loop
      vertex 1.04197 7.91458 120.523
      vertex 0 7.84628 121.561
      vertex 1.02415 7.77916 121.561
    endloop
  endfacet
  facet normal -0.180276 0.906303 0.382249
    outer loop
      vertex -0.988793 7.51063 122.572
      vertex -1.85702 6.9305 123.538
      vertex -0.936522 7.1136 123.538
    endloop
  endfacet
  facet normal 0.297029 0.875019 0.38225
    outer loop
      vertex 1.96067 7.31731 122.572
      vertex 1.85702 6.9305 123.538
      vertex 2.899 6.99879 122.572
    endloop
  endfacet
  facet normal 0.310535 0.914806 0.258259
    outer loop
      vertex 2.03077 7.57893 121.561
      vertex 1.96067 7.31731 122.572
      vertex 2.899 6.99879 122.572
    endloop
  endfacet
  facet normal 0.0631785 0.964008 0.258258
    outer loop
      vertex 1.02415 7.77916 121.561
      vertex 0 7.84628 121.561
      vertex 0.988793 7.51063 122.572
    endloop
  endfacet
  facet normal 0.188473 0.947513 0.258259
    outer loop
      vertex 1.02415 7.77916 121.561
      vertex 0.988793 7.51063 122.572
      vertex 2.03077 7.57893 121.561
    endloop
  endfacet
  facet normal 0.571431 0.651594 0.498891
    outer loop
      vertex 5.07348 5.07348 123.538
      vertex 4.04933 5.27719 124.445
      vertex 4.7035 4.7035 124.445
    endloop
  endfacet
  facet normal 0.523463 0.596896 0.608031
    outer loop
      vertex 4.7035 4.7035 124.445
      vertex 4.04933 5.27719 124.445
      vertex 4.25305 4.25305 125.275
    endloop
  endfacet
  facet normal 0.338835 0.507112 0.792482
    outer loop
      vertex 3.21107 4.18475 126.015
      vertex 2.88382 4.07367 126.226
      vertex 3.04381 3.96677 126.226
    endloop
  endfacet
  facet normal 0.269738 0.546988 0.792493
    outer loop
      vertex 2.01857 4.87325 126.015
      vertex 1.91342 4.6194 126.226
      vertex 2.08599 4.5343 126.226
    endloop
  endfacet
  facet normal 0.588584 0.393277 0.70633
    outer loop
      vertex 4.7718 3.66153 125.275
      vertex 4.18475 3.21107 126.015
      vertex 5.2089 3.00736 125.275
    endloop
  endfacet
  facet normal 0.532215 0.466741 0.706329
    outer loop
      vertex 4.25305 4.25305 125.275
      vertex 3.72982 3.72982 126.015
      vertex 4.7718 3.66153 125.275
    endloop
  endfacet
  facet normal 0.466739 0.532215 0.70633
    outer loop
      vertex 3.66153 4.7718 125.275
      vertex 3.21107 4.18475 126.015
      vertex 3.72982 3.72982 126.015
    endloop
  endfacet
  facet normal 0.466741 0.532215 0.706329
    outer loop
      vertex 4.25305 4.25305 125.275
      vertex 3.66153 4.7718 125.275
      vertex 3.72982 3.72982 126.015
    endloop
  endfacet
  facet normal 0.598168 0.118987 0.792488
    outer loop
      vertex 5.09503 1.36521 126.015
      vertex 4.82963 1.2941 126.226
      vertex 4.86717 1.10538 126.226
    endloop
  endfacet
  facet normal 0.866448 0.427285 -0.258254
    outer loop
      vertex 6.99879 2.899 117.428
      vertex 6.79508 3.92314 118.439
      vertex 7.24902 3.00264 118.439
    endloop
  endfacet
  facet normal 0.914806 0.310539 -0.258255
    outer loop
      vertex 7.57893 2.03077 118.439
      vertex 6.99879 2.899 117.428
      vertex 7.24902 3.00264 118.439
    endloop
  endfacet
  facet normal 0.94693 0.32144 0
    outer loop
      vertex 7.71086 2.06612 120.523
      vertex 7.37521 3.05491 119.477
      vertex 7.37521 3.05491 120.523
    endloop
  endfacet
  facet normal 0.94693 0.32144 0
    outer loop
      vertex 7.37521 3.05491 119.477
      vertex 7.71086 2.06612 120.523
      vertex 7.71086 2.06612 119.477
    endloop
  endfacet
  facet normal 0.938871 0.318705 -0.130184
    outer loop
      vertex 7.57893 2.03077 118.439
      vertex 7.37521 3.05491 119.477
      vertex 7.71086 2.06612 119.477
    endloop
  endfacet
  facet normal 0.972438 0.193431 0.130185
    outer loop
      vertex 7.71086 2.06612 120.523
      vertex 7.57893 2.03077 121.561
      vertex 7.77916 1.02415 121.561
    endloop
  endfacet
  facet normal 0.972438 0.193434 0.130187
    outer loop
      vertex 7.91458 1.04197 120.523
      vertex 7.71086 2.06612 120.523
      vertex 7.77916 1.02415 121.561
    endloop
  endfacet
  facet normal 0.896875 0.442284 0
    outer loop
      vertex 7.37521 3.05491 120.523
      vertex 6.91337 3.99144 119.477
      vertex 6.91337 3.99144 120.523
    endloop
  endfacet
  facet normal 0.896875 0.442284 0
    outer loop
      vertex 6.91337 3.99144 119.477
      vertex 7.37521 3.05491 120.523
      vertex 7.37521 3.05491 119.477
    endloop
  endfacet
  facet normal 0.831468 0.555573 0
    outer loop
      vertex 6.91337 3.99144 120.523
      vertex 6.33324 4.85966 119.477
      vertex 6.33324 4.85966 120.523
    endloop
  endfacet
  facet normal 0.831468 0.555573 0
    outer loop
      vertex 6.33324 4.85966 119.477
      vertex 6.91337 3.99144 120.523
      vertex 6.91337 3.99144 119.477
    endloop
  endfacet
  facet normal 0.636977 0.72634 -0.258246
    outer loop
      vertex 5.35665 5.35665 117.428
      vertex 4.61164 6.01 117.428
      vertex 4.77651 6.22487 118.439
    endloop
  endfacet
  facet normal 0.297058 0.875104 -0.382034
    outer loop
      vertex 1.99352 6.93945 116.588
      vertex 1.96067 7.31731 117.428
      vertex 2.899 6.99879 117.428
    endloop
  endfacet
  facet normal 0.296992 0.875122 -0.382044
    outer loop
      vertex 1.92342 6.96324 116.588
      vertex 1.96067 7.31731 117.428
      vertex 1.99352 6.93945 116.588
    endloop
  endfacet
  facet normal 0.297057 0.875102 -0.382039
    outer loop
      vertex 1.8706 6.98117 116.588
      vertex 1.96067 7.31731 117.428
      vertex 1.92342 6.96324 116.588
    endloop
  endfacet
  facet normal -0.016864 0.257336 -0.966175
    outer loop
      vertex -0.203714 1.54737 112.154
      vertex -0.145869 1.99044 112.271
      vertex 0 1.56072 112.154
    endloop
  endfacet
  facet normal -0.0168679 0.257337 -0.966175
    outer loop
      vertex -0.145869 1.99044 112.271
      vertex -0.203714 1.54737 112.154
      vertex -0.261052 1.98289 112.271
    endloop
  endfacet
  facet normal -0.297057 0.875104 -0.382033
    outer loop
      vertex -2.76582 6.67729 116.588
      vertex -2.899 6.99879 117.428
      vertex -1.99352 6.93945 116.588
    endloop
  endfacet
  facet normal 0.513427 0.768402 -0.382036
    outer loop
      vertex 4.61164 6.01 117.428
      vertex 4.39979 5.73392 116.588
      vertex 3.72166 6.18703 116.588
    endloop
  endfacet
  facet normal 0.513426 0.768404 -0.382033
    outer loop
      vertex 3.72166 6.18703 116.588
      vertex 3.78772 6.56052 117.428
      vertex 4.61164 6.01 117.428
    endloop
  endfacet
  facet normal 0.513402 0.768418 -0.382038
    outer loop
      vertex 3.6601 6.22816 116.588
      vertex 3.78772 6.56052 117.428
      vertex 3.72166 6.18703 116.588
    endloop
  endfacet
  facet normal 0.513428 0.768402 -0.382035
    outer loop
      vertex 3.61372 6.25915 116.588
      vertex 3.78772 6.56052 117.428
      vertex 3.6601 6.22816 116.588
    endloop
  endfacet
  facet normal 0.803263 0.536729 -0.258247
    outer loop
      vertex 6.79508 3.92314 118.439
      vertex 6.01 4.61164 117.428
      vertex 6.22487 4.77651 118.439
    endloop
  endfacet
  facet normal 0.72634 0.636977 -0.258246
    outer loop
      vertex 6.01 4.61164 117.428
      vertex 5.35665 5.35665 117.428
      vertex 6.22487 4.77651 118.439
    endloop
  endfacet
  facet normal 0.751838 0.659348 0
    outer loop
      vertex 6.33324 4.85966 120.523
      vertex 5.64474 5.64474 119.477
      vertex 5.64474 5.64474 120.523
    endloop
  endfacet
  facet normal 0.751838 0.659348 0
    outer loop
      vertex 5.64474 5.64474 119.477
      vertex 6.33324 4.85966 120.523
      vertex 6.33324 4.85966 119.477
    endloop
  endfacet
  facet normal 0.427285 0.866448 -0.258254
    outer loop
      vertex 3.92314 6.79508 118.439
      vertex 2.899 6.99879 117.428
      vertex 3.00264 7.24902 118.439
    endloop
  endfacet
  facet normal 0.438524 0.88924 -0.130188
    outer loop
      vertex 3.92314 6.79508 118.439
      vertex 3.00264 7.24902 118.439
      vertex 3.05491 7.37521 119.477
    endloop
  endfacet
  facet normal -0.906303 -0.180276 0.382249
    outer loop
      vertex -7.1136 -0.936522 123.538
      vertex -7.51063 -0.988793 122.572
      vertex -6.9305 -1.85702 123.538
    endloop
  endfacet
  facet normal -0.989367 -0.0648404 0.130188
    outer loop
      vertex -7.84628 0 121.561
      vertex -7.91458 -1.04197 120.523
      vertex -7.77916 -1.02415 121.561
    endloop
  endfacet
  facet normal -0.850012 -0.169079 0.49889
    outer loop
      vertex -6.4251 -1.7216 124.445
      vertex -7.1136 -0.936522 123.538
      vertex -6.9305 -1.85702 123.538
    endloop
  endfacet
  facet normal -0.820673 -0.278578 0.49889
    outer loop
      vertex -6.14542 -2.54552 124.445
      vertex -6.9305 -1.85702 123.538
      vertex -6.62882 -2.74575 123.538
    endloop
  endfacet
  facet normal -0.608568 -0.0398993 0.792498
    outer loop
      vertex -4.98742 -0.192002 126.226
      vertex -5.22964 -0.688495 126.015
      vertex -4.95722 -0.652631 126.226
    endloop
  endfacet
  facet normal -0.608578 -0.0398915 0.792491
    outer loop
      vertex -5.22964 -0.688495 126.015
      vertex -4.98742 -0.192002 126.226
      vertex -5.27477 0 126.015
    endloop
  endfacet
  facet normal -0.598168 -0.118987 0.792488
    outer loop
      vertex -4.86717 -1.10538 126.226
      vertex -5.09503 -1.36521 126.015
      vertex -4.82963 -1.2941 126.226
    endloop
  endfacet
  facet normal -0.458538 0.402126 0.792489
    outer loop
      vertex -4.18475 3.21107 126.015
      vertex -3.6624 3.39087 126.226
      vertex -3.72982 3.72982 126.015
    endloop
  endfacet
  facet normal -0.458539 0.402137 0.792482
    outer loop
      vertex -3.6624 3.39087 126.226
      vertex -4.18475 3.21107 126.015
      vertex -3.96677 3.04381 126.226
    endloop
  endfacet
  facet normal 0.0463018 0.706372 0.706325
    outer loop
      vertex 0 6.01472 125.275
      vertex 0 5.27477 126.015
      vertex 0.688495 5.22964 126.015
    endloop
  endfacet
  facet normal -0.0519275 0.79221 0.608035
    outer loop
      vertex 0 6.65176 124.445
      vertex -0.785078 5.96326 125.275
      vertex 0 6.01472 125.275
    endloop
  endfacet
  facet normal 0.118986 0.598169 0.792487
    outer loop
      vertex 0.688495 5.22964 126.015
      vertex 1.10538 4.86717 126.226
      vertex 1.36521 5.09503 126.015
    endloop
  endfacet
  facet normal 0.118971 0.598158 0.792498
    outer loop
      vertex 0.688495 5.22964 126.015
      vertex 0.652631 4.95722 126.226
      vertex 1.10538 4.86717 126.226
    endloop
  endfacet
  facet normal 0.154885 0.778656 0.608034
    outer loop
      vertex 1.7216 6.4251 124.445
      vertex 0.785078 5.96326 125.275
      vertex 1.55672 5.80977 125.275
    endloop
  endfacet
  facet normal 0.0519272 0.79221 0.608036
    outer loop
      vertex 0.868228 6.59485 124.445
      vertex 0 6.65176 124.445
      vertex 0.785078 5.96326 125.275
    endloop
  endfacet
  facet normal 0.0566802 0.864813 0.498884
    outer loop
      vertex 0 7.17498 123.538
      vertex 0 6.65176 124.445
      vertex 0.936522 7.1136 123.538
    endloop
  endfacet
  facet normal -0.441073 0.660117 0.60803
    outer loop
      vertex -3.00736 5.2089 125.275
      vertex -4.04933 5.27719 124.445
      vertex -3.66153 4.7718 125.275
    endloop
  endfacet
  facet normal -0.609273 0.694743 0.382255
    outer loop
      vertex -4.36785 5.6923 123.538
      vertex -5.35665 5.35665 122.572
      vertex -5.07348 5.07348 123.538
    endloop
  endfacet
  facet normal -0.546988 0.269738 0.792493
    outer loop
      vertex -4.87325 2.01857 126.015
      vertex -4.6194 1.91342 126.226
      vertex -4.5343 2.08599 126.226
    endloop
  endfacet
  facet normal -0.481498 0.720604 0.498889
    outer loop
      vertex -3.58749 6.21372 123.538
      vertex -4.04933 5.27719 124.445
      vertex -3.32588 5.76059 124.445
    endloop
  endfacet
  facet normal 0.0398736 0.608571 0.792497
    outer loop
      vertex 0 5.27477 126.015
      vertex 0 5 126.226
      vertex 0.192002 4.98742 126.226
    endloop
  endfacet
  facet normal -0.571431 0.651593 0.498892
    outer loop
      vertex -4.36785 5.6923 123.538
      vertex -5.07348 5.07348 123.538
      vertex -4.04933 5.27719 124.445
    endloop
  endfacet
  facet normal -0.402133 0.458521 0.792495
    outer loop
      vertex -3.39087 3.6624 126.226
      vertex -3.72982 3.72982 126.015
      vertex -3.53553 3.53553 126.226
    endloop
  endfacet
  facet normal -0.866447 0.427286 0.258256
    outer loop
      vertex -6.79508 3.92314 121.561
      vertex -6.99879 2.899 122.572
      vertex -6.56052 3.78772 122.572
    endloop
  endfacet
  facet normal -0.889241 0.43852 0.130192
    outer loop
      vertex -6.91337 3.99144 120.523
      vertex -7.37521 3.05491 120.523
      vertex -6.79508 3.92314 121.561
    endloop
  endfacet
  facet normal -0.751838 0.659348 0
    outer loop
      vertex -6.33324 4.85966 119.477
      vertex -5.64474 5.64474 120.523
      vertex -5.64474 5.64474 119.477
    endloop
  endfacet
  facet normal -0.751838 0.659348 0
    outer loop
      vertex -5.64474 5.64474 120.523
      vertex -6.33324 4.85966 119.477
      vertex -6.33324 4.85966 120.523
    endloop
  endfacet
  facet normal -0.866448 0.427285 0.258254
    outer loop
      vertex -6.79508 3.92314 121.561
      vertex -7.24902 3.00264 121.561
      vertex -6.99879 2.899 122.572
    endloop
  endfacet
  facet normal -0.778656 0.154885 0.608034
    outer loop
      vertex -5.80977 1.55672 125.275
      vertex -6.4251 1.7216 124.445
      vertex -5.96326 0.785078 125.275
    endloop
  endfacet
  facet normal -0.79221 0.0519272 0.608036
    outer loop
      vertex -6.59485 0.868228 124.445
      vertex -6.65176 0 124.445
      vertex -5.96326 0.785078 125.275
    endloop
  endfacet
  facet normal -0.634882 0.313091 0.706328
    outer loop
      vertex -5.2089 3.00736 125.275
      vertex -5.55688 2.30173 125.275
      vertex -4.56808 2.63738 126.015
    endloop
  endfacet
  facet normal -0.777289 0.383316 0.498889
    outer loop
      vertex -5.76059 3.32588 124.445
      vertex -6.21372 3.58749 123.538
      vertex -6.14542 2.54552 124.445
    endloop
  endfacet
  facet normal -0.72634 0.636977 0.258246
    outer loop
      vertex -5.35665 5.35665 122.572
      vertex -6.22487 4.77651 121.561
      vertex -6.01 4.61164 122.572
    endloop
  endfacet
  facet normal -0.778655 0.154887 0.608035
    outer loop
      vertex -6.4251 1.7216 124.445
      vertex -6.59485 0.868228 124.445
      vertex -5.96326 0.785078 125.275
    endloop
  endfacet
  facet normal -0.850013 0.169082 0.498888
    outer loop
      vertex -6.4251 1.7216 124.445
      vertex -7.1136 0.936522 123.538
      vertex -6.59485 0.868228 124.445
    endloop
  endfacet
  facet normal -0.257337 -0.0168679 -0.966175
    outer loop
      vertex -1.99044 -0.145869 112.271
      vertex -1.54737 -0.203714 112.154
      vertex -1.98289 -0.261052 112.271
    endloop
  endfacet
  facet normal -0.257336 -0.016864 -0.966175
    outer loop
      vertex -1.54737 -0.203714 112.154
      vertex -1.99044 -0.145869 112.271
      vertex -1.56072 0 112.154
    endloop
  endfacet
  facet normal -0.694786 -0.609361 -0.382035
    outer loop
      vertex -5.64832 -4.49739 116.588
      vertex -6.01 -4.61164 117.428
      vertex -5.73392 -4.39979 116.588
    endloop
  endfacet
  facet normal -0.694812 -0.609328 -0.382042
    outer loop
      vertex -6.01 -4.61164 117.428
      vertex -5.64832 -4.49739 116.588
      vertex -5.35665 -5.35665 117.428
    endloop
  endfacet
  facet normal -0.636977 -0.72634 -0.258246
    outer loop
      vertex -4.77651 -6.22487 118.439
      vertex -5.35665 -5.35665 117.428
      vertex -4.61164 -6.01 117.428
    endloop
  endfacet
  facet normal -0.408701 -0.828764 0.382248
    outer loop
      vertex -2.74575 -6.62882 123.538
      vertex -3.58749 -6.21372 123.538
      vertex -2.899 -6.99879 122.572
    endloop
  endfacet
  facet normal -0.427286 -0.866447 0.258256
    outer loop
      vertex -3.78772 -6.56052 122.572
      vertex -3.92314 -6.79508 121.561
      vertex -2.899 -6.99879 122.572
    endloop
  endfacet
  facet normal -0.0648424 -0.989366 0.13019
    outer loop
      vertex 0 -7.84628 121.561
      vertex -1.04197 -7.91458 120.523
      vertex 0 -7.98287 120.523
    endloop
  endfacet
  facet normal -0.318705 -0.938871 0.130184
    outer loop
      vertex -2.03077 -7.57893 121.561
      vertex -3.05491 -7.37521 120.523
      vertex -2.06612 -7.71086 120.523
    endloop
  endfacet
  facet normal -0.427285 -0.866448 0.258254
    outer loop
      vertex -2.899 -6.99879 122.572
      vertex -3.92314 -6.79508 121.561
      vertex -3.00264 -7.24902 121.561
    endloop
  endfacet
  facet normal -0.53672 -0.803266 0.258256
    outer loop
      vertex -3.78772 -6.56052 122.572
      vertex -4.61164 -6.01 122.572
      vertex -3.92314 -6.79508 121.561
    endloop
  endfacet
  facet normal -0.0648404 -0.989367 0.130188
    outer loop
      vertex -1.02415 -7.77916 121.561
      vertex -1.04197 -7.91458 120.523
      vertex 0 -7.84628 121.561
    endloop
  endfacet
  facet normal -0.555573 -0.831468 0
    outer loop
      vertex -4.85966 -6.33324 119.477
      vertex -3.99144 -6.91337 120.523
      vertex -4.85966 -6.33324 120.523
    endloop
  endfacet
  facet normal -0.555573 -0.831468 -0
    outer loop
      vertex -3.99144 -6.91337 120.523
      vertex -4.85966 -6.33324 119.477
      vertex -3.99144 -6.91337 119.477
    endloop
  endfacet
  facet normal -0.193431 -0.972438 -0.130185
    outer loop
      vertex -1.02415 -7.77916 118.439
      vertex -2.06612 -7.71086 119.477
      vertex -2.03077 -7.57893 118.439
    endloop
  endfacet
  facet normal -0.310539 -0.914806 -0.258255
    outer loop
      vertex -2.03077 -7.57893 118.439
      vertex -3.00264 -7.24902 118.439
      vertex -2.899 -6.99879 117.428
    endloop
  endfacet
  facet normal -0.408713 -0.828857 -0.382034
    outer loop
      vertex -3.56369 -6.28382 116.588
      vertex -3.78772 -6.56052 117.428
      vertex -3.61372 -6.25915 116.588
    endloop
  endfacet
  facet normal -0.408791 -0.828815 -0.382041
    outer loop
      vertex -3.49729 -6.31657 116.588
      vertex -3.78772 -6.56052 117.428
      vertex -3.56369 -6.28382 116.588
    endloop
  endfacet
  facet normal -0.408742 -0.828843 -0.382032
    outer loop
      vertex -3.78772 -6.56052 117.428
      vertex -3.49729 -6.31657 116.588
      vertex -2.899 -6.99879 117.428
    endloop
  endfacet
  facet normal -0.427286 -0.866447 -0.258256
    outer loop
      vertex -2.899 -6.99879 117.428
      vertex -3.92314 -6.79508 118.439
      vertex -3.78772 -6.56052 117.428
    endloop
  endfacet
  facet normal 0.310539 -0.914806 -0.258255
    outer loop
      vertex 3.00264 -7.24902 118.439
      vertex 2.03077 -7.57893 118.439
      vertex 2.899 -6.99879 117.428
    endloop
  endfacet
  facet normal 0.310535 -0.914806 -0.258259
    outer loop
      vertex 2.03077 -7.57893 118.439
      vertex 1.96067 -7.31731 117.428
      vertex 2.899 -6.99879 117.428
    endloop
  endfacet
  facet normal 0.32144 -0.94693 0
    outer loop
      vertex 2.06612 -7.71086 119.477
      vertex 3.05491 -7.37521 120.523
      vertex 2.06612 -7.71086 120.523
    endloop
  endfacet
  facet normal 0.32144 -0.94693 0
    outer loop
      vertex 3.05491 -7.37521 120.523
      vertex 2.06612 -7.71086 119.477
      vertex 3.05491 -7.37521 119.477
    endloop
  endfacet
  facet normal 0.193431 -0.972438 -0.130185
    outer loop
      vertex 2.06612 -7.71086 119.477
      vertex 1.02415 -7.77916 118.439
      vertex 2.03077 -7.57893 118.439
    endloop
  endfacet
  facet normal 0.193434 -0.972438 -0.130187
    outer loop
      vertex 1.04197 -7.91458 119.477
      vertex 1.02415 -7.77916 118.439
      vertex 2.06612 -7.71086 119.477
    endloop
  endfacet
  facet normal -0.777289 -0.383316 0.498889
    outer loop
      vertex -6.14542 -2.54552 124.445
      vertex -6.21372 -3.58749 123.538
      vertex -5.76059 -3.32588 124.445
    endloop
  endfacet
  facet normal -0.777289 -0.383316 0.49889
    outer loop
      vertex -6.14542 -2.54552 124.445
      vertex -6.62882 -2.74575 123.538
      vertex -6.21372 -3.58749 123.538
    endloop
  endfacet
  facet normal -0.598156 -0.118983 0.792497
    outer loop
      vertex -4.95722 -0.652631 126.226
      vertex -5.22964 -0.688495 126.015
      vertex -5.09503 -1.36521 126.015
    endloop
  endfacet
  facet normal -0.598177 -0.118975 0.792483
    outer loop
      vertex -4.86717 -1.10538 126.226
      vertex -4.95722 -0.652631 126.226
      vertex -5.09503 -1.36521 126.015
    endloop
  endfacet
  facet normal -0.803263 -0.536729 0.258247
    outer loop
      vertex -6.01 -4.61164 122.572
      vertex -6.79508 -3.92314 121.561
      vertex -6.22487 -4.77651 121.561
    endloop
  endfacet
  facet normal -0.74544 -0.653736 0.130185
    outer loop
      vertex -5.54816 -5.54816 121.561
      vertex -6.33324 -4.85966 120.523
      vertex -5.64474 -5.64474 120.523
    endloop
  endfacet
  facet normal -0.866447 -0.427286 0.258256
    outer loop
      vertex -6.56052 -3.78772 122.572
      vertex -6.99879 -2.899 122.572
      vertex -6.79508 -3.92314 121.561
    endloop
  endfacet
  facet normal -0.866448 -0.427285 0.258254
    outer loop
      vertex -6.99879 -2.899 122.572
      vertex -7.24902 -3.00264 121.561
      vertex -6.79508 -3.92314 121.561
    endloop
  endfacet
  facet normal 0.402133 -0.458521 0.792495
    outer loop
      vertex 3.53553 -3.53553 126.226
      vertex 3.39087 -3.6624 126.226
      vertex 3.72982 -3.72982 126.015
    endloop
  endfacet
  facet normal -0.313091 -0.634882 0.706328
    outer loop
      vertex -2.63738 -4.56808 126.015
      vertex -3.00736 -5.2089 125.275
      vertex -2.30173 -5.55688 125.275
    endloop
  endfacet
  facet normal 0.318708 -0.93887 0.130188
    outer loop
      vertex 3.00264 -7.24902 121.561
      vertex 2.03077 -7.57893 121.561
      vertex 3.05491 -7.37521 120.523
    endloop
  endfacet
  facet normal 0.438524 -0.88924 0.130188
    outer loop
      vertex 3.92314 -6.79508 121.561
      vertex 3.00264 -7.24902 121.561
      vertex 3.05491 -7.37521 120.523
    endloop
  endfacet
  facet normal -0.065399 -0.997859 0
    outer loop
      vertex -1.04197 -7.91458 119.477
      vertex 0 -7.98287 120.523
      vertex -1.04197 -7.91458 120.523
    endloop
  endfacet
  facet normal -0.065399 -0.997859 -0
    outer loop
      vertex 0 -7.98287 120.523
      vertex -1.04197 -7.91458 119.477
      vertex 0 -7.98287 119.477
    endloop
  endfacet
  facet normal 0.188473 -0.947513 0.258259
    outer loop
      vertex 2.03077 -7.57893 121.561
      vertex 0.988793 -7.51063 122.572
      vertex 1.02415 -7.77916 121.561
    endloop
  endfacet
  facet normal 0.513377 -0.768331 0.382247
    outer loop
      vertex 4.61164 -6.01 122.572
      vertex 3.58749 -6.21372 123.538
      vertex 3.78772 -6.56052 122.572
    endloop
  endfacet
  facet normal 0.51338 -0.768327 0.382251
    outer loop
      vertex 4.36785 -5.6923 123.538
      vertex 3.58749 -6.21372 123.538
      vertex 4.61164 -6.01 122.572
    endloop
  endfacet
  facet normal -0.227537 -0.670321 0.706326
    outer loop
      vertex -2.01857 -4.87325 126.015
      vertex -2.30173 -5.55688 125.275
      vertex -1.36521 -5.09503 126.015
    endloop
  endfacet
  facet normal -0.35114 -0.712037 0.608032
    outer loop
      vertex -2.30173 -5.55688 125.275
      vertex -3.00736 -5.2089 125.275
      vertex -2.54552 -6.14542 124.445
    endloop
  endfacet
  facet normal -0.154885 -0.778656 0.608034
    outer loop
      vertex -1.55672 -5.80977 125.275
      vertex -1.7216 -6.4251 124.445
      vertex -0.785078 -5.96326 125.275
    endloop
  endfacet
  facet normal -0.255192 -0.751779 0.608034
    outer loop
      vertex -1.55672 -5.80977 125.275
      vertex -2.54552 -6.14542 124.445
      vertex -1.7216 -6.4251 124.445
    endloop
  endfacet
  facet normal -0.571431 -0.651593 0.498892
    outer loop
      vertex -4.04933 -5.27719 124.445
      vertex -5.07348 -5.07348 123.538
      vertex -4.36785 -5.6923 123.538
    endloop
  endfacet
  facet normal -0.651594 -0.571431 0.498891
    outer loop
      vertex -4.7035 -4.7035 124.445
      vertex -5.27719 -4.04933 124.445
      vertex -5.07348 -5.07348 123.538
    endloop
  endfacet
  facet normal -0.532215 -0.466741 0.706329
    outer loop
      vertex -3.72982 -3.72982 126.015
      vertex -4.7718 -3.66153 125.275
      vertex -4.25305 -4.25305 125.275
    endloop
  endfacet
  facet normal -0.481493 -0.720605 0.498892
    outer loop
      vertex -4.04933 -5.27719 124.445
      vertex -4.36785 -5.6923 123.538
      vertex -3.58749 -6.21372 123.538
    endloop
  endfacet
  facet normal 0.550844 -0.824391 -0.130193
    outer loop
      vertex 3.99144 -6.91337 119.477
      vertex 3.92314 -6.79508 118.439
      vertex 4.85966 -6.33324 119.477
    endloop
  endfacet
  facet normal 0.550844 -0.824391 0.130193
    outer loop
      vertex 4.85966 -6.33324 120.523
      vertex 3.92314 -6.79508 121.561
      vertex 3.99144 -6.91337 120.523
    endloop
  endfacet
  facet normal 0.653729 -0.745445 -0.130194
    outer loop
      vertex 4.85966 -6.33324 119.477
      vertex 4.77651 -6.22487 118.439
      vertex 5.54816 -5.54816 118.439
    endloop
  endfacet
  facet normal 0.550846 -0.82439 -0.130195
    outer loop
      vertex 4.85966 -6.33324 119.477
      vertex 3.92314 -6.79508 118.439
      vertex 4.77651 -6.22487 118.439
    endloop
  endfacet
  facet normal 0.74544 -0.653736 -0.130185
    outer loop
      vertex 5.64474 -5.64474 119.477
      vertex 5.54816 -5.54816 118.439
      vertex 6.33324 -4.85966 119.477
    endloop
  endfacet
  facet normal 0.609333 -0.694803 -0.38205
    outer loop
      vertex 5.35665 -5.35665 117.428
      vertex 4.49739 -5.64832 116.588
      vertex 5.06863 -5.14735 116.588
    endloop
  endfacet
  facet normal 0.609325 -0.69481 -0.38205
    outer loop
      vertex 5.35665 -5.35665 117.428
      vertex 5.06863 -5.14735 116.588
      vertex 5.11057 -5.11057 116.588
    endloop
  endfacet
  facet normal 0.180294 -0.90639 -0.382035
    outer loop
      vertex 1.74328 -7.0065 116.588
      vertex 1.96067 -7.31731 117.428
      vertex 0.988793 -7.51063 117.428
    endloop
  endfacet
  facet normal 0.180323 -0.906383 -0.382039
    outer loop
      vertex 1.96067 -7.31731 117.428
      vertex 1.74328 -7.0065 116.588
      vertex 1.8706 -6.98117 116.588
    endloop
  endfacet
  facet normal 0.922166 0.0604694 -0.382039
    outer loop
      vertex 7.51063 0.988793 117.428
      vertex 7.16926 0.887707 116.588
      vertex 7.16561 0.94337 116.588
    endloop
  endfacet
  facet normal 0.922171 0.0604187 -0.382034
    outer loop
      vertex 7.51063 0.988793 117.428
      vertex 7.1741 0.813834 116.588
      vertex 7.16926 0.887707 116.588
    endloop
  endfacet
  facet normal 0.922168 0.0604431 -0.382038
    outer loop
      vertex 7.1741 0.813834 116.588
      vertex 7.51063 0.988793 117.428
      vertex 7.57544 0 117.428
    endloop
  endfacet
  facet normal 0.922168 -0.0604431 -0.382038
    outer loop
      vertex 7.51063 -0.988793 117.428
      vertex 7.1741 -0.813834 116.588
      vertex 7.57544 0 117.428
    endloop
  endfacet
  facet normal 0.922171 -0.0604187 -0.382034
    outer loop
      vertex 7.1741 -0.813834 116.588
      vertex 7.51063 -0.988793 117.428
      vertex 7.16926 -0.887707 116.588
    endloop
  endfacet
  facet normal 0.922166 -0.0604694 -0.382039
    outer loop
      vertex 7.16926 -0.887707 116.588
      vertex 7.51063 -0.988793 117.428
      vertex 7.16561 -0.94337 116.588
    endloop
  endfacet
  facet normal 0.866447 -0.427286 -0.258256
    outer loop
      vertex 6.79508 -3.92314 118.439
      vertex 6.56052 -3.78772 117.428
      vertex 6.99879 -2.899 117.428
    endloop
  endfacet
  facet normal 0.803266 -0.53672 -0.258256
    outer loop
      vertex 6.79508 -3.92314 118.439
      vertex 6.01 -4.61164 117.428
      vertex 6.56052 -3.78772 117.428
    endloop
  endfacet
  facet normal 0.636977 -0.72634 -0.258246
    outer loop
      vertex 4.77651 -6.22487 118.439
      vertex 4.61164 -6.01 117.428
      vertex 5.35665 -5.35665 117.428
    endloop
  endfacet
  facet normal 0.889241 -0.43852 0.130192
    outer loop
      vertex 7.37521 -3.05491 120.523
      vertex 6.79508 -3.92314 121.561
      vertex 6.91337 -3.99144 120.523
    endloop
  endfacet
  facet normal 0.88924 -0.438524 0.130188
    outer loop
      vertex 7.24902 -3.00264 121.561
      vertex 6.79508 -3.92314 121.561
      vertex 7.37521 -3.05491 120.523
    endloop
  endfacet
  facet normal 0.0168679 -0.257337 -0.966175
    outer loop
      vertex 0.145869 -1.99044 112.271
      vertex 0.203714 -1.54737 112.154
      vertex 0.261052 -1.98289 112.271
    endloop
  endfacet
  facet normal 0.016864 -0.257336 -0.966175
    outer loop
      vertex 0.203714 -1.54737 112.154
      vertex 0.145869 -1.99044 112.271
      vertex 0 -1.56072 112.154
    endloop
  endfacet
  facet normal 0.00857877 -0.130908 -0.991357
    outer loop
      vertex 0.203714 -1.54737 112.154
      vertex 0 -1.56072 112.154
      vertex 0 -0.523225 112.017
    endloop
  endfacet
  facet normal -0.214425 -0.143274 -0.966175
    outer loop
      vertex -1.58671 -1.21752 112.271
      vertex -1.66792 -1.09598 112.271
      vertex -1.2382 -0.950108 112.154
    endloop
  endfacet
  facet normal 0.170048 0.193888 -0.966173
    outer loop
      vertex 1.1036 1.1036 112.154
      vertex 1.32743 1.49032 112.271
      vertex 1.41421 1.41421 112.271
    endloop
  endfacet
  facet normal 0.170032 0.193898 -0.966174
    outer loop
      vertex 1.32743 1.49032 112.271
      vertex 1.1036 1.1036 112.154
      vertex 0.950108 1.2382 112.154
    endloop
  endfacet
  facet normal -0.170038 0.193889 -0.966175
    outer loop
      vertex -0.950108 1.2382 112.154
      vertex -1.32743 1.49032 112.271
      vertex -1.21752 1.58671 112.271
    endloop
  endfacet
  facet normal 0.0986354 -0.0864952 -0.991357
    outer loop
      vertex 1.1036 -1.1036 112.154
      vertex 0.415102 -0.318519 112.017
      vertex 1.2382 -0.950108 112.154
    endloop
  endfacet
  facet normal 0.257336 -0.0168653 -0.966175
    outer loop
      vertex 1.99044 -0.145869 112.271
      vertex 1.56072 0 112.154
      vertex 2 0 112.271
    endloop
  endfacet
  facet normal 0.0421676 -0.124227 -0.991357
    outer loop
      vertex 0.403944 -1.50754 112.154
      vertex 0.200229 -0.483397 112.017
      vertex 0.597262 -1.44192 112.154
    endloop
  endfacet
  facet normal 0.875104 0.297058 -0.382034
    outer loop
      vertex 7.31731 1.96067 117.428
      vertex 6.93945 1.99352 116.588
      vertex 6.99879 2.899 117.428
    endloop
  endfacet
  facet normal 0.875122 0.296992 -0.382044
    outer loop
      vertex 7.31731 1.96067 117.428
      vertex 6.96324 1.92342 116.588
      vertex 6.93945 1.99352 116.588
    endloop
  endfacet
  facet normal 0.875102 0.297057 -0.382039
    outer loop
      vertex 7.31731 1.96067 117.428
      vertex 6.98117 1.8706 116.588
      vertex 6.96324 1.92342 116.588
    endloop
  endfacet
  facet normal 0.964008 -0.0631785 0.258258
    outer loop
      vertex 7.84628 0 121.561
      vertex 7.51063 -0.988793 122.572
      vertex 7.77916 -1.02415 121.561
    endloop
  endfacet
  facet normal 0.875019 -0.297029 0.38225
    outer loop
      vertex 7.31731 -1.96067 122.572
      vertex 6.9305 -1.85702 123.538
      vertex 6.99879 -2.899 122.572
    endloop
  endfacet
  facet normal 0.93887 -0.318708 0.130188
    outer loop
      vertex 7.57893 -2.03077 121.561
      vertex 7.24902 -3.00264 121.561
      vertex 7.37521 -3.05491 120.523
    endloop
  endfacet
  facet normal 0.938871 -0.318705 0.130184
    outer loop
      vertex 7.57893 -2.03077 121.561
      vertex 7.37521 -3.05491 120.523
      vertex 7.71086 -2.06612 120.523
    endloop
  endfacet
  facet normal 0.997859 -0.065399 0
    outer loop
      vertex 7.91458 -1.04197 120.523
      vertex 7.98287 0 119.477
      vertex 7.98287 0 120.523
    endloop
  endfacet
  facet normal 0.997859 -0.065399 0
    outer loop
      vertex 7.98287 0 119.477
      vertex 7.91458 -1.04197 120.523
      vertex 7.91458 -1.04197 119.477
    endloop
  endfacet
  facet normal 0.777289 -0.383316 0.498889
    outer loop
      vertex 6.14542 -2.54552 124.445
      vertex 5.76059 -3.32588 124.445
      vertex 6.21372 -3.58749 123.538
    endloop
  endfacet
  facet normal 0.777289 -0.383316 0.49889
    outer loop
      vertex 6.62882 -2.74575 123.538
      vertex 6.14542 -2.54552 124.445
      vertex 6.21372 -3.58749 123.538
    endloop
  endfacet
  facet normal 0.694743 -0.609273 0.382255
    outer loop
      vertex 5.6923 -4.36785 123.538
      vertex 5.07348 -5.07348 123.538
      vertex 5.35665 -5.35665 122.572
    endloop
  endfacet
  facet normal 0.694747 -0.609271 0.382252
    outer loop
      vertex 5.6923 -4.36785 123.538
      vertex 5.35665 -5.35665 122.572
      vertex 6.01 -4.61164 122.572
    endloop
  endfacet
  facet normal -0.828844 0.408739 -0.382035
    outer loop
      vertex -6.67729 2.76582 116.588
      vertex -6.99879 2.899 117.428
      vertex -6.31657 3.49729 116.588
    endloop
  endfacet
  facet normal -0.972438 0.193434 0.130187
    outer loop
      vertex -7.71086 2.06612 120.523
      vertex -7.91458 1.04197 120.523
      vertex -7.77916 1.02415 121.561
    endloop
  endfacet
  facet normal -0.972438 0.193431 0.130185
    outer loop
      vertex -7.71086 2.06612 120.523
      vertex -7.77916 1.02415 121.561
      vertex -7.57893 2.03077 121.561
    endloop
  endfacet
  facet normal -0.972438 -0.193431 -0.130185
    outer loop
      vertex -7.71086 -2.06612 119.477
      vertex -7.77916 -1.02415 118.439
      vertex -7.57893 -2.03077 118.439
    endloop
  endfacet
  facet normal -0.938871 -0.318705 -0.130184
    outer loop
      vertex -7.37521 -3.05491 119.477
      vertex -7.71086 -2.06612 119.477
      vertex -7.57893 -2.03077 118.439
    endloop
  endfacet
  facet normal -0.972438 0.193434 -0.130187
    outer loop
      vertex -7.77916 1.02415 118.439
      vertex -7.91458 1.04197 119.477
      vertex -7.71086 2.06612 119.477
    endloop
  endfacet
  facet normal -0.972438 0.193431 -0.130185
    outer loop
      vertex -7.57893 2.03077 118.439
      vertex -7.77916 1.02415 118.439
      vertex -7.71086 2.06612 119.477
    endloop
  endfacet
  facet normal -0.922171 -0.0604187 -0.382034
    outer loop
      vertex -7.51063 -0.988793 117.428
      vertex -7.1741 -0.813834 116.588
      vertex -7.16926 -0.887707 116.588
    endloop
  endfacet
  facet normal -0.922166 -0.0604694 -0.382039
    outer loop
      vertex -7.51063 -0.988793 117.428
      vertex -7.16926 -0.887707 116.588
      vertex -7.16561 -0.94337 116.588
    endloop
  endfacet
  facet normal -0.922168 -0.0604431 -0.382038
    outer loop
      vertex -7.1741 -0.813834 116.588
      vertex -7.51063 -0.988793 117.428
      vertex -7.57544 0 117.428
    endloop
  endfacet
  facet normal -0.906398 -0.180246 -0.382039
    outer loop
      vertex -7.15473 -0.998082 116.588
      vertex -7.51063 -0.988793 117.428
      vertex -7.16561 -0.94337 116.588
    endloop
  endfacet
  facet normal -0.90639 -0.180293 -0.382035
    outer loop
      vertex -7.51063 -0.988793 117.428
      vertex -7.15473 -0.998082 116.588
      vertex -7.0065 -1.74328 116.588
    endloop
  endfacet
  facet normal -0.828844 -0.408739 -0.382035
    outer loop
      vertex -6.31657 -3.49729 116.588
      vertex -6.99879 -2.899 117.428
      vertex -6.67729 -2.76582 116.588
    endloop
  endfacet
  facet normal -0.875104 -0.297057 -0.382033
    outer loop
      vertex -6.67729 -2.76582 116.588
      vertex -6.99879 -2.899 117.428
      vertex -6.93945 -1.99352 116.588
    endloop
  endfacet
  facet normal -0.828815 -0.408791 -0.382041
    outer loop
      vertex -6.56052 -3.78772 117.428
      vertex -6.31657 -3.49729 116.588
      vertex -6.28382 -3.56369 116.588
    endloop
  endfacet
  facet normal -0.828857 -0.408713 -0.382034
    outer loop
      vertex -6.56052 -3.78772 117.428
      vertex -6.28382 -3.56369 116.588
      vertex -6.25915 -3.61372 116.588
    endloop
  endfacet
  facet normal -0.828843 -0.408742 -0.382032
    outer loop
      vertex -6.31657 -3.49729 116.588
      vertex -6.56052 -3.78772 117.428
      vertex -6.99879 -2.899 117.428
    endloop
  endfacet
  facet normal -0.768402 -0.513428 -0.382035
    outer loop
      vertex -6.56052 -3.78772 117.428
      vertex -6.25915 -3.61372 116.588
      vertex -6.22816 -3.6601 116.588
    endloop
  endfacet
  facet normal -0.768418 -0.513402 -0.382038
    outer loop
      vertex -6.56052 -3.78772 117.428
      vertex -6.22816 -3.6601 116.588
      vertex -6.18703 -3.72166 116.588
    endloop
  endfacet
  facet normal -0.768404 -0.513426 -0.382033
    outer loop
      vertex -6.56052 -3.78772 117.428
      vertex -6.18703 -3.72166 116.588
      vertex -6.01 -4.61164 117.428
    endloop
  endfacet
  facet normal -0.914806 -0.310535 -0.258259
    outer loop
      vertex -6.99879 -2.899 117.428
      vertex -7.57893 -2.03077 118.439
      vertex -7.31731 -1.96067 117.428
    endloop
  endfacet
  facet normal -0.803266 -0.53672 -0.258256
    outer loop
      vertex -6.01 -4.61164 117.428
      vertex -6.79508 -3.92314 118.439
      vertex -6.56052 -3.78772 117.428
    endloop
  endfacet
  facet normal -0.23129 -0.11407 -0.966174
    outer loop
      vertex -1.84776 -0.765367 112.271
      vertex -1.44192 -0.597262 112.154
      vertex -1.7831 -0.896473 112.271
    endloop
  endfacet
  facet normal -0.277009 0 -0.960867
    outer loop
      vertex -1.44192 -0.597262 112.154
      vertex -1.84776 -0.765367 112.271
      vertex -1.84776 -0.765366 112.271
    endloop
  endfacet
  facet normal 0 0.277009 -0.960867
    outer loop
      vertex -0.597262 1.44192 112.154
      vertex -0.765367 1.84776 112.271
      vertex -0.765366 1.84776 112.271
    endloop
  endfacet
  facet normal -0.11407 0.23129 -0.966174
    outer loop
      vertex -0.765367 1.84776 112.271
      vertex -0.597262 1.44192 112.154
      vertex -0.896473 1.7831 112.271
    endloop
  endfacet
  facet normal 0.169082 -0.850013 0.498888
    outer loop
      vertex 1.7216 -6.4251 124.445
      vertex 0.868228 -6.59485 124.445
      vertex 0.936522 -7.1136 123.538
    endloop
  endfacet
  facet normal 0.056686 -0.86481 0.498888
    outer loop
      vertex 0.868228 -6.59485 124.445
      vertex 0 -6.65176 124.445
      vertex 0.936522 -7.1136 123.538
    endloop
  endfacet
  facet normal 0.227537 -0.670321 0.706326
    outer loop
      vertex 2.01857 -4.87325 126.015
      vertex 1.36521 -5.09503 126.015
      vertex 2.30173 -5.55688 125.275
    endloop
  endfacet
  facet normal -0.046301 -0.706372 0.706325
    outer loop
      vertex -0.688495 -5.22964 126.015
      vertex -0.785078 -5.96326 125.275
      vertex 0 -6.01472 125.275
    endloop
  endfacet
  facet normal -0.138103 -0.694286 0.706325
    outer loop
      vertex -0.688495 -5.22964 126.015
      vertex -1.55672 -5.80977 125.275
      vertex -0.785078 -5.96326 125.275
    endloop
  endfacet
  facet normal 0.393282 -0.588584 0.706328
    outer loop
      vertex 3.21107 -4.18475 126.015
      vertex 2.63738 -4.56808 126.015
      vertex 3.00736 -5.2089 125.275
    endloop
  endfacet
  facet normal 0.706372 0.046301 0.706325
    outer loop
      vertex 5.96326 0.785078 125.275
      vertex 5.22964 0.688495 126.015
      vertex 6.01472 0 125.275
    endloop
  endfacet
  facet normal 0.79221 0.0519275 0.608035
    outer loop
      vertex 6.65176 0 124.445
      vertex 5.96326 0.785078 125.275
      vertex 6.01472 0 125.275
    endloop
  endfacet
  facet normal 0.92208 -0.0604334 0.382253
    outer loop
      vertex 7.17498 0 123.538
      vertex 7.1136 -0.936522 123.538
      vertex 7.57544 0 122.572
    endloop
  endfacet
  facet normal 0.850013 0.169082 0.498888
    outer loop
      vertex 7.1136 0.936522 123.538
      vertex 6.4251 1.7216 124.445
      vertex 6.59485 0.868228 124.445
    endloop
  endfacet
  facet normal 0.481498 -0.720604 0.498889
    outer loop
      vertex 4.04933 -5.27719 124.445
      vertex 3.32588 -5.76059 124.445
      vertex 3.58749 -6.21372 123.538
    endloop
  endfacet
  facet normal 0.481493 -0.720605 0.498892
    outer loop
      vertex 4.04933 -5.27719 124.445
      vertex 3.58749 -6.21372 123.538
      vertex 4.36785 -5.6923 123.538
    endloop
  endfacet
  facet normal 0.458539 -0.402137 0.792482
    outer loop
      vertex 3.6624 -3.39087 126.226
      vertex 4.18475 -3.21107 126.015
      vertex 3.96677 -3.04381 126.226
    endloop
  endfacet
  facet normal 0.458538 -0.402126 0.792489
    outer loop
      vertex 4.18475 -3.21107 126.015
      vertex 3.6624 -3.39087 126.226
      vertex 3.72982 -3.72982 126.015
    endloop
  endfacet
  facet normal 0.507112 -0.338835 0.792482
    outer loop
      vertex 4.07367 -2.88382 126.226
      vertex 3.96677 -3.04381 126.226
      vertex 4.18475 -3.21107 126.015
    endloop
  endfacet
  facet normal -0.32144 0.94693 0
    outer loop
      vertex -2.06612 7.71086 119.477
      vertex -3.05491 7.37521 120.523
      vertex -2.06612 7.71086 120.523
    endloop
  endfacet
  facet normal -0.32144 0.94693 0
    outer loop
      vertex -3.05491 7.37521 120.523
      vertex -2.06612 7.71086 119.477
      vertex -3.05491 7.37521 119.477
    endloop
  endfacet
  facet normal -0.550846 0.82439 -0.130195
    outer loop
      vertex -4.77651 6.22487 118.439
      vertex -4.85966 6.33324 119.477
      vertex -3.92314 6.79508 118.439
    endloop
  endfacet
  facet normal -0.297029 0.875019 0.38225
    outer loop
      vertex -1.96067 7.31731 122.572
      vertex -2.899 6.99879 122.572
      vertex -1.85702 6.9305 123.538
    endloop
  endfacet
  facet normal -0.188473 0.947513 0.258259
    outer loop
      vertex -1.02415 7.77916 121.561
      vertex -2.03077 7.57893 121.561
      vertex -0.988793 7.51063 122.572
    endloop
  endfacet
  facet normal -0.726341 0.636975 0.258248
    outer loop
      vertex -5.54816 5.54816 121.561
      vertex -6.22487 4.77651 121.561
      vertex -5.35665 5.35665 122.572
    endloop
  endfacet
  facet normal -0.824391 0.550844 -0.130193
    outer loop
      vertex -6.79508 3.92314 118.439
      vertex -6.91337 3.99144 119.477
      vertex -6.33324 4.85966 119.477
    endloop
  endfacet
  facet normal -0.43852 0.889241 -0.130192
    outer loop
      vertex -3.92314 6.79508 118.439
      vertex -3.99144 6.91337 119.477
      vertex -3.05491 7.37521 119.477
    endloop
  endfacet
  facet normal -0.442284 0.896875 0
    outer loop
      vertex -3.05491 7.37521 119.477
      vertex -3.99144 6.91337 120.523
      vertex -3.05491 7.37521 120.523
    endloop
  endfacet
  facet normal -0.442284 0.896875 0
    outer loop
      vertex -3.99144 6.91337 120.523
      vertex -3.05491 7.37521 119.477
      vertex -3.99144 6.91337 119.477
    endloop
  endfacet
  facet normal -0.768331 0.513377 0.382247
    outer loop
      vertex -6.01 4.61164 122.572
      vertex -6.56052 3.78772 122.572
      vertex -6.21372 3.58749 123.538
    endloop
  endfacet
  facet normal -0.550844 0.824391 0.130193
    outer loop
      vertex -3.99144 6.91337 120.523
      vertex -4.85966 6.33324 120.523
      vertex -3.92314 6.79508 121.561
    endloop
  endfacet
  facet normal 0.51338 0.768327 0.382251
    outer loop
      vertex 4.61164 6.01 122.572
      vertex 3.58749 6.21372 123.538
      vertex 4.36785 5.6923 123.538
    endloop
  endfacet
  facet normal 0.481493 0.720605 0.498892
    outer loop
      vertex 4.36785 5.6923 123.538
      vertex 3.58749 6.21372 123.538
      vertex 4.04933 5.27719 124.445
    endloop
  endfacet
  facet normal 0.193431 0.972438 -0.130185
    outer loop
      vertex 2.03077 7.57893 118.439
      vertex 1.02415 7.77916 118.439
      vertex 2.06612 7.71086 119.477
    endloop
  endfacet
  facet normal 0.318705 0.938871 -0.130184
    outer loop
      vertex 3.05491 7.37521 119.477
      vertex 2.03077 7.57893 118.439
      vertex 2.06612 7.71086 119.477
    endloop
  endfacet
  facet normal 0.438524 0.88924 0.130188
    outer loop
      vertex 3.05491 7.37521 120.523
      vertex 3.00264 7.24902 121.561
      vertex 3.92314 6.79508 121.561
    endloop
  endfacet
  facet normal 0.318708 0.93887 0.130188
    outer loop
      vertex 3.05491 7.37521 120.523
      vertex 2.03077 7.57893 121.561
      vertex 3.00264 7.24902 121.561
    endloop
  endfacet
  facet normal -0.318705 0.938871 -0.130184
    outer loop
      vertex -2.03077 7.57893 118.439
      vertex -3.05491 7.37521 119.477
      vertex -2.06612 7.71086 119.477
    endloop
  endfacet
  facet normal -0.193434 0.972438 -0.130187
    outer loop
      vertex -1.02415 7.77916 118.439
      vertex -2.06612 7.71086 119.477
      vertex -1.04197 7.91458 119.477
    endloop
  endfacet
  facet normal 0.0604403 0.922167 -0.382041
    outer loop
      vertex 0.813834 7.1741 116.588
      vertex 0 7.22744 116.588
      vertex 0 7.57544 117.428
    endloop
  endfacet
  facet normal 0.0604694 0.922166 -0.382039
    outer loop
      vertex 0.887707 7.16926 116.588
      vertex 0.988793 7.51063 117.428
      vertex 0.94337 7.16561 116.588
    endloop
  endfacet
  facet normal 0.0604187 0.922171 -0.382034
    outer loop
      vertex 0.813834 7.1741 116.588
      vertex 0.988793 7.51063 117.428
      vertex 0.887707 7.16926 116.588
    endloop
  endfacet
  facet normal 0.0604431 0.922168 -0.382038
    outer loop
      vertex 0.988793 7.51063 117.428
      vertex 0.813834 7.1741 116.588
      vertex 0 7.57544 117.428
    endloop
  endfacet
  facet normal 0.694286 0.138103 0.706325
    outer loop
      vertex 5.80977 1.55672 125.275
      vertex 5.22964 0.688495 126.015
      vertex 5.96326 0.785078 125.275
    endloop
  endfacet
  facet normal 0.778655 0.154887 0.608035
    outer loop
      vertex 6.4251 1.7216 124.445
      vertex 5.96326 0.785078 125.275
      vertex 6.59485 0.868228 124.445
    endloop
  endfacet
  facet normal 0.777289 0.383316 0.498889
    outer loop
      vertex 6.21372 3.58749 123.538
      vertex 5.76059 3.32588 124.445
      vertex 6.14542 2.54552 124.445
    endloop
  endfacet
  facet normal 0.777289 0.383316 0.49889
    outer loop
      vertex 6.21372 3.58749 123.538
      vertex 6.14542 2.54552 124.445
      vertex 6.62882 2.74575 123.538
    endloop
  endfacet
  facet normal 0.914806 0.310535 0.258259
    outer loop
      vertex 7.57893 2.03077 121.561
      vertex 6.99879 2.899 122.572
      vertex 7.31731 1.96067 122.572
    endloop
  endfacet
  facet normal 0.947512 0.188474 0.258259
    outer loop
      vertex 7.57893 2.03077 121.561
      vertex 7.31731 1.96067 122.572
      vertex 7.51063 0.988793 122.572
    endloop
  endfacet
  facet normal 0.169079 0.850012 0.49889
    outer loop
      vertex 1.85702 6.9305 123.538
      vertex 0.936522 7.1136 123.538
      vertex 1.7216 6.4251 124.445
    endloop
  endfacet
  facet normal 0.278578 0.820673 0.49889
    outer loop
      vertex 1.85702 6.9305 123.538
      vertex 1.7216 6.4251 124.445
      vertex 2.54552 6.14542 124.445
    endloop
  endfacet
  facet normal 0.195094 0.980785 -0
    outer loop
      vertex 2.06612 7.71086 119.477
      vertex 1.04197 7.91458 120.523
      vertex 2.06612 7.71086 120.523
    endloop
  endfacet
  facet normal 0.195094 0.980785 0
    outer loop
      vertex 1.04197 7.91458 120.523
      vertex 2.06612 7.71086 119.477
      vertex 1.04197 7.91458 119.477
    endloop
  endfacet
  facet normal 0.0648424 0.989366 0.13019
    outer loop
      vertex 0 7.98287 120.523
      vertex 0 7.84628 121.561
      vertex 1.04197 7.91458 120.523
    endloop
  endfacet
  facet normal -0.193434 0.972438 0.130187
    outer loop
      vertex -1.04197 7.91458 120.523
      vertex -2.06612 7.71086 120.523
      vertex -1.02415 7.77916 121.561
    endloop
  endfacet
  facet normal 0.255189 0.751782 0.608032
    outer loop
      vertex 2.54552 6.14542 124.445
      vertex 1.55672 5.80977 125.275
      vertex 2.30173 5.55688 125.275
    endloop
  endfacet
  facet normal 0.26975 0.546991 0.792487
    outer loop
      vertex 2.63738 4.56808 126.015
      vertex 2.08599 4.5343 126.226
      vertex 2.5 4.33013 126.226
    endloop
  endfacet
  facet normal 0.269751 0.546988 0.792489
    outer loop
      vertex 2.08599 4.5343 126.226
      vertex 2.63738 4.56808 126.015
      vertex 2.01857 4.87325 126.015
    endloop
  endfacet
  facet normal 0.532215 0.466739 0.70633
    outer loop
      vertex 4.7718 3.66153 125.275
      vertex 3.72982 3.72982 126.015
      vertex 4.18475 3.21107 126.015
    endloop
  endfacet
  facet normal 0.458538 0.402126 0.792489
    outer loop
      vertex 3.6624 3.39087 126.226
      vertex 4.18475 3.21107 126.015
      vertex 3.72982 3.72982 126.015
    endloop
  endfacet
  facet normal 0.458539 0.402137 0.792482
    outer loop
      vertex 4.18475 3.21107 126.015
      vertex 3.6624 3.39087 126.226
      vertex 3.96677 3.04381 126.226
    endloop
  endfacet
  facet normal 0.608571 0.0398736 0.792497
    outer loop
      vertex 5.27477 0 126.015
      vertex 4.98742 0.192002 126.226
      vertex 5 0 126.226
    endloop
  endfacet
  facet normal 0.608578 0.0398915 0.792491
    outer loop
      vertex 5.22964 0.688495 126.015
      vertex 4.98742 0.192002 126.226
      vertex 5.27477 0 126.015
    endloop
  endfacet
  facet normal 0.608568 0.0398993 0.792498
    outer loop
      vertex 4.98742 0.192002 126.226
      vertex 5.22964 0.688495 126.015
      vertex 4.95722 0.652631 126.226
    endloop
  endfacet
  facet normal 0.57752 0.196046 0.792487
    outer loop
      vertex 5.09503 1.36521 126.015
      vertex 4.76778 1.4763 126.226
      vertex 4.82963 1.2941 126.226
    endloop
  endfacet
  facet normal 0.577519 0.196036 0.792491
    outer loop
      vertex 4.87325 2.01857 126.015
      vertex 4.76778 1.4763 126.226
      vertex 5.09503 1.36521 126.015
    endloop
  endfacet
  facet normal 0.577516 0.196037 0.792492
    outer loop
      vertex 4.76778 1.4763 126.226
      vertex 4.87325 2.01857 126.015
      vertex 4.6194 1.91342 126.226
    endloop
  endfacet
  facet normal 0.914806 0.310535 -0.258259
    outer loop
      vertex 7.31731 1.96067 117.428
      vertex 6.99879 2.899 117.428
      vertex 7.57893 2.03077 118.439
    endloop
  endfacet
  facet normal -0.00858152 0.130907 -0.991358
    outer loop
      vertex -0.0682945 0.518748 112.017
      vertex -0.203714 1.54737 112.154
      vertex 0 0.523225 112.017
    endloop
  endfacet
  facet normal 0.408739 0.828844 -0.382035
    outer loop
      vertex 3.49729 6.31657 116.588
      vertex 2.76582 6.67729 116.588
      vertex 2.899 6.99879 117.428
    endloop
  endfacet
  facet normal 0.866447 0.427286 -0.258256
    outer loop
      vertex 6.99879 2.899 117.428
      vertex 6.56052 3.78772 117.428
      vertex 6.79508 3.92314 118.439
    endloop
  endfacet
  facet normal 0.828857 0.408713 -0.382034
    outer loop
      vertex 6.56052 3.78772 117.428
      vertex 6.28382 3.56369 116.588
      vertex 6.25915 3.61372 116.588
    endloop
  endfacet
  facet normal 0.828815 0.408791 -0.382041
    outer loop
      vertex 6.56052 3.78772 117.428
      vertex 6.31657 3.49729 116.588
      vertex 6.28382 3.56369 116.588
    endloop
  endfacet
  facet normal 0.828843 0.408742 -0.382032
    outer loop
      vertex 6.31657 3.49729 116.588
      vertex 6.56052 3.78772 117.428
      vertex 6.99879 2.899 117.428
    endloop
  endfacet
  facet normal -0.938871 -0.318705 0.130184
    outer loop
      vertex -7.57893 -2.03077 121.561
      vertex -7.71086 -2.06612 120.523
      vertex -7.37521 -3.05491 120.523
    endloop
  endfacet
  facet normal -0.93887 -0.318708 0.130188
    outer loop
      vertex -7.24902 -3.00264 121.561
      vertex -7.57893 -2.03077 121.561
      vertex -7.37521 -3.05491 120.523
    endloop
  endfacet
  facet normal -0.751782 -0.255189 0.608032
    outer loop
      vertex -5.80977 -1.55672 125.275
      vertex -6.14542 -2.54552 124.445
      vertex -5.55688 -2.30173 125.275
    endloop
  endfacet
  facet normal -0.712037 -0.35114 0.608032
    outer loop
      vertex -5.55688 -2.30173 125.275
      vertex -6.14542 -2.54552 124.445
      vertex -5.2089 -3.00736 125.275
    endloop
  endfacet
  facet normal -0.778656 -0.154885 0.608034
    outer loop
      vertex -5.96326 -0.785078 125.275
      vertex -6.4251 -1.7216 124.445
      vertex -5.80977 -1.55672 125.275
    endloop
  endfacet
  facet normal -0.778655 -0.154887 0.608035
    outer loop
      vertex -5.96326 -0.785078 125.275
      vertex -6.59485 -0.868228 124.445
      vertex -6.4251 -1.7216 124.445
    endloop
  endfacet
  facet normal -0.694284 0.138105 0.706326
    outer loop
      vertex -5.09503 1.36521 126.015
      vertex -5.80977 1.55672 125.275
      vertex -5.22964 0.688495 126.015
    endloop
  endfacet
  facet normal -0.269751 0.546988 0.792489
    outer loop
      vertex -2.63738 4.56808 126.015
      vertex -2.08599 4.5343 126.226
      vertex -2.01857 4.87325 126.015
    endloop
  endfacet
  facet normal -0.26975 0.546991 0.792487
    outer loop
      vertex -2.08599 4.5343 126.226
      vertex -2.63738 4.56808 126.015
      vertex -2.5 4.33013 126.226
    endloop
  endfacet
  facet normal -0.458521 0.402133 0.792495
    outer loop
      vertex -3.53553 3.53553 126.226
      vertex -3.72982 3.72982 126.015
      vertex -3.6624 3.39087 126.226
    endloop
  endfacet
  facet normal -0.383316 0.777289 0.498889
    outer loop
      vertex -2.54552 6.14542 124.445
      vertex -3.58749 6.21372 123.538
      vertex -3.32588 5.76059 124.445
    endloop
  endfacet
  facet normal 0.227537 0.670321 0.706326
    outer loop
      vertex 1.55672 5.80977 125.275
      vertex 1.36521 5.09503 126.015
      vertex 2.30173 5.55688 125.275
    endloop
  endfacet
  facet normal 0.313096 0.634882 0.706325
    outer loop
      vertex 2.30173 5.55688 125.275
      vertex 2.01857 4.87325 126.015
      vertex 2.63738 4.56808 126.015
    endloop
  endfacet
  facet normal 0.046301 0.706372 0.706325
    outer loop
      vertex 0.785078 5.96326 125.275
      vertex 0 6.01472 125.275
      vertex 0.688495 5.22964 126.015
    endloop
  endfacet
  facet normal 0.154887 0.778655 0.608035
    outer loop
      vertex 0.868228 6.59485 124.445
      vertex 0.785078 5.96326 125.275
      vertex 1.7216 6.4251 124.445
    endloop
  endfacet
  facet normal 0.169082 0.850013 0.498888
    outer loop
      vertex 0.936522 7.1136 123.538
      vertex 0.868228 6.59485 124.445
      vertex 1.7216 6.4251 124.445
    endloop
  endfacet
  facet normal -0.694743 0.609273 0.382255
    outer loop
      vertex -5.35665 5.35665 122.572
      vertex -5.6923 4.36785 123.538
      vertex -5.07348 5.07348 123.538
    endloop
  endfacet
  facet normal -0.408701 0.828764 0.382248
    outer loop
      vertex -2.899 6.99879 122.572
      vertex -3.58749 6.21372 123.538
      vertex -2.74575 6.62882 123.538
    endloop
  endfacet
  facet normal -0.694747 0.609271 0.382252
    outer loop
      vertex -5.35665 5.35665 122.572
      vertex -6.01 4.61164 122.572
      vertex -5.6923 4.36785 123.538
    endloop
  endfacet
  facet normal -0.596896 0.523465 0.60803
    outer loop
      vertex -4.25305 4.25305 125.275
      vertex -5.27719 4.04933 124.445
      vertex -4.7718 3.66153 125.275
    endloop
  endfacet
  facet normal -0.660117 0.441073 0.60803
    outer loop
      vertex -4.7718 3.66153 125.275
      vertex -5.27719 4.04933 124.445
      vertex -5.2089 3.00736 125.275
    endloop
  endfacet
  facet normal -0.466741 0.532215 0.706329
    outer loop
      vertex -3.66153 4.7718 125.275
      vertex -4.25305 4.25305 125.275
      vertex -3.72982 3.72982 126.015
    endloop
  endfacet
  facet normal 0.0519275 0.79221 0.608035
    outer loop
      vertex 0 6.65176 124.445
      vertex 0 6.01472 125.275
      vertex 0.785078 5.96326 125.275
    endloop
  endfacet
  facet normal -0.0604374 0.922081 0.382249
    outer loop
      vertex 0 7.57544 122.572
      vertex -0.988793 7.51063 122.572
      vertex -0.936522 7.1136 123.538
    endloop
  endfacet
  facet normal -0.383316 0.777289 0.49889
    outer loop
      vertex -2.74575 6.62882 123.538
      vertex -3.58749 6.21372 123.538
      vertex -2.54552 6.14542 124.445
    endloop
  endfacet
  facet normal -0.408703 0.828764 0.382246
    outer loop
      vertex -2.899 6.99879 122.572
      vertex -3.78772 6.56052 122.572
      vertex -3.58749 6.21372 123.538
    endloop
  endfacet
  facet normal -0.0519272 0.79221 0.608036
    outer loop
      vertex 0 6.65176 124.445
      vertex -0.868228 6.59485 124.445
      vertex -0.785078 5.96326 125.275
    endloop
  endfacet
  facet normal -0.35114 0.712037 0.608032
    outer loop
      vertex -2.54552 6.14542 124.445
      vertex -3.00736 5.2089 125.275
      vertex -2.30173 5.55688 125.275
    endloop
  endfacet
  facet normal -0.875019 0.297029 0.38225
    outer loop
      vertex -6.99879 2.899 122.572
      vertex -7.31731 1.96067 122.572
      vertex -6.9305 1.85702 123.538
    endloop
  endfacet
  facet normal -0.914806 0.310535 0.258259
    outer loop
      vertex -6.99879 2.899 122.572
      vertex -7.57893 2.03077 121.561
      vertex -7.31731 1.96067 122.572
    endloop
  endfacet
  facet normal -0.88924 0.438524 0.130188
    outer loop
      vertex -6.79508 3.92314 121.561
      vertex -7.37521 3.05491 120.523
      vertex -7.24902 3.00264 121.561
    endloop
  endfacet
  facet normal -0.93887 0.318708 0.130188
    outer loop
      vertex -7.37521 3.05491 120.523
      vertex -7.57893 2.03077 121.561
      vertex -7.24902 3.00264 121.561
    endloop
  endfacet
  facet normal -0.824391 0.550844 0.130193
    outer loop
      vertex -6.33324 4.85966 120.523
      vertex -6.91337 3.99144 120.523
      vertex -6.79508 3.92314 121.561
    endloop
  endfacet
  facet normal -0.670321 0.227537 0.706326
    outer loop
      vertex -4.87325 2.01857 126.015
      vertex -5.55688 2.30173 125.275
      vertex -5.09503 1.36521 126.015
    endloop
  endfacet
  facet normal -0.588584 0.393282 0.706328
    outer loop
      vertex -4.18475 3.21107 126.015
      vertex -5.2089 3.00736 125.275
      vertex -4.56808 2.63738 126.015
    endloop
  endfacet
  facet normal -0.598169 0.118986 0.792487
    outer loop
      vertex -5.22964 0.688495 126.015
      vertex -4.86717 1.10538 126.226
      vertex -5.09503 1.36521 126.015
    endloop
  endfacet
  facet normal -0.598158 0.118971 0.792498
    outer loop
      vertex -4.86717 1.10538 126.226
      vertex -5.22964 0.688495 126.015
      vertex -4.95722 0.652631 126.226
    endloop
  endfacet
  facet normal -0.598168 0.118987 0.792488
    outer loop
      vertex -4.82963 1.2941 126.226
      vertex -5.09503 1.36521 126.015
      vertex -4.86717 1.10538 126.226
    endloop
  endfacet
  facet normal -0.828764 0.408703 0.382246
    outer loop
      vertex -6.56052 3.78772 122.572
      vertex -6.99879 2.899 122.572
      vertex -6.21372 3.58749 123.538
    endloop
  endfacet
  facet normal -0.777289 0.383316 0.49889
    outer loop
      vertex -6.21372 3.58749 123.538
      vertex -6.62882 2.74575 123.538
      vertex -6.14542 2.54552 124.445
    endloop
  endfacet
  facet normal -0.751779 0.255192 0.608034
    outer loop
      vertex -6.14542 2.54552 124.445
      vertex -6.4251 1.7216 124.445
      vertex -5.80977 1.55672 125.275
    endloop
  endfacet
  facet normal -0.820673 0.278578 0.49889
    outer loop
      vertex -6.14542 2.54552 124.445
      vertex -6.9305 1.85702 123.538
      vertex -6.4251 1.7216 124.445
    endloop
  endfacet
  facet normal -0.79221 0.0519275 0.608035
    outer loop
      vertex -5.96326 0.785078 125.275
      vertex -6.65176 0 124.445
      vertex -6.01472 0 125.275
    endloop
  endfacet
  facet normal -0.706372 -0.0463018 0.706325
    outer loop
      vertex -5.27477 0 126.015
      vertex -6.01472 0 125.275
      vertex -5.22964 -0.688495 126.015
    endloop
  endfacet
  facet normal -0.257336 0.0168653 -0.966175
    outer loop
      vertex -1.56072 0 112.154
      vertex -2 0 112.271
      vertex -1.99044 0.145869 112.271
    endloop
  endfacet
  facet normal -0.609325 -0.69481 -0.38205
    outer loop
      vertex -5.06863 -5.14735 116.588
      vertex -5.35665 -5.35665 117.428
      vertex -5.11057 -5.11057 116.588
    endloop
  endfacet
  facet normal -0.609333 -0.694803 -0.38205
    outer loop
      vertex -5.35665 -5.35665 117.428
      vertex -5.06863 -5.14735 116.588
      vertex -4.49739 -5.64832 116.588
    endloop
  endfacet
  facet normal -0.694803 -0.609333 -0.38205
    outer loop
      vertex -5.14735 -5.06863 116.588
      vertex -5.35665 -5.35665 117.428
      vertex -5.64832 -4.49739 116.588
    endloop
  endfacet
  facet normal -0.69481 -0.609325 -0.38205
    outer loop
      vertex -5.35665 -5.35665 117.428
      vertex -5.14735 -5.06863 116.588
      vertex -5.11057 -5.11057 116.588
    endloop
  endfacet
  facet normal -0.0648424 -0.989366 -0.13019
    outer loop
      vertex 0 -7.98287 119.477
      vertex -1.04197 -7.91458 119.477
      vertex 0 -7.84628 118.439
    endloop
  endfacet
  facet normal 0.0648424 -0.989366 -0.13019
    outer loop
      vertex 1.04197 -7.91458 119.477
      vertex 0 -7.98287 119.477
      vertex 0 -7.84628 118.439
    endloop
  endfacet
  facet normal -0.408703 -0.828764 0.382246
    outer loop
      vertex -3.58749 -6.21372 123.538
      vertex -3.78772 -6.56052 122.572
      vertex -2.899 -6.99879 122.572
    endloop
  endfacet
  facet normal -0.513377 -0.768331 0.382247
    outer loop
      vertex -3.58749 -6.21372 123.538
      vertex -4.61164 -6.01 122.572
      vertex -3.78772 -6.56052 122.572
    endloop
  endfacet
  facet normal -0.32144 -0.94693 0
    outer loop
      vertex -3.05491 -7.37521 119.477
      vertex -2.06612 -7.71086 120.523
      vertex -3.05491 -7.37521 120.523
    endloop
  endfacet
  facet normal -0.32144 -0.94693 -0
    outer loop
      vertex -2.06612 -7.71086 120.523
      vertex -3.05491 -7.37521 119.477
      vertex -2.06612 -7.71086 119.477
    endloop
  endfacet
  facet normal -0.188473 -0.947513 -0.258259
    outer loop
      vertex -1.02415 -7.77916 118.439
      vertex -2.03077 -7.57893 118.439
      vertex -0.988793 -7.51063 117.428
    endloop
  endfacet
  facet normal -0.0631785 -0.964008 -0.258258
    outer loop
      vertex 0 -7.84628 118.439
      vertex -1.02415 -7.77916 118.439
      vertex -0.988793 -7.51063 117.428
    endloop
  endfacet
  facet normal -0.513427 -0.768402 -0.382036
    outer loop
      vertex -4.61164 -6.01 117.428
      vertex -4.39979 -5.73392 116.588
      vertex -3.72166 -6.18703 116.588
    endloop
  endfacet
  facet normal -0.550846 -0.82439 -0.130195
    outer loop
      vertex -3.92314 -6.79508 118.439
      vertex -4.85966 -6.33324 119.477
      vertex -4.77651 -6.22487 118.439
    endloop
  endfacet
  facet normal 0.408742 -0.828843 -0.382032
    outer loop
      vertex 3.49729 -6.31657 116.588
      vertex 3.78772 -6.56052 117.428
      vertex 2.899 -6.99879 117.428
    endloop
  endfacet
  facet normal 0.408791 -0.828815 -0.382041
    outer loop
      vertex 3.56369 -6.28382 116.588
      vertex 3.78772 -6.56052 117.428
      vertex 3.49729 -6.31657 116.588
    endloop
  endfacet
  facet normal 0.408713 -0.828857 -0.382034
    outer loop
      vertex 3.78772 -6.56052 117.428
      vertex 3.56369 -6.28382 116.588
      vertex 3.61372 -6.25915 116.588
    endloop
  endfacet
  facet normal 0.427286 -0.866447 -0.258256
    outer loop
      vertex 3.92314 -6.79508 118.439
      vertex 2.899 -6.99879 117.428
      vertex 3.78772 -6.56052 117.428
    endloop
  endfacet
  facet normal -0.546991 -0.26975 0.792487
    outer loop
      vertex -4.5343 -2.08599 126.226
      vertex -4.56808 -2.63738 126.015
      vertex -4.33013 -2.5 126.226
    endloop
  endfacet
  facet normal -0.546988 -0.269751 0.792489
    outer loop
      vertex -4.56808 -2.63738 126.015
      vertex -4.5343 -2.08599 126.226
      vertex -4.87325 -2.01857 126.015
    endloop
  endfacet
  facet normal -0.831468 -0.555573 0
    outer loop
      vertex -6.33324 -4.85966 119.477
      vertex -6.91337 -3.99144 120.523
      vertex -6.91337 -3.99144 119.477
    endloop
  endfacet
  facet normal -0.831468 -0.555573 0
    outer loop
      vertex -6.91337 -3.99144 120.523
      vertex -6.33324 -4.85966 119.477
      vertex -6.33324 -4.85966 120.523
    endloop
  endfacet
  facet normal -0.634882 -0.313096 0.706325
    outer loop
      vertex -4.87325 -2.01857 126.015
      vertex -5.55688 -2.30173 125.275
      vertex -4.56808 -2.63738 126.015
    endloop
  endfacet
  facet normal -0.634882 -0.313091 0.706328
    outer loop
      vertex -4.56808 -2.63738 126.015
      vertex -5.55688 -2.30173 125.275
      vertex -5.2089 -3.00736 125.275
    endloop
  endfacet
  facet normal -0.458521 -0.402133 0.792495
    outer loop
      vertex -3.6624 -3.39087 126.226
      vertex -3.72982 -3.72982 126.015
      vertex -3.53553 -3.53553 126.226
    endloop
  endfacet
  facet normal 0.195094 -0.980785 0
    outer loop
      vertex 1.04197 -7.91458 119.477
      vertex 2.06612 -7.71086 120.523
      vertex 1.04197 -7.91458 120.523
    endloop
  endfacet
  facet normal 0.195094 -0.980785 0
    outer loop
      vertex 2.06612 -7.71086 120.523
      vertex 1.04197 -7.91458 119.477
      vertex 2.06612 -7.71086 119.477
    endloop
  endfacet
  facet normal -0.0631785 -0.964008 0.258258
    outer loop
      vertex -0.988793 -7.51063 122.572
      vertex -1.02415 -7.77916 121.561
      vertex 0 -7.84628 121.561
    endloop
  endfacet
  facet normal -0.188473 -0.947513 0.258259
    outer loop
      vertex -0.988793 -7.51063 122.572
      vertex -2.03077 -7.57893 121.561
      vertex -1.02415 -7.77916 121.561
    endloop
  endfacet
  facet normal 0.310535 -0.914806 0.258259
    outer loop
      vertex 2.899 -6.99879 122.572
      vertex 1.96067 -7.31731 122.572
      vertex 2.03077 -7.57893 121.561
    endloop
  endfacet
  facet normal 0.383316 -0.777289 0.49889
    outer loop
      vertex 3.58749 -6.21372 123.538
      vertex 2.54552 -6.14542 124.445
      vertex 2.74575 -6.62882 123.538
    endloop
  endfacet
  facet normal -0.313096 -0.634882 0.706325
    outer loop
      vertex -2.01857 -4.87325 126.015
      vertex -2.63738 -4.56808 126.015
      vertex -2.30173 -5.55688 125.275
    endloop
  endfacet
  facet normal -0.227537 -0.670321 0.706326
    outer loop
      vertex -1.36521 -5.09503 126.015
      vertex -2.30173 -5.55688 125.275
      vertex -1.55672 -5.80977 125.275
    endloop
  endfacet
  facet normal -0.138105 -0.694284 0.706326
    outer loop
      vertex -1.36521 -5.09503 126.015
      vertex -1.55672 -5.80977 125.275
      vertex -0.688495 -5.22964 126.015
    endloop
  endfacet
  facet normal -0.441077 -0.66011 0.608034
    outer loop
      vertex -3.00736 -5.2089 125.275
      vertex -4.04933 -5.27719 124.445
      vertex -3.32588 -5.76059 124.445
    endloop
  endfacet
  facet normal -0.441073 -0.660117 0.60803
    outer loop
      vertex -3.66153 -4.7718 125.275
      vertex -4.04933 -5.27719 124.445
      vertex -3.00736 -5.2089 125.275
    endloop
  endfacet
  facet normal -0.694743 -0.609273 0.382255
    outer loop
      vertex -5.07348 -5.07348 123.538
      vertex -5.6923 -4.36785 123.538
      vertex -5.35665 -5.35665 122.572
    endloop
  endfacet
  facet normal -0.609273 -0.694743 0.382255
    outer loop
      vertex -5.07348 -5.07348 123.538
      vertex -5.35665 -5.35665 122.572
      vertex -4.36785 -5.6923 123.538
    endloop
  endfacet
  facet normal -0.532215 -0.466739 0.70633
    outer loop
      vertex -4.18475 -3.21107 126.015
      vertex -4.7718 -3.66153 125.275
      vertex -3.72982 -3.72982 126.015
    endloop
  endfacet
  facet normal -0.588584 -0.393277 0.70633
    outer loop
      vertex -4.18475 -3.21107 126.015
      vertex -5.2089 -3.00736 125.275
      vertex -4.7718 -3.66153 125.275
    endloop
  endfacet
  facet normal 0.442284 -0.896875 0
    outer loop
      vertex 3.05491 -7.37521 119.477
      vertex 3.99144 -6.91337 120.523
      vertex 3.05491 -7.37521 120.523
    endloop
  endfacet
  facet normal 0.442284 -0.896875 0
    outer loop
      vertex 3.99144 -6.91337 120.523
      vertex 3.05491 -7.37521 119.477
      vertex 3.99144 -6.91337 119.477
    endloop
  endfacet
  facet normal 0.43852 -0.889241 -0.130192
    outer loop
      vertex 3.99144 -6.91337 119.477
      vertex 3.05491 -7.37521 119.477
      vertex 3.92314 -6.79508 118.439
    endloop
  endfacet
  facet normal 0.609361 -0.694786 -0.382035
    outer loop
      vertex 4.49739 -5.64832 116.588
      vertex 4.61164 -6.01 117.428
      vertex 4.39979 -5.73392 116.588
    endloop
  endfacet
  facet normal 0.609328 -0.694812 -0.382042
    outer loop
      vertex 4.61164 -6.01 117.428
      vertex 4.49739 -5.64832 116.588
      vertex 5.35665 -5.35665 117.428
    endloop
  endfacet
  facet normal 0.536729 -0.803263 -0.258247
    outer loop
      vertex 4.77651 -6.22487 118.439
      vertex 3.92314 -6.79508 118.439
      vertex 4.61164 -6.01 117.428
    endloop
  endfacet
  facet normal 0.831468 -0.555573 0
    outer loop
      vertex 6.33324 -4.85966 120.523
      vertex 6.91337 -3.99144 119.477
      vertex 6.91337 -3.99144 120.523
    endloop
  endfacet
  facet normal 0.831468 -0.555573 0
    outer loop
      vertex 6.91337 -3.99144 119.477
      vertex 6.33324 -4.85966 120.523
      vertex 6.33324 -4.85966 119.477
    endloop
  endfacet
  facet normal 0.297057 -0.875104 -0.382033
    outer loop
      vertex 2.76582 -6.67729 116.588
      vertex 2.899 -6.99879 117.428
      vertex 1.99352 -6.93945 116.588
    endloop
  endfacet
  facet normal 0.297057 -0.875102 -0.382039
    outer loop
      vertex 1.92342 -6.96324 116.588
      vertex 1.96067 -7.31731 117.428
      vertex 1.8706 -6.98117 116.588
    endloop
  endfacet
  facet normal 0.296992 -0.875122 -0.382044
    outer loop
      vertex 1.99352 -6.93945 116.588
      vertex 1.96067 -7.31731 117.428
      vertex 1.92342 -6.96324 116.588
    endloop
  endfacet
  facet normal 0.297058 -0.875104 -0.382034
    outer loop
      vertex 1.96067 -7.31731 117.428
      vertex 1.99352 -6.93945 116.588
      vertex 2.899 -6.99879 117.428
    endloop
  endfacet
  facet normal 0.188473 -0.947513 -0.258259
    outer loop
      vertex 1.02415 -7.77916 118.439
      vertex 0.988793 -7.51063 117.428
      vertex 2.03077 -7.57893 118.439
    endloop
  endfacet
  facet normal 0.0631785 -0.964008 -0.258258
    outer loop
      vertex 1.02415 -7.77916 118.439
      vertex 0 -7.84628 118.439
      vertex 0.988793 -7.51063 117.428
    endloop
  endfacet
  facet normal -0.0828881 -0.244205 -0.966175
    outer loop
      vertex -0.626942 -1.89475 112.271
      vertex -0.403944 -1.50754 112.154
      vertex -0.517638 -1.93185 112.271
    endloop
  endfacet
  facet normal -0.0828923 -0.244203 -0.966175
    outer loop
      vertex -0.403944 -1.50754 112.154
      vertex -0.626942 -1.89475 112.271
      vertex -0.597262 -1.44192 112.154
    endloop
  endfacet
  facet normal 0.0168653 -0.257336 -0.966175
    outer loop
      vertex 0.145869 -1.99044 112.271
      vertex 0 -2 112.271
      vertex 0 -1.56072 112.154
    endloop
  endfacet
  facet normal 0.964008 0.0631785 -0.258258
    outer loop
      vertex 7.84628 0 118.439
      vertex 7.51063 0.988793 117.428
      vertex 7.77916 1.02415 118.439
    endloop
  endfacet
  facet normal 0.964009 0.0631856 -0.258251
    outer loop
      vertex 7.57544 0 117.428
      vertex 7.51063 0.988793 117.428
      vertex 7.84628 0 118.439
    endloop
  endfacet
  facet normal 0.964009 -0.0631856 -0.258251
    outer loop
      vertex 7.84628 0 118.439
      vertex 7.51063 -0.988793 117.428
      vertex 7.57544 0 117.428
    endloop
  endfacet
  facet normal 0.914806 -0.310535 -0.258259
    outer loop
      vertex 7.57893 -2.03077 118.439
      vertex 6.99879 -2.899 117.428
      vertex 7.31731 -1.96067 117.428
    endloop
  endfacet
  facet normal 0.875104 -0.297057 -0.382033
    outer loop
      vertex 6.99879 -2.899 117.428
      vertex 6.67729 -2.76582 116.588
      vertex 6.93945 -1.99352 116.588
    endloop
  endfacet
  facet normal 0.803263 -0.536729 0.258247
    outer loop
      vertex 6.79508 -3.92314 121.561
      vertex 6.01 -4.61164 122.572
      vertex 6.22487 -4.77651 121.561
    endloop
  endfacet
  facet normal 0.82439 -0.550846 0.130195
    outer loop
      vertex 6.79508 -3.92314 121.561
      vertex 6.22487 -4.77651 121.561
      vertex 6.33324 -4.85966 120.523
    endloop
  endfacet
  facet normal 0.214427 -0.143272 -0.966175
    outer loop
      vertex 1.35162 -0.780361 112.154
      vertex 1.73205 -1 112.271
      vertex 1.66792 -1.09598 112.271
    endloop
  endfacet
  facet normal 0.214426 -0.143273 -0.966175
    outer loop
      vertex 1.35162 -0.780361 112.154
      vertex 1.66792 -1.09598 112.271
      vertex 1.2382 -0.950108 112.154
    endloop
  endfacet
  facet normal 0.117659 -0.0580234 -0.991357
    outer loop
      vertex 1.44192 -0.597262 112.154
      vertex 0.453126 -0.261612 112.017
      vertex 0.483397 -0.200229 112.017
    endloop
  endfacet
  facet normal -0.0580234 0.117659 -0.991357
    outer loop
      vertex -0.261612 0.453126 112.017
      vertex -0.597262 1.44192 112.154
      vertex -0.200229 0.483397 112.017
    endloop
  endfacet
  facet normal -0.143273 0.214426 -0.966175
    outer loop
      vertex -1.09598 1.66792 112.271
      vertex -0.780361 1.35162 112.154
      vertex -0.950108 1.2382 112.154
    endloop
  endfacet
  facet normal -0.143272 0.214427 -0.966175
    outer loop
      vertex -0.780361 1.35162 112.154
      vertex -1.09598 1.66792 112.271
      vertex -1 1.73205 112.271
    endloop
  endfacet
  facet normal -0.214425 0.143274 -0.966175
    outer loop
      vertex -1.2382 0.950108 112.154
      vertex -1.66792 1.09598 112.271
      vertex -1.58671 1.21752 112.271
    endloop
  endfacet
  facet normal -0.0986354 0.0864952 -0.991357
    outer loop
      vertex -0.415102 0.318519 112.017
      vertex -1.2382 0.950108 112.154
      vertex -1.1036 1.1036 112.154
    endloop
  endfacet
  facet normal -0.0255934 0.128668 -0.991357
    outer loop
      vertex -0.13542 0.505396 112.017
      vertex -0.403944 1.50754 112.154
      vertex -0.0682945 0.518748 112.017
    endloop
  endfacet
  facet normal -0.170032 0.193898 -0.966174
    outer loop
      vertex -1.1036 1.1036 112.154
      vertex -1.32743 1.49032 112.271
      vertex -0.950108 1.2382 112.154
    endloop
  endfacet
  facet normal -0.170048 0.193888 -0.966173
    outer loop
      vertex -1.32743 1.49032 112.271
      vertex -1.1036 1.1036 112.154
      vertex -1.41421 1.41421 112.271
    endloop
  endfacet
  facet normal -0.00857877 0.130908 -0.991357
    outer loop
      vertex 0 0.523225 112.017
      vertex -0.203714 1.54737 112.154
      vertex 0 1.56072 112.154
    endloop
  endfacet
  facet normal 0.244205 0.0828881 -0.966175
    outer loop
      vertex 1.50754 0.403944 112.154
      vertex 1.89475 0.626942 112.271
      vertex 1.93185 0.517638 112.271
    endloop
  endfacet
  facet normal 0.244203 0.0828923 -0.966175
    outer loop
      vertex 1.89475 0.626942 112.271
      vertex 1.50754 0.403944 112.154
      vertex 1.44192 0.597262 112.154
    endloop
  endfacet
  facet normal -0.0421679 -0.124227 -0.991357
    outer loop
      vertex -0.13542 -0.505396 112.017
      vertex -0.403944 -1.50754 112.154
      vertex -0.200229 -0.483397 112.017
    endloop
  endfacet
  facet normal 0.23129 -0.11407 -0.966174
    outer loop
      vertex 1.44192 -0.597262 112.154
      vertex 1.84776 -0.765367 112.271
      vertex 1.7831 -0.896473 112.271
    endloop
  endfacet
  facet normal 0.277009 0 -0.960867
    outer loop
      vertex 1.84776 -0.765367 112.271
      vertex 1.44192 -0.597262 112.154
      vertex 1.84776 -0.765366 112.271
    endloop
  endfacet
  facet normal 0.143274 -0.214425 -0.966175
    outer loop
      vertex 1.09598 -1.66792 112.271
      vertex 0.950108 -1.2382 112.154
      vertex 1.21752 -1.58671 112.271
    endloop
  endfacet
  facet normal 0.875104 0.297057 -0.382033
    outer loop
      vertex 6.67729 2.76582 116.588
      vertex 6.99879 2.899 117.428
      vertex 6.93945 1.99352 116.588
    endloop
  endfacet
  facet normal 0.828764 -0.408701 0.382248
    outer loop
      vertex 6.62882 -2.74575 123.538
      vertex 6.21372 -3.58749 123.538
      vertex 6.99879 -2.899 122.572
    endloop
  endfacet
  facet normal 0.875021 -0.297027 0.382247
    outer loop
      vertex 6.9305 -1.85702 123.538
      vertex 6.62882 -2.74575 123.538
      vertex 6.99879 -2.899 122.572
    endloop
  endfacet
  facet normal 0.947513 -0.188473 0.258259
    outer loop
      vertex 7.77916 -1.02415 121.561
      vertex 7.51063 -0.988793 122.572
      vertex 7.57893 -2.03077 121.561
    endloop
  endfacet
  facet normal 0.972438 -0.193431 0.130185
    outer loop
      vertex 7.77916 -1.02415 121.561
      vertex 7.57893 -2.03077 121.561
      vertex 7.71086 -2.06612 120.523
    endloop
  endfacet
  facet normal 0.712038 -0.351137 0.608034
    outer loop
      vertex 6.14542 -2.54552 124.445
      vertex 5.2089 -3.00736 125.275
      vertex 5.76059 -3.32588 124.445
    endloop
  endfacet
  facet normal 0.66011 -0.441077 0.608034
    outer loop
      vertex 5.76059 -3.32588 124.445
      vertex 5.2089 -3.00736 125.275
      vertex 5.27719 -4.04933 124.445
    endloop
  endfacet
  facet normal -0.906383 0.180323 -0.382039
    outer loop
      vertex -7.0065 1.74328 116.588
      vertex -7.31731 1.96067 117.428
      vertex -6.98117 1.8706 116.588
    endloop
  endfacet
  facet normal -0.90639 0.180294 -0.382035
    outer loop
      vertex -7.31731 1.96067 117.428
      vertex -7.0065 1.74328 116.588
      vertex -7.51063 0.988793 117.428
    endloop
  endfacet
  facet normal -0.875104 0.297058 -0.382034
    outer loop
      vertex -6.93945 1.99352 116.588
      vertex -7.31731 1.96067 117.428
      vertex -6.99879 2.899 117.428
    endloop
  endfacet
  facet normal -0.875122 0.296992 -0.382044
    outer loop
      vertex -6.96324 1.92342 116.588
      vertex -7.31731 1.96067 117.428
      vertex -6.93945 1.99352 116.588
    endloop
  endfacet
  facet normal -0.875102 0.297057 -0.382039
    outer loop
      vertex -6.98117 1.8706 116.588
      vertex -7.31731 1.96067 117.428
      vertex -6.96324 1.92342 116.588
    endloop
  endfacet
  facet normal -0.803263 -0.536729 -0.258247
    outer loop
      vertex -6.22487 -4.77651 118.439
      vertex -6.79508 -3.92314 118.439
      vertex -6.01 -4.61164 117.428
    endloop
  endfacet
  facet normal -0.82439 -0.550846 -0.130195
    outer loop
      vertex -6.33324 -4.85966 119.477
      vertex -6.79508 -3.92314 118.439
      vertex -6.22487 -4.77651 118.439
    endloop
  endfacet
  facet normal -0.94693 -0.32144 0
    outer loop
      vertex -7.37521 -3.05491 119.477
      vertex -7.71086 -2.06612 120.523
      vertex -7.71086 -2.06612 119.477
    endloop
  endfacet
  facet normal -0.94693 -0.32144 0
    outer loop
      vertex -7.71086 -2.06612 120.523
      vertex -7.37521 -3.05491 119.477
      vertex -7.37521 -3.05491 120.523
    endloop
  endfacet
  facet normal -0.972438 -0.193434 -0.130187
    outer loop
      vertex -7.71086 -2.06612 119.477
      vertex -7.91458 -1.04197 119.477
      vertex -7.77916 -1.02415 118.439
    endloop
  endfacet
  facet normal -0.989367 -0.0648404 -0.130188
    outer loop
      vertex -7.77916 -1.02415 118.439
      vertex -7.91458 -1.04197 119.477
      vertex -7.84628 0 118.439
    endloop
  endfacet
  facet normal 0.26975 -0.546991 0.792487
    outer loop
      vertex 2.08599 -4.5343 126.226
      vertex 2.63738 -4.56808 126.015
      vertex 2.5 -4.33013 126.226
    endloop
  endfacet
  facet normal 0.269751 -0.546988 0.792489
    outer loop
      vertex 2.63738 -4.56808 126.015
      vertex 2.08599 -4.5343 126.226
      vertex 2.01857 -4.87325 126.015
    endloop
  endfacet
  facet normal 0.118987 -0.598168 0.792488
    outer loop
      vertex 1.2941 -4.82963 126.226
      vertex 1.10538 -4.86717 126.226
      vertex 1.36521 -5.09503 126.015
    endloop
  endfacet
  facet normal -0.154887 -0.778655 0.608035
    outer loop
      vertex -0.785078 -5.96326 125.275
      vertex -1.7216 -6.4251 124.445
      vertex -0.868228 -6.59485 124.445
    endloop
  endfacet
  facet normal -0.0519272 -0.79221 0.608036
    outer loop
      vertex -0.785078 -5.96326 125.275
      vertex -0.868228 -6.59485 124.445
      vertex 0 -6.65176 124.445
    endloop
  endfacet
  facet normal 0.393277 -0.588584 0.70633
    outer loop
      vertex 3.21107 -4.18475 126.015
      vertex 3.00736 -5.2089 125.275
      vertex 3.66153 -4.7718 125.275
    endloop
  endfacet
  facet normal 0.466739 -0.532215 0.70633
    outer loop
      vertex 3.72982 -3.72982 126.015
      vertex 3.21107 -4.18475 126.015
      vertex 3.66153 -4.7718 125.275
    endloop
  endfacet
  facet normal 0.338839 -0.507105 0.792485
    outer loop
      vertex 2.88382 -4.07367 126.226
      vertex 2.63738 -4.56808 126.015
      vertex 3.21107 -4.18475 126.015
    endloop
  endfacet
  facet normal 0.338836 -0.507104 0.792487
    outer loop
      vertex 2.5 -4.33013 126.226
      vertex 2.63738 -4.56808 126.015
      vertex 2.88382 -4.07367 126.226
    endloop
  endfacet
  facet normal 0.694286 -0.138103 0.706325
    outer loop
      vertex 5.96326 -0.785078 125.275
      vertex 5.22964 -0.688495 126.015
      vertex 5.80977 -1.55672 125.275
    endloop
  endfacet
  facet normal 0.778656 -0.154885 0.608034
    outer loop
      vertex 5.96326 -0.785078 125.275
      vertex 5.80977 -1.55672 125.275
      vertex 6.4251 -1.7216 124.445
    endloop
  endfacet
  facet normal 0.778656 0.154885 0.608034
    outer loop
      vertex 6.4251 1.7216 124.445
      vertex 5.80977 1.55672 125.275
      vertex 5.96326 0.785078 125.275
    endloop
  endfacet
  facet normal 0.751782 0.255189 0.608032
    outer loop
      vertex 6.14542 2.54552 124.445
      vertex 5.55688 2.30173 125.275
      vertex 5.80977 1.55672 125.275
    endloop
  endfacet
  facet normal 0.92208 0.0604334 0.382253
    outer loop
      vertex 7.57544 0 122.572
      vertex 7.1136 0.936522 123.538
      vertex 7.17498 0 123.538
    endloop
  endfacet
  facet normal 0.922081 0.0604374 0.382249
    outer loop
      vertex 7.51063 0.988793 122.572
      vertex 7.1136 0.936522 123.538
      vertex 7.57544 0 122.572
    endloop
  endfacet
  facet normal 0.571431 -0.651594 0.498891
    outer loop
      vertex 4.7035 -4.7035 124.445
      vertex 4.04933 -5.27719 124.445
      vertex 5.07348 -5.07348 123.538
    endloop
  endfacet
  facet normal 0.651594 -0.571431 0.498891
    outer loop
      vertex 5.27719 -4.04933 124.445
      vertex 4.7035 -4.7035 124.445
      vertex 5.07348 -5.07348 123.538
    endloop
  endfacet
  facet normal 0.458521 -0.402133 0.792495
    outer loop
      vertex 3.6624 -3.39087 126.226
      vertex 3.53553 -3.53553 126.226
      vertex 3.72982 -3.72982 126.015
    endloop
  endfacet
  facet normal -0.53672 0.803266 -0.258256
    outer loop
      vertex -3.78772 6.56052 117.428
      vertex -4.61164 6.01 117.428
      vertex -3.92314 6.79508 118.439
    endloop
  endfacet
  facet normal -0.427286 0.866447 -0.258256
    outer loop
      vertex -3.78772 6.56052 117.428
      vertex -3.92314 6.79508 118.439
      vertex -2.899 6.99879 117.428
    endloop
  endfacet
  facet normal -0.195094 0.980785 0
    outer loop
      vertex -1.04197 7.91458 119.477
      vertex -2.06612 7.71086 120.523
      vertex -1.04197 7.91458 120.523
    endloop
  endfacet
  facet normal -0.195094 0.980785 0
    outer loop
      vertex -2.06612 7.71086 120.523
      vertex -1.04197 7.91458 119.477
      vertex -2.06612 7.71086 119.477
    endloop
  endfacet
  facet normal -0.438524 0.88924 0.130188
    outer loop
      vertex -3.05491 7.37521 120.523
      vertex -3.92314 6.79508 121.561
      vertex -3.00264 7.24902 121.561
    endloop
  endfacet
  facet normal -0.427285 0.866448 0.258254
    outer loop
      vertex -3.00264 7.24902 121.561
      vertex -3.92314 6.79508 121.561
      vertex -2.899 6.99879 122.572
    endloop
  endfacet
  facet normal -0.188474 0.947512 0.258259
    outer loop
      vertex -0.988793 7.51063 122.572
      vertex -2.03077 7.57893 121.561
      vertex -1.96067 7.31731 122.572
    endloop
  endfacet
  facet normal -0.310535 0.914806 0.258259
    outer loop
      vertex -2.03077 7.57893 121.561
      vertex -2.899 6.99879 122.572
      vertex -1.96067 7.31731 122.572
    endloop
  endfacet
  facet normal -0.653729 0.745445 -0.130194
    outer loop
      vertex -4.77651 6.22487 118.439
      vertex -5.54816 5.54816 118.439
      vertex -4.85966 6.33324 119.477
    endloop
  endfacet
  facet normal 0.481498 0.720604 0.498889
    outer loop
      vertex 3.58749 6.21372 123.538
      vertex 3.32588 5.76059 124.445
      vertex 4.04933 5.27719 124.445
    endloop
  endfacet
  facet normal 0.383316 0.777289 0.498889
    outer loop
      vertex 3.58749 6.21372 123.538
      vertex 2.54552 6.14542 124.445
      vertex 3.32588 5.76059 124.445
    endloop
  endfacet
  facet normal 0.609273 0.694743 0.382255
    outer loop
      vertex 5.35665 5.35665 122.572
      vertex 4.36785 5.6923 123.538
      vertex 5.07348 5.07348 123.538
    endloop
  endfacet
  facet normal 0.609271 0.694747 0.382252
    outer loop
      vertex 4.61164 6.01 122.572
      vertex 4.36785 5.6923 123.538
      vertex 5.35665 5.35665 122.572
    endloop
  endfacet
  facet normal -0.180246 0.906398 -0.382039
    outer loop
      vertex -0.998082 7.15473 116.588
      vertex -0.988793 7.51063 117.428
      vertex -0.94337 7.16561 116.588
    endloop
  endfacet
  facet normal -0.180293 0.90639 -0.382035
    outer loop
      vertex -0.988793 7.51063 117.428
      vertex -0.998082 7.15473 116.588
      vertex -1.74328 7.0065 116.588
    endloop
  endfacet
  facet normal -0.180294 0.90639 -0.382035
    outer loop
      vertex -1.74328 7.0065 116.588
      vertex -1.96067 7.31731 117.428
      vertex -0.988793 7.51063 117.428
    endloop
  endfacet
  facet normal -0.180323 0.906383 -0.382039
    outer loop
      vertex -1.96067 7.31731 117.428
      vertex -1.74328 7.0065 116.588
      vertex -1.8706 6.98117 116.588
    endloop
  endfacet
  facet normal 0.914806 0.310539 0.258255
    outer loop
      vertex 7.24902 3.00264 121.561
      vertex 6.99879 2.899 122.572
      vertex 7.57893 2.03077 121.561
    endloop
  endfacet
  facet normal 0.93887 0.318708 0.130188
    outer loop
      vertex 7.37521 3.05491 120.523
      vertex 7.24902 3.00264 121.561
      vertex 7.57893 2.03077 121.561
    endloop
  endfacet
  facet normal 0.227537 0.670321 0.706326
    outer loop
      vertex 2.30173 5.55688 125.275
      vertex 1.36521 5.09503 126.015
      vertex 2.01857 4.87325 126.015
    endloop
  endfacet
  facet normal 0.196037 0.577516 0.792492
    outer loop
      vertex 2.01857 4.87325 126.015
      vertex 1.4763 4.76778 126.226
      vertex 1.91342 4.6194 126.226
    endloop
  endfacet
  facet normal 0.196036 0.577519 0.792491
    outer loop
      vertex 1.4763 4.76778 126.226
      vertex 2.01857 4.87325 126.015
      vertex 1.36521 5.09503 126.015
    endloop
  endfacet
  facet normal 0.546988 0.269751 0.792489
    outer loop
      vertex 4.56808 2.63738 126.015
      vertex 4.5343 2.08599 126.226
      vertex 4.87325 2.01857 126.015
    endloop
  endfacet
  facet normal 0.546991 0.26975 0.792487
    outer loop
      vertex 4.5343 2.08599 126.226
      vertex 4.56808 2.63738 126.015
      vertex 4.33013 2.5 126.226
    endloop
  endfacet
  facet normal 0.634882 0.313096 0.706325
    outer loop
      vertex 5.55688 2.30173 125.275
      vertex 4.56808 2.63738 126.015
      vertex 4.87325 2.01857 126.015
    endloop
  endfacet
  facet normal 0.947512 0.188474 -0.258259
    outer loop
      vertex 7.51063 0.988793 117.428
      vertex 7.31731 1.96067 117.428
      vertex 7.57893 2.03077 118.439
    endloop
  endfacet
  facet normal 0.906383 0.180323 -0.382039
    outer loop
      vertex 7.31731 1.96067 117.428
      vertex 7.0065 1.74328 116.588
      vertex 6.98117 1.8706 116.588
    endloop
  endfacet
  facet normal 0.90639 0.180294 -0.382035
    outer loop
      vertex 7.0065 1.74328 116.588
      vertex 7.31731 1.96067 117.428
      vertex 7.51063 0.988793 117.428
    endloop
  endfacet
  facet normal 0.90639 0.180293 -0.382035
    outer loop
      vertex 7.51063 0.988793 117.428
      vertex 7.15473 0.998082 116.588
      vertex 7.0065 1.74328 116.588
    endloop
  endfacet
  facet normal 0.906398 0.180246 -0.382039
    outer loop
      vertex 7.51063 0.988793 117.428
      vertex 7.16561 0.94337 116.588
      vertex 7.15473 0.998082 116.588
    endloop
  endfacet
  facet normal -0.513427 0.768402 -0.382036
    outer loop
      vertex -4.39979 5.73392 116.588
      vertex -4.61164 6.01 117.428
      vertex -3.72166 6.18703 116.588
    endloop
  endfacet
  facet normal 0.803266 0.53672 -0.258256
    outer loop
      vertex 6.56052 3.78772 117.428
      vertex 6.01 4.61164 117.428
      vertex 6.79508 3.92314 118.439
    endloop
  endfacet
  facet normal 0.768404 0.513426 -0.382033
    outer loop
      vertex 6.56052 3.78772 117.428
      vertex 6.18703 3.72166 116.588
      vertex 6.01 4.61164 117.428
    endloop
  endfacet
  facet normal 0.768418 0.513402 -0.382038
    outer loop
      vertex 6.56052 3.78772 117.428
      vertex 6.22816 3.6601 116.588
      vertex 6.18703 3.72166 116.588
    endloop
  endfacet
  facet normal 0.768402 0.513428 -0.382035
    outer loop
      vertex 6.56052 3.78772 117.428
      vertex 6.25915 3.61372 116.588
      vertex 6.22816 3.6601 116.588
    endloop
  endfacet
  facet normal -0.906303 -0.180276 0.382249
    outer loop
      vertex -6.9305 -1.85702 123.538
      vertex -7.51063 -0.988793 122.572
      vertex -7.31731 -1.96067 122.572
    endloop
  endfacet
  facet normal -0.914806 -0.310535 0.258259
    outer loop
      vertex -7.31731 -1.96067 122.572
      vertex -7.57893 -2.03077 121.561
      vertex -6.99879 -2.899 122.572
    endloop
  endfacet
  facet normal -0.706372 0.0463018 0.706325
    outer loop
      vertex -5.22964 0.688495 126.015
      vertex -6.01472 0 125.275
      vertex -5.27477 0 126.015
    endloop
  endfacet
  facet normal -0.706372 0.046301 0.706325
    outer loop
      vertex -5.96326 0.785078 125.275
      vertex -6.01472 0 125.275
      vertex -5.22964 0.688495 126.015
    endloop
  endfacet
  facet normal -0.577516 0.196037 0.792492
    outer loop
      vertex -4.87325 2.01857 126.015
      vertex -4.76778 1.4763 126.226
      vertex -4.6194 1.91342 126.226
    endloop
  endfacet
  facet normal -0.577519 0.196036 0.792491
    outer loop
      vertex -4.76778 1.4763 126.226
      vertex -4.87325 2.01857 126.015
      vertex -5.09503 1.36521 126.015
    endloop
  endfacet
  facet normal -0.57752 0.196046 0.792487
    outer loop
      vertex -4.76778 1.4763 126.226
      vertex -5.09503 1.36521 126.015
      vertex -4.82963 1.2941 126.226
    endloop
  endfacet
  facet normal -0.532215 0.466741 0.706329
    outer loop
      vertex -4.25305 4.25305 125.275
      vertex -4.7718 3.66153 125.275
      vertex -3.72982 3.72982 126.015
    endloop
  endfacet
  facet normal -0.532215 0.466739 0.70633
    outer loop
      vertex -3.72982 3.72982 126.015
      vertex -4.7718 3.66153 125.275
      vertex -4.18475 3.21107 126.015
    endloop
  endfacet
  facet normal -0.466739 0.532215 0.70633
    outer loop
      vertex -3.66153 4.7718 125.275
      vertex -3.72982 3.72982 126.015
      vertex -3.21107 4.18475 126.015
    endloop
  endfacet
  facet normal -0.402137 0.458539 0.792482
    outer loop
      vertex -3.21107 4.18475 126.015
      vertex -3.39087 3.6624 126.226
      vertex -3.04381 3.96677 126.226
    endloop
  endfacet
  facet normal -0.402126 0.458538 0.792489
    outer loop
      vertex -3.39087 3.6624 126.226
      vertex -3.21107 4.18475 126.015
      vertex -3.72982 3.72982 126.015
    endloop
  endfacet
  facet normal 0.118987 0.598168 0.792488
    outer loop
      vertex 1.36521 5.09503 126.015
      vertex 1.10538 4.86717 126.226
      vertex 1.2941 4.82963 126.226
    endloop
  endfacet
  facet normal -0.768327 0.51338 0.382251
    outer loop
      vertex -6.01 4.61164 122.572
      vertex -6.21372 3.58749 123.538
      vertex -5.6923 4.36785 123.538
    endloop
  endfacet
  facet normal -0.536729 0.803263 0.258247
    outer loop
      vertex -3.92314 6.79508 121.561
      vertex -4.77651 6.22487 121.561
      vertex -4.61164 6.01 122.572
    endloop
  endfacet
  facet normal -0.720605 0.481493 0.498892
    outer loop
      vertex -5.6923 4.36785 123.538
      vertex -6.21372 3.58749 123.538
      vertex -5.27719 4.04933 124.445
    endloop
  endfacet
  facet normal -0.720604 0.481498 0.498889
    outer loop
      vertex -5.27719 4.04933 124.445
      vertex -6.21372 3.58749 123.538
      vertex -5.76059 3.32588 124.445
    endloop
  endfacet
  facet normal -0.596896 0.523463 0.608031
    outer loop
      vertex -4.7035 4.7035 124.445
      vertex -5.27719 4.04933 124.445
      vertex -4.25305 4.25305 125.275
    endloop
  endfacet
  facet normal -0.523465 0.596896 0.60803
    outer loop
      vertex -4.04933 5.27719 124.445
      vertex -4.25305 4.25305 125.275
      vertex -3.66153 4.7718 125.275
    endloop
  endfacet
  facet normal -0.154887 0.778655 0.608035
    outer loop
      vertex -0.868228 6.59485 124.445
      vertex -1.7216 6.4251 124.445
      vertex -0.785078 5.96326 125.275
    endloop
  endfacet
  facet normal -0.0566802 0.864813 0.498884
    outer loop
      vertex 0 7.17498 123.538
      vertex -0.936522 7.1136 123.538
      vertex 0 6.65176 124.445
    endloop
  endfacet
  facet normal -0.481493 0.720605 0.498892
    outer loop
      vertex -3.58749 6.21372 123.538
      vertex -4.36785 5.6923 123.538
      vertex -4.04933 5.27719 124.445
    endloop
  endfacet
  facet normal -0.609271 0.694747 0.382252
    outer loop
      vertex -4.61164 6.01 122.572
      vertex -5.35665 5.35665 122.572
      vertex -4.36785 5.6923 123.538
    endloop
  endfacet
  facet normal -0.278578 0.820673 0.49889
    outer loop
      vertex -1.85702 6.9305 123.538
      vertex -2.74575 6.62882 123.538
      vertex -2.54552 6.14542 124.445
    endloop
  endfacet
  facet normal -0.297027 0.875021 0.382247
    outer loop
      vertex -1.85702 6.9305 123.538
      vertex -2.899 6.99879 122.572
      vertex -2.74575 6.62882 123.538
    endloop
  endfacet
  facet normal -0.046301 0.706372 0.706325
    outer loop
      vertex 0 6.01472 125.275
      vertex -0.785078 5.96326 125.275
      vertex -0.688495 5.22964 126.015
    endloop
  endfacet
  facet normal -0.138103 0.694286 0.706325
    outer loop
      vertex -0.785078 5.96326 125.275
      vertex -1.55672 5.80977 125.275
      vertex -0.688495 5.22964 126.015
    endloop
  endfacet
  facet normal -0.0463018 0.706372 0.706325
    outer loop
      vertex 0 6.01472 125.275
      vertex -0.688495 5.22964 126.015
      vertex 0 5.27477 126.015
    endloop
  endfacet
  facet normal 0.0398993 0.608568 0.792498
    outer loop
      vertex 0.688495 5.22964 126.015
      vertex 0.192002 4.98742 126.226
      vertex 0.652631 4.95722 126.226
    endloop
  endfacet
  facet normal 0.0398915 0.608578 0.792491
    outer loop
      vertex 0.192002 4.98742 126.226
      vertex 0.688495 5.22964 126.015
      vertex 0 5.27477 126.015
    endloop
  endfacet
  facet normal -0.196036 0.577519 0.792491
    outer loop
      vertex -2.01857 4.87325 126.015
      vertex -1.4763 4.76778 126.226
      vertex -1.36521 5.09503 126.015
    endloop
  endfacet
  facet normal -0.196037 0.577516 0.792492
    outer loop
      vertex -1.4763 4.76778 126.226
      vertex -2.01857 4.87325 126.015
      vertex -1.91342 4.6194 126.226
    endloop
  endfacet
  facet normal -0.196046 0.57752 0.792487
    outer loop
      vertex -1.36521 5.09503 126.015
      vertex -1.4763 4.76778 126.226
      vertex -1.2941 4.82963 126.226
    endloop
  endfacet
  facet normal -0.118971 0.598158 0.792498
    outer loop
      vertex -0.688495 5.22964 126.015
      vertex -1.10538 4.86717 126.226
      vertex -0.652631 4.95722 126.226
    endloop
  endfacet
  facet normal -0.118986 0.598169 0.792487
    outer loop
      vertex -1.10538 4.86717 126.226
      vertex -0.688495 5.22964 126.015
      vertex -1.36521 5.09503 126.015
    endloop
  endfacet
  facet normal -0.896875 0.442284 0
    outer loop
      vertex -7.37521 3.05491 119.477
      vertex -6.91337 3.99144 120.523
      vertex -6.91337 3.99144 119.477
    endloop
  endfacet
  facet normal -0.896875 0.442284 0
    outer loop
      vertex -6.91337 3.99144 120.523
      vertex -7.37521 3.05491 119.477
      vertex -7.37521 3.05491 120.523
    endloop
  endfacet
  facet normal -0.636975 0.726341 0.258248
    outer loop
      vertex -4.77651 6.22487 121.561
      vertex -5.54816 5.54816 121.561
      vertex -5.35665 5.35665 122.572
    endloop
  endfacet
  facet normal -0.745445 0.653729 0.130194
    outer loop
      vertex -5.54816 5.54816 121.561
      vertex -6.33324 4.85966 120.523
      vertex -6.22487 4.77651 121.561
    endloop
  endfacet
  facet normal -0.712037 0.35114 0.608032
    outer loop
      vertex -5.2089 3.00736 125.275
      vertex -6.14542 2.54552 124.445
      vertex -5.55688 2.30173 125.275
    endloop
  endfacet
  facet normal -0.751782 0.255189 0.608032
    outer loop
      vertex -5.55688 2.30173 125.275
      vertex -6.14542 2.54552 124.445
      vertex -5.80977 1.55672 125.275
    endloop
  endfacet
  facet normal -0.546991 0.26975 0.792487
    outer loop
      vertex -4.56808 2.63738 126.015
      vertex -4.5343 2.08599 126.226
      vertex -4.33013 2.5 126.226
    endloop
  endfacet
  facet normal -0.546988 0.269751 0.792489
    outer loop
      vertex -4.5343 2.08599 126.226
      vertex -4.56808 2.63738 126.015
      vertex -4.87325 2.01857 126.015
    endloop
  endfacet
  facet normal -0.507105 0.338839 0.792485
    outer loop
      vertex -4.56808 2.63738 126.015
      vertex -4.07367 2.88382 126.226
      vertex -4.18475 3.21107 126.015
    endloop
  endfacet
  facet normal -0.507104 0.338836 0.792487
    outer loop
      vertex -4.07367 2.88382 126.226
      vertex -4.56808 2.63738 126.015
      vertex -4.33013 2.5 126.226
    endloop
  endfacet
  facet normal -0.828764 0.408701 0.382248
    outer loop
      vertex -6.21372 3.58749 123.538
      vertex -6.99879 2.899 122.572
      vertex -6.62882 2.74575 123.538
    endloop
  endfacet
  facet normal -0.875021 0.297027 0.382247
    outer loop
      vertex -6.62882 2.74575 123.538
      vertex -6.99879 2.899 122.572
      vertex -6.9305 1.85702 123.538
    endloop
  endfacet
  facet normal -0.23129 0.11407 -0.966174
    outer loop
      vertex -1.44192 0.597262 112.154
      vertex -1.84776 0.765367 112.271
      vertex -1.7831 0.896473 112.271
    endloop
  endfacet
  facet normal -0.277009 -0 -0.960867
    outer loop
      vertex -1.84776 0.765367 112.271
      vertex -1.44192 0.597262 112.154
      vertex -1.84776 0.765366 112.271
    endloop
  endfacet
  facet normal -0.244202 0.0828979 -0.966175
    outer loop
      vertex -1.44192 0.597262 112.154
      vertex -1.89475 0.626942 112.271
      vertex -1.84776 0.765366 112.271
    endloop
  endfacet
  facet normal 0.170038 0.193889 -0.966175
    outer loop
      vertex 1.32743 1.49032 112.271
      vertex 0.950108 1.2382 112.154
      vertex 1.21752 1.58671 112.271
    endloop
  endfacet
  facet normal -0.513426 -0.768404 -0.382033
    outer loop
      vertex -3.72166 -6.18703 116.588
      vertex -3.78772 -6.56052 117.428
      vertex -4.61164 -6.01 117.428
    endloop
  endfacet
  facet normal -0.513402 -0.768418 -0.382038
    outer loop
      vertex -3.6601 -6.22816 116.588
      vertex -3.78772 -6.56052 117.428
      vertex -3.72166 -6.18703 116.588
    endloop
  endfacet
  facet normal -0.513428 -0.768402 -0.382035
    outer loop
      vertex -3.61372 -6.25915 116.588
      vertex -3.78772 -6.56052 117.428
      vertex -3.6601 -6.22816 116.588
    endloop
  endfacet
  facet normal -0.53672 -0.803266 -0.258256
    outer loop
      vertex -3.92314 -6.79508 118.439
      vertex -4.61164 -6.01 117.428
      vertex -3.78772 -6.56052 117.428
    endloop
  endfacet
  facet normal -0.310535 -0.914806 -0.258259
    outer loop
      vertex -2.03077 -7.57893 118.439
      vertex -2.899 -6.99879 117.428
      vertex -1.96067 -7.31731 117.428
    endloop
  endfacet
  facet normal -0.297058 -0.875104 -0.382034
    outer loop
      vertex -1.99352 -6.93945 116.588
      vertex -1.96067 -7.31731 117.428
      vertex -2.899 -6.99879 117.428
    endloop
  endfacet
  facet normal -0.296992 -0.875122 -0.382044
    outer loop
      vertex -1.92342 -6.96324 116.588
      vertex -1.96067 -7.31731 117.428
      vertex -1.99352 -6.93945 116.588
    endloop
  endfacet
  facet normal -0.297057 -0.875102 -0.382039
    outer loop
      vertex -1.8706 -6.98117 116.588
      vertex -1.96067 -7.31731 117.428
      vertex -1.92342 -6.96324 116.588
    endloop
  endfacet
  facet normal -0.0648404 -0.989367 -0.130188
    outer loop
      vertex 0 -7.84628 118.439
      vertex -1.04197 -7.91458 119.477
      vertex -1.02415 -7.77916 118.439
    endloop
  endfacet
  facet normal -0.193434 -0.972438 -0.130187
    outer loop
      vertex -1.04197 -7.91458 119.477
      vertex -2.06612 -7.71086 119.477
      vertex -1.02415 -7.77916 118.439
    endloop
  endfacet
  facet normal -0.57752 -0.196046 0.792487
    outer loop
      vertex -4.82963 -1.2941 126.226
      vertex -5.09503 -1.36521 126.015
      vertex -4.76778 -1.4763 126.226
    endloop
  endfacet
  facet normal -0.402133 -0.458521 0.792495
    outer loop
      vertex -3.53553 -3.53553 126.226
      vertex -3.72982 -3.72982 126.015
      vertex -3.39087 -3.6624 126.226
    endloop
  endfacet
  facet normal -0.653729 -0.745445 0.130194
    outer loop
      vertex -4.77651 -6.22487 121.561
      vertex -5.54816 -5.54816 121.561
      vertex -4.85966 -6.33324 120.523
    endloop
  endfacet
  facet normal -0.82439 -0.550846 0.130195
    outer loop
      vertex -6.22487 -4.77651 121.561
      vertex -6.79508 -3.92314 121.561
      vertex -6.33324 -4.85966 120.523
    endloop
  endfacet
  facet normal -0.507104 -0.338836 0.792487
    outer loop
      vertex -4.56808 -2.63738 126.015
      vertex -4.07367 -2.88382 126.226
      vertex -4.33013 -2.5 126.226
    endloop
  endfacet
  facet normal -0.507105 -0.338839 0.792485
    outer loop
      vertex -4.07367 -2.88382 126.226
      vertex -4.56808 -2.63738 126.015
      vertex -4.18475 -3.21107 126.015
    endloop
  endfacet
  facet normal -0.507112 -0.338835 0.792482
    outer loop
      vertex -4.07367 -2.88382 126.226
      vertex -4.18475 -3.21107 126.015
      vertex -3.96677 -3.04381 126.226
    endloop
  endfacet
  facet normal 0.0648404 -0.989367 0.130188
    outer loop
      vertex 1.02415 -7.77916 121.561
      vertex 0 -7.84628 121.561
      vertex 1.04197 -7.91458 120.523
    endloop
  endfacet
  facet normal 0.193434 -0.972438 0.130187
    outer loop
      vertex 2.06612 -7.71086 120.523
      vertex 1.02415 -7.77916 121.561
      vertex 1.04197 -7.91458 120.523
    endloop
  endfacet
  facet normal 0.065399 -0.997859 0
    outer loop
      vertex 0 -7.98287 119.477
      vertex 1.04197 -7.91458 120.523
      vertex 0 -7.98287 120.523
    endloop
  endfacet
  facet normal 0.065399 -0.997859 0
    outer loop
      vertex 1.04197 -7.91458 120.523
      vertex 0 -7.98287 119.477
      vertex 1.04197 -7.91458 119.477
    endloop
  endfacet
  facet normal 0.310539 -0.914806 0.258255
    outer loop
      vertex 2.899 -6.99879 122.572
      vertex 2.03077 -7.57893 121.561
      vertex 3.00264 -7.24902 121.561
    endloop
  endfacet
  facet normal 0.278578 -0.820673 0.49889
    outer loop
      vertex 2.54552 -6.14542 124.445
      vertex 1.85702 -6.9305 123.538
      vertex 2.74575 -6.62882 123.538
    endloop
  endfacet
  facet normal 0.408701 -0.828764 0.382248
    outer loop
      vertex 3.58749 -6.21372 123.538
      vertex 2.74575 -6.62882 123.538
      vertex 2.899 -6.99879 122.572
    endloop
  endfacet
  facet normal 0.297027 -0.875021 0.382247
    outer loop
      vertex 2.74575 -6.62882 123.538
      vertex 1.85702 -6.9305 123.538
      vertex 2.899 -6.99879 122.572
    endloop
  endfacet
  facet normal -0.636975 -0.726341 0.258248
    outer loop
      vertex -5.35665 -5.35665 122.572
      vertex -5.54816 -5.54816 121.561
      vertex -4.77651 -6.22487 121.561
    endloop
  endfacet
  facet normal -0.636977 -0.72634 0.258246
    outer loop
      vertex -4.61164 -6.01 122.572
      vertex -5.35665 -5.35665 122.572
      vertex -4.77651 -6.22487 121.561
    endloop
  endfacet
  facet normal -0.596896 -0.523465 0.60803
    outer loop
      vertex -4.7718 -3.66153 125.275
      vertex -5.27719 -4.04933 124.445
      vertex -4.25305 -4.25305 125.275
    endloop
  endfacet
  facet normal -0.660117 -0.441073 0.60803
    outer loop
      vertex -5.2089 -3.00736 125.275
      vertex -5.27719 -4.04933 124.445
      vertex -4.7718 -3.66153 125.275
    endloop
  endfacet
  facet normal 0.69481 -0.609325 -0.38205
    outer loop
      vertex 5.14735 -5.06863 116.588
      vertex 5.35665 -5.35665 117.428
      vertex 5.11057 -5.11057 116.588
    endloop
  endfacet
  facet normal 0.694803 -0.609333 -0.38205
    outer loop
      vertex 5.35665 -5.35665 117.428
      vertex 5.14735 -5.06863 116.588
      vertex 5.64832 -4.49739 116.588
    endloop
  endfacet
  facet normal 0.694786 -0.609361 -0.382035
    outer loop
      vertex 6.01 -4.61164 117.428
      vertex 5.64832 -4.49739 116.588
      vertex 5.73392 -4.39979 116.588
    endloop
  endfacet
  facet normal 0.694812 -0.609328 -0.382042
    outer loop
      vertex 5.64832 -4.49739 116.588
      vertex 6.01 -4.61164 117.428
      vertex 5.35665 -5.35665 117.428
    endloop
  endfacet
  facet normal 0.0604431 -0.922168 -0.382038
    outer loop
      vertex 0.813834 -7.1741 116.588
      vertex 0.988793 -7.51063 117.428
      vertex 0 -7.57544 117.428
    endloop
  endfacet
  facet normal 0.0604187 -0.922171 -0.382034
    outer loop
      vertex 0.887707 -7.16926 116.588
      vertex 0.988793 -7.51063 117.428
      vertex 0.813834 -7.1741 116.588
    endloop
  endfacet
  facet normal 0.0604694 -0.922166 -0.382039
    outer loop
      vertex 0.988793 -7.51063 117.428
      vertex 0.887707 -7.16926 116.588
      vertex 0.94337 -7.16561 116.588
    endloop
  endfacet
  facet normal 0.0631856 -0.964009 -0.258251
    outer loop
      vertex 0.988793 -7.51063 117.428
      vertex 0 -7.84628 118.439
      vertex 0 -7.57544 117.428
    endloop
  endfacet
  facet normal -0.0986354 -0.0864952 -0.991357
    outer loop
      vertex -1.1036 -1.1036 112.154
      vertex -1.2382 -0.950108 112.154
      vertex -0.415102 -0.318519 112.017
    endloop
  endfacet
  facet normal 0.0503132 -0.252933 -0.966175
    outer loop
      vertex 0.403944 -1.50754 112.154
      vertex 0.517637 -1.93185 112.271
      vertex 0.404425 -1.95437 112.271
    endloop
  endfacet
  facet normal 0 -0.265821 -0.964022
    outer loop
      vertex 0.517637 -1.93185 112.271
      vertex 0.403944 -1.50754 112.154
      vertex 0.517638 -1.93185 112.271
    endloop
  endfacet
  facet normal 0.0503138 -0.252933 -0.966175
    outer loop
      vertex 0.403944 -1.50754 112.154
      vertex 0.404425 -1.95437 112.271
      vertex 0.203714 -1.54737 112.154
    endloop
  endfacet
  facet normal 0.964008 -0.0631785 -0.258258
    outer loop
      vertex 7.77916 -1.02415 118.439
      vertex 7.51063 -0.988793 117.428
      vertex 7.84628 0 118.439
    endloop
  endfacet
  facet normal 0.947513 -0.188473 -0.258259
    outer loop
      vertex 7.57893 -2.03077 118.439
      vertex 7.51063 -0.988793 117.428
      vertex 7.77916 -1.02415 118.439
    endloop
  endfacet
  facet normal 0.244205 -0.0828881 -0.966175
    outer loop
      vertex 1.89475 -0.626942 112.271
      vertex 1.50754 -0.403944 112.154
      vertex 1.93185 -0.517638 112.271
    endloop
  endfacet
  facet normal 0.244203 -0.0828923 -0.966175
    outer loop
      vertex 1.50754 -0.403944 112.154
      vertex 1.89475 -0.626942 112.271
      vertex 1.44192 -0.597262 112.154
    endloop
  endfacet
  facet normal 0.244202 -0.0828979 -0.966175
    outer loop
      vertex 1.84776 -0.765366 112.271
      vertex 1.44192 -0.597262 112.154
      vertex 1.89475 -0.626942 112.271
    endloop
  endfacet
  facet normal 0.143272 -0.214427 -0.966175
    outer loop
      vertex 1 -1.73205 112.271
      vertex 0.780361 -1.35162 112.154
      vertex 1.09598 -1.66792 112.271
    endloop
  endfacet
  facet normal 0.143273 -0.214426 -0.966175
    outer loop
      vertex 1.09598 -1.66792 112.271
      vertex 0.780361 -1.35162 112.154
      vertex 0.950108 -1.2382 112.154
    endloop
  endfacet
  facet normal -0.117658 0.0580261 -0.991357
    outer loop
      vertex -0.453126 0.261612 112.017
      vertex -1.44192 0.597262 112.154
      vertex -1.35162 0.780361 112.154
    endloop
  endfacet
  facet normal 0.124227 0.0421679 -0.991357
    outer loop
      vertex 0.505396 0.13542 112.017
      vertex 0.483397 0.200229 112.017
      vertex 1.50754 0.403944 112.154
    endloop
  endfacet
  facet normal -0.128667 0.0255946 -0.991357
    outer loop
      vertex -0.518748 0.0682945 112.017
      vertex -1.54737 0.203714 112.154
      vertex -1.50754 0.403944 112.154
    endloop
  endfacet
  facet normal 0.0580261 -0.117658 -0.991357
    outer loop
      vertex 0.597262 -1.44192 112.154
      vertex 0.261612 -0.453126 112.017
      vertex 0.780361 -1.35162 112.154
    endloop
  endfacet
  facet normal 0.0503139 -0.252933 -0.966175
    outer loop
      vertex 0.261052 -1.98289 112.271
      vertex 0.203714 -1.54737 112.154
      vertex 0.404425 -1.95437 112.271
    endloop
  endfacet
  facet normal -0.10908 -0.0728839 -0.991357
    outer loop
      vertex -1.2382 -0.950108 112.154
      vertex -1.35162 -0.780361 112.154
      vertex -0.453126 -0.261612 112.017
    endloop
  endfacet
  facet normal -0.0255946 -0.128667 -0.991357
    outer loop
      vertex -0.203714 -1.54737 112.154
      vertex -0.403944 -1.50754 112.154
      vertex -0.0682945 -0.518748 112.017
    endloop
  endfacet
  facet normal -0.0986307 0.0864993 -0.991358
    outer loop
      vertex -0.415102 0.318519 112.017
      vertex -1.1036 1.1036 112.154
      vertex -0.369975 0.369975 112.017
    endloop
  endfacet
  facet normal -0.143274 0.214425 -0.966175
    outer loop
      vertex -0.950108 1.2382 112.154
      vertex -1.21752 1.58671 112.271
      vertex -1.09598 1.66792 112.271
    endloop
  endfacet
  facet normal -0.114068 0.231292 -0.966174
    outer loop
      vertex -0.780361 1.35162 112.154
      vertex -0.896473 1.7831 112.271
      vertex -0.597262 1.44192 112.154
    endloop
  endfacet
  facet normal -0.114054 0.231296 -0.966175
    outer loop
      vertex -0.896473 1.7831 112.271
      vertex -0.780361 1.35162 112.154
      vertex -1 1.73205 112.271
    endloop
  endfacet
  facet normal -0.0503138 -0.252933 -0.966175
    outer loop
      vertex -0.404425 -1.95437 112.271
      vertex -0.403944 -1.50754 112.154
      vertex -0.203714 -1.54737 112.154
    endloop
  endfacet
  facet normal -0.0503132 -0.252933 -0.966175
    outer loop
      vertex -0.517637 -1.93185 112.271
      vertex -0.403944 -1.50754 112.154
      vertex -0.404425 -1.95437 112.271
    endloop
  endfacet
  facet normal 0 -0.265821 -0.964022
    outer loop
      vertex -0.403944 -1.50754 112.154
      vertex -0.517637 -1.93185 112.271
      vertex -0.517638 -1.93185 112.271
    endloop
  endfacet
  facet normal 0.0828979 -0.244202 -0.966175
    outer loop
      vertex 0.626942 -1.89475 112.271
      vertex 0.597262 -1.44192 112.154
      vertex 0.765366 -1.84776 112.271
    endloop
  endfacet
  facet normal 0.252933 0.0503132 -0.966175
    outer loop
      vertex 1.50754 0.403944 112.154
      vertex 1.93185 0.517637 112.271
      vertex 1.95437 0.404425 112.271
    endloop
  endfacet
  facet normal 0.252933 0.0503138 -0.966175
    outer loop
      vertex 1.50754 0.403944 112.154
      vertex 1.95437 0.404425 112.271
      vertex 1.54737 0.203714 112.154
    endloop
  endfacet
  facet normal 0.265821 0 -0.964022
    outer loop
      vertex 1.93185 0.517637 112.271
      vertex 1.50754 0.403944 112.154
      vertex 1.93185 0.517638 112.271
    endloop
  endfacet
  facet normal 0.0828979 0.244202 -0.966175
    outer loop
      vertex 0.765366 1.84776 112.271
      vertex 0.597262 1.44192 112.154
      vertex 0.626942 1.89475 112.271
    endloop
  endfacet
  facet normal 0.124227 0.0421676 -0.991357
    outer loop
      vertex 1.50754 0.403944 112.154
      vertex 0.483397 0.200229 112.017
      vertex 1.44192 0.597262 112.154
    endloop
  endfacet
  facet normal 0.252933 -0.0503139 -0.966175
    outer loop
      vertex 1.54737 -0.203714 112.154
      vertex 1.98289 -0.261052 112.271
      vertex 1.95437 -0.404425 112.271
    endloop
  endfacet
  facet normal -0.828857 0.408713 -0.382034
    outer loop
      vertex -6.28382 3.56369 116.588
      vertex -6.56052 3.78772 117.428
      vertex -6.25915 3.61372 116.588
    endloop
  endfacet
  facet normal -0.828815 0.408791 -0.382041
    outer loop
      vertex -6.31657 3.49729 116.588
      vertex -6.56052 3.78772 117.428
      vertex -6.28382 3.56369 116.588
    endloop
  endfacet
  facet normal -0.828843 0.408742 -0.382032
    outer loop
      vertex -6.56052 3.78772 117.428
      vertex -6.31657 3.49729 116.588
      vertex -6.99879 2.899 117.428
    endloop
  endfacet
  facet normal -0.866447 0.427286 -0.258256
    outer loop
      vertex -6.56052 3.78772 117.428
      vertex -6.99879 2.899 117.428
      vertex -6.79508 3.92314 118.439
    endloop
  endfacet
  facet normal -0.694812 0.609328 -0.382042
    outer loop
      vertex -5.64832 4.49739 116.588
      vertex -6.01 4.61164 117.428
      vertex -5.35665 5.35665 117.428
    endloop
  endfacet
  facet normal -0.694786 0.609361 -0.382035
    outer loop
      vertex -6.01 4.61164 117.428
      vertex -5.64832 4.49739 116.588
      vertex -5.73392 4.39979 116.588
    endloop
  endfacet
  facet normal -0.69481 0.609325 -0.38205
    outer loop
      vertex -5.14735 5.06863 116.588
      vertex -5.35665 5.35665 117.428
      vertex -5.11057 5.11057 116.588
    endloop
  endfacet
  facet normal -0.694803 0.609333 -0.38205
    outer loop
      vertex -5.35665 5.35665 117.428
      vertex -5.14735 5.06863 116.588
      vertex -5.64832 4.49739 116.588
    endloop
  endfacet
  facet normal -0.866448 -0.427285 -0.258254
    outer loop
      vertex -6.79508 -3.92314 118.439
      vertex -7.24902 -3.00264 118.439
      vertex -6.99879 -2.899 117.428
    endloop
  endfacet
  facet normal -0.88924 -0.438524 -0.130188
    outer loop
      vertex -6.79508 -3.92314 118.439
      vertex -7.37521 -3.05491 119.477
      vertex -7.24902 -3.00264 118.439
    endloop
  endfacet
  facet normal 0.138105 -0.694284 0.706326
    outer loop
      vertex 1.36521 -5.09503 126.015
      vertex 0.688495 -5.22964 126.015
      vertex 1.55672 -5.80977 125.275
    endloop
  endfacet
  facet normal -0.0463018 -0.706372 0.706325
    outer loop
      vertex 0 -5.27477 126.015
      vertex -0.688495 -5.22964 126.015
      vertex 0 -6.01472 125.275
    endloop
  endfacet
  facet normal 0.338835 -0.507112 0.792482
    outer loop
      vertex 3.04381 -3.96677 126.226
      vertex 2.88382 -4.07367 126.226
      vertex 3.21107 -4.18475 126.015
    endloop
  endfacet
  facet normal 0.227537 -0.670321 0.706326
    outer loop
      vertex 2.30173 -5.55688 125.275
      vertex 1.36521 -5.09503 126.015
      vertex 1.55672 -5.80977 125.275
    endloop
  endfacet
  facet normal 0.269738 -0.546988 0.792493
    outer loop
      vertex 1.91342 -4.6194 126.226
      vertex 2.01857 -4.87325 126.015
      vertex 2.08599 -4.5343 126.226
    endloop
  endfacet
  facet normal 0.79221 -0.0519272 0.608036
    outer loop
      vertex 6.65176 0 124.445
      vertex 5.96326 -0.785078 125.275
      vertex 6.59485 -0.868228 124.445
    endloop
  endfacet
  facet normal 0.778655 -0.154887 0.608035
    outer loop
      vertex 6.59485 -0.868228 124.445
      vertex 5.96326 -0.785078 125.275
      vertex 6.4251 -1.7216 124.445
    endloop
  endfacet
  facet normal 0.670321 0.227537 0.706326
    outer loop
      vertex 5.55688 2.30173 125.275
      vertex 5.09503 1.36521 126.015
      vertex 5.80977 1.55672 125.275
    endloop
  endfacet
  facet normal 0.694284 0.138105 0.706326
    outer loop
      vertex 5.80977 1.55672 125.275
      vertex 5.09503 1.36521 126.015
      vertex 5.22964 0.688495 126.015
    endloop
  endfacet
  facet normal -0.065399 0.997859 0
    outer loop
      vertex 0 7.98287 119.477
      vertex -1.04197 7.91458 120.523
      vertex 0 7.98287 120.523
    endloop
  endfacet
  facet normal -0.065399 0.997859 0
    outer loop
      vertex -1.04197 7.91458 120.523
      vertex 0 7.98287 119.477
      vertex -1.04197 7.91458 119.477
    endloop
  endfacet
  facet normal -0.555573 0.831468 0
    outer loop
      vertex -3.99144 6.91337 119.477
      vertex -4.85966 6.33324 120.523
      vertex -3.99144 6.91337 120.523
    endloop
  endfacet
  facet normal -0.555573 0.831468 0
    outer loop
      vertex -4.85966 6.33324 120.523
      vertex -3.99144 6.91337 119.477
      vertex -4.85966 6.33324 119.477
    endloop
  endfacet
  facet normal -0.636977 0.72634 -0.258246
    outer loop
      vertex -4.61164 6.01 117.428
      vertex -5.35665 5.35665 117.428
      vertex -4.77651 6.22487 118.439
    endloop
  endfacet
  facet normal -0.636975 0.726341 -0.258248
    outer loop
      vertex -5.35665 5.35665 117.428
      vertex -5.54816 5.54816 118.439
      vertex -4.77651 6.22487 118.439
    endloop
  endfacet
  facet normal -0.188473 0.947513 -0.258259
    outer loop
      vertex -0.988793 7.51063 117.428
      vertex -2.03077 7.57893 118.439
      vertex -1.02415 7.77916 118.439
    endloop
  endfacet
  facet normal -0.188474 0.947512 -0.258259
    outer loop
      vertex -1.96067 7.31731 117.428
      vertex -2.03077 7.57893 118.439
      vertex -0.988793 7.51063 117.428
    endloop
  endfacet
  facet normal 0.313091 0.634882 0.706328
    outer loop
      vertex 3.00736 5.2089 125.275
      vertex 2.30173 5.55688 125.275
      vertex 2.63738 4.56808 126.015
    endloop
  endfacet
  facet normal 0.35114 0.712037 0.608032
    outer loop
      vertex 2.54552 6.14542 124.445
      vertex 2.30173 5.55688 125.275
      vertex 3.00736 5.2089 125.275
    endloop
  endfacet
  facet normal -0.0168653 0.257336 -0.966175
    outer loop
      vertex 0 1.56072 112.154
      vertex -0.145869 1.99044 112.271
      vertex 0 2 112.271
    endloop
  endfacet
  facet normal 0.0168653 0.257336 -0.966175
    outer loop
      vertex 0.145869 1.99044 112.271
      vertex 0 1.56072 112.154
      vertex 0 2 112.271
    endloop
  endfacet
  facet normal -0.0255946 0.128667 -0.991357
    outer loop
      vertex -0.0682945 0.518748 112.017
      vertex -0.403944 1.50754 112.154
      vertex -0.203714 1.54737 112.154
    endloop
  endfacet
  facet normal -0.513428 0.768402 -0.382035
    outer loop
      vertex -3.6601 6.22816 116.588
      vertex -3.78772 6.56052 117.428
      vertex -3.61372 6.25915 116.588
    endloop
  endfacet
  facet normal -0.513402 0.768418 -0.382038
    outer loop
      vertex -3.72166 6.18703 116.588
      vertex -3.78772 6.56052 117.428
      vertex -3.6601 6.22816 116.588
    endloop
  endfacet
  facet normal -0.513426 0.768404 -0.382033
    outer loop
      vertex -3.78772 6.56052 117.428
      vertex -3.72166 6.18703 116.588
      vertex -4.61164 6.01 117.428
    endloop
  endfacet
  facet normal -0.408742 0.828843 -0.382032
    outer loop
      vertex -3.49729 6.31657 116.588
      vertex -3.78772 6.56052 117.428
      vertex -2.899 6.99879 117.428
    endloop
  endfacet
  facet normal -0.408791 0.828815 -0.382041
    outer loop
      vertex -3.56369 6.28382 116.588
      vertex -3.78772 6.56052 117.428
      vertex -3.49729 6.31657 116.588
    endloop
  endfacet
  facet normal -0.408713 0.828857 -0.382034
    outer loop
      vertex -3.78772 6.56052 117.428
      vertex -3.56369 6.28382 116.588
      vertex -3.61372 6.25915 116.588
    endloop
  endfacet
  facet normal 0.726341 0.636975 -0.258248
    outer loop
      vertex 6.22487 4.77651 118.439
      vertex 5.35665 5.35665 117.428
      vertex 5.54816 5.54816 118.439
    endloop
  endfacet
  facet normal 0.745445 0.653729 -0.130194
    outer loop
      vertex 6.22487 4.77651 118.439
      vertex 5.54816 5.54816 118.439
      vertex 6.33324 4.85966 119.477
    endloop
  endfacet
  facet normal -0.922081 -0.0604374 0.382249
    outer loop
      vertex -7.1136 -0.936522 123.538
      vertex -7.57544 0 122.572
      vertex -7.51063 -0.988793 122.572
    endloop
  endfacet
  facet normal -0.964009 -0.0631856 0.258251
    outer loop
      vertex -7.57544 0 122.572
      vertex -7.84628 0 121.561
      vertex -7.51063 -0.988793 122.572
    endloop
  endfacet
  facet normal -0.608571 0.0398736 0.792497
    outer loop
      vertex -4.98742 0.192002 126.226
      vertex -5.27477 0 126.015
      vertex -5 0 126.226
    endloop
  endfacet
  facet normal -0.608571 -0.0398736 0.792497
    outer loop
      vertex -5 0 126.226
      vertex -5.27477 0 126.015
      vertex -4.98742 -0.192002 126.226
    endloop
  endfacet
  facet normal -0.79221 -0.0519275 0.608035
    outer loop
      vertex -6.01472 0 125.275
      vertex -6.65176 0 124.445
      vertex -5.96326 -0.785078 125.275
    endloop
  endfacet
  facet normal -0.706372 -0.046301 0.706325
    outer loop
      vertex -5.22964 -0.688495 126.015
      vertex -6.01472 0 125.275
      vertex -5.96326 -0.785078 125.275
    endloop
  endfacet
  facet normal -0.313096 0.634882 0.706325
    outer loop
      vertex -2.30173 5.55688 125.275
      vertex -2.63738 4.56808 126.015
      vertex -2.01857 4.87325 126.015
    endloop
  endfacet
  facet normal -0.227537 0.670321 0.706326
    outer loop
      vertex -1.36521 5.09503 126.015
      vertex -2.30173 5.55688 125.275
      vertex -2.01857 4.87325 126.015
    endloop
  endfacet
  facet normal 0.138105 0.694284 0.706326
    outer loop
      vertex 1.55672 5.80977 125.275
      vertex 0.688495 5.22964 126.015
      vertex 1.36521 5.09503 126.015
    endloop
  endfacet
  facet normal 0.138103 0.694286 0.706325
    outer loop
      vertex 0.785078 5.96326 125.275
      vertex 0.688495 5.22964 126.015
      vertex 1.55672 5.80977 125.275
    endloop
  endfacet
  facet normal -0.51338 0.768327 0.382251
    outer loop
      vertex -3.58749 6.21372 123.538
      vertex -4.61164 6.01 122.572
      vertex -4.36785 5.6923 123.538
    endloop
  endfacet
  facet normal -0.513377 0.768331 0.382247
    outer loop
      vertex -3.78772 6.56052 122.572
      vertex -4.61164 6.01 122.572
      vertex -3.58749 6.21372 123.538
    endloop
  endfacet
  facet normal -0.653729 0.745445 0.130194
    outer loop
      vertex -4.85966 6.33324 120.523
      vertex -5.54816 5.54816 121.561
      vertex -4.77651 6.22487 121.561
    endloop
  endfacet
  facet normal -0.653736 0.74544 0.130185
    outer loop
      vertex -4.85966 6.33324 120.523
      vertex -5.64474 5.64474 120.523
      vertex -5.54816 5.54816 121.561
    endloop
  endfacet
  facet normal -0.523463 0.596896 0.608031
    outer loop
      vertex -4.04933 5.27719 124.445
      vertex -4.7035 4.7035 124.445
      vertex -4.25305 4.25305 125.275
    endloop
  endfacet
  facet normal -0.571431 0.651594 0.498891
    outer loop
      vertex -4.04933 5.27719 124.445
      vertex -5.07348 5.07348 123.538
      vertex -4.7035 4.7035 124.445
    endloop
  endfacet
  facet normal -0.278578 0.820673 0.49889
    outer loop
      vertex -1.85702 6.9305 123.538
      vertex -2.54552 6.14542 124.445
      vertex -1.7216 6.4251 124.445
    endloop
  endfacet
  facet normal -0.154885 0.778656 0.608034
    outer loop
      vertex -0.785078 5.96326 125.275
      vertex -1.7216 6.4251 124.445
      vertex -1.55672 5.80977 125.275
    endloop
  endfacet
  facet normal -0.269738 0.546988 0.792493
    outer loop
      vertex -1.91342 4.6194 126.226
      vertex -2.01857 4.87325 126.015
      vertex -2.08599 4.5343 126.226
    endloop
  endfacet
  facet normal -0.338836 0.507104 0.792487
    outer loop
      vertex -2.63738 4.56808 126.015
      vertex -2.88382 4.07367 126.226
      vertex -2.5 4.33013 126.226
    endloop
  endfacet
  facet normal -0.338839 0.507105 0.792485
    outer loop
      vertex -2.88382 4.07367 126.226
      vertex -2.63738 4.56808 126.015
      vertex -3.21107 4.18475 126.015
    endloop
  endfacet
  facet normal -0.393277 0.588584 0.70633
    outer loop
      vertex -3.00736 5.2089 125.275
      vertex -3.66153 4.7718 125.275
      vertex -3.21107 4.18475 126.015
    endloop
  endfacet
  facet normal -0.507112 0.338835 0.792482
    outer loop
      vertex -3.96677 3.04381 126.226
      vertex -4.18475 3.21107 126.015
      vertex -4.07367 2.88382 126.226
    endloop
  endfacet
  facet normal -0.803263 0.536729 0.258247
    outer loop
      vertex -6.22487 4.77651 121.561
      vertex -6.79508 3.92314 121.561
      vertex -6.01 4.61164 122.572
    endloop
  endfacet
  facet normal -0.803266 0.53672 0.258256
    outer loop
      vertex -6.01 4.61164 122.572
      vertex -6.79508 3.92314 121.561
      vertex -6.56052 3.78772 122.572
    endloop
  endfacet
  facet normal -0.130908 0.00857877 -0.991357
    outer loop
      vertex -0.523225 0 112.017
      vertex -1.56072 0 112.154
      vertex -1.54737 0.203714 112.154
    endloop
  endfacet
  facet normal -0.257336 0.016864 -0.966175
    outer loop
      vertex -1.99044 0.145869 112.271
      vertex -1.54737 0.203714 112.154
      vertex -1.56072 0 112.154
    endloop
  endfacet
  facet normal -0.257337 0.0168679 -0.966175
    outer loop
      vertex -1.54737 0.203714 112.154
      vertex -1.99044 0.145869 112.271
      vertex -1.98289 0.261052 112.271
    endloop
  endfacet
  facet normal 0.10908 -0.0728839 -0.991357
    outer loop
      vertex 1.2382 -0.950108 112.154
      vertex 0.453126 -0.261612 112.017
      vertex 1.35162 -0.780361 112.154
    endloop
  endfacet
  facet normal -0.130908 -0.00857877 -0.991357
    outer loop
      vertex -1.54737 -0.203714 112.154
      vertex -1.56072 0 112.154
      vertex -0.523225 0 112.017
    endloop
  endfacet
  facet normal -0.745445 -0.653729 0.130194
    outer loop
      vertex -6.22487 -4.77651 121.561
      vertex -6.33324 -4.85966 120.523
      vertex -5.54816 -5.54816 121.561
    endloop
  endfacet
  facet normal -0.726341 -0.636975 0.258248
    outer loop
      vertex -5.35665 -5.35665 122.572
      vertex -6.22487 -4.77651 121.561
      vertex -5.54816 -5.54816 121.561
    endloop
  endfacet
  facet normal -0.466739 -0.532215 0.70633
    outer loop
      vertex -3.21107 -4.18475 126.015
      vertex -3.72982 -3.72982 126.015
      vertex -3.66153 -4.7718 125.275
    endloop
  endfacet
  facet normal -0.402137 -0.458539 0.792482
    outer loop
      vertex -3.39087 -3.6624 126.226
      vertex -3.21107 -4.18475 126.015
      vertex -3.04381 -3.96677 126.226
    endloop
  endfacet
  facet normal -0.402126 -0.458538 0.792489
    outer loop
      vertex -3.21107 -4.18475 126.015
      vertex -3.39087 -3.6624 126.226
      vertex -3.72982 -3.72982 126.015
    endloop
  endfacet
  facet normal -0.26975 -0.546991 0.792487
    outer loop
      vertex -2.63738 -4.56808 126.015
      vertex -2.08599 -4.5343 126.226
      vertex -2.5 -4.33013 126.226
    endloop
  endfacet
  facet normal -0.269751 -0.546988 0.792489
    outer loop
      vertex -2.08599 -4.5343 126.226
      vertex -2.63738 -4.56808 126.015
      vertex -2.01857 -4.87325 126.015
    endloop
  endfacet
  facet normal -0.00858152 -0.130907 -0.991358
    outer loop
      vertex 0 -0.523225 112.017
      vertex -0.203714 -1.54737 112.154
      vertex -0.0682945 -0.518748 112.017
    endloop
  endfacet
  facet normal 0.130908 -0.00857877 -0.991357
    outer loop
      vertex 1.54737 -0.203714 112.154
      vertex 0.523225 0 112.017
      vertex 1.56072 0 112.154
    endloop
  endfacet
  facet normal 0.257337 -0.0168679 -0.966175
    outer loop
      vertex 1.54737 -0.203714 112.154
      vertex 1.99044 -0.145869 112.271
      vertex 1.98289 -0.261052 112.271
    endloop
  endfacet
  facet normal 0.257336 -0.016864 -0.966175
    outer loop
      vertex 1.99044 -0.145869 112.271
      vertex 1.54737 -0.203714 112.154
      vertex 1.56072 0 112.154
    endloop
  endfacet
  facet normal 0.124227 -0.0421676 -0.991357
    outer loop
      vertex 1.44192 -0.597262 112.154
      vertex 0.483397 -0.200229 112.017
      vertex 1.50754 -0.403944 112.154
    endloop
  endfacet
  facet normal 0.193888 -0.170048 -0.966173
    outer loop
      vertex 1.1036 -1.1036 112.154
      vertex 1.49032 -1.32743 112.271
      vertex 1.41421 -1.41421 112.271
    endloop
  endfacet
  facet normal 0.193898 -0.170032 -0.966174
    outer loop
      vertex 1.49032 -1.32743 112.271
      vertex 1.1036 -1.1036 112.154
      vertex 1.2382 -0.950108 112.154
    endloop
  endfacet
  facet normal 0.170038 -0.193889 -0.966175
    outer loop
      vertex 1.21752 -1.58671 112.271
      vertex 0.950108 -1.2382 112.154
      vertex 1.32743 -1.49032 112.271
    endloop
  endfacet
  facet normal 0.0255934 -0.128668 -0.991357
    outer loop
      vertex 0.403944 -1.50754 112.154
      vertex 0.0682945 -0.518748 112.017
      vertex 0.13542 -0.505396 112.017
    endloop
  endfacet
  facet normal -0.124227 0.0421679 -0.991357
    outer loop
      vertex -0.505396 0.13542 112.017
      vertex -1.50754 0.403944 112.154
      vertex -0.483397 0.200229 112.017
    endloop
  endfacet
  facet normal 0.0421679 0.124227 -0.991357
    outer loop
      vertex 0.200229 0.483397 112.017
      vertex 0.13542 0.505396 112.017
      vertex 0.403944 1.50754 112.154
    endloop
  endfacet
  facet normal 0.0255946 -0.128667 -0.991357
    outer loop
      vertex 0.203714 -1.54737 112.154
      vertex 0.0682945 -0.518748 112.017
      vertex 0.403944 -1.50754 112.154
    endloop
  endfacet
  facet normal -0.0421679 0.124227 -0.991357
    outer loop
      vertex -0.200229 0.483397 112.017
      vertex -0.403944 1.50754 112.154
      vertex -0.13542 0.505396 112.017
    endloop
  endfacet
  facet normal -0.193898 0.170032 -0.966174
    outer loop
      vertex -1.49032 1.32743 112.271
      vertex -1.1036 1.1036 112.154
      vertex -1.2382 0.950108 112.154
    endloop
  endfacet
  facet normal -0.193888 0.170048 -0.966173
    outer loop
      vertex -1.1036 1.1036 112.154
      vertex -1.49032 1.32743 112.271
      vertex -1.41421 1.41421 112.271
    endloop
  endfacet
  facet normal 0.143272 0.214427 -0.966175
    outer loop
      vertex 0.780361 1.35162 112.154
      vertex 1 1.73205 112.271
      vertex 1.09598 1.66792 112.271
    endloop
  endfacet
  facet normal 0.143273 0.214426 -0.966175
    outer loop
      vertex 0.780361 1.35162 112.154
      vertex 1.09598 1.66792 112.271
      vertex 0.950108 1.2382 112.154
    endloop
  endfacet
  facet normal 0.00858152 -0.130907 -0.991358
    outer loop
      vertex 0.203714 -1.54737 112.154
      vertex 0 -0.523225 112.017
      vertex 0.0682945 -0.518748 112.017
    endloop
  endfacet
  facet normal -0.0580261 0.117658 -0.991357
    outer loop
      vertex -0.261612 0.453126 112.017
      vertex -0.780361 1.35162 112.154
      vertex -0.597262 1.44192 112.154
    endloop
  endfacet
  facet normal -0.0728839 0.10908 -0.991357
    outer loop
      vertex -0.261612 0.453126 112.017
      vertex -0.950108 1.2382 112.154
      vertex -0.780361 1.35162 112.154
    endloop
  endfacet
  facet normal 0.117658 -0.0580261 -0.991357
    outer loop
      vertex 1.35162 -0.780361 112.154
      vertex 0.453126 -0.261612 112.017
      vertex 1.44192 -0.597262 112.154
    endloop
  endfacet
  facet normal -0.0580234 -0.117659 -0.991357
    outer loop
      vertex -0.200229 -0.483397 112.017
      vertex -0.597262 -1.44192 112.154
      vertex -0.261612 -0.453126 112.017
    endloop
  endfacet
  facet normal 0.214427 0.143272 -0.966175
    outer loop
      vertex 1.73205 1 112.271
      vertex 1.35162 0.780361 112.154
      vertex 1.66792 1.09598 112.271
    endloop
  endfacet
  facet normal 0.214426 0.143273 -0.966175
    outer loop
      vertex 1.66792 1.09598 112.271
      vertex 1.35162 0.780361 112.154
      vertex 1.2382 0.950108 112.154
    endloop
  endfacet
  facet normal 0.128667 -0.0255946 -0.991357
    outer loop
      vertex 1.50754 -0.403944 112.154
      vertex 0.518748 -0.0682945 112.017
      vertex 1.54737 -0.203714 112.154
    endloop
  endfacet
  facet normal 0.0986307 0.0864993 -0.991358
    outer loop
      vertex 0.415102 0.318519 112.017
      vertex 0.369975 0.369975 112.017
      vertex 1.1036 1.1036 112.154
    endloop
  endfacet
  facet normal 0.0168679 0.257337 -0.966175
    outer loop
      vertex 0.203714 1.54737 112.154
      vertex 0.145869 1.99044 112.271
      vertex 0.261052 1.98289 112.271
    endloop
  endfacet
  facet normal 0.016864 0.257336 -0.966175
    outer loop
      vertex 0.145869 1.99044 112.271
      vertex 0.203714 1.54737 112.154
      vertex 0 1.56072 112.154
    endloop
  endfacet
  facet normal 0.00857877 0.130908 -0.991357
    outer loop
      vertex 0.203714 1.54737 112.154
      vertex 0 0.523225 112.017
      vertex 0 1.56072 112.154
    endloop
  endfacet
  facet normal 0.11407 0.23129 -0.966174
    outer loop
      vertex 0.597262 1.44192 112.154
      vertex 0.765367 1.84776 112.271
      vertex 0.896473 1.7831 112.271
    endloop
  endfacet
  facet normal 0 0.277009 -0.960867
    outer loop
      vertex 0.765367 1.84776 112.271
      vertex 0.597262 1.44192 112.154
      vertex 0.765366 1.84776 112.271
    endloop
  endfacet
  facet normal 0.128667 0.0255946 -0.991357
    outer loop
      vertex 1.54737 0.203714 112.154
      vertex 0.518748 0.0682945 112.017
      vertex 1.50754 0.403944 112.154
    endloop
  endfacet
  facet normal 0.130907 0.00858152 -0.991358
    outer loop
      vertex 0.523225 0 112.017
      vertex 0.518748 0.0682945 112.017
      vertex 1.54737 0.203714 112.154
    endloop
  endfacet
  facet normal 0.0398993 -0.608568 0.792498
    outer loop
      vertex 0.192002 -4.98742 126.226
      vertex 0.688495 -5.22964 126.015
      vertex 0.652631 -4.95722 126.226
    endloop
  endfacet
  facet normal 0.0398915 -0.608578 0.792491
    outer loop
      vertex 0.688495 -5.22964 126.015
      vertex 0.192002 -4.98742 126.226
      vertex 0 -5.27477 126.015
    endloop
  endfacet
  facet normal 0.0398736 -0.608571 0.792497
    outer loop
      vertex 0 -5 126.226
      vertex 0 -5.27477 126.015
      vertex 0.192002 -4.98742 126.226
    endloop
  endfacet
  facet normal 0.196037 -0.577516 0.792492
    outer loop
      vertex 1.4763 -4.76778 126.226
      vertex 2.01857 -4.87325 126.015
      vertex 1.91342 -4.6194 126.226
    endloop
  endfacet
  facet normal 0.196036 -0.577519 0.792491
    outer loop
      vertex 2.01857 -4.87325 126.015
      vertex 1.4763 -4.76778 126.226
      vertex 1.36521 -5.09503 126.015
    endloop
  endfacet
  facet normal 0.196046 -0.57752 0.792487
    outer loop
      vertex 1.2941 -4.82963 126.226
      vertex 1.36521 -5.09503 126.015
      vertex 1.4763 -4.76778 126.226
    endloop
  endfacet
  facet normal -0.297057 0.875102 -0.382039
    outer loop
      vertex -1.92342 6.96324 116.588
      vertex -1.96067 7.31731 117.428
      vertex -1.8706 6.98117 116.588
    endloop
  endfacet
  facet normal -0.296992 0.875122 -0.382044
    outer loop
      vertex -1.99352 6.93945 116.588
      vertex -1.96067 7.31731 117.428
      vertex -1.92342 6.96324 116.588
    endloop
  endfacet
  facet normal -0.297058 0.875104 -0.382034
    outer loop
      vertex -1.96067 7.31731 117.428
      vertex -1.99352 6.93945 116.588
      vertex -2.899 6.99879 117.428
    endloop
  endfacet
  facet normal -0.310535 0.914806 -0.258259
    outer loop
      vertex -1.96067 7.31731 117.428
      vertex -2.899 6.99879 117.428
      vertex -2.03077 7.57893 118.439
    endloop
  endfacet
  facet normal -0.255192 0.751779 0.608034
    outer loop
      vertex -1.7216 6.4251 124.445
      vertex -2.54552 6.14542 124.445
      vertex -1.55672 5.80977 125.275
    endloop
  endfacet
  facet normal -0.255189 0.751782 0.608032
    outer loop
      vertex -1.55672 5.80977 125.275
      vertex -2.54552 6.14542 124.445
      vertex -2.30173 5.55688 125.275
    endloop
  endfacet
  facet normal -0.441077 0.66011 0.608034
    outer loop
      vertex -3.32588 5.76059 124.445
      vertex -4.04933 5.27719 124.445
      vertex -3.00736 5.2089 125.275
    endloop
  endfacet
  facet normal -0.351137 0.712038 0.608034
    outer loop
      vertex -2.54552 6.14542 124.445
      vertex -3.32588 5.76059 124.445
      vertex -3.00736 5.2089 125.275
    endloop
  endfacet
  facet normal -0.056686 0.86481 0.498888
    outer loop
      vertex 0 6.65176 124.445
      vertex -0.936522 7.1136 123.538
      vertex -0.868228 6.59485 124.445
    endloop
  endfacet
  facet normal -0.169082 0.850013 0.498888
    outer loop
      vertex -0.936522 7.1136 123.538
      vertex -1.7216 6.4251 124.445
      vertex -0.868228 6.59485 124.445
    endloop
  endfacet
  facet normal -0.0398736 0.608571 0.792497
    outer loop
      vertex 0 5.27477 126.015
      vertex -0.192002 4.98742 126.226
      vertex 0 5 126.226
    endloop
  endfacet
  facet normal -0.0398915 0.608578 0.792491
    outer loop
      vertex -0.688495 5.22964 126.015
      vertex -0.192002 4.98742 126.226
      vertex 0 5.27477 126.015
    endloop
  endfacet
  facet normal -0.0398993 0.608568 0.792498
    outer loop
      vertex -0.192002 4.98742 126.226
      vertex -0.688495 5.22964 126.015
      vertex -0.652631 4.95722 126.226
    endloop
  endfacet
  facet normal -0.118987 0.598168 0.792488
    outer loop
      vertex -1.10538 4.86717 126.226
      vertex -1.36521 5.09503 126.015
      vertex -1.2941 4.82963 126.226
    endloop
  endfacet
  facet normal -0.257336 -0.0168653 -0.966175
    outer loop
      vertex -1.99044 -0.145869 112.271
      vertex -2 0 112.271
      vertex -1.56072 0 112.154
    endloop
  endfacet
  facet normal 0.117659 0.0580234 -0.991357
    outer loop
      vertex 0.483397 0.200229 112.017
      vertex 0.453126 0.261612 112.017
      vertex 1.44192 0.597262 112.154
    endloop
  endfacet
  facet normal -0.124227 0.0421676 -0.991357
    outer loop
      vertex -0.483397 0.200229 112.017
      vertex -1.50754 0.403944 112.154
      vertex -1.44192 0.597262 112.154
    endloop
  endfacet
  facet normal -0.0864993 0.0986307 -0.991358
    outer loop
      vertex -0.369975 0.369975 112.017
      vertex -1.1036 1.1036 112.154
      vertex -0.318519 0.415102 112.017
    endloop
  endfacet
  facet normal -0.0828979 -0.244202 -0.966175
    outer loop
      vertex -0.626942 -1.89475 112.271
      vertex -0.765366 -1.84776 112.271
      vertex -0.597262 -1.44192 112.154
    endloop
  endfacet
  facet normal -0.0864952 -0.0986354 -0.991357
    outer loop
      vertex -0.950108 -1.2382 112.154
      vertex -1.1036 -1.1036 112.154
      vertex -0.318519 -0.415102 112.017
    endloop
  endfacet
  facet normal 0.0828881 -0.244205 -0.966175
    outer loop
      vertex 0.403944 -1.50754 112.154
      vertex 0.626942 -1.89475 112.271
      vertex 0.517638 -1.93185 112.271
    endloop
  endfacet
  facet normal 0.0828923 -0.244203 -0.966175
    outer loop
      vertex 0.626942 -1.89475 112.271
      vertex 0.403944 -1.50754 112.154
      vertex 0.597262 -1.44192 112.154
    endloop
  endfacet
  facet normal -0.130907 0.00858152 -0.991358
    outer loop
      vertex -0.523225 0 112.017
      vertex -1.54737 0.203714 112.154
      vertex -0.518748 0.0682945 112.017
    endloop
  endfacet
  facet normal 0.0728839 -0.10908 -0.991357
    outer loop
      vertex 0.780361 -1.35162 112.154
      vertex 0.261612 -0.453126 112.017
      vertex 0.950108 -1.2382 112.154
    endloop
  endfacet
  facet normal -0.393277 -0.588584 0.70633
    outer loop
      vertex -3.21107 -4.18475 126.015
      vertex -3.66153 -4.7718 125.275
      vertex -3.00736 -5.2089 125.275
    endloop
  endfacet
  facet normal -0.393282 -0.588584 0.706328
    outer loop
      vertex -2.63738 -4.56808 126.015
      vertex -3.21107 -4.18475 126.015
      vertex -3.00736 -5.2089 125.275
    endloop
  endfacet
  facet normal -0.196037 -0.577516 0.792492
    outer loop
      vertex -2.01857 -4.87325 126.015
      vertex -1.4763 -4.76778 126.226
      vertex -1.91342 -4.6194 126.226
    endloop
  endfacet
  facet normal -0.196036 -0.577519 0.792491
    outer loop
      vertex -1.4763 -4.76778 126.226
      vertex -2.01857 -4.87325 126.015
      vertex -1.36521 -5.09503 126.015
    endloop
  endfacet
  facet normal -0.196046 -0.57752 0.792487
    outer loop
      vertex -1.2941 -4.82963 126.226
      vertex -1.4763 -4.76778 126.226
      vertex -1.36521 -5.09503 126.015
    endloop
  endfacet
  facet normal 0.265821 0 -0.964022
    outer loop
      vertex 1.50754 -0.403944 112.154
      vertex 1.93185 -0.517637 112.271
      vertex 1.93185 -0.517638 112.271
    endloop
  endfacet
  facet normal 0.252933 -0.0503132 -0.966175
    outer loop
      vertex 1.93185 -0.517637 112.271
      vertex 1.50754 -0.403944 112.154
      vertex 1.95437 -0.404425 112.271
    endloop
  endfacet
  facet normal 0.252933 -0.0503138 -0.966175
    outer loop
      vertex 1.95437 -0.404425 112.271
      vertex 1.50754 -0.403944 112.154
      vertex 1.54737 -0.203714 112.154
    endloop
  endfacet
  facet normal 0.0580234 0.117659 -0.991357
    outer loop
      vertex 0.261612 0.453126 112.017
      vertex 0.200229 0.483397 112.017
      vertex 0.597262 1.44192 112.154
    endloop
  endfacet
  facet normal 0.124227 -0.0421679 -0.991357
    outer loop
      vertex 1.50754 -0.403944 112.154
      vertex 0.483397 -0.200229 112.017
      vertex 0.505396 -0.13542 112.017
    endloop
  endfacet
  facet normal 0.231296 -0.114054 -0.966175
    outer loop
      vertex 1.35162 -0.780361 112.154
      vertex 1.7831 -0.896473 112.271
      vertex 1.73205 -1 112.271
    endloop
  endfacet
  facet normal 0.231292 -0.114068 -0.966174
    outer loop
      vertex 1.7831 -0.896473 112.271
      vertex 1.35162 -0.780361 112.154
      vertex 1.44192 -0.597262 112.154
    endloop
  endfacet
  facet normal 0.170048 -0.193888 -0.966173
    outer loop
      vertex 1.32743 -1.49032 112.271
      vertex 1.1036 -1.1036 112.154
      vertex 1.41421 -1.41421 112.271
    endloop
  endfacet
  facet normal 0.170032 -0.193898 -0.966174
    outer loop
      vertex 1.1036 -1.1036 112.154
      vertex 1.32743 -1.49032 112.271
      vertex 0.950108 -1.2382 112.154
    endloop
  endfacet
  facet normal 0.0864952 -0.0986354 -0.991357
    outer loop
      vertex 0.950108 -1.2382 112.154
      vertex 0.318519 -0.415102 112.017
      vertex 1.1036 -1.1036 112.154
    endloop
  endfacet
  facet normal -0.117659 0.0580234 -0.991357
    outer loop
      vertex -0.483397 0.200229 112.017
      vertex -1.44192 0.597262 112.154
      vertex -0.453126 0.261612 112.017
    endloop
  endfacet
  facet normal 0.0864952 0.0986354 -0.991357
    outer loop
      vertex 1.1036 1.1036 112.154
      vertex 0.318519 0.415102 112.017
      vertex 0.950108 1.2382 112.154
    endloop
  endfacet
  facet normal 0.114054 -0.231296 -0.966175
    outer loop
      vertex 0.896473 -1.7831 112.271
      vertex 0.780361 -1.35162 112.154
      vertex 1 -1.73205 112.271
    endloop
  endfacet
  facet normal 0.114068 -0.231292 -0.966174
    outer loop
      vertex 0.780361 -1.35162 112.154
      vertex 0.896473 -1.7831 112.271
      vertex 0.597262 -1.44192 112.154
    endloop
  endfacet
  facet normal 0 -0.277009 -0.960867
    outer loop
      vertex 0.597262 -1.44192 112.154
      vertex 0.765367 -1.84776 112.271
      vertex 0.765366 -1.84776 112.271
    endloop
  endfacet
  facet normal 0.11407 -0.23129 -0.966174
    outer loop
      vertex 0.765367 -1.84776 112.271
      vertex 0.597262 -1.44192 112.154
      vertex 0.896473 -1.7831 112.271
    endloop
  endfacet
  facet normal -0.0864952 0.0986354 -0.991357
    outer loop
      vertex -0.318519 0.415102 112.017
      vertex -1.1036 1.1036 112.154
      vertex -0.950108 1.2382 112.154
    endloop
  endfacet
  facet normal -0.0728844 0.109079 -0.991357
    outer loop
      vertex -0.318519 0.415102 112.017
      vertex -0.950108 1.2382 112.154
      vertex -0.261612 0.453126 112.017
    endloop
  endfacet
  facet normal -0.00857877 -0.130908 -0.991357
    outer loop
      vertex 0 -1.56072 112.154
      vertex -0.203714 -1.54737 112.154
      vertex 0 -0.523225 112.017
    endloop
  endfacet
  facet normal -0.016864 -0.257336 -0.966175
    outer loop
      vertex -0.145869 -1.99044 112.271
      vertex -0.203714 -1.54737 112.154
      vertex 0 -1.56072 112.154
    endloop
  endfacet
  facet normal -0.0168679 -0.257337 -0.966175
    outer loop
      vertex -0.203714 -1.54737 112.154
      vertex -0.145869 -1.99044 112.271
      vertex -0.261052 -1.98289 112.271
    endloop
  endfacet
  facet normal -0.109079 0.0728844 -0.991357
    outer loop
      vertex -0.453126 0.261612 112.017
      vertex -1.2382 0.950108 112.154
      vertex -0.415102 0.318519 112.017
    endloop
  endfacet
  facet normal 0.00858152 0.130907 -0.991358
    outer loop
      vertex 0.0682945 0.518748 112.017
      vertex 0 0.523225 112.017
      vertex 0.203714 1.54737 112.154
    endloop
  endfacet
  facet normal -0.117658 -0.0580261 -0.991357
    outer loop
      vertex -1.35162 -0.780361 112.154
      vertex -1.44192 -0.597262 112.154
      vertex -0.453126 -0.261612 112.017
    endloop
  endfacet
  facet normal 0.0864993 -0.0986307 -0.991358
    outer loop
      vertex 1.1036 -1.1036 112.154
      vertex 0.318519 -0.415102 112.017
      vertex 0.369975 -0.369975 112.017
    endloop
  endfacet
  facet normal -0.130907 -0.00858152 -0.991358
    outer loop
      vertex -0.518748 -0.0682945 112.017
      vertex -1.54737 -0.203714 112.154
      vertex -0.523225 0 112.017
    endloop
  endfacet
  facet normal -0.214426 0.143273 -0.966175
    outer loop
      vertex -1.35162 0.780361 112.154
      vertex -1.66792 1.09598 112.271
      vertex -1.2382 0.950108 112.154
    endloop
  endfacet
  facet normal -0.214427 0.143272 -0.966175
    outer loop
      vertex -1.35162 0.780361 112.154
      vertex -1.73205 1 112.271
      vertex -1.66792 1.09598 112.271
    endloop
  endfacet
  facet normal -0.10908 0.0728839 -0.991357
    outer loop
      vertex -0.453126 0.261612 112.017
      vertex -1.35162 0.780361 112.154
      vertex -1.2382 0.950108 112.154
    endloop
  endfacet
  facet normal -0.244203 -0.0828923 -0.966175
    outer loop
      vertex -1.89475 -0.626942 112.271
      vertex -1.50754 -0.403944 112.154
      vertex -1.44192 -0.597262 112.154
    endloop
  endfacet
  facet normal -0.244205 -0.0828881 -0.966175
    outer loop
      vertex -1.50754 -0.403944 112.154
      vertex -1.89475 -0.626942 112.271
      vertex -1.93185 -0.517638 112.271
    endloop
  endfacet
  facet normal 0.0421676 0.124227 -0.991357
    outer loop
      vertex 0.597262 1.44192 112.154
      vertex 0.200229 0.483397 112.017
      vertex 0.403944 1.50754 112.154
    endloop
  endfacet
  facet normal 0.0255934 0.128668 -0.991357
    outer loop
      vertex 0.13542 0.505396 112.017
      vertex 0.0682945 0.518748 112.017
      vertex 0.403944 1.50754 112.154
    endloop
  endfacet
  facet normal -0.128667 -0.0255946 -0.991357
    outer loop
      vertex -1.50754 -0.403944 112.154
      vertex -1.54737 -0.203714 112.154
      vertex -0.518748 -0.0682945 112.017
    endloop
  endfacet
  facet normal 0.244202 0.0828979 -0.966175
    outer loop
      vertex 1.89475 0.626942 112.271
      vertex 1.44192 0.597262 112.154
      vertex 1.84776 0.765366 112.271
    endloop
  endfacet
  facet normal 0.277009 0 -0.960867
    outer loop
      vertex 1.44192 0.597262 112.154
      vertex 1.84776 0.765367 112.271
      vertex 1.84776 0.765366 112.271
    endloop
  endfacet
  facet normal 0.23129 0.11407 -0.966174
    outer loop
      vertex 1.84776 0.765367 112.271
      vertex 1.44192 0.597262 112.154
      vertex 1.7831 0.896473 112.271
    endloop
  endfacet
  facet normal 0.0728839 0.10908 -0.991357
    outer loop
      vertex 0.950108 1.2382 112.154
      vertex 0.261612 0.453126 112.017
      vertex 0.780361 1.35162 112.154
    endloop
  endfacet
  facet normal 0.193898 0.170032 -0.966174
    outer loop
      vertex 1.1036 1.1036 112.154
      vertex 1.49032 1.32743 112.271
      vertex 1.2382 0.950108 112.154
    endloop
  endfacet
  facet normal 0.193888 0.170048 -0.966173
    outer loop
      vertex 1.49032 1.32743 112.271
      vertex 1.1036 1.1036 112.154
      vertex 1.41421 1.41421 112.271
    endloop
  endfacet
  facet normal 0.193889 0.170038 -0.966175
    outer loop
      vertex 1.58671 1.21752 112.271
      vertex 1.2382 0.950108 112.154
      vertex 1.49032 1.32743 112.271
    endloop
  endfacet
  facet normal 0.10908 0.0728839 -0.991357
    outer loop
      vertex 1.35162 0.780361 112.154
      vertex 0.453126 0.261612 112.017
      vertex 1.2382 0.950108 112.154
    endloop
  endfacet
  facet normal 0.0864993 0.0986307 -0.991358
    outer loop
      vertex 0.369975 0.369975 112.017
      vertex 0.318519 0.415102 112.017
      vertex 1.1036 1.1036 112.154
    endloop
  endfacet
  facet normal 0.109079 0.0728844 -0.991357
    outer loop
      vertex 0.453126 0.261612 112.017
      vertex 0.415102 0.318519 112.017
      vertex 1.2382 0.950108 112.154
    endloop
  endfacet
  facet normal 0.0986354 0.0864952 -0.991357
    outer loop
      vertex 1.2382 0.950108 112.154
      vertex 0.415102 0.318519 112.017
      vertex 1.1036 1.1036 112.154
    endloop
  endfacet
  facet normal -0.0503138 0.252933 -0.966175
    outer loop
      vertex -0.403944 1.50754 112.154
      vertex -0.404425 1.95437 112.271
      vertex -0.203714 1.54737 112.154
    endloop
  endfacet
  facet normal -0.0503132 0.252933 -0.966175
    outer loop
      vertex -0.403944 1.50754 112.154
      vertex -0.517637 1.93185 112.271
      vertex -0.404425 1.95437 112.271
    endloop
  endfacet
  facet normal 0 0.265821 -0.964022
    outer loop
      vertex -0.517637 1.93185 112.271
      vertex -0.403944 1.50754 112.154
      vertex -0.517638 1.93185 112.271
    endloop
  endfacet
  facet normal -0.0503139 0.252933 -0.966175
    outer loop
      vertex -0.261052 1.98289 112.271
      vertex -0.203714 1.54737 112.154
      vertex -0.404425 1.95437 112.271
    endloop
  endfacet
  facet normal 0.143274 0.214425 -0.966175
    outer loop
      vertex 1.21752 1.58671 112.271
      vertex 0.950108 1.2382 112.154
      vertex 1.09598 1.66792 112.271
    endloop
  endfacet
  facet normal 0.114054 0.231296 -0.966175
    outer loop
      vertex 0.780361 1.35162 112.154
      vertex 0.896473 1.7831 112.271
      vertex 1 1.73205 112.271
    endloop
  endfacet
  facet normal 0.114068 0.231292 -0.966174
    outer loop
      vertex 0.896473 1.7831 112.271
      vertex 0.780361 1.35162 112.154
      vertex 0.597262 1.44192 112.154
    endloop
  endfacet
  facet normal 0.128668 0.0255934 -0.991357
    outer loop
      vertex 0.518748 0.0682945 112.017
      vertex 0.505396 0.13542 112.017
      vertex 1.50754 0.403944 112.154
    endloop
  endfacet
  facet normal -0.117659 -0.0580234 -0.991357
    outer loop
      vertex -0.453126 -0.261612 112.017
      vertex -1.44192 -0.597262 112.154
      vertex -0.483397 -0.200229 112.017
    endloop
  endfacet
  facet normal -0.393282 0.588584 0.706328
    outer loop
      vertex -3.00736 5.2089 125.275
      vertex -3.21107 4.18475 126.015
      vertex -2.63738 4.56808 126.015
    endloop
  endfacet
  facet normal -0.313091 0.634882 0.706328
    outer loop
      vertex -2.30173 5.55688 125.275
      vertex -3.00736 5.2089 125.275
      vertex -2.63738 4.56808 126.015
    endloop
  endfacet
  facet normal -0.0421676 -0.124227 -0.991357
    outer loop
      vertex -0.403944 -1.50754 112.154
      vertex -0.597262 -1.44192 112.154
      vertex -0.200229 -0.483397 112.017
    endloop
  endfacet
  facet normal -0.193889 -0.170038 -0.966175
    outer loop
      vertex -1.58671 -1.21752 112.271
      vertex -1.2382 -0.950108 112.154
      vertex -1.49032 -1.32743 112.271
    endloop
  endfacet
  facet normal 0.109079 -0.0728844 -0.991357
    outer loop
      vertex 1.2382 -0.950108 112.154
      vertex 0.415102 -0.318519 112.017
      vertex 0.453126 -0.261612 112.017
    endloop
  endfacet
  facet normal 0.128668 -0.0255934 -0.991357
    outer loop
      vertex 1.50754 -0.403944 112.154
      vertex 0.505396 -0.13542 112.017
      vertex 0.518748 -0.0682945 112.017
    endloop
  endfacet
  facet normal -0.244202 -0.0828979 -0.966175
    outer loop
      vertex -1.84776 -0.765366 112.271
      vertex -1.89475 -0.626942 112.271
      vertex -1.44192 -0.597262 112.154
    endloop
  endfacet
  facet normal -0.124227 -0.0421679 -0.991357
    outer loop
      vertex -0.483397 -0.200229 112.017
      vertex -1.50754 -0.403944 112.154
      vertex -0.505396 -0.13542 112.017
    endloop
  endfacet
  facet normal -0.269738 -0.546988 0.792493
    outer loop
      vertex -2.01857 -4.87325 126.015
      vertex -1.91342 -4.6194 126.226
      vertex -2.08599 -4.5343 126.226
    endloop
  endfacet
  facet normal 0.0421679 -0.124227 -0.991357
    outer loop
      vertex 0.403944 -1.50754 112.154
      vertex 0.13542 -0.505396 112.017
      vertex 0.200229 -0.483397 112.017
    endloop
  endfacet
  facet normal -0.109079 -0.0728844 -0.991357
    outer loop
      vertex -0.415102 -0.318519 112.017
      vertex -1.2382 -0.950108 112.154
      vertex -0.453126 -0.261612 112.017
    endloop
  endfacet
  facet normal 0.117658 0.0580261 -0.991357
    outer loop
      vertex 1.44192 0.597262 112.154
      vertex 0.453126 0.261612 112.017
      vertex 1.35162 0.780361 112.154
    endloop
  endfacet
  facet normal -0.0728839 -0.10908 -0.991357
    outer loop
      vertex -0.780361 -1.35162 112.154
      vertex -0.950108 -1.2382 112.154
      vertex -0.261612 -0.453126 112.017
    endloop
  endfacet
  facet normal 0.231292 0.114068 -0.966174
    outer loop
      vertex 1.35162 0.780361 112.154
      vertex 1.7831 0.896473 112.271
      vertex 1.44192 0.597262 112.154
    endloop
  endfacet
  facet normal 0.231296 0.114054 -0.966175
    outer loop
      vertex 1.7831 0.896473 112.271
      vertex 1.35162 0.780361 112.154
      vertex 1.73205 1 112.271
    endloop
  endfacet
  facet normal 0.0728844 0.109079 -0.991357
    outer loop
      vertex 0.318519 0.415102 112.017
      vertex 0.261612 0.453126 112.017
      vertex 0.950108 1.2382 112.154
    endloop
  endfacet
  facet normal 0.0503139 0.252933 -0.966175
    outer loop
      vertex 0.203714 1.54737 112.154
      vertex 0.261052 1.98289 112.271
      vertex 0.404425 1.95437 112.271
    endloop
  endfacet
  facet normal 0.0255946 0.128667 -0.991357
    outer loop
      vertex 0.403944 1.50754 112.154
      vertex 0.0682945 0.518748 112.017
      vertex 0.203714 1.54737 112.154
    endloop
  endfacet
  facet normal 0 0 -1
    outer loop
      vertex 0.518748 -0.0682945 112.017
      vertex 0.518748 0.0682945 112.017
      vertex 0.523225 0 112.017
    endloop
  endfacet
  facet normal 0 0 -1
    outer loop
      vertex 0.505396 -0.13542 112.017
      vertex 0.518748 0.0682945 112.017
      vertex 0.518748 -0.0682945 112.017
    endloop
  endfacet
  facet normal 0 0 -1
    outer loop
      vertex 0.505396 -0.13542 112.017
      vertex 0.505396 0.13542 112.017
      vertex 0.518748 0.0682945 112.017
    endloop
  endfacet
  facet normal 0 0 -1
    outer loop
      vertex 0.483397 -0.200229 112.017
      vertex 0.505396 0.13542 112.017
      vertex 0.505396 -0.13542 112.017
    endloop
  endfacet
  facet normal 0 0 -1
    outer loop
      vertex 0.483397 -0.200229 112.017
      vertex 0.483397 0.200229 112.017
      vertex 0.505396 0.13542 112.017
    endloop
  endfacet
  facet normal 0 0 -1
    outer loop
      vertex 0.453126 -0.261612 112.017
      vertex 0.483397 0.200229 112.017
      vertex 0.483397 -0.200229 112.017
    endloop
  endfacet
  facet normal 0 0 -1
    outer loop
      vertex 0.453126 -0.261612 112.017
      vertex 0.453126 0.261612 112.017
      vertex 0.483397 0.200229 112.017
    endloop
  endfacet
  facet normal 0 0 -1
    outer loop
      vertex 0.415102 -0.318519 112.017
      vertex 0.453126 0.261612 112.017
      vertex 0.453126 -0.261612 112.017
    endloop
  endfacet
  facet normal 0 0 -1
    outer loop
      vertex 0.415102 -0.318519 112.017
      vertex 0.415102 0.318519 112.017
      vertex 0.453126 0.261612 112.017
    endloop
  endfacet
  facet normal 0 0 -1
    outer loop
      vertex 0.369975 -0.369975 112.017
      vertex 0.415102 0.318519 112.017
      vertex 0.415102 -0.318519 112.017
    endloop
  endfacet
  facet normal 0 0 -1
    outer loop
      vertex 0.369975 -0.369975 112.017
      vertex 0.369975 0.369975 112.017
      vertex 0.415102 0.318519 112.017
    endloop
  endfacet
  facet normal 0 0 -1
    outer loop
      vertex 0.318519 -0.415102 112.017
      vertex 0.369975 0.369975 112.017
      vertex 0.369975 -0.369975 112.017
    endloop
  endfacet
  facet normal 0 0 -1
    outer loop
      vertex 0.318519 -0.415102 112.017
      vertex 0.318519 0.415102 112.017
      vertex 0.369975 0.369975 112.017
    endloop
  endfacet
  facet normal 0 0 -1
    outer loop
      vertex 0.261612 -0.453126 112.017
      vertex 0.318519 0.415102 112.017
      vertex 0.318519 -0.415102 112.017
    endloop
  endfacet
  facet normal 0 0 -1
    outer loop
      vertex 0.261612 -0.453126 112.017
      vertex 0.261612 0.453126 112.017
      vertex 0.318519 0.415102 112.017
    endloop
  endfacet
  facet normal 0 0 -1
    outer loop
      vertex 0.200229 -0.483397 112.017
      vertex 0.261612 0.453126 112.017
      vertex 0.261612 -0.453126 112.017
    endloop
  endfacet
  facet normal 0 0 -1
    outer loop
      vertex 0.200229 -0.483397 112.017
      vertex 0.200229 0.483397 112.017
      vertex 0.261612 0.453126 112.017
    endloop
  endfacet
  facet normal 0 0 -1
    outer loop
      vertex 0.13542 -0.505396 112.017
      vertex 0.200229 0.483397 112.017
      vertex 0.200229 -0.483397 112.017
    endloop
  endfacet
  facet normal 0 0 -1
    outer loop
      vertex 0.13542 -0.505396 112.017
      vertex 0.13542 0.505396 112.017
      vertex 0.200229 0.483397 112.017
    endloop
  endfacet
  facet normal 0 0 -1
    outer loop
      vertex 0.0682945 -0.518748 112.017
      vertex 0.13542 0.505396 112.017
      vertex 0.13542 -0.505396 112.017
    endloop
  endfacet
  facet normal 0 0 -1
    outer loop
      vertex 0.0682945 -0.518748 112.017
      vertex 0.0682945 0.518748 112.017
      vertex 0.13542 0.505396 112.017
    endloop
  endfacet
  facet normal 0 0 -1
    outer loop
      vertex 0 -0.523225 112.017
      vertex 0.0682945 0.518748 112.017
      vertex 0.0682945 -0.518748 112.017
    endloop
  endfacet
  facet normal 0 0 -1
    outer loop
      vertex 0 -0.523225 112.017
      vertex 0 0.523225 112.017
      vertex 0.0682945 0.518748 112.017
    endloop
  endfacet
  facet normal 0 0 -1
    outer loop
      vertex -0.0682945 -0.518748 112.017
      vertex 0 0.523225 112.017
      vertex 0 -0.523225 112.017
    endloop
  endfacet
  facet normal 0 0 -1
    outer loop
      vertex -0.0682945 -0.518748 112.017
      vertex -0.0682945 0.518748 112.017
      vertex 0 0.523225 112.017
    endloop
  endfacet
  facet normal 0 0 -1
    outer loop
      vertex -0.13542 -0.505396 112.017
      vertex -0.0682945 0.518748 112.017
      vertex -0.0682945 -0.518748 112.017
    endloop
  endfacet
  facet normal 0 0 -1
    outer loop
      vertex -0.13542 -0.505396 112.017
      vertex -0.13542 0.505396 112.017
      vertex -0.0682945 0.518748 112.017
    endloop
  endfacet
  facet normal 0 0 -1
    outer loop
      vertex -0.200229 -0.483397 112.017
      vertex -0.13542 0.505396 112.017
      vertex -0.13542 -0.505396 112.017
    endloop
  endfacet
  facet normal 0 0 -1
    outer loop
      vertex -0.200229 -0.483397 112.017
      vertex -0.200229 0.483397 112.017
      vertex -0.13542 0.505396 112.017
    endloop
  endfacet
  facet normal 0 0 -1
    outer loop
      vertex -0.261612 -0.453126 112.017
      vertex -0.200229 0.483397 112.017
      vertex -0.200229 -0.483397 112.017
    endloop
  endfacet
  facet normal 0 0 -1
    outer loop
      vertex -0.261612 -0.453126 112.017
      vertex -0.261612 0.453126 112.017
      vertex -0.200229 0.483397 112.017
    endloop
  endfacet
  facet normal 0 0 -1
    outer loop
      vertex -0.318519 -0.415102 112.017
      vertex -0.261612 0.453126 112.017
      vertex -0.261612 -0.453126 112.017
    endloop
  endfacet
  facet normal 0 0 -1
    outer loop
      vertex -0.318519 -0.415102 112.017
      vertex -0.318519 0.415102 112.017
      vertex -0.261612 0.453126 112.017
    endloop
  endfacet
  facet normal 0 0 -1
    outer loop
      vertex -0.369975 -0.369975 112.017
      vertex -0.318519 0.415102 112.017
      vertex -0.318519 -0.415102 112.017
    endloop
  endfacet
  facet normal 0 0 -1
    outer loop
      vertex -0.369975 -0.369975 112.017
      vertex -0.369975 0.369975 112.017
      vertex -0.318519 0.415102 112.017
    endloop
  endfacet
  facet normal 0 0 -1
    outer loop
      vertex -0.415102 -0.318519 112.017
      vertex -0.369975 0.369975 112.017
      vertex -0.369975 -0.369975 112.017
    endloop
  endfacet
  facet normal 0 0 -1
    outer loop
      vertex -0.415102 -0.318519 112.017
      vertex -0.415102 0.318519 112.017
      vertex -0.369975 0.369975 112.017
    endloop
  endfacet
  facet normal 0 0 -1
    outer loop
      vertex -0.453126 -0.261612 112.017
      vertex -0.415102 0.318519 112.017
      vertex -0.415102 -0.318519 112.017
    endloop
  endfacet
  facet normal 0 0 -1
    outer loop
      vertex -0.453126 -0.261612 112.017
      vertex -0.453126 0.261612 112.017
      vertex -0.415102 0.318519 112.017
    endloop
  endfacet
  facet normal 0 0 -1
    outer loop
      vertex -0.483397 -0.200229 112.017
      vertex -0.453126 0.261612 112.017
      vertex -0.453126 -0.261612 112.017
    endloop
  endfacet
  facet normal 0 0 -1
    outer loop
      vertex -0.483397 -0.200229 112.017
      vertex -0.483397 0.200229 112.017
      vertex -0.453126 0.261612 112.017
    endloop
  endfacet
  facet normal 0 0 -1
    outer loop
      vertex -0.505396 -0.13542 112.017
      vertex -0.483397 0.200229 112.017
      vertex -0.483397 -0.200229 112.017
    endloop
  endfacet
  facet normal 0 0 -1
    outer loop
      vertex -0.505396 -0.13542 112.017
      vertex -0.505396 0.13542 112.017
      vertex -0.483397 0.200229 112.017
    endloop
  endfacet
  facet normal 0 0 -1
    outer loop
      vertex -0.518748 -0.0682945 112.017
      vertex -0.505396 0.13542 112.017
      vertex -0.505396 -0.13542 112.017
    endloop
  endfacet
  facet normal 0 0 -1
    outer loop
      vertex -0.518748 -0.0682945 112.017
      vertex -0.518748 0.0682945 112.017
      vertex -0.505396 0.13542 112.017
    endloop
  endfacet
  facet normal 0 -0 -1
    outer loop
      vertex -0.518748 0.0682945 112.017
      vertex -0.518748 -0.0682945 112.017
      vertex -0.523225 0 112.017
    endloop
  endfacet
  facet normal -0.0986307 -0.0864993 -0.991358
    outer loop
      vertex -0.369975 -0.369975 112.017
      vertex -1.1036 -1.1036 112.154
      vertex -0.415102 -0.318519 112.017
    endloop
  endfacet
  facet normal -0.114068 -0.231292 -0.966174
    outer loop
      vertex -0.896473 -1.7831 112.271
      vertex -0.780361 -1.35162 112.154
      vertex -0.597262 -1.44192 112.154
    endloop
  endfacet
  facet normal -0.114054 -0.231296 -0.966175
    outer loop
      vertex -0.780361 -1.35162 112.154
      vertex -0.896473 -1.7831 112.271
      vertex -1 -1.73205 112.271
    endloop
  endfacet
  facet normal -0.170038 -0.193889 -0.966175
    outer loop
      vertex -1.21752 -1.58671 112.271
      vertex -1.32743 -1.49032 112.271
      vertex -0.950108 -1.2382 112.154
    endloop
  endfacet
  facet normal -0.170032 -0.193898 -0.966174
    outer loop
      vertex -1.32743 -1.49032 112.271
      vertex -1.1036 -1.1036 112.154
      vertex -0.950108 -1.2382 112.154
    endloop
  endfacet
  facet normal -0.170048 -0.193888 -0.966173
    outer loop
      vertex -1.1036 -1.1036 112.154
      vertex -1.32743 -1.49032 112.271
      vertex -1.41421 -1.41421 112.271
    endloop
  endfacet
  facet normal -0.193888 -0.170048 -0.966173
    outer loop
      vertex -1.49032 -1.32743 112.271
      vertex -1.1036 -1.1036 112.154
      vertex -1.41421 -1.41421 112.271
    endloop
  endfacet
  facet normal -0.193898 -0.170032 -0.966174
    outer loop
      vertex -1.1036 -1.1036 112.154
      vertex -1.49032 -1.32743 112.271
      vertex -1.2382 -0.950108 112.154
    endloop
  endfacet
  facet normal -0.143274 -0.214425 -0.966175
    outer loop
      vertex -1.09598 -1.66792 112.271
      vertex -1.21752 -1.58671 112.271
      vertex -0.950108 -1.2382 112.154
    endloop
  endfacet
  facet normal -0.143272 -0.214427 -0.966175
    outer loop
      vertex -1.09598 -1.66792 112.271
      vertex -0.780361 -1.35162 112.154
      vertex -1 -1.73205 112.271
    endloop
  endfacet
  facet normal -0.143273 -0.214426 -0.966175
    outer loop
      vertex -0.780361 -1.35162 112.154
      vertex -1.09598 -1.66792 112.271
      vertex -0.950108 -1.2382 112.154
    endloop
  endfacet
  facet normal 0.0986307 -0.0864993 -0.991358
    outer loop
      vertex 1.1036 -1.1036 112.154
      vertex 0.369975 -0.369975 112.017
      vertex 0.415102 -0.318519 112.017
    endloop
  endfacet
  facet normal -0.0728844 -0.109079 -0.991357
    outer loop
      vertex -0.261612 -0.453126 112.017
      vertex -0.950108 -1.2382 112.154
      vertex -0.318519 -0.415102 112.017
    endloop
  endfacet
  facet normal -0.265821 -0 -0.964022
    outer loop
      vertex -1.93185 -0.517637 112.271
      vertex -1.50754 -0.403944 112.154
      vertex -1.93185 -0.517638 112.271
    endloop
  endfacet
  facet normal -0.252933 -0.0503132 -0.966175
    outer loop
      vertex -1.95437 -0.404425 112.271
      vertex -1.50754 -0.403944 112.154
      vertex -1.93185 -0.517637 112.271
    endloop
  endfacet
  facet normal -0.252933 -0.0503138 -0.966175
    outer loop
      vertex -1.50754 -0.403944 112.154
      vertex -1.95437 -0.404425 112.271
      vertex -1.54737 -0.203714 112.154
    endloop
  endfacet
  facet normal -0.252933 -0.0503139 -0.966175
    outer loop
      vertex -1.98289 -0.261052 112.271
      vertex -1.54737 -0.203714 112.154
      vertex -1.95437 -0.404425 112.271
    endloop
  endfacet
  facet normal -0.338835 -0.507112 0.792482
    outer loop
      vertex -3.04381 -3.96677 126.226
      vertex -3.21107 -4.18475 126.015
      vertex -2.88382 -4.07367 126.226
    endloop
  endfacet
  facet normal -0.338836 -0.507104 0.792487
    outer loop
      vertex -2.88382 -4.07367 126.226
      vertex -2.63738 -4.56808 126.015
      vertex -2.5 -4.33013 126.226
    endloop
  endfacet
  facet normal -0.338839 -0.507105 0.792485
    outer loop
      vertex -2.63738 -4.56808 126.015
      vertex -2.88382 -4.07367 126.226
      vertex -3.21107 -4.18475 126.015
    endloop
  endfacet
  facet normal 0.0580261 0.117658 -0.991357
    outer loop
      vertex 0.780361 1.35162 112.154
      vertex 0.261612 0.453126 112.017
      vertex 0.597262 1.44192 112.154
    endloop
  endfacet
  facet normal 0 0.265821 -0.964022
    outer loop
      vertex 0.403944 1.50754 112.154
      vertex 0.517637 1.93185 112.271
      vertex 0.517638 1.93185 112.271
    endloop
  endfacet
  facet normal 0.0503132 0.252933 -0.966175
    outer loop
      vertex 0.517637 1.93185 112.271
      vertex 0.403944 1.50754 112.154
      vertex 0.404425 1.95437 112.271
    endloop
  endfacet
  facet normal 0.0503138 0.252933 -0.966175
    outer loop
      vertex 0.404425 1.95437 112.271
      vertex 0.403944 1.50754 112.154
      vertex 0.203714 1.54737 112.154
    endloop
  endfacet
  facet normal 0.0828923 0.244203 -0.966175
    outer loop
      vertex 0.403944 1.50754 112.154
      vertex 0.626942 1.89475 112.271
      vertex 0.597262 1.44192 112.154
    endloop
  endfacet
  facet normal 0.0828881 0.244205 -0.966175
    outer loop
      vertex 0.626942 1.89475 112.271
      vertex 0.403944 1.50754 112.154
      vertex 0.517638 1.93185 112.271
    endloop
  endfacet
  facet normal -0.0864993 -0.0986307 -0.991358
    outer loop
      vertex -0.318519 -0.415102 112.017
      vertex -1.1036 -1.1036 112.154
      vertex -0.369975 -0.369975 112.017
    endloop
  endfacet
  facet normal -0.128668 -0.0255934 -0.991357
    outer loop
      vertex -0.505396 -0.13542 112.017
      vertex -1.50754 -0.403944 112.154
      vertex -0.518748 -0.0682945 112.017
    endloop
  endfacet
  facet normal 0 -0.277009 -0.960867
    outer loop
      vertex -0.765367 -1.84776 112.271
      vertex -0.597262 -1.44192 112.154
      vertex -0.765366 -1.84776 112.271
    endloop
  endfacet
  facet normal -0.11407 -0.23129 -0.966174
    outer loop
      vertex -0.597262 -1.44192 112.154
      vertex -0.765367 -1.84776 112.271
      vertex -0.896473 -1.7831 112.271
    endloop
  endfacet
  facet normal -0.124227 -0.0421676 -0.991357
    outer loop
      vertex -1.44192 -0.597262 112.154
      vertex -1.50754 -0.403944 112.154
      vertex -0.483397 -0.200229 112.017
    endloop
  endfacet
  facet normal -0.231296 -0.114054 -0.966175
    outer loop
      vertex -1.7831 -0.896473 112.271
      vertex -1.35162 -0.780361 112.154
      vertex -1.73205 -1 112.271
    endloop
  endfacet
  facet normal -0.231292 -0.114068 -0.966174
    outer loop
      vertex -1.35162 -0.780361 112.154
      vertex -1.7831 -0.896473 112.271
      vertex -1.44192 -0.597262 112.154
    endloop
  endfacet
  facet normal -0.214426 -0.143273 -0.966175
    outer loop
      vertex -1.66792 -1.09598 112.271
      vertex -1.35162 -0.780361 112.154
      vertex -1.2382 -0.950108 112.154
    endloop
  endfacet
  facet normal -0.214427 -0.143272 -0.966175
    outer loop
      vertex -1.73205 -1 112.271
      vertex -1.35162 -0.780361 112.154
      vertex -1.66792 -1.09598 112.271
    endloop
  endfacet
  facet normal -0.980784 -0.195097 0
    outer loop
      vertex 4.82963 1.2941 121
      vertex 4.86717 1.10538 126.226
      vertex 4.82963 1.2941 126.226
    endloop
  endfacet
  facet normal -0.980787 -0.195081 5.73864e-07
    outer loop
      vertex 4.95722 0.652631 121
      vertex 4.86717 1.10538 126.226
      vertex 4.82963 1.2941 121
    endloop
  endfacet
  facet normal -0.980788 -0.195075 0
    outer loop
      vertex 4.86717 1.10538 126.226
      vertex 4.95722 0.652631 121
      vertex 4.95722 0.652631 126.226
    endloop
  endfacet
  facet normal -0.997858 -0.0654221 0
    outer loop
      vertex 4.95722 0.652631 121
      vertex 4.98742 0.192002 126.226
      vertex 4.95722 0.652631 126.226
    endloop
  endfacet
  facet normal -0.997858 -0.0654097 1.09643e-06
    outer loop
      vertex 5 0 121
      vertex 4.98742 0.192002 126.226
      vertex 4.95722 0.652631 121
    endloop
  endfacet
  facet normal -0.99786 -0.06538 0
    outer loop
      vertex 4.98742 0.192002 126.226
      vertex 5 0 121
      vertex 5 0 126.226
    endloop
  endfacet
  facet normal -0.321435 0.946932 0
    outer loop
      vertex 1.91342 -4.6194 126.226
      vertex 1.91342 -4.6194 121
      vertex 1.4763 -4.76778 126.226
    endloop
  endfacet
  facet normal -0.321438 0.946931 -3.03105e-07
    outer loop
      vertex 1.2941 -4.82963 121
      vertex 1.4763 -4.76778 126.226
      vertex 1.91342 -4.6194 121
    endloop
  endfacet
  facet normal -0.321446 0.946928 0
    outer loop
      vertex 1.4763 -4.76778 126.226
      vertex 1.2941 -4.82963 121
      vertex 1.2941 -4.82963 126.226
    endloop
  endfacet
  facet normal -0.831474 -0.555563 0
    outer loop
      vertex 3.96677 3.04381 121
      vertex 4.07367 2.88382 126.226
      vertex 3.96677 3.04381 126.226
    endloop
  endfacet
  facet normal -0.831471 -0.555568 -1.98187e-07
    outer loop
      vertex 4.33013 2.5 121
      vertex 4.07367 2.88382 126.226
      vertex 3.96677 3.04381 121
    endloop
  endfacet
  facet normal -0.83147 -0.55557 0
    outer loop
      vertex 4.07367 2.88382 126.226
      vertex 4.33013 2.5 121
      vertex 4.33013 2.5 126.226
    endloop
  endfacet
  facet normal 0.89687 -0.442294 0
    outer loop
      vertex -4.5343 2.08599 126.226
      vertex -4.33013 2.5 121
      vertex -4.33013 2.5 126.226
    endloop
  endfacet
  facet normal 0.896877 -0.44228 0
    outer loop
      vertex -4.6194 1.91342 121
      vertex -4.5343 2.08599 126.226
      vertex -4.6194 1.91342 126.226
    endloop
  endfacet
  facet normal 0.896872 -0.44229 3.99625e-07
    outer loop
      vertex -4.5343 2.08599 126.226
      vertex -4.6194 1.91342 121
      vertex -4.33013 2.5 121
    endloop
  endfacet
  facet normal 0.555563 -0.831474 0
    outer loop
      vertex -3.04381 3.96677 126.226
      vertex -3.04381 3.96677 121
      vertex -2.88382 4.07367 126.226
    endloop
  endfacet
  facet normal 0.555568 -0.831471 -1.98187e-07
    outer loop
      vertex -2.5 4.33013 121
      vertex -2.88382 4.07367 126.226
      vertex -3.04381 3.96677 121
    endloop
  endfacet
  facet normal 0.55557 -0.83147 0
    outer loop
      vertex -2.88382 4.07367 126.226
      vertex -2.5 4.33013 121
      vertex -2.5 4.33013 126.226
    endloop
  endfacet
  facet normal 0.659365 -0.751823 0
    outer loop
      vertex -3.53553 3.53553 121
      vertex -3.39087 3.6624 126.226
      vertex -3.53553 3.53553 126.226
    endloop
  endfacet
  facet normal 0.659357 -0.75183 3.91461e-07
    outer loop
      vertex -3.04381 3.96677 121
      vertex -3.39087 3.6624 126.226
      vertex -3.53553 3.53553 121
    endloop
  endfacet
  facet normal 0.659354 -0.751833 0
    outer loop
      vertex -3.39087 3.6624 126.226
      vertex -3.04381 3.96677 121
      vertex -3.04381 3.96677 126.226
    endloop
  endfacet
  facet normal 0.751823 -0.659365 0
    outer loop
      vertex -3.6624 3.39087 126.226
      vertex -3.53553 3.53553 121
      vertex -3.53553 3.53553 126.226
    endloop
  endfacet
  facet normal 0.751833 -0.659354 0
    outer loop
      vertex -3.96677 3.04381 121
      vertex -3.6624 3.39087 126.226
      vertex -3.96677 3.04381 126.226
    endloop
  endfacet
  facet normal 0.75183 -0.659357 3.91461e-07
    outer loop
      vertex -3.6624 3.39087 126.226
      vertex -3.96677 3.04381 121
      vertex -3.53553 3.53553 121
    endloop
  endfacet
  facet normal -0.946928 0.321446 0
    outer loop
      vertex 4.82963 -1.2941 121
      vertex 4.76778 -1.4763 126.226
      vertex 4.82963 -1.2941 126.226
    endloop
  endfacet
  facet normal -0.946931 0.321438 -3.03105e-07
    outer loop
      vertex 4.6194 -1.91342 121
      vertex 4.76778 -1.4763 126.226
      vertex 4.82963 -1.2941 121
    endloop
  endfacet
  facet normal -0.946932 0.321435 0
    outer loop
      vertex 4.76778 -1.4763 126.226
      vertex 4.6194 -1.91342 121
      vertex 4.6194 -1.91342 126.226
    endloop
  endfacet
  facet normal 0.997858 -0.0654221 0
    outer loop
      vertex -4.98742 0.192002 126.226
      vertex -4.95722 0.652631 121
      vertex -4.95722 0.652631 126.226
    endloop
  endfacet
  facet normal 0.99786 -0.06538 0
    outer loop
      vertex -5 0 121
      vertex -4.98742 0.192002 126.226
      vertex -5 0 126.226
    endloop
  endfacet
  facet normal 0.997858 -0.0654097 1.09643e-06
    outer loop
      vertex -4.98742 0.192002 126.226
      vertex -5 0 121
      vertex -4.95722 0.652631 121
    endloop
  endfacet
  facet normal -0.55557 -0.83147 0
    outer loop
      vertex 2.5 4.33013 121
      vertex 2.88382 4.07367 126.226
      vertex 2.5 4.33013 126.226
    endloop
  endfacet
  facet normal -0.555568 -0.831471 -1.98187e-07
    outer loop
      vertex 3.04381 3.96677 121
      vertex 2.88382 4.07367 126.226
      vertex 2.5 4.33013 121
    endloop
  endfacet
  facet normal -0.555563 -0.831474 0
    outer loop
      vertex 2.88382 4.07367 126.226
      vertex 3.04381 3.96677 121
      vertex 3.04381 3.96677 126.226
    endloop
  endfacet
  facet normal 0.321446 0.946928 -0
    outer loop
      vertex -1.2941 -4.82963 121
      vertex -1.4763 -4.76778 126.226
      vertex -1.2941 -4.82963 126.226
    endloop
  endfacet
  facet normal 0.321438 0.946931 -3.03105e-07
    outer loop
      vertex -1.91342 -4.6194 121
      vertex -1.4763 -4.76778 126.226
      vertex -1.2941 -4.82963 121
    endloop
  endfacet
  facet normal 0.321435 0.946932 0
    outer loop
      vertex -1.4763 -4.76778 126.226
      vertex -1.91342 -4.6194 121
      vertex -1.91342 -4.6194 126.226
    endloop
  endfacet
  facet normal 0.751833 0.659354 0
    outer loop
      vertex -3.6624 -3.39087 126.226
      vertex -3.96677 -3.04381 121
      vertex -3.96677 -3.04381 126.226
    endloop
  endfacet
  facet normal 0.751823 0.659365 -0
    outer loop
      vertex -3.53553 -3.53553 121
      vertex -3.6624 -3.39087 126.226
      vertex -3.53553 -3.53553 126.226
    endloop
  endfacet
  facet normal 0.75183 0.659357 3.91461e-07
    outer loop
      vertex -3.6624 -3.39087 126.226
      vertex -3.53553 -3.53553 121
      vertex -3.96677 -3.04381 121
    endloop
  endfacet
  facet normal -0.195097 0.980784 0
    outer loop
      vertex 1.2941 -4.82963 121
      vertex 1.10538 -4.86717 126.226
      vertex 1.2941 -4.82963 126.226
    endloop
  endfacet
  facet normal -0.195081 0.980787 5.73864e-07
    outer loop
      vertex 0.652631 -4.95722 121
      vertex 1.10538 -4.86717 126.226
      vertex 1.2941 -4.82963 121
    endloop
  endfacet
  facet normal -0.195075 0.980788 0
    outer loop
      vertex 1.10538 -4.86717 126.226
      vertex 0.652631 -4.95722 121
      vertex 0.652631 -4.95722 126.226
    endloop
  endfacet
  facet normal 0.321435 -0.946932 0
    outer loop
      vertex -1.91342 4.6194 126.226
      vertex -1.91342 4.6194 121
      vertex -1.4763 4.76778 126.226
    endloop
  endfacet
  facet normal 0.321438 -0.946931 -3.03105e-07
    outer loop
      vertex -1.2941 4.82963 121
      vertex -1.4763 4.76778 126.226
      vertex -1.91342 4.6194 121
    endloop
  endfacet
  facet normal 0.321446 -0.946928 0
    outer loop
      vertex -1.4763 4.76778 126.226
      vertex -1.2941 4.82963 121
      vertex -1.2941 4.82963 126.226
    endloop
  endfacet
  facet normal 0.83147 0.55557 0
    outer loop
      vertex -4.07367 -2.88382 126.226
      vertex -4.33013 -2.5 121
      vertex -4.33013 -2.5 126.226
    endloop
  endfacet
  facet normal 0.831474 0.555563 -0
    outer loop
      vertex -3.96677 -3.04381 121
      vertex -4.07367 -2.88382 126.226
      vertex -3.96677 -3.04381 126.226
    endloop
  endfacet
  facet normal 0.831471 0.555568 -1.98187e-07
    outer loop
      vertex -4.07367 -2.88382 126.226
      vertex -3.96677 -3.04381 121
      vertex -4.33013 -2.5 121
    endloop
  endfacet
  facet normal -0.555563 0.831474 0
    outer loop
      vertex 3.04381 -3.96677 126.226
      vertex 3.04381 -3.96677 121
      vertex 2.88382 -4.07367 126.226
    endloop
  endfacet
  facet normal -0.555568 0.831471 -1.98187e-07
    outer loop
      vertex 2.5 -4.33013 121
      vertex 2.88382 -4.07367 126.226
      vertex 3.04381 -3.96677 121
    endloop
  endfacet
  facet normal -0.55557 0.83147 0
    outer loop
      vertex 2.88382 -4.07367 126.226
      vertex 2.5 -4.33013 121
      vertex 2.5 -4.33013 126.226
    endloop
  endfacet
  facet normal 0.946932 -0.321435 0
    outer loop
      vertex -4.76778 1.4763 126.226
      vertex -4.6194 1.91342 121
      vertex -4.6194 1.91342 126.226
    endloop
  endfacet
  facet normal 0.946928 -0.321446 0
    outer loop
      vertex -4.82963 1.2941 121
      vertex -4.76778 1.4763 126.226
      vertex -4.82963 1.2941 126.226
    endloop
  endfacet
  facet normal 0.946931 -0.321438 -3.03105e-07
    outer loop
      vertex -4.76778 1.4763 126.226
      vertex -4.82963 1.2941 121
      vertex -4.6194 1.91342 121
    endloop
  endfacet
  facet normal -0.321446 -0.946928 0
    outer loop
      vertex 1.2941 4.82963 121
      vertex 1.4763 4.76778 126.226
      vertex 1.2941 4.82963 126.226
    endloop
  endfacet
  facet normal -0.321438 -0.946931 -3.03105e-07
    outer loop
      vertex 1.91342 4.6194 121
      vertex 1.4763 4.76778 126.226
      vertex 1.2941 4.82963 121
    endloop
  endfacet
  facet normal -0.321435 -0.946932 0
    outer loop
      vertex 1.4763 4.76778 126.226
      vertex 1.91342 4.6194 121
      vertex 1.91342 4.6194 126.226
    endloop
  endfacet
  facet normal -0.06538 -0.99786 0
    outer loop
      vertex 0 5 121
      vertex 0.192002 4.98742 126.226
      vertex 0 5 126.226
    endloop
  endfacet
  facet normal -0.0654097 -0.997858 1.09643e-06
    outer loop
      vertex 0.652631 4.95722 121
      vertex 0.192002 4.98742 126.226
      vertex 0 5 121
    endloop
  endfacet
  facet normal -0.0654221 -0.997858 0
    outer loop
      vertex 0.192002 4.98742 126.226
      vertex 0.652631 4.95722 121
      vertex 0.652631 4.95722 126.226
    endloop
  endfacet
  facet normal 0.442294 -0.89687 0
    outer loop
      vertex -2.5 4.33013 126.226
      vertex -2.5 4.33013 121
      vertex -2.08599 4.5343 126.226
    endloop
  endfacet
  facet normal 0.44229 -0.896872 3.99625e-07
    outer loop
      vertex -1.91342 4.6194 121
      vertex -2.08599 4.5343 126.226
      vertex -2.5 4.33013 121
    endloop
  endfacet
  facet normal 0.44228 -0.896877 0
    outer loop
      vertex -2.08599 4.5343 126.226
      vertex -1.91342 4.6194 121
      vertex -1.91342 4.6194 126.226
    endloop
  endfacet
  facet normal -0.83147 0.55557 0
    outer loop
      vertex 4.33013 -2.5 121
      vertex 4.07367 -2.88382 126.226
      vertex 4.33013 -2.5 126.226
    endloop
  endfacet
  facet normal -0.831471 0.555568 -1.98187e-07
    outer loop
      vertex 3.96677 -3.04381 121
      vertex 4.07367 -2.88382 126.226
      vertex 4.33013 -2.5 121
    endloop
  endfacet
  facet normal -0.831474 0.555563 0
    outer loop
      vertex 4.07367 -2.88382 126.226
      vertex 3.96677 -3.04381 121
      vertex 3.96677 -3.04381 126.226
    endloop
  endfacet
  facet normal 0.99786 0.06538 0
    outer loop
      vertex -4.98742 -0.192002 126.226
      vertex -5 0 121
      vertex -5 0 126.226
    endloop
  endfacet
  facet normal 0.997858 0.0654221 -0
    outer loop
      vertex -4.95722 -0.652631 121
      vertex -4.98742 -0.192002 126.226
      vertex -4.95722 -0.652631 126.226
    endloop
  endfacet
  facet normal 0.997858 0.0654097 1.09643e-06
    outer loop
      vertex -4.98742 -0.192002 126.226
      vertex -4.95722 -0.652631 121
      vertex -5 0 121
    endloop
  endfacet
  facet normal -0.980788 0.195075 0
    outer loop
      vertex 4.95722 -0.652631 121
      vertex 4.86717 -1.10538 126.226
      vertex 4.95722 -0.652631 126.226
    endloop
  endfacet
  facet normal -0.980787 0.195081 5.73864e-07
    outer loop
      vertex 4.82963 -1.2941 121
      vertex 4.86717 -1.10538 126.226
      vertex 4.95722 -0.652631 121
    endloop
  endfacet
  facet normal -0.980784 0.195097 0
    outer loop
      vertex 4.86717 -1.10538 126.226
      vertex 4.82963 -1.2941 121
      vertex 4.82963 -1.2941 126.226
    endloop
  endfacet
  facet normal 0.946928 0.321446 0
    outer loop
      vertex -4.76778 -1.4763 126.226
      vertex -4.82963 -1.2941 121
      vertex -4.82963 -1.2941 126.226
    endloop
  endfacet
  facet normal 0.946932 0.321435 -0
    outer loop
      vertex -4.6194 -1.91342 121
      vertex -4.76778 -1.4763 126.226
      vertex -4.6194 -1.91342 126.226
    endloop
  endfacet
  facet normal 0.946931 0.321438 -3.03105e-07
    outer loop
      vertex -4.76778 -1.4763 126.226
      vertex -4.6194 -1.91342 121
      vertex -4.82963 -1.2941 121
    endloop
  endfacet
  facet normal 0.659354 0.751833 -0
    outer loop
      vertex -3.04381 -3.96677 121
      vertex -3.39087 -3.6624 126.226
      vertex -3.04381 -3.96677 126.226
    endloop
  endfacet
  facet normal 0.659357 0.75183 3.91461e-07
    outer loop
      vertex -3.53553 -3.53553 121
      vertex -3.39087 -3.6624 126.226
      vertex -3.04381 -3.96677 121
    endloop
  endfacet
  facet normal 0.659365 0.751823 0
    outer loop
      vertex -3.39087 -3.6624 126.226
      vertex -3.53553 -3.53553 121
      vertex -3.53553 -3.53553 126.226
    endloop
  endfacet
  facet normal -0.44228 -0.896877 0
    outer loop
      vertex 1.91342 4.6194 121
      vertex 2.08599 4.5343 126.226
      vertex 1.91342 4.6194 126.226
    endloop
  endfacet
  facet normal -0.44229 -0.896872 3.99625e-07
    outer loop
      vertex 2.5 4.33013 121
      vertex 2.08599 4.5343 126.226
      vertex 1.91342 4.6194 121
    endloop
  endfacet
  facet normal -0.442294 -0.89687 0
    outer loop
      vertex 2.08599 4.5343 126.226
      vertex 2.5 4.33013 121
      vertex 2.5 4.33013 126.226
    endloop
  endfacet
  facet normal 0.195097 -0.980784 0
    outer loop
      vertex -1.2941 4.82963 121
      vertex -1.10538 4.86717 126.226
      vertex -1.2941 4.82963 126.226
    endloop
  endfacet
  facet normal 0.195081 -0.980787 5.73864e-07
    outer loop
      vertex -0.652631 4.95722 121
      vertex -1.10538 4.86717 126.226
      vertex -1.2941 4.82963 121
    endloop
  endfacet
  facet normal 0.195075 -0.980788 0
    outer loop
      vertex -1.10538 4.86717 126.226
      vertex -0.652631 4.95722 121
      vertex -0.652631 4.95722 126.226
    endloop
  endfacet
  facet normal -0.751823 -0.659365 0
    outer loop
      vertex 3.53553 3.53553 121
      vertex 3.6624 3.39087 126.226
      vertex 3.53553 3.53553 126.226
    endloop
  endfacet
  facet normal -0.75183 -0.659357 3.91461e-07
    outer loop
      vertex 3.96677 3.04381 121
      vertex 3.6624 3.39087 126.226
      vertex 3.53553 3.53553 121
    endloop
  endfacet
  facet normal -0.751833 -0.659354 0
    outer loop
      vertex 3.6624 3.39087 126.226
      vertex 3.96677 3.04381 121
      vertex 3.96677 3.04381 126.226
    endloop
  endfacet
  facet normal -0.195075 -0.980788 0
    outer loop
      vertex 0.652631 4.95722 121
      vertex 1.10538 4.86717 126.226
      vertex 0.652631 4.95722 126.226
    endloop
  endfacet
  facet normal -0.195081 -0.980787 5.73864e-07
    outer loop
      vertex 1.2941 4.82963 121
      vertex 1.10538 4.86717 126.226
      vertex 0.652631 4.95722 121
    endloop
  endfacet
  facet normal -0.195097 -0.980784 0
    outer loop
      vertex 1.10538 4.86717 126.226
      vertex 1.2941 4.82963 121
      vertex 1.2941 4.82963 126.226
    endloop
  endfacet
  facet normal -0.751833 0.659354 0
    outer loop
      vertex 3.96677 -3.04381 121
      vertex 3.6624 -3.39087 126.226
      vertex 3.96677 -3.04381 126.226
    endloop
  endfacet
  facet normal -0.75183 0.659357 3.91461e-07
    outer loop
      vertex 3.53553 -3.53553 121
      vertex 3.6624 -3.39087 126.226
      vertex 3.96677 -3.04381 121
    endloop
  endfacet
  facet normal -0.751823 0.659365 0
    outer loop
      vertex 3.6624 -3.39087 126.226
      vertex 3.53553 -3.53553 121
      vertex 3.53553 -3.53553 126.226
    endloop
  endfacet
  facet normal 0.44228 0.896877 -0
    outer loop
      vertex -1.91342 -4.6194 121
      vertex -2.08599 -4.5343 126.226
      vertex -1.91342 -4.6194 126.226
    endloop
  endfacet
  facet normal 0.44229 0.896872 3.99625e-07
    outer loop
      vertex -2.5 -4.33013 121
      vertex -2.08599 -4.5343 126.226
      vertex -1.91342 -4.6194 121
    endloop
  endfacet
  facet normal 0.442294 0.89687 0
    outer loop
      vertex -2.08599 -4.5343 126.226
      vertex -2.5 -4.33013 121
      vertex -2.5 -4.33013 126.226
    endloop
  endfacet
  facet normal 0.980784 -0.195097 0
    outer loop
      vertex -4.86717 1.10538 126.226
      vertex -4.82963 1.2941 121
      vertex -4.82963 1.2941 126.226
    endloop
  endfacet
  facet normal 0.980788 -0.195075 0
    outer loop
      vertex -4.95722 0.652631 121
      vertex -4.86717 1.10538 126.226
      vertex -4.95722 0.652631 126.226
    endloop
  endfacet
  facet normal 0.980787 -0.195081 5.73864e-07
    outer loop
      vertex -4.86717 1.10538 126.226
      vertex -4.95722 0.652631 121
      vertex -4.82963 1.2941 121
    endloop
  endfacet
  facet normal -0.0654221 0.997858 0
    outer loop
      vertex 0.652631 -4.95722 126.226
      vertex 0.652631 -4.95722 121
      vertex 0.192002 -4.98742 126.226
    endloop
  endfacet
  facet normal -0.0654097 0.997858 1.09643e-06
    outer loop
      vertex 0 -5 121
      vertex 0.192002 -4.98742 126.226
      vertex 0.652631 -4.95722 121
    endloop
  endfacet
  facet normal -0.06538 0.99786 0
    outer loop
      vertex 0.192002 -4.98742 126.226
      vertex 0 -5 121
      vertex 0 -5 126.226
    endloop
  endfacet
  facet normal -0.442294 0.89687 0
    outer loop
      vertex 2.5 -4.33013 126.226
      vertex 2.5 -4.33013 121
      vertex 2.08599 -4.5343 126.226
    endloop
  endfacet
  facet normal -0.44229 0.896872 3.99625e-07
    outer loop
      vertex 1.91342 -4.6194 121
      vertex 2.08599 -4.5343 126.226
      vertex 2.5 -4.33013 121
    endloop
  endfacet
  facet normal -0.44228 0.896877 0
    outer loop
      vertex 2.08599 -4.5343 126.226
      vertex 1.91342 -4.6194 121
      vertex 1.91342 -4.6194 126.226
    endloop
  endfacet
  facet normal -0.659365 0.751823 0
    outer loop
      vertex 3.53553 -3.53553 121
      vertex 3.39087 -3.6624 126.226
      vertex 3.53553 -3.53553 126.226
    endloop
  endfacet
  facet normal -0.659357 0.75183 3.91461e-07
    outer loop
      vertex 3.04381 -3.96677 121
      vertex 3.39087 -3.6624 126.226
      vertex 3.53553 -3.53553 121
    endloop
  endfacet
  facet normal -0.659354 0.751833 0
    outer loop
      vertex 3.39087 -3.6624 126.226
      vertex 3.04381 -3.96677 121
      vertex 3.04381 -3.96677 126.226
    endloop
  endfacet
  facet normal 0.896877 0.44228 0
    outer loop
      vertex -4.5343 -2.08599 126.226
      vertex -4.6194 -1.91342 121
      vertex -4.6194 -1.91342 126.226
    endloop
  endfacet
  facet normal 0.89687 0.442294 -0
    outer loop
      vertex -4.33013 -2.5 121
      vertex -4.5343 -2.08599 126.226
      vertex -4.33013 -2.5 126.226
    endloop
  endfacet
  facet normal 0.896872 0.44229 3.99625e-07
    outer loop
      vertex -4.5343 -2.08599 126.226
      vertex -4.33013 -2.5 121
      vertex -4.6194 -1.91342 121
    endloop
  endfacet
  facet normal -0.896877 0.44228 0
    outer loop
      vertex 4.6194 -1.91342 121
      vertex 4.5343 -2.08599 126.226
      vertex 4.6194 -1.91342 126.226
    endloop
  endfacet
  facet normal -0.896872 0.44229 3.99625e-07
    outer loop
      vertex 4.33013 -2.5 121
      vertex 4.5343 -2.08599 126.226
      vertex 4.6194 -1.91342 121
    endloop
  endfacet
  facet normal -0.89687 0.442294 0
    outer loop
      vertex 4.5343 -2.08599 126.226
      vertex 4.33013 -2.5 121
      vertex 4.33013 -2.5 126.226
    endloop
  endfacet
  facet normal -0.659354 -0.751833 0
    outer loop
      vertex 3.04381 3.96677 121
      vertex 3.39087 3.6624 126.226
      vertex 3.04381 3.96677 126.226
    endloop
  endfacet
  facet normal -0.659357 -0.75183 3.91461e-07
    outer loop
      vertex 3.53553 3.53553 121
      vertex 3.39087 3.6624 126.226
      vertex 3.04381 3.96677 121
    endloop
  endfacet
  facet normal -0.659365 -0.751823 0
    outer loop
      vertex 3.39087 3.6624 126.226
      vertex 3.53553 3.53553 121
      vertex 3.53553 3.53553 126.226
    endloop
  endfacet
  facet normal -0.99786 0.06538 0
    outer loop
      vertex 5 0 121
      vertex 4.98742 -0.192002 126.226
      vertex 5 0 126.226
    endloop
  endfacet
  facet normal -0.997858 0.0654097 1.09643e-06
    outer loop
      vertex 4.95722 -0.652631 121
      vertex 4.98742 -0.192002 126.226
      vertex 5 0 121
    endloop
  endfacet
  facet normal -0.997858 0.0654221 0
    outer loop
      vertex 4.98742 -0.192002 126.226
      vertex 4.95722 -0.652631 121
      vertex 4.95722 -0.652631 126.226
    endloop
  endfacet
  facet normal 0.55557 0.83147 -0
    outer loop
      vertex -2.5 -4.33013 121
      vertex -2.88382 -4.07367 126.226
      vertex -2.5 -4.33013 126.226
    endloop
  endfacet
  facet normal 0.555568 0.831471 -1.98187e-07
    outer loop
      vertex -3.04381 -3.96677 121
      vertex -2.88382 -4.07367 126.226
      vertex -2.5 -4.33013 121
    endloop
  endfacet
  facet normal 0.555563 0.831474 0
    outer loop
      vertex -2.88382 -4.07367 126.226
      vertex -3.04381 -3.96677 121
      vertex -3.04381 -3.96677 126.226
    endloop
  endfacet
  facet normal -0.89687 -0.442294 0
    outer loop
      vertex 4.33013 2.5 121
      vertex 4.5343 2.08599 126.226
      vertex 4.33013 2.5 126.226
    endloop
  endfacet
  facet normal -0.896872 -0.44229 3.99625e-07
    outer loop
      vertex 4.6194 1.91342 121
      vertex 4.5343 2.08599 126.226
      vertex 4.33013 2.5 121
    endloop
  endfacet
  facet normal -0.896877 -0.44228 0
    outer loop
      vertex 4.5343 2.08599 126.226
      vertex 4.6194 1.91342 121
      vertex 4.6194 1.91342 126.226
    endloop
  endfacet
  facet normal -0.946932 -0.321435 0
    outer loop
      vertex 4.6194 1.91342 121
      vertex 4.76778 1.4763 126.226
      vertex 4.6194 1.91342 126.226
    endloop
  endfacet
  facet normal -0.946931 -0.321438 -3.03105e-07
    outer loop
      vertex 4.82963 1.2941 121
      vertex 4.76778 1.4763 126.226
      vertex 4.6194 1.91342 121
    endloop
  endfacet
  facet normal -0.946928 -0.321446 0
    outer loop
      vertex 4.76778 1.4763 126.226
      vertex 4.82963 1.2941 121
      vertex 4.82963 1.2941 126.226
    endloop
  endfacet
  facet normal 0 0 1
    outer loop
      vertex 4.95722 0.652631 121
      vertex 4.95722 -0.652631 121
      vertex 5 0 121
    endloop
  endfacet
  facet normal 0 0 1
    outer loop
      vertex 4.82963 1.2941 121
      vertex 4.95722 -0.652631 121
      vertex 4.95722 0.652631 121
    endloop
  endfacet
  facet normal 0 0 1
    outer loop
      vertex 4.82963 1.2941 121
      vertex 4.82963 -1.2941 121
      vertex 4.95722 -0.652631 121
    endloop
  endfacet
  facet normal 0 0 1
    outer loop
      vertex 4.6194 1.91342 121
      vertex 4.82963 -1.2941 121
      vertex 4.82963 1.2941 121
    endloop
  endfacet
  facet normal 0 0 1
    outer loop
      vertex 4.6194 1.91342 121
      vertex 4.6194 -1.91342 121
      vertex 4.82963 -1.2941 121
    endloop
  endfacet
  facet normal 0 0 1
    outer loop
      vertex 4.33013 2.5 121
      vertex 4.6194 -1.91342 121
      vertex 4.6194 1.91342 121
    endloop
  endfacet
  facet normal 0 0 1
    outer loop
      vertex 4.33013 2.5 121
      vertex 4.33013 -2.5 121
      vertex 4.6194 -1.91342 121
    endloop
  endfacet
  facet normal 0 0 1
    outer loop
      vertex 3.96677 3.04381 121
      vertex 4.33013 -2.5 121
      vertex 4.33013 2.5 121
    endloop
  endfacet
  facet normal 0 0 1
    outer loop
      vertex 3.96677 3.04381 121
      vertex 3.96677 -3.04381 121
      vertex 4.33013 -2.5 121
    endloop
  endfacet
  facet normal 0 0 1
    outer loop
      vertex 3.53553 3.53553 121
      vertex 3.96677 -3.04381 121
      vertex 3.96677 3.04381 121
    endloop
  endfacet
  facet normal 0 0 1
    outer loop
      vertex 3.53553 3.53553 121
      vertex 3.53553 -3.53553 121
      vertex 3.96677 -3.04381 121
    endloop
  endfacet
  facet normal 0 0 1
    outer loop
      vertex 3.04381 3.96677 121
      vertex 3.53553 -3.53553 121
      vertex 3.53553 3.53553 121
    endloop
  endfacet
  facet normal 0 0 1
    outer loop
      vertex 3.04381 3.96677 121
      vertex 3.04381 -3.96677 121
      vertex 3.53553 -3.53553 121
    endloop
  endfacet
  facet normal 0 0 1
    outer loop
      vertex 2.5 4.33013 121
      vertex 3.04381 -3.96677 121
      vertex 3.04381 3.96677 121
    endloop
  endfacet
  facet normal 0 0 1
    outer loop
      vertex 2.5 4.33013 121
      vertex 2.5 -4.33013 121
      vertex 3.04381 -3.96677 121
    endloop
  endfacet
  facet normal 0 0 1
    outer loop
      vertex 1.91342 4.6194 121
      vertex 2.5 -4.33013 121
      vertex 2.5 4.33013 121
    endloop
  endfacet
  facet normal 0 0 1
    outer loop
      vertex 1.91342 4.6194 121
      vertex 1.91342 -4.6194 121
      vertex 2.5 -4.33013 121
    endloop
  endfacet
  facet normal 0 0 1
    outer loop
      vertex 1.2941 4.82963 121
      vertex 1.91342 -4.6194 121
      vertex 1.91342 4.6194 121
    endloop
  endfacet
  facet normal 0 0 1
    outer loop
      vertex 1.2941 4.82963 121
      vertex 1.2941 -4.82963 121
      vertex 1.91342 -4.6194 121
    endloop
  endfacet
  facet normal 0 0 1
    outer loop
      vertex 0.652631 4.95722 121
      vertex 1.2941 -4.82963 121
      vertex 1.2941 4.82963 121
    endloop
  endfacet
  facet normal 0 0 1
    outer loop
      vertex 0.652631 4.95722 121
      vertex 0.652631 -4.95722 121
      vertex 1.2941 -4.82963 121
    endloop
  endfacet
  facet normal 0 0 1
    outer loop
      vertex 0 5 121
      vertex 0.652631 -4.95722 121
      vertex 0.652631 4.95722 121
    endloop
  endfacet
  facet normal 0 0 1
    outer loop
      vertex 0 5 121
      vertex 0 -5 121
      vertex 0.652631 -4.95722 121
    endloop
  endfacet
  facet normal -0 0 1
    outer loop
      vertex -0.652631 4.95722 121
      vertex 0 -5 121
      vertex 0 5 121
    endloop
  endfacet
  facet normal 0 0 1
    outer loop
      vertex -0.652631 4.95722 121
      vertex -0.652631 -4.95722 121
      vertex 0 -5 121
    endloop
  endfacet
  facet normal -0 0 1
    outer loop
      vertex -1.2941 4.82963 121
      vertex -0.652631 -4.95722 121
      vertex -0.652631 4.95722 121
    endloop
  endfacet
  facet normal 0 0 1
    outer loop
      vertex -1.2941 4.82963 121
      vertex -1.2941 -4.82963 121
      vertex -0.652631 -4.95722 121
    endloop
  endfacet
  facet normal -0 0 1
    outer loop
      vertex -1.91342 4.6194 121
      vertex -1.2941 -4.82963 121
      vertex -1.2941 4.82963 121
    endloop
  endfacet
  facet normal 0 0 1
    outer loop
      vertex -1.91342 4.6194 121
      vertex -1.91342 -4.6194 121
      vertex -1.2941 -4.82963 121
    endloop
  endfacet
  facet normal -0 0 1
    outer loop
      vertex -2.5 4.33013 121
      vertex -1.91342 -4.6194 121
      vertex -1.91342 4.6194 121
    endloop
  endfacet
  facet normal 0 0 1
    outer loop
      vertex -2.5 4.33013 121
      vertex -2.5 -4.33013 121
      vertex -1.91342 -4.6194 121
    endloop
  endfacet
  facet normal -0 0 1
    outer loop
      vertex -3.04381 3.96677 121
      vertex -2.5 -4.33013 121
      vertex -2.5 4.33013 121
    endloop
  endfacet
  facet normal 0 0 1
    outer loop
      vertex -3.04381 3.96677 121
      vertex -3.04381 -3.96677 121
      vertex -2.5 -4.33013 121
    endloop
  endfacet
  facet normal -0 0 1
    outer loop
      vertex -3.53553 3.53553 121
      vertex -3.04381 -3.96677 121
      vertex -3.04381 3.96677 121
    endloop
  endfacet
  facet normal 0 0 1
    outer loop
      vertex -3.53553 3.53553 121
      vertex -3.53553 -3.53553 121
      vertex -3.04381 -3.96677 121
    endloop
  endfacet
  facet normal -0 0 1
    outer loop
      vertex -3.96677 3.04381 121
      vertex -3.53553 -3.53553 121
      vertex -3.53553 3.53553 121
    endloop
  endfacet
  facet normal 0 0 1
    outer loop
      vertex -3.96677 3.04381 121
      vertex -3.96677 -3.04381 121
      vertex -3.53553 -3.53553 121
    endloop
  endfacet
  facet normal -0 0 1
    outer loop
      vertex -4.33013 2.5 121
      vertex -3.96677 -3.04381 121
      vertex -3.96677 3.04381 121
    endloop
  endfacet
  facet normal 0 0 1
    outer loop
      vertex -4.33013 2.5 121
      vertex -4.33013 -2.5 121
      vertex -3.96677 -3.04381 121
    endloop
  endfacet
  facet normal -0 0 1
    outer loop
      vertex -4.6194 1.91342 121
      vertex -4.33013 -2.5 121
      vertex -4.33013 2.5 121
    endloop
  endfacet
  facet normal 0 0 1
    outer loop
      vertex -4.6194 1.91342 121
      vertex -4.6194 -1.91342 121
      vertex -4.33013 -2.5 121
    endloop
  endfacet
  facet normal -0 0 1
    outer loop
      vertex -4.82963 1.2941 121
      vertex -4.6194 -1.91342 121
      vertex -4.6194 1.91342 121
    endloop
  endfacet
  facet normal 0 0 1
    outer loop
      vertex -4.82963 1.2941 121
      vertex -4.82963 -1.2941 121
      vertex -4.6194 -1.91342 121
    endloop
  endfacet
  facet normal -0 0 1
    outer loop
      vertex -4.95722 0.652631 121
      vertex -4.82963 -1.2941 121
      vertex -4.82963 1.2941 121
    endloop
  endfacet
  facet normal 0 0 1
    outer loop
      vertex -4.95722 0.652631 121
      vertex -4.95722 -0.652631 121
      vertex -4.82963 -1.2941 121
    endloop
  endfacet
  facet normal 0 -0 1
    outer loop
      vertex -4.95722 -0.652631 121
      vertex -4.95722 0.652631 121
      vertex -5 0 121
    endloop
  endfacet
  facet normal 0.0654221 -0.997858 0
    outer loop
      vertex -0.652631 4.95722 126.226
      vertex -0.652631 4.95722 121
      vertex -0.192002 4.98742 126.226
    endloop
  endfacet
  facet normal 0.0654097 -0.997858 1.09643e-06
    outer loop
      vertex 0 5 121
      vertex -0.192002 4.98742 126.226
      vertex -0.652631 4.95722 121
    endloop
  endfacet
  facet normal 0.06538 -0.99786 0
    outer loop
      vertex -0.192002 4.98742 126.226
      vertex 0 5 121
      vertex 0 5 126.226
    endloop
  endfacet
  facet normal 0.980788 0.195075 0
    outer loop
      vertex -4.86717 -1.10538 126.226
      vertex -4.95722 -0.652631 121
      vertex -4.95722 -0.652631 126.226
    endloop
  endfacet
  facet normal 0.980784 0.195097 -0
    outer loop
      vertex -4.82963 -1.2941 121
      vertex -4.86717 -1.10538 126.226
      vertex -4.82963 -1.2941 126.226
    endloop
  endfacet
  facet normal 0.980787 0.195081 5.73864e-07
    outer loop
      vertex -4.86717 -1.10538 126.226
      vertex -4.82963 -1.2941 121
      vertex -4.95722 -0.652631 121
    endloop
  endfacet
  facet normal 0.195075 0.980788 -0
    outer loop
      vertex -0.652631 -4.95722 121
      vertex -1.10538 -4.86717 126.226
      vertex -0.652631 -4.95722 126.226
    endloop
  endfacet
  facet normal 0.195081 0.980787 5.73864e-07
    outer loop
      vertex -1.2941 -4.82963 121
      vertex -1.10538 -4.86717 126.226
      vertex -0.652631 -4.95722 121
    endloop
  endfacet
  facet normal 0.195097 0.980784 0
    outer loop
      vertex -1.10538 -4.86717 126.226
      vertex -1.2941 -4.82963 121
      vertex -1.2941 -4.82963 126.226
    endloop
  endfacet
  facet normal 0.831474 -0.555563 0
    outer loop
      vertex -4.07367 2.88382 126.226
      vertex -3.96677 3.04381 121
      vertex -3.96677 3.04381 126.226
    endloop
  endfacet
  facet normal 0.83147 -0.55557 0
    outer loop
      vertex -4.33013 2.5 121
      vertex -4.07367 2.88382 126.226
      vertex -4.33013 2.5 126.226
    endloop
  endfacet
  facet normal 0.831471 -0.555568 -1.98187e-07
    outer loop
      vertex -4.07367 2.88382 126.226
      vertex -4.33013 2.5 121
      vertex -3.96677 3.04381 121
    endloop
  endfacet
  facet normal 0.06538 0.99786 -0
    outer loop
      vertex 0 -5 121
      vertex -0.192002 -4.98742 126.226
      vertex 0 -5 126.226
    endloop
  endfacet
  facet normal 0.0654097 0.997858 1.09643e-06
    outer loop
      vertex -0.652631 -4.95722 121
      vertex -0.192002 -4.98742 126.226
      vertex 0 -5 121
    endloop
  endfacet
  facet normal 0.0654221 0.997858 0
    outer loop
      vertex -0.192002 -4.98742 126.226
      vertex -0.652631 -4.95722 121
      vertex -0.652631 -4.95722 126.226
    endloop
  endfacet
endsolid OpenSCAD_Model
