solid OpenSCAD_Model
  facet normal 0 0 1
    outer loop
      vertex -0.566746 18.7 24
      vertex -1.5257 18.7 24
      vertex -0.566746 17.75 24
    endloop
  endfacet
  facet normal -0 0 1
    outer loop
      vertex 16.9041 2.22547 24
      vertex 18.7692 0.469894 24
      vertex 18.6392 2.45389 24
    endloop
  endfacet
  facet normal 0 0 1
    outer loop
      vertex 16.9041 2.22547 24
      vertex 18.6392 2.45389 24
      vertex 18.2513 4.40394 24
    endloop
  endfacet
  facet normal -0 0 1
    outer loop
      vertex 16.469 4.41286 24
      vertex 18.2513 4.40394 24
      vertex 18.1594 4.8658 24
    endloop
  endfacet
  facet normal 0 0 1
    outer loop
      vertex 16.469 4.41286 24
      vertex 18.1594 4.8658 24
      vertex 17.5203 6.74854 24
    endloop
  endfacet
  facet normal 0 0 1
    outer loop
      vertex 15.7521 6.52475 24
      vertex 17.5203 6.74854 24
      vertex 17.3689 7.19445 24
    endloop
  endfacet
  facet normal 0 0 1
    outer loop
      vertex 15.7521 6.52475 24
      vertex 17.3689 7.19445 24
      vertex 17.1607 7.61679 24
    endloop
  endfacet
  facet normal 0 0 1
    outer loop
      vertex 18.2513 4.40394 24
      vertex 16.469 4.41286 24
      vertex 16.9041 2.22547 24
    endloop
  endfacet
  facet normal 0 0 1
    outer loop
      vertex 18.7692 0.469894 24
      vertex 17.05 0 24
      vertex 18.8 0 24
    endloop
  endfacet
  facet normal 0 -0 1
    outer loop
      vertex 17.05 0 24
      vertex 18.7692 0.469894 24
      vertex 16.9041 2.22547 24
    endloop
  endfacet
  facet normal -0 0 1
    outer loop
      vertex 14.7657 8.525 24
      vertex 17.1607 7.61679 24
      vertex 16.2813 9.4 24
    endloop
  endfacet
  facet normal 0 0 1
    outer loop
      vertex 14.7657 8.525 24
      vertex 16.2813 9.4 24
      vertex 16.0197 9.79154 24
    endloop
  endfacet
  facet normal 0 0 1
    outer loop
      vertex 17.5203 6.74854 24
      vertex 15.7521 6.52475 24
      vertex 16.469 4.41286 24
    endloop
  endfacet
  facet normal -0 0 1
    outer loop
      vertex 13.5267 10.3794 24
      vertex 16.0197 9.79154 24
      vertex 14.915 11.4447 24
    endloop
  endfacet
  facet normal 0 0 1
    outer loop
      vertex 17.1607 7.61679 24
      vertex 14.7657 8.525 24
      vertex 15.7521 6.52475 24
    endloop
  endfacet
  facet normal 0 0 1
    outer loop
      vertex 13.5267 10.3794 24
      vertex 14.915 11.4447 24
      vertex 13.6041 12.9396 24
    endloop
  endfacet
  facet normal 0 0 1
    outer loop
      vertex 16.0197 9.79154 24
      vertex 13.5267 10.3794 24
      vertex 14.7657 8.525 24
    endloop
  endfacet
  facet normal 0 0 1
    outer loop
      vertex 12.0562 12.0562 24
      vertex 13.6041 12.9396 24
      vertex 13.2936 13.2936 24
    endloop
  endfacet
  facet normal 0 0 1
    outer loop
      vertex 12.0562 12.0562 24
      vertex 13.2936 13.2936 24
      vertex 12.9396 13.6041 24
    endloop
  endfacet
  facet normal 0 0 1
    outer loop
      vertex 13.6041 12.9396 24
      vertex 12.0562 12.0562 24
      vertex 13.5267 10.3794 24
    endloop
  endfacet
  facet normal 0 0 1
    outer loop
      vertex 10.3794 13.5267 24
      vertex 12.9396 13.6041 24
      vertex 11.4447 14.915 24
    endloop
  endfacet
  facet normal 0 0 1
    outer loop
      vertex 12.9396 13.6041 24
      vertex 10.3794 13.5267 24
      vertex 12.0562 12.0562 24
    endloop
  endfacet
  facet normal 0 0 1
    outer loop
      vertex 9.79154 16.0197 24
      vertex 10.3794 13.5267 24
      vertex 11.4447 14.915 24
    endloop
  endfacet
  facet normal 0 0 1
    outer loop
      vertex 8.525 14.7657 24
      vertex 9.79154 16.0197 24
      vertex 9.4 16.2813 24
    endloop
  endfacet
  facet normal 0 0 1
    outer loop
      vertex 9.79154 16.0197 24
      vertex 8.525 14.7657 24
      vertex 10.3794 13.5267 24
    endloop
  endfacet
  facet normal 0 0 1
    outer loop
      vertex 7.61679 17.1607 24
      vertex 8.525 14.7657 24
      vertex 9.4 16.2813 24
    endloop
  endfacet
  facet normal 0 0 1
    outer loop
      vertex 6.52475 15.7521 24
      vertex 7.61679 17.1607 24
      vertex 7.19445 17.3689 24
    endloop
  endfacet
  facet normal 0 0 1
    outer loop
      vertex 6.52475 15.7521 24
      vertex 7.19445 17.3689 24
      vertex 6.74854 17.5203 24
    endloop
  endfacet
  facet normal 0 0 1
    outer loop
      vertex 7.61679 17.1607 24
      vertex 6.52475 15.7521 24
      vertex 8.525 14.7657 24
    endloop
  endfacet
  facet normal 0 0 1
    outer loop
      vertex 4.41286 16.469 24
      vertex 6.74854 17.5203 24
      vertex 4.8658 18.1594 24
    endloop
  endfacet
  facet normal 0 0 1
    outer loop
      vertex 6.74854 17.5203 24
      vertex 4.41286 16.469 24
      vertex 6.52475 15.7521 24
    endloop
  endfacet
  facet normal 0 0 1
    outer loop
      vertex 4.40394 18.2513 24
      vertex 4.41286 16.469 24
      vertex 4.8658 18.1594 24
    endloop
  endfacet
  facet normal 0 0 1
    outer loop
      vertex 2.22547 16.9041 24
      vertex 4.40394 18.2513 24
      vertex 2.45389 18.6392 24
    endloop
  endfacet
  facet normal 0 0 1
    outer loop
      vertex 4.40394 18.2513 24
      vertex 2.22547 16.9041 24
      vertex 4.41286 16.469 24
    endloop
  endfacet
  facet normal 0 0 1
    outer loop
      vertex 1.5257 18.7 24
      vertex 2.22547 16.9041 24
      vertex 2.45389 18.6392 24
    endloop
  endfacet
  facet normal 0 0 1
    outer loop
      vertex 0.566746 17.75 24
      vertex 1.5257 18.7 24
      vertex 0.566746 18.7 24
    endloop
  endfacet
  facet normal 0 0 1
    outer loop
      vertex 1.5257 18.7 24
      vertex 0.566746 17.75 24
      vertex 2.22547 16.9041 24
    endloop
  endfacet
  facet normal 0 0 1
    outer loop
      vertex 0.566746 17.75 24
      vertex 0 17.05 24
      vertex 2.22547 16.9041 24
    endloop
  endfacet
  facet normal -0 0 1
    outer loop
      vertex -0.566746 17.75 24
      vertex 0 17.05 24
      vertex 0.566746 17.75 24
    endloop
  endfacet
  facet normal 0 0 1
    outer loop
      vertex -2.22547 16.9041 24
      vertex -0.566746 17.75 24
      vertex -1.5257 18.7 24
    endloop
  endfacet
  facet normal 0 0 1
    outer loop
      vertex -0.566746 17.75 24
      vertex -2.22547 16.9041 24
      vertex 0 17.05 24
    endloop
  endfacet
  facet normal -0 0 1
    outer loop
      vertex -2.45389 18.6392 24
      vertex -2.22547 16.9041 24
      vertex -1.5257 18.7 24
    endloop
  endfacet
  facet normal -0 0 1
    outer loop
      vertex -4.40394 18.2513 24
      vertex -2.22547 16.9041 24
      vertex -2.45389 18.6392 24
    endloop
  endfacet
  facet normal 0 0 1
    outer loop
      vertex -4.40394 18.2513 24
      vertex -4.41286 16.469 24
      vertex -2.22547 16.9041 24
    endloop
  endfacet
  facet normal -0 0 1
    outer loop
      vertex -4.8658 18.1594 24
      vertex -4.41286 16.469 24
      vertex -4.40394 18.2513 24
    endloop
  endfacet
  facet normal -0 0 1
    outer loop
      vertex -6.74854 17.5203 24
      vertex -4.41286 16.469 24
      vertex -4.8658 18.1594 24
    endloop
  endfacet
  facet normal 0 0 1
    outer loop
      vertex -4.41286 16.469 24
      vertex -6.74854 17.5203 24
      vertex -6.52475 15.7521 24
    endloop
  endfacet
  facet normal -0 0 1
    outer loop
      vertex -7.19445 17.3689 24
      vertex -6.52475 15.7521 24
      vertex -6.74854 17.5203 24
    endloop
  endfacet
  facet normal -0 0 1
    outer loop
      vertex -7.61679 17.1607 24
      vertex -6.52475 15.7521 24
      vertex -7.19445 17.3689 24
    endloop
  endfacet
  facet normal 0 0 1
    outer loop
      vertex -7.61679 17.1607 24
      vertex -8.525 14.7657 24
      vertex -6.52475 15.7521 24
    endloop
  endfacet
  facet normal -0 0 1
    outer loop
      vertex -9.4 16.2813 24
      vertex -8.525 14.7657 24
      vertex -7.61679 17.1607 24
    endloop
  endfacet
  facet normal -0 0 1
    outer loop
      vertex -9.79154 16.0197 24
      vertex -8.525 14.7657 24
      vertex -9.4 16.2813 24
    endloop
  endfacet
  facet normal 0 0 1
    outer loop
      vertex -9.79154 16.0197 24
      vertex -10.3794 13.5267 24
      vertex -8.525 14.7657 24
    endloop
  endfacet
  facet normal -0 0 1
    outer loop
      vertex -11.4447 14.915 24
      vertex -10.3794 13.5267 24
      vertex -9.79154 16.0197 24
    endloop
  endfacet
  facet normal -0 0 1
    outer loop
      vertex -12.9396 13.6041 24
      vertex -10.3794 13.5267 24
      vertex -11.4447 14.915 24
    endloop
  endfacet
  facet normal 0 0 1
    outer loop
      vertex -10.3794 13.5267 24
      vertex -12.9396 13.6041 24
      vertex -12.0562 12.0562 24
    endloop
  endfacet
  facet normal -0 0 1
    outer loop
      vertex -13.2936 13.2936 24
      vertex -12.0562 12.0562 24
      vertex -12.9396 13.6041 24
    endloop
  endfacet
  facet normal -0 0 1
    outer loop
      vertex -13.6041 12.9396 24
      vertex -12.0562 12.0562 24
      vertex -13.2936 13.2936 24
    endloop
  endfacet
  facet normal 0 0 1
    outer loop
      vertex -12.0562 12.0562 24
      vertex -13.6041 12.9396 24
      vertex -13.5267 10.3794 24
    endloop
  endfacet
  facet normal -0 0 1
    outer loop
      vertex -14.915 11.4447 24
      vertex -13.5267 10.3794 24
      vertex -13.6041 12.9396 24
    endloop
  endfacet
  facet normal 0 0 1
    outer loop
      vertex -16.0197 9.79154 24
      vertex -13.5267 10.3794 24
      vertex -14.915 11.4447 24
    endloop
  endfacet
  facet normal 0 0 1
    outer loop
      vertex -13.5267 10.3794 24
      vertex -16.0197 9.79154 24
      vertex -14.7657 8.525 24
    endloop
  endfacet
  facet normal -0 0 1
    outer loop
      vertex -16.2813 9.4 24
      vertex -14.7657 8.525 24
      vertex -16.0197 9.79154 24
    endloop
  endfacet
  facet normal 0 0 1
    outer loop
      vertex -17.1607 7.61679 24
      vertex -14.7657 8.525 24
      vertex -16.2813 9.4 24
    endloop
  endfacet
  facet normal 0 0 1
    outer loop
      vertex -14.7657 8.525 24
      vertex -17.1607 7.61679 24
      vertex -15.7521 6.52475 24
    endloop
  endfacet
  facet normal -0 0 1
    outer loop
      vertex -17.3689 7.19445 24
      vertex -15.7521 6.52475 24
      vertex -17.1607 7.61679 24
    endloop
  endfacet
  facet normal -0 0 1
    outer loop
      vertex -17.5203 6.74854 24
      vertex -15.7521 6.52475 24
      vertex -17.3689 7.19445 24
    endloop
  endfacet
  facet normal -0 0 1
    outer loop
      vertex -18.1594 4.8658 24
      vertex -16.469 4.41286 24
      vertex -17.5203 6.74854 24
    endloop
  endfacet
  facet normal 0 0 1
    outer loop
      vertex -15.7521 6.52475 24
      vertex -17.5203 6.74854 24
      vertex -16.469 4.41286 24
    endloop
  endfacet
  facet normal 0 0 1
    outer loop
      vertex -18.2513 4.40394 24
      vertex -16.469 4.41286 24
      vertex -18.1594 4.8658 24
    endloop
  endfacet
  facet normal 0 0 1
    outer loop
      vertex -16.469 4.41286 24
      vertex -18.2513 4.40394 24
      vertex -16.9041 2.22547 24
    endloop
  endfacet
  facet normal -0 0 1
    outer loop
      vertex -18.6392 2.45389 24
      vertex -16.9041 2.22547 24
      vertex -18.2513 4.40394 24
    endloop
  endfacet
  facet normal 0 0 1
    outer loop
      vertex -18.7692 0.469894 24
      vertex -16.9041 2.22547 24
      vertex -18.6392 2.45389 24
    endloop
  endfacet
  facet normal 0 0 1
    outer loop
      vertex -16.9041 2.22547 24
      vertex -18.7692 0.469894 24
      vertex -17.05 0 24
    endloop
  endfacet
  facet normal 0 0 1
    outer loop
      vertex -17.05 0 24
      vertex -18.7692 0.469894 24
      vertex -18.8 0 24
    endloop
  endfacet
  facet normal -0.997858 0.0654188 0
    outer loop
      vertex -17.05 0 24
      vertex -16.9041 2.22547 26
      vertex -16.9041 2.22547 24
    endloop
  endfacet
  facet normal -0.997858 0.0654188 0
    outer loop
      vertex -16.9041 2.22547 26
      vertex -17.05 0 24
      vertex -17.05 0 26
    endloop
  endfacet
  facet normal -0.980785 0.195091 0
    outer loop
      vertex -16.9041 2.22547 24
      vertex -16.469 4.41286 26
      vertex -16.469 4.41286 24
    endloop
  endfacet
  facet normal -0.980785 0.195091 0
    outer loop
      vertex -16.469 4.41286 26
      vertex -16.9041 2.22547 24
      vertex -16.9041 2.22547 26
    endloop
  endfacet
  facet normal -0.946929 0.321443 0
    outer loop
      vertex -16.469 4.41286 24
      vertex -15.7521 6.52475 26
      vertex -15.7521 6.52475 24
    endloop
  endfacet
  facet normal -0.946929 0.321443 0
    outer loop
      vertex -15.7521 6.52475 26
      vertex -16.469 4.41286 24
      vertex -16.469 4.41286 26
    endloop
  endfacet
  facet normal -0.896875 0.442284 0
    outer loop
      vertex -15.7521 6.52475 24
      vertex -14.7657 8.525 26
      vertex -14.7657 8.525 24
    endloop
  endfacet
  facet normal -0.896875 0.442284 0
    outer loop
      vertex -14.7657 8.525 26
      vertex -15.7521 6.52475 24
      vertex -15.7521 6.52475 26
    endloop
  endfacet
  facet normal -0.831484 0.555548 0
    outer loop
      vertex -14.7657 8.525 24
      vertex -13.5267 10.3794 26
      vertex -13.5267 10.3794 24
    endloop
  endfacet
  facet normal -0.831484 0.555548 0
    outer loop
      vertex -13.5267 10.3794 26
      vertex -14.7657 8.525 24
      vertex -14.7657 8.525 26
    endloop
  endfacet
  facet normal -0.751843 0.659342 0
    outer loop
      vertex -13.5267 10.3794 24
      vertex -12.0562 12.0562 26
      vertex -12.0562 12.0562 24
    endloop
  endfacet
  facet normal -0.751843 0.659342 0
    outer loop
      vertex -12.0562 12.0562 26
      vertex -13.5267 10.3794 24
      vertex -13.5267 10.3794 26
    endloop
  endfacet
  facet normal -0.659342 0.751843 0
    outer loop
      vertex -10.3794 13.5267 24
      vertex -12.0562 12.0562 26
      vertex -10.3794 13.5267 26
    endloop
  endfacet
  facet normal -0.659342 0.751843 0
    outer loop
      vertex -12.0562 12.0562 26
      vertex -10.3794 13.5267 24
      vertex -12.0562 12.0562 24
    endloop
  endfacet
  facet normal -0.555548 0.831484 0
    outer loop
      vertex -8.525 14.7657 24
      vertex -10.3794 13.5267 26
      vertex -8.525 14.7657 26
    endloop
  endfacet
  facet normal -0.555548 0.831484 0
    outer loop
      vertex -10.3794 13.5267 26
      vertex -8.525 14.7657 24
      vertex -10.3794 13.5267 24
    endloop
  endfacet
  facet normal -0.442284 0.896875 0
    outer loop
      vertex -6.52475 15.7521 24
      vertex -8.525 14.7657 26
      vertex -6.52475 15.7521 26
    endloop
  endfacet
  facet normal -0.442284 0.896875 0
    outer loop
      vertex -8.525 14.7657 26
      vertex -6.52475 15.7521 24
      vertex -8.525 14.7657 24
    endloop
  endfacet
  facet normal -0.321443 0.946929 0
    outer loop
      vertex -4.41286 16.469 24
      vertex -6.52475 15.7521 26
      vertex -4.41286 16.469 26
    endloop
  endfacet
  facet normal -0.321443 0.946929 0
    outer loop
      vertex -6.52475 15.7521 26
      vertex -4.41286 16.469 24
      vertex -6.52475 15.7521 24
    endloop
  endfacet
  facet normal -0.195091 0.980785 0
    outer loop
      vertex -2.22547 16.9041 24
      vertex -4.41286 16.469 26
      vertex -2.22547 16.9041 26
    endloop
  endfacet
  facet normal -0.195091 0.980785 0
    outer loop
      vertex -4.41286 16.469 26
      vertex -2.22547 16.9041 24
      vertex -4.41286 16.469 24
    endloop
  endfacet
  facet normal -0.0654188 0.997858 0
    outer loop
      vertex 0 17.05 24
      vertex -2.22547 16.9041 26
      vertex 0 17.05 26
    endloop
  endfacet
  facet normal -0.0654188 0.997858 0
    outer loop
      vertex -2.22547 16.9041 26
      vertex 0 17.05 24
      vertex -2.22547 16.9041 24
    endloop
  endfacet
  facet normal 0.0654188 0.997858 -0
    outer loop
      vertex 2.22547 16.9041 24
      vertex 0 17.05 26
      vertex 2.22547 16.9041 26
    endloop
  endfacet
  facet normal 0.0654188 0.997858 0
    outer loop
      vertex 0 17.05 26
      vertex 2.22547 16.9041 24
      vertex 0 17.05 24
    endloop
  endfacet
  facet normal 0.195091 0.980785 -0
    outer loop
      vertex 4.41286 16.469 24
      vertex 2.22547 16.9041 26
      vertex 4.41286 16.469 26
    endloop
  endfacet
  facet normal 0.195091 0.980785 0
    outer loop
      vertex 2.22547 16.9041 26
      vertex 4.41286 16.469 24
      vertex 2.22547 16.9041 24
    endloop
  endfacet
  facet normal 0.321443 0.946929 -0
    outer loop
      vertex 6.52475 15.7521 24
      vertex 4.41286 16.469 26
      vertex 6.52475 15.7521 26
    endloop
  endfacet
  facet normal 0.321443 0.946929 0
    outer loop
      vertex 4.41286 16.469 26
      vertex 6.52475 15.7521 24
      vertex 4.41286 16.469 24
    endloop
  endfacet
  facet normal 0.442284 0.896875 -0
    outer loop
      vertex 8.525 14.7657 24
      vertex 6.52475 15.7521 26
      vertex 8.525 14.7657 26
    endloop
  endfacet
  facet normal 0.442284 0.896875 0
    outer loop
      vertex 6.52475 15.7521 26
      vertex 8.525 14.7657 24
      vertex 6.52475 15.7521 24
    endloop
  endfacet
  facet normal 0.555548 0.831484 -0
    outer loop
      vertex 10.3794 13.5267 24
      vertex 8.525 14.7657 26
      vertex 10.3794 13.5267 26
    endloop
  endfacet
  facet normal 0.555548 0.831484 0
    outer loop
      vertex 8.525 14.7657 26
      vertex 10.3794 13.5267 24
      vertex 8.525 14.7657 24
    endloop
  endfacet
  facet normal 0.659342 0.751843 -0
    outer loop
      vertex 12.0562 12.0562 24
      vertex 10.3794 13.5267 26
      vertex 12.0562 12.0562 26
    endloop
  endfacet
  facet normal 0.659342 0.751843 0
    outer loop
      vertex 10.3794 13.5267 26
      vertex 12.0562 12.0562 24
      vertex 10.3794 13.5267 24
    endloop
  endfacet
  facet normal 0.751843 0.659342 0
    outer loop
      vertex 13.5267 10.3794 26
      vertex 12.0562 12.0562 24
      vertex 12.0562 12.0562 26
    endloop
  endfacet
  facet normal 0.751843 0.659342 0
    outer loop
      vertex 12.0562 12.0562 24
      vertex 13.5267 10.3794 26
      vertex 13.5267 10.3794 24
    endloop
  endfacet
  facet normal 0.831484 0.555548 0
    outer loop
      vertex 14.7657 8.525 26
      vertex 13.5267 10.3794 24
      vertex 13.5267 10.3794 26
    endloop
  endfacet
  facet normal 0.831484 0.555548 0
    outer loop
      vertex 13.5267 10.3794 24
      vertex 14.7657 8.525 26
      vertex 14.7657 8.525 24
    endloop
  endfacet
  facet normal 0.896875 0.442284 0
    outer loop
      vertex 15.7521 6.52475 26
      vertex 14.7657 8.525 24
      vertex 14.7657 8.525 26
    endloop
  endfacet
  facet normal 0.896875 0.442284 0
    outer loop
      vertex 14.7657 8.525 24
      vertex 15.7521 6.52475 26
      vertex 15.7521 6.52475 24
    endloop
  endfacet
  facet normal 0.946929 0.321443 0
    outer loop
      vertex 16.469 4.41286 26
      vertex 15.7521 6.52475 24
      vertex 15.7521 6.52475 26
    endloop
  endfacet
  facet normal 0.946929 0.321443 0
    outer loop
      vertex 15.7521 6.52475 24
      vertex 16.469 4.41286 26
      vertex 16.469 4.41286 24
    endloop
  endfacet
  facet normal 0.980785 0.195091 0
    outer loop
      vertex 16.9041 2.22547 26
      vertex 16.469 4.41286 24
      vertex 16.469 4.41286 26
    endloop
  endfacet
  facet normal 0.980785 0.195091 0
    outer loop
      vertex 16.469 4.41286 24
      vertex 16.9041 2.22547 26
      vertex 16.9041 2.22547 24
    endloop
  endfacet
  facet normal 0.997858 0.0654188 0
    outer loop
      vertex 17.05 0 26
      vertex 16.9041 2.22547 24
      vertex 16.9041 2.22547 26
    endloop
  endfacet
  facet normal 0.997858 0.0654188 0
    outer loop
      vertex 16.9041 2.22547 24
      vertex 17.05 0 26
      vertex 17.05 0 24
    endloop
  endfacet
  facet normal 0 0 -1
    outer loop
      vertex 0 17.05 26
      vertex 0.566744 17.75 26
      vertex 2.22547 16.9041 26
    endloop
  endfacet
  facet normal 0 0 -1
    outer loop
      vertex 0 17.05 26
      vertex -0.566744 17.75 26
      vertex 0.566744 17.75 26
    endloop
  endfacet
  facet normal 0 0 -1
    outer loop
      vertex -2.22547 16.9041 26
      vertex -0.566744 17.75 26
      vertex 0 17.05 26
    endloop
  endfacet
  facet normal 0 0 -1
    outer loop
      vertex -2.44084 18.54 26
      vertex -0.566744 17.75 26
      vertex -2.22547 16.9041 26
    endloop
  endfacet
  facet normal 0 0 -1
    outer loop
      vertex -0.566744 17.75 26
      vertex -2.44084 18.54 26
      vertex -0.566744 18.6629 26
    endloop
  endfacet
  facet normal 0 0 -1
    outer loop
      vertex -2.22547 16.9041 26
      vertex -4.33957 18.1623 26
      vertex -2.44084 18.54 26
    endloop
  endfacet
  facet normal 0 0 -1
    outer loop
      vertex -4.41286 16.469 26
      vertex -4.33957 18.1623 26
      vertex -2.22547 16.9041 26
    endloop
  endfacet
  facet normal 0 0 -1
    outer loop
      vertex -4.41286 16.469 26
      vertex -4.83992 18.0628 26
      vertex -4.33957 18.1623 26
    endloop
  endfacet
  facet normal 0 0 -1
    outer loop
      vertex -6.67311 17.4405 26
      vertex -4.41286 16.469 26
      vertex -6.52475 15.7521 26
    endloop
  endfacet
  facet normal 0 0 -1
    outer loop
      vertex -4.41286 16.469 26
      vertex -6.67311 17.4405 26
      vertex -4.83992 18.0628 26
    endloop
  endfacet
  facet normal 0 0 -1
    outer loop
      vertex -6.52475 15.7521 26
      vertex -7.15618 17.2765 26
      vertex -6.67311 17.4405 26
    endloop
  endfacet
  facet normal 0 0 -1
    outer loop
      vertex -6.52475 15.7521 26
      vertex -7.61371 17.0509 26
      vertex -7.15618 17.2765 26
    endloop
  endfacet
  facet normal 0 0 -1
    outer loop
      vertex -8.525 14.7657 26
      vertex -7.61371 17.0509 26
      vertex -6.52475 15.7521 26
    endloop
  endfacet
  facet normal 0 0 -1
    outer loop
      vertex -8.525 14.7657 26
      vertex -9.35 16.1947 26
      vertex -7.61371 17.0509 26
    endloop
  endfacet
  facet normal 0 0 -1
    outer loop
      vertex -8.525 14.7657 26
      vertex -9.77417 15.9113 26
      vertex -9.35 16.1947 26
    endloop
  endfacet
  facet normal 0 0 -1
    outer loop
      vertex -10.3794 13.5267 26
      vertex -9.77417 15.9113 26
      vertex -8.525 14.7657 26
    endloop
  endfacet
  facet normal 0 0 -1
    outer loop
      vertex -10.3794 13.5267 26
      vertex -11.3838 14.8357 26
      vertex -9.77417 15.9113 26
    endloop
  endfacet
  facet normal 0 0 -1
    outer loop
      vertex -12.8393 13.5593 26
      vertex -10.3794 13.5267 26
      vertex -12.0562 12.0562 26
    endloop
  endfacet
  facet normal 0 0 -1
    outer loop
      vertex -10.3794 13.5267 26
      vertex -12.8393 13.5593 26
      vertex -11.3838 14.8357 26
    endloop
  endfacet
  facet normal 0 0 -1
    outer loop
      vertex -12.0562 12.0562 26
      vertex -13.2229 13.2229 26
      vertex -12.8393 13.5593 26
    endloop
  endfacet
  facet normal 0 0 -1
    outer loop
      vertex -13.5593 12.8393 26
      vertex -12.0562 12.0562 26
      vertex -13.5267 10.3794 26
    endloop
  endfacet
  facet normal 0 0 -1
    outer loop
      vertex -12.0562 12.0562 26
      vertex -13.5593 12.8393 26
      vertex -13.2229 13.2229 26
    endloop
  endfacet
  facet normal 0 0 -1
    outer loop
      vertex -15.9113 9.77417 26
      vertex -13.5267 10.3794 26
      vertex -14.7657 8.525 26
    endloop
  endfacet
  facet normal 0 0 -1
    outer loop
      vertex -13.5267 10.3794 26
      vertex -14.8357 11.3838 26
      vertex -13.5593 12.8393 26
    endloop
  endfacet
  facet normal 0 0 -1
    outer loop
      vertex -17.0509 7.61371 26
      vertex -14.7657 8.525 26
      vertex -15.7521 6.52475 26
    endloop
  endfacet
  facet normal -0 0 -1
    outer loop
      vertex -13.5267 10.3794 26
      vertex -15.9113 9.77417 26
      vertex -14.8357 11.3838 26
    endloop
  endfacet
  facet normal 0 0 -1
    outer loop
      vertex -14.7657 8.525 26
      vertex -16.1947 9.35 26
      vertex -15.9113 9.77417 26
    endloop
  endfacet
  facet normal 0 0 -1
    outer loop
      vertex -17.4405 6.67311 26
      vertex -15.7521 6.52475 26
      vertex -16.469 4.41286 26
    endloop
  endfacet
  facet normal 0 0 -1
    outer loop
      vertex -18.1623 4.33957 26
      vertex -16.469 4.41286 26
      vertex -16.9041 2.22547 26
    endloop
  endfacet
  facet normal -0 0 -1
    outer loop
      vertex -14.7657 8.525 26
      vertex -17.0509 7.61371 26
      vertex -16.1947 9.35 26
    endloop
  endfacet
  facet normal 0 0 -1
    outer loop
      vertex -18.6666 0.509052 26
      vertex -16.9041 2.22547 26
      vertex -17.05 0 26
    endloop
  endfacet
  facet normal 0 0 -1
    outer loop
      vertex -15.7521 6.52475 26
      vertex -17.4405 6.67311 26
      vertex -17.2765 7.15618 26
    endloop
  endfacet
  facet normal 0 0 -1
    outer loop
      vertex -15.7521 6.52475 26
      vertex -17.2765 7.15618 26
      vertex -17.0509 7.61371 26
    endloop
  endfacet
  facet normal 0 0 -1
    outer loop
      vertex -16.469 4.41286 26
      vertex -18.0628 4.83992 26
      vertex -17.4405 6.67311 26
    endloop
  endfacet
  facet normal -0 0 -1
    outer loop
      vertex -16.469 4.41286 26
      vertex -18.1623 4.33957 26
      vertex -18.0628 4.83992 26
    endloop
  endfacet
  facet normal 0 0 -1
    outer loop
      vertex -16.9041 2.22547 26
      vertex -18.54 2.44084 26
      vertex -18.1623 4.33957 26
    endloop
  endfacet
  facet normal -0 0 -1
    outer loop
      vertex -16.9041 2.22547 26
      vertex -18.6666 0.509052 26
      vertex -18.54 2.44084 26
    endloop
  endfacet
  facet normal 0 -0 -1
    outer loop
      vertex -18.6666 0.509052 26
      vertex -17.05 0 26
      vertex -18.7 0 26
    endloop
  endfacet
  facet normal 0 0 -1
    outer loop
      vertex 17.05 0 26
      vertex 18.6666 0.509052 26
      vertex 18.7 0 26
    endloop
  endfacet
  facet normal 0 0 -1
    outer loop
      vertex 18.6666 0.509052 26
      vertex 16.9041 2.22547 26
      vertex 18.54 2.44084 26
    endloop
  endfacet
  facet normal -0 0 -1
    outer loop
      vertex 18.54 2.44084 26
      vertex 16.9041 2.22547 26
      vertex 18.1623 4.33957 26
    endloop
  endfacet
  facet normal 0 0 -1
    outer loop
      vertex 16.469 4.41286 26
      vertex 18.1623 4.33957 26
      vertex 16.9041 2.22547 26
    endloop
  endfacet
  facet normal 0 0 -1
    outer loop
      vertex 18.1623 4.33957 26
      vertex 16.469 4.41286 26
      vertex 18.0628 4.83992 26
    endloop
  endfacet
  facet normal 0 0 -1
    outer loop
      vertex 15.7521 6.52475 26
      vertex 17.4405 6.67311 26
      vertex 16.469 4.41286 26
    endloop
  endfacet
  facet normal -0 0 -1
    outer loop
      vertex 18.6666 0.509052 26
      vertex 17.05 0 26
      vertex 16.9041 2.22547 26
    endloop
  endfacet
  facet normal -0 0 -1
    outer loop
      vertex 18.0628 4.83992 26
      vertex 16.469 4.41286 26
      vertex 17.4405 6.67311 26
    endloop
  endfacet
  facet normal -0 0 -1
    outer loop
      vertex 17.4405 6.67311 26
      vertex 15.7521 6.52475 26
      vertex 17.2765 7.15618 26
    endloop
  endfacet
  facet normal -0 0 -1
    outer loop
      vertex 17.2765 7.15618 26
      vertex 15.7521 6.52475 26
      vertex 17.0509 7.61371 26
    endloop
  endfacet
  facet normal 0 0 -1
    outer loop
      vertex 14.7657 8.525 26
      vertex 17.0509 7.61371 26
      vertex 15.7521 6.52475 26
    endloop
  endfacet
  facet normal 0 0 -1
    outer loop
      vertex 17.0509 7.61371 26
      vertex 14.7657 8.525 26
      vertex 16.1947 9.35 26
    endloop
  endfacet
  facet normal -0 0 -1
    outer loop
      vertex 16.1947 9.35 26
      vertex 14.7657 8.525 26
      vertex 15.9113 9.77417 26
    endloop
  endfacet
  facet normal 0 0 -1
    outer loop
      vertex 13.5267 10.3794 26
      vertex 15.9113 9.77417 26
      vertex 14.7657 8.525 26
    endloop
  endfacet
  facet normal 0 0 -1
    outer loop
      vertex 15.9113 9.77417 26
      vertex 13.5267 10.3794 26
      vertex 14.8357 11.3838 26
    endloop
  endfacet
  facet normal -0 0 -1
    outer loop
      vertex 14.8357 11.3838 26
      vertex 13.5267 10.3794 26
      vertex 13.5593 12.8393 26
    endloop
  endfacet
  facet normal 0 0 -1
    outer loop
      vertex 12.0562 12.0562 26
      vertex 13.5593 12.8393 26
      vertex 13.5267 10.3794 26
    endloop
  endfacet
  facet normal -0 0 -1
    outer loop
      vertex 13.5593 12.8393 26
      vertex 12.0562 12.0562 26
      vertex 13.2229 13.2229 26
    endloop
  endfacet
  facet normal -0 0 -1
    outer loop
      vertex 13.2229 13.2229 26
      vertex 12.0562 12.0562 26
      vertex 12.8393 13.5593 26
    endloop
  endfacet
  facet normal 0 0 -1
    outer loop
      vertex 10.3794 13.5267 26
      vertex 12.8393 13.5593 26
      vertex 12.0562 12.0562 26
    endloop
  endfacet
  facet normal -0 0 -1
    outer loop
      vertex 12.8393 13.5593 26
      vertex 10.3794 13.5267 26
      vertex 11.3838 14.8357 26
    endloop
  endfacet
  facet normal 0 0 -1
    outer loop
      vertex 10.3794 13.5267 26
      vertex 9.77417 15.9113 26
      vertex 11.3838 14.8357 26
    endloop
  endfacet
  facet normal 0 0 -1
    outer loop
      vertex 8.525 14.7657 26
      vertex 9.77417 15.9113 26
      vertex 10.3794 13.5267 26
    endloop
  endfacet
  facet normal -0 0 -1
    outer loop
      vertex 9.77417 15.9113 26
      vertex 8.525 14.7657 26
      vertex 9.35 16.1947 26
    endloop
  endfacet
  facet normal 0 0 -1
    outer loop
      vertex 8.525 14.7657 26
      vertex 7.61371 17.0509 26
      vertex 9.35 16.1947 26
    endloop
  endfacet
  facet normal 0 0 -1
    outer loop
      vertex 6.52475 15.7521 26
      vertex 7.61371 17.0509 26
      vertex 8.525 14.7657 26
    endloop
  endfacet
  facet normal -0 0 -1
    outer loop
      vertex 7.61371 17.0509 26
      vertex 6.52475 15.7521 26
      vertex 7.15618 17.2765 26
    endloop
  endfacet
  facet normal -0 0 -1
    outer loop
      vertex 7.15618 17.2765 26
      vertex 6.52475 15.7521 26
      vertex 6.67311 17.4405 26
    endloop
  endfacet
  facet normal 0 0 -1
    outer loop
      vertex 4.41286 16.469 26
      vertex 6.67311 17.4405 26
      vertex 6.52475 15.7521 26
    endloop
  endfacet
  facet normal -0 0 -1
    outer loop
      vertex 6.67311 17.4405 26
      vertex 4.41286 16.469 26
      vertex 4.83992 18.0628 26
    endloop
  endfacet
  facet normal 0 0 -1
    outer loop
      vertex 4.41286 16.469 26
      vertex 4.33957 18.1623 26
      vertex 4.83992 18.0628 26
    endloop
  endfacet
  facet normal 0 0 -1
    outer loop
      vertex 2.22547 16.9041 26
      vertex 4.33957 18.1623 26
      vertex 4.41286 16.469 26
    endloop
  endfacet
  facet normal -0 0 -1
    outer loop
      vertex 4.33957 18.1623 26
      vertex 2.22547 16.9041 26
      vertex 2.44084 18.54 26
    endloop
  endfacet
  facet normal 0 0 -1
    outer loop
      vertex 0.566744 17.75 26
      vertex 2.44084 18.54 26
      vertex 2.22547 16.9041 26
    endloop
  endfacet
  facet normal -0 0 -1
    outer loop
      vertex 2.44084 18.54 26
      vertex 0.566744 17.75 26
      vertex 0.566744 18.6629 26
    endloop
  endfacet
  facet normal 0 0 1
    outer loop
      vertex -0.566746 17.45 49
      vertex -1.5257 17.45 49
      vertex -0.566746 16.5 49
    endloop
  endfacet
  facet normal -0 0 1
    outer loop
      vertex 15.6648 2.06231 49
      vertex 17.4871 0.959367 49
      vertex 17.3999 2.29073 49
    endloop
  endfacet
  facet normal 0 0 1
    outer loop
      vertex 15.6648 2.06231 49
      vertex 17.3999 2.29073 49
      vertex 17.1396 3.59932 49
    endloop
  endfacet
  facet normal -0 0 1
    outer loop
      vertex 15.2616 4.08934 49
      vertex 17.1396 3.59932 49
      vertex 16.952 4.54227 49
    endloop
  endfacet
  facet normal 0 0 1
    outer loop
      vertex 15.2616 4.08934 49
      vertex 16.952 4.54227 49
      vertex 16.5231 5.80569 49
    endloop
  endfacet
  facet normal -0 0 1
    outer loop
      vertex 14.5973 6.0464 49
      vertex 16.5231 5.80569 49
      vertex 16.2141 6.71609 49
    endloop
  endfacet
  facet normal 0 -0 1
    outer loop
      vertex 15.8 0 49
      vertex 17.4871 0.959367 49
      vertex 15.6648 2.06231 49
    endloop
  endfacet
  facet normal 0 0 1
    outer loop
      vertex 14.5973 6.0464 49
      vertex 16.2141 6.71609 49
      vertex 15.7889 7.57837 49
    endloop
  endfacet
  facet normal 0 0 1
    outer loop
      vertex 17.4871 0.959367 49
      vertex 15.8 0 49
      vertex 17.55 0 49
    endloop
  endfacet
  facet normal 0 0 1
    outer loop
      vertex 17.1396 3.59932 49
      vertex 15.2616 4.08934 49
      vertex 15.6648 2.06231 49
    endloop
  endfacet
  facet normal -0 0 1
    outer loop
      vertex 13.6832 7.9 49
      vertex 15.7889 7.57837 49
      vertex 15.1987 8.775 49
    endloop
  endfacet
  facet normal 0 0 1
    outer loop
      vertex 13.6832 7.9 49
      vertex 15.1987 8.775 49
      vertex 14.6646 9.5744 49
    endloop
  endfacet
  facet normal 0 0 1
    outer loop
      vertex 16.5231 5.80569 49
      vertex 14.5973 6.0464 49
      vertex 15.2616 4.08934 49
    endloop
  endfacet
  facet normal -0 0 1
    outer loop
      vertex 12.535 9.61843 49
      vertex 14.6646 9.5744 49
      vertex 13.9234 10.6838 49
    endloop
  endfacet
  facet normal 0 0 1
    outer loop
      vertex 15.7889 7.57837 49
      vertex 13.6832 7.9 49
      vertex 14.5973 6.0464 49
    endloop
  endfacet
  facet normal 0 0 1
    outer loop
      vertex 12.535 9.61843 49
      vertex 13.9234 10.6838 49
      vertex 13.0436 11.6869 49
    endloop
  endfacet
  facet normal 0 0 1
    outer loop
      vertex 14.6646 9.5744 49
      vertex 12.535 9.61843 49
      vertex 13.6832 7.9 49
    endloop
  endfacet
  facet normal 0 0 1
    outer loop
      vertex 11.1723 11.1723 49
      vertex 13.0436 11.6869 49
      vertex 12.4097 12.4097 49
    endloop
  endfacet
  facet normal 0 0 1
    outer loop
      vertex 11.1723 11.1723 49
      vertex 12.4097 12.4097 49
      vertex 11.6869 13.0436 49
    endloop
  endfacet
  facet normal 0 0 1
    outer loop
      vertex 13.0436 11.6869 49
      vertex 11.1723 11.1723 49
      vertex 12.535 9.61843 49
    endloop
  endfacet
  facet normal 0 0 1
    outer loop
      vertex 9.61843 12.535 49
      vertex 11.6869 13.0436 49
      vertex 10.6838 13.9234 49
    endloop
  endfacet
  facet normal 0 0 1
    outer loop
      vertex 11.6869 13.0436 49
      vertex 9.61843 12.535 49
      vertex 11.1723 11.1723 49
    endloop
  endfacet
  facet normal 0 0 1
    outer loop
      vertex 9.5744 14.6646 49
      vertex 9.61843 12.535 49
      vertex 10.6838 13.9234 49
    endloop
  endfacet
  facet normal 0 0 1
    outer loop
      vertex 7.9 13.6832 49
      vertex 9.5744 14.6646 49
      vertex 8.775 15.1987 49
    endloop
  endfacet
  facet normal 0 0 1
    outer loop
      vertex 9.5744 14.6646 49
      vertex 7.9 13.6832 49
      vertex 9.61843 12.535 49
    endloop
  endfacet
  facet normal 0 0 1
    outer loop
      vertex 7.57837 15.7889 49
      vertex 7.9 13.6832 49
      vertex 8.775 15.1987 49
    endloop
  endfacet
  facet normal 0 0 1
    outer loop
      vertex 6.0464 14.5973 49
      vertex 7.57837 15.7889 49
      vertex 6.71609 16.2141 49
    endloop
  endfacet
  facet normal 0 0 1
    outer loop
      vertex 7.57837 15.7889 49
      vertex 6.0464 14.5973 49
      vertex 7.9 13.6832 49
    endloop
  endfacet
  facet normal 0 0 1
    outer loop
      vertex 5.80569 16.5231 49
      vertex 6.0464 14.5973 49
      vertex 6.71609 16.2141 49
    endloop
  endfacet
  facet normal 0 0 1
    outer loop
      vertex 4.08934 15.2616 49
      vertex 5.80569 16.5231 49
      vertex 4.54227 16.952 49
    endloop
  endfacet
  facet normal 0 0 1
    outer loop
      vertex 5.80569 16.5231 49
      vertex 4.08934 15.2616 49
      vertex 6.0464 14.5973 49
    endloop
  endfacet
  facet normal 0 0 1
    outer loop
      vertex 3.59932 17.1396 49
      vertex 4.08934 15.2616 49
      vertex 4.54227 16.952 49
    endloop
  endfacet
  facet normal 0 0 1
    outer loop
      vertex 2.06231 15.6648 49
      vertex 3.59932 17.1396 49
      vertex 2.29073 17.3999 49
    endloop
  endfacet
  facet normal 0 0 1
    outer loop
      vertex 3.59932 17.1396 49
      vertex 2.06231 15.6648 49
      vertex 4.08934 15.2616 49
    endloop
  endfacet
  facet normal 0 0 1
    outer loop
      vertex 1.5257 17.45 49
      vertex 2.06231 15.6648 49
      vertex 2.29073 17.3999 49
    endloop
  endfacet
  facet normal 0 0 1
    outer loop
      vertex 0.566746 16.5 49
      vertex 1.5257 17.45 49
      vertex 0.566746 17.45 49
    endloop
  endfacet
  facet normal 0 0 1
    outer loop
      vertex 1.5257 17.45 49
      vertex 0.566746 16.5 49
      vertex 2.06231 15.6648 49
    endloop
  endfacet
  facet normal 0 0 1
    outer loop
      vertex 0.566746 16.5 49
      vertex 0 15.8 49
      vertex 2.06231 15.6648 49
    endloop
  endfacet
  facet normal -0 0 1
    outer loop
      vertex -0.566746 16.5 49
      vertex 0 15.8 49
      vertex 0.566746 16.5 49
    endloop
  endfacet
  facet normal 0 0 1
    outer loop
      vertex -2.06231 15.6648 49
      vertex -0.566746 16.5 49
      vertex -1.5257 17.45 49
    endloop
  endfacet
  facet normal 0 0 1
    outer loop
      vertex -0.566746 16.5 49
      vertex -2.06231 15.6648 49
      vertex 0 15.8 49
    endloop
  endfacet
  facet normal -0 0 1
    outer loop
      vertex -2.29073 17.3999 49
      vertex -2.06231 15.6648 49
      vertex -1.5257 17.45 49
    endloop
  endfacet
  facet normal -0 0 1
    outer loop
      vertex -3.59932 17.1396 49
      vertex -2.06231 15.6648 49
      vertex -2.29073 17.3999 49
    endloop
  endfacet
  facet normal 0 0 1
    outer loop
      vertex -3.59932 17.1396 49
      vertex -4.08934 15.2616 49
      vertex -2.06231 15.6648 49
    endloop
  endfacet
  facet normal -0 0 1
    outer loop
      vertex -4.54227 16.952 49
      vertex -4.08934 15.2616 49
      vertex -3.59932 17.1396 49
    endloop
  endfacet
  facet normal -0 0 1
    outer loop
      vertex -5.80569 16.5231 49
      vertex -4.08934 15.2616 49
      vertex -4.54227 16.952 49
    endloop
  endfacet
  facet normal 0 0 1
    outer loop
      vertex -5.80569 16.5231 49
      vertex -6.0464 14.5973 49
      vertex -4.08934 15.2616 49
    endloop
  endfacet
  facet normal -0 0 1
    outer loop
      vertex -6.71609 16.2141 49
      vertex -6.0464 14.5973 49
      vertex -5.80569 16.5231 49
    endloop
  endfacet
  facet normal -0 0 1
    outer loop
      vertex -7.57837 15.7889 49
      vertex -6.0464 14.5973 49
      vertex -6.71609 16.2141 49
    endloop
  endfacet
  facet normal 0 0 1
    outer loop
      vertex -7.57837 15.7889 49
      vertex -7.9 13.6832 49
      vertex -6.0464 14.5973 49
    endloop
  endfacet
  facet normal -0 0 1
    outer loop
      vertex -8.775 15.1987 49
      vertex -7.9 13.6832 49
      vertex -7.57837 15.7889 49
    endloop
  endfacet
  facet normal -0 0 1
    outer loop
      vertex -9.5744 14.6646 49
      vertex -7.9 13.6832 49
      vertex -8.775 15.1987 49
    endloop
  endfacet
  facet normal 0 0 1
    outer loop
      vertex -9.5744 14.6646 49
      vertex -9.61843 12.535 49
      vertex -7.9 13.6832 49
    endloop
  endfacet
  facet normal -0 0 1
    outer loop
      vertex -10.6838 13.9234 49
      vertex -9.61843 12.535 49
      vertex -9.5744 14.6646 49
    endloop
  endfacet
  facet normal -0 0 1
    outer loop
      vertex -11.6869 13.0436 49
      vertex -9.61843 12.535 49
      vertex -10.6838 13.9234 49
    endloop
  endfacet
  facet normal 0 0 1
    outer loop
      vertex -9.61843 12.535 49
      vertex -11.6869 13.0436 49
      vertex -11.1723 11.1723 49
    endloop
  endfacet
  facet normal -0 0 1
    outer loop
      vertex -12.4097 12.4097 49
      vertex -11.1723 11.1723 49
      vertex -11.6869 13.0436 49
    endloop
  endfacet
  facet normal -0 0 1
    outer loop
      vertex -13.0436 11.6869 49
      vertex -11.1723 11.1723 49
      vertex -12.4097 12.4097 49
    endloop
  endfacet
  facet normal 0 0 1
    outer loop
      vertex -11.1723 11.1723 49
      vertex -13.0436 11.6869 49
      vertex -12.535 9.61843 49
    endloop
  endfacet
  facet normal -0 0 1
    outer loop
      vertex -13.9234 10.6838 49
      vertex -12.535 9.61843 49
      vertex -13.0436 11.6869 49
    endloop
  endfacet
  facet normal 0 0 1
    outer loop
      vertex -14.6646 9.5744 49
      vertex -12.535 9.61843 49
      vertex -13.9234 10.6838 49
    endloop
  endfacet
  facet normal 0 0 1
    outer loop
      vertex -12.535 9.61843 49
      vertex -14.6646 9.5744 49
      vertex -13.6832 7.9 49
    endloop
  endfacet
  facet normal -0 0 1
    outer loop
      vertex -15.1987 8.775 49
      vertex -13.6832 7.9 49
      vertex -14.6646 9.5744 49
    endloop
  endfacet
  facet normal 0 0 1
    outer loop
      vertex -15.7889 7.57837 49
      vertex -13.6832 7.9 49
      vertex -15.1987 8.775 49
    endloop
  endfacet
  facet normal 0 0 1
    outer loop
      vertex -13.6832 7.9 49
      vertex -15.7889 7.57837 49
      vertex -14.5973 6.0464 49
    endloop
  endfacet
  facet normal -0 0 1
    outer loop
      vertex -16.2141 6.71609 49
      vertex -14.5973 6.0464 49
      vertex -15.7889 7.57837 49
    endloop
  endfacet
  facet normal 0 0 1
    outer loop
      vertex -16.5231 5.80569 49
      vertex -14.5973 6.0464 49
      vertex -16.2141 6.71609 49
    endloop
  endfacet
  facet normal 0 0 1
    outer loop
      vertex -14.5973 6.0464 49
      vertex -16.5231 5.80569 49
      vertex -15.2616 4.08934 49
    endloop
  endfacet
  facet normal -0 0 1
    outer loop
      vertex -16.952 4.54227 49
      vertex -15.2616 4.08934 49
      vertex -16.5231 5.80569 49
    endloop
  endfacet
  facet normal 0 0 1
    outer loop
      vertex -17.1396 3.59932 49
      vertex -15.2616 4.08934 49
      vertex -16.952 4.54227 49
    endloop
  endfacet
  facet normal 0 0 1
    outer loop
      vertex -15.2616 4.08934 49
      vertex -17.1396 3.59932 49
      vertex -15.6648 2.06231 49
    endloop
  endfacet
  facet normal -0 0 1
    outer loop
      vertex -17.3999 2.29073 49
      vertex -15.6648 2.06231 49
      vertex -17.1396 3.59932 49
    endloop
  endfacet
  facet normal 0 0 1
    outer loop
      vertex -17.4871 0.959367 49
      vertex -15.6648 2.06231 49
      vertex -17.3999 2.29073 49
    endloop
  endfacet
  facet normal 0 0 1
    outer loop
      vertex -15.6648 2.06231 49
      vertex -17.4871 0.959367 49
      vertex -15.8 0 49
    endloop
  endfacet
  facet normal 0 0 1
    outer loop
      vertex -15.8 0 49
      vertex -17.4871 0.959367 49
      vertex -17.55 0 49
    endloop
  endfacet
  facet normal -0.997858 0.0654171 0
    outer loop
      vertex -15.8 0 49
      vertex -15.6648 2.06231 51
      vertex -15.6648 2.06231 49
    endloop
  endfacet
  facet normal -0.997858 0.0654171 0
    outer loop
      vertex -15.6648 2.06231 51
      vertex -15.8 0 49
      vertex -15.8 0 51
    endloop
  endfacet
  facet normal -0.980785 0.19509 0
    outer loop
      vertex -15.6648 2.06231 49
      vertex -15.2616 4.08934 51
      vertex -15.2616 4.08934 49
    endloop
  endfacet
  facet normal -0.980785 0.19509 0
    outer loop
      vertex -15.2616 4.08934 51
      vertex -15.6648 2.06231 49
      vertex -15.6648 2.06231 51
    endloop
  endfacet
  facet normal -0.946935 0.321425 0
    outer loop
      vertex -15.2616 4.08934 49
      vertex -14.5973 6.0464 51
      vertex -14.5973 6.0464 49
    endloop
  endfacet
  facet normal -0.946935 0.321425 0
    outer loop
      vertex -14.5973 6.0464 51
      vertex -15.2616 4.08934 49
      vertex -15.2616 4.08934 51
    endloop
  endfacet
  facet normal -0.896872 0.442291 0
    outer loop
      vertex -14.5973 6.0464 49
      vertex -13.6832 7.9 51
      vertex -13.6832 7.9 49
    endloop
  endfacet
  facet normal -0.896872 0.442291 0
    outer loop
      vertex -13.6832 7.9 51
      vertex -14.5973 6.0464 49
      vertex -14.5973 6.0464 51
    endloop
  endfacet
  facet normal -0.831474 0.555564 0
    outer loop
      vertex -13.6832 7.9 49
      vertex -12.535 9.61843 51
      vertex -12.535 9.61843 49
    endloop
  endfacet
  facet normal -0.831474 0.555564 0
    outer loop
      vertex -12.535 9.61843 51
      vertex -13.6832 7.9 49
      vertex -13.6832 7.9 51
    endloop
  endfacet
  facet normal -0.751842 0.659344 0
    outer loop
      vertex -12.535 9.61843 49
      vertex -11.1723 11.1723 51
      vertex -11.1723 11.1723 49
    endloop
  endfacet
  facet normal -0.751842 0.659344 0
    outer loop
      vertex -11.1723 11.1723 51
      vertex -12.535 9.61843 49
      vertex -12.535 9.61843 51
    endloop
  endfacet
  facet normal -0.659344 0.751842 0
    outer loop
      vertex -9.61843 12.535 49
      vertex -11.1723 11.1723 51
      vertex -9.61843 12.535 51
    endloop
  endfacet
  facet normal -0.659344 0.751842 0
    outer loop
      vertex -11.1723 11.1723 51
      vertex -9.61843 12.535 49
      vertex -11.1723 11.1723 49
    endloop
  endfacet
  facet normal -0.555564 0.831474 0
    outer loop
      vertex -7.9 13.6832 49
      vertex -9.61843 12.535 51
      vertex -7.9 13.6832 51
    endloop
  endfacet
  facet normal -0.555564 0.831474 0
    outer loop
      vertex -9.61843 12.535 51
      vertex -7.9 13.6832 49
      vertex -9.61843 12.535 49
    endloop
  endfacet
  facet normal -0.442291 0.896872 0
    outer loop
      vertex -6.0464 14.5973 49
      vertex -7.9 13.6832 51
      vertex -6.0464 14.5973 51
    endloop
  endfacet
  facet normal -0.442291 0.896872 0
    outer loop
      vertex -7.9 13.6832 51
      vertex -6.0464 14.5973 49
      vertex -7.9 13.6832 49
    endloop
  endfacet
  facet normal -0.321425 0.946935 0
    outer loop
      vertex -4.08934 15.2616 49
      vertex -6.0464 14.5973 51
      vertex -4.08934 15.2616 51
    endloop
  endfacet
  facet normal -0.321425 0.946935 0
    outer loop
      vertex -6.0464 14.5973 51
      vertex -4.08934 15.2616 49
      vertex -6.0464 14.5973 49
    endloop
  endfacet
  facet normal -0.19509 0.980785 0
    outer loop
      vertex -2.06231 15.6648 49
      vertex -4.08934 15.2616 51
      vertex -2.06231 15.6648 51
    endloop
  endfacet
  facet normal -0.19509 0.980785 0
    outer loop
      vertex -4.08934 15.2616 51
      vertex -2.06231 15.6648 49
      vertex -4.08934 15.2616 49
    endloop
  endfacet
  facet normal -0.0654171 0.997858 0
    outer loop
      vertex 0 15.8 49
      vertex -2.06231 15.6648 51
      vertex 0 15.8 51
    endloop
  endfacet
  facet normal -0.0654171 0.997858 0
    outer loop
      vertex -2.06231 15.6648 51
      vertex 0 15.8 49
      vertex -2.06231 15.6648 49
    endloop
  endfacet
  facet normal 0.0654171 0.997858 -0
    outer loop
      vertex 2.06231 15.6648 49
      vertex 0 15.8 51
      vertex 2.06231 15.6648 51
    endloop
  endfacet
  facet normal 0.0654171 0.997858 0
    outer loop
      vertex 0 15.8 51
      vertex 2.06231 15.6648 49
      vertex 0 15.8 49
    endloop
  endfacet
  facet normal 0.19509 0.980785 -0
    outer loop
      vertex 4.08934 15.2616 49
      vertex 2.06231 15.6648 51
      vertex 4.08934 15.2616 51
    endloop
  endfacet
  facet normal 0.19509 0.980785 0
    outer loop
      vertex 2.06231 15.6648 51
      vertex 4.08934 15.2616 49
      vertex 2.06231 15.6648 49
    endloop
  endfacet
  facet normal 0.321425 0.946935 -0
    outer loop
      vertex 6.0464 14.5973 49
      vertex 4.08934 15.2616 51
      vertex 6.0464 14.5973 51
    endloop
  endfacet
  facet normal 0.321425 0.946935 0
    outer loop
      vertex 4.08934 15.2616 51
      vertex 6.0464 14.5973 49
      vertex 4.08934 15.2616 49
    endloop
  endfacet
  facet normal 0.442291 0.896872 -0
    outer loop
      vertex 7.9 13.6832 49
      vertex 6.0464 14.5973 51
      vertex 7.9 13.6832 51
    endloop
  endfacet
  facet normal 0.442291 0.896872 0
    outer loop
      vertex 6.0464 14.5973 51
      vertex 7.9 13.6832 49
      vertex 6.0464 14.5973 49
    endloop
  endfacet
  facet normal 0.555564 0.831474 -0
    outer loop
      vertex 9.61843 12.535 49
      vertex 7.9 13.6832 51
      vertex 9.61843 12.535 51
    endloop
  endfacet
  facet normal 0.555564 0.831474 0
    outer loop
      vertex 7.9 13.6832 51
      vertex 9.61843 12.535 49
      vertex 7.9 13.6832 49
    endloop
  endfacet
  facet normal 0.659344 0.751842 -0
    outer loop
      vertex 11.1723 11.1723 49
      vertex 9.61843 12.535 51
      vertex 11.1723 11.1723 51
    endloop
  endfacet
  facet normal 0.659344 0.751842 0
    outer loop
      vertex 9.61843 12.535 51
      vertex 11.1723 11.1723 49
      vertex 9.61843 12.535 49
    endloop
  endfacet
  facet normal 0.751842 0.659344 0
    outer loop
      vertex 12.535 9.61843 51
      vertex 11.1723 11.1723 49
      vertex 11.1723 11.1723 51
    endloop
  endfacet
  facet normal 0.751842 0.659344 0
    outer loop
      vertex 11.1723 11.1723 49
      vertex 12.535 9.61843 51
      vertex 12.535 9.61843 49
    endloop
  endfacet
  facet normal 0.831474 0.555564 0
    outer loop
      vertex 13.6832 7.9 51
      vertex 12.535 9.61843 49
      vertex 12.535 9.61843 51
    endloop
  endfacet
  facet normal 0.831474 0.555564 0
    outer loop
      vertex 12.535 9.61843 49
      vertex 13.6832 7.9 51
      vertex 13.6832 7.9 49
    endloop
  endfacet
  facet normal 0.896872 0.442291 0
    outer loop
      vertex 14.5973 6.0464 51
      vertex 13.6832 7.9 49
      vertex 13.6832 7.9 51
    endloop
  endfacet
  facet normal 0.896872 0.442291 0
    outer loop
      vertex 13.6832 7.9 49
      vertex 14.5973 6.0464 51
      vertex 14.5973 6.0464 49
    endloop
  endfacet
  facet normal 0.946935 0.321425 0
    outer loop
      vertex 15.2616 4.08934 51
      vertex 14.5973 6.0464 49
      vertex 14.5973 6.0464 51
    endloop
  endfacet
  facet normal 0.946935 0.321425 0
    outer loop
      vertex 14.5973 6.0464 49
      vertex 15.2616 4.08934 51
      vertex 15.2616 4.08934 49
    endloop
  endfacet
  facet normal 0.980785 0.19509 0
    outer loop
      vertex 15.6648 2.06231 51
      vertex 15.2616 4.08934 49
      vertex 15.2616 4.08934 51
    endloop
  endfacet
  facet normal 0.980785 0.19509 0
    outer loop
      vertex 15.2616 4.08934 49
      vertex 15.6648 2.06231 51
      vertex 15.6648 2.06231 49
    endloop
  endfacet
  facet normal 0.997858 0.0654171 0
    outer loop
      vertex 15.8 0 51
      vertex 15.6648 2.06231 49
      vertex 15.6648 2.06231 51
    endloop
  endfacet
  facet normal 0.997858 0.0654171 0
    outer loop
      vertex 15.6648 2.06231 49
      vertex 15.8 0 51
      vertex 15.8 0 49
    endloop
  endfacet
  facet normal 0 0 -1
    outer loop
      vertex 15.8 0 51
      vertex 17.3846 0.998525 51
      vertex 17.45 0 51
    endloop
  endfacet
  facet normal 0 0 -1
    outer loop
      vertex 17.3846 0.998525 51
      vertex 15.6648 2.06231 51
      vertex 17.3007 2.27768 51
    endloop
  endfacet
  facet normal -0 0 -1
    outer loop
      vertex 17.3007 2.27768 51
      vertex 15.6648 2.06231 51
      vertex 17.0506 3.53495 51
    endloop
  endfacet
  facet normal 0 0 -1
    outer loop
      vertex 15.2616 4.08934 51
      vertex 17.0506 3.53495 51
      vertex 15.6648 2.06231 51
    endloop
  endfacet
  facet normal 0 0 -1
    outer loop
      vertex 17.0506 3.53495 51
      vertex 15.2616 4.08934 51
      vertex 16.8554 4.51639 51
    endloop
  endfacet
  facet normal -0 0 -1
    outer loop
      vertex 17.3846 0.998525 51
      vertex 15.8 0 51
      vertex 15.6648 2.06231 51
    endloop
  endfacet
  facet normal -0 0 -1
    outer loop
      vertex 16.8554 4.51639 51
      vertex 15.2616 4.08934 51
      vertex 16.4434 5.73026 51
    endloop
  endfacet
  facet normal 0 0 -1
    outer loop
      vertex 14.5973 6.0464 51
      vertex 16.4434 5.73026 51
      vertex 15.2616 4.08934 51
    endloop
  endfacet
  facet normal 0 0 -1
    outer loop
      vertex 16.4434 5.73026 51
      vertex 14.5973 6.0464 51
      vertex 16.1217 6.67783 51
    endloop
  endfacet
  facet normal -0 0 -1
    outer loop
      vertex 16.1217 6.67783 51
      vertex 14.5973 6.0464 51
      vertex 15.6791 7.5753 51
    endloop
  endfacet
  facet normal 0 0 -1
    outer loop
      vertex 13.6832 7.9 51
      vertex 15.6791 7.5753 51
      vertex 14.5973 6.0464 51
    endloop
  endfacet
  facet normal 0 0 -1
    outer loop
      vertex 15.6791 7.5753 51
      vertex 13.6832 7.9 51
      vertex 15.1121 8.725 51
    endloop
  endfacet
  facet normal -0 0 -1
    outer loop
      vertex 15.1121 8.725 51
      vertex 13.6832 7.9 51
      vertex 14.5562 9.55702 51
    endloop
  endfacet
  facet normal 0 0 -1
    outer loop
      vertex 12.535 9.61843 51
      vertex 14.5562 9.55702 51
      vertex 13.6832 7.9 51
    endloop
  endfacet
  facet normal 0 0 -1
    outer loop
      vertex 14.5562 9.55702 51
      vertex 12.535 9.61843 51
      vertex 13.844 10.6229 51
    endloop
  endfacet
  facet normal -0 0 -1
    outer loop
      vertex 13.844 10.6229 51
      vertex 12.535 9.61843 51
      vertex 12.9988 11.5867 51
    endloop
  endfacet
  facet normal 0 0 -1
    outer loop
      vertex 11.1723 11.1723 51
      vertex 12.9988 11.5867 51
      vertex 12.535 9.61843 51
    endloop
  endfacet
  facet normal -0 0 -1
    outer loop
      vertex 12.9988 11.5867 51
      vertex 11.1723 11.1723 51
      vertex 12.339 12.339 51
    endloop
  endfacet
  facet normal -0 0 -1
    outer loop
      vertex 12.339 12.339 51
      vertex 11.1723 11.1723 51
      vertex 11.5867 12.9988 51
    endloop
  endfacet
  facet normal 0 0 -1
    outer loop
      vertex 9.61843 12.535 51
      vertex 11.5867 12.9988 51
      vertex 11.1723 11.1723 51
    endloop
  endfacet
  facet normal -0 0 -1
    outer loop
      vertex 11.5867 12.9988 51
      vertex 9.61843 12.535 51
      vertex 10.6229 13.844 51
    endloop
  endfacet
  facet normal 0 0 -1
    outer loop
      vertex 9.61843 12.535 51
      vertex 9.55702 14.5562 51
      vertex 10.6229 13.844 51
    endloop
  endfacet
  facet normal 0 0 -1
    outer loop
      vertex 7.9 13.6832 51
      vertex 9.55702 14.5562 51
      vertex 9.61843 12.535 51
    endloop
  endfacet
  facet normal -0 0 -1
    outer loop
      vertex 9.55702 14.5562 51
      vertex 7.9 13.6832 51
      vertex 8.725 15.1121 51
    endloop
  endfacet
  facet normal 0 0 -1
    outer loop
      vertex 7.9 13.6832 51
      vertex 7.5753 15.6791 51
      vertex 8.725 15.1121 51
    endloop
  endfacet
  facet normal 0 0 -1
    outer loop
      vertex 6.0464 14.5973 51
      vertex 7.5753 15.6791 51
      vertex 7.9 13.6832 51
    endloop
  endfacet
  facet normal -0 0 -1
    outer loop
      vertex 7.5753 15.6791 51
      vertex 6.0464 14.5973 51
      vertex 6.67783 16.1217 51
    endloop
  endfacet
  facet normal 0 0 -1
    outer loop
      vertex 6.0464 14.5973 51
      vertex 5.73026 16.4434 51
      vertex 6.67783 16.1217 51
    endloop
  endfacet
  facet normal 0 0 -1
    outer loop
      vertex 4.08934 15.2616 51
      vertex 5.73026 16.4434 51
      vertex 6.0464 14.5973 51
    endloop
  endfacet
  facet normal -0 0 -1
    outer loop
      vertex 5.73026 16.4434 51
      vertex 4.08934 15.2616 51
      vertex 4.51639 16.8554 51
    endloop
  endfacet
  facet normal 0 0 -1
    outer loop
      vertex 4.08934 15.2616 51
      vertex 3.53495 17.0506 51
      vertex 4.51639 16.8554 51
    endloop
  endfacet
  facet normal 0 0 -1
    outer loop
      vertex 2.06231 15.6648 51
      vertex 3.53495 17.0506 51
      vertex 4.08934 15.2616 51
    endloop
  endfacet
  facet normal -0 0 -1
    outer loop
      vertex 3.53495 17.0506 51
      vertex 2.06231 15.6648 51
      vertex 2.27768 17.3007 51
    endloop
  endfacet
  facet normal 0 0 -1
    outer loop
      vertex 2.06231 15.6648 51
      vertex 0.998525 17.3846 51
      vertex 2.27768 17.3007 51
    endloop
  endfacet
  facet normal 0 0 -1
    outer loop
      vertex 2.06231 15.6648 51
      vertex 0.566744 16.5 51
      vertex 0.998525 17.3846 51
    endloop
  endfacet
  facet normal 0 0 -1
    outer loop
      vertex 0 15.8 51
      vertex 0.566744 16.5 51
      vertex 2.06231 15.6648 51
    endloop
  endfacet
  facet normal 0 0 -1
    outer loop
      vertex 0 15.8 51
      vertex -0.566744 16.5 51
      vertex 0.566744 16.5 51
    endloop
  endfacet
  facet normal 0 0 -1
    outer loop
      vertex -0.566744 16.5 51
      vertex -0.998525 17.3846 51
      vertex -0.566744 17.4129 51
    endloop
  endfacet
  facet normal 0 0 -1
    outer loop
      vertex -2.06231 15.6648 51
      vertex -0.566744 16.5 51
      vertex 0 15.8 51
    endloop
  endfacet
  facet normal 0 0 -1
    outer loop
      vertex -2.06231 15.6648 51
      vertex -0.998525 17.3846 51
      vertex -0.566744 16.5 51
    endloop
  endfacet
  facet normal 0 0 -1
    outer loop
      vertex -2.06231 15.6648 51
      vertex -2.27768 17.3007 51
      vertex -0.998525 17.3846 51
    endloop
  endfacet
  facet normal 0 0 -1
    outer loop
      vertex -2.06231 15.6648 51
      vertex -3.53495 17.0506 51
      vertex -2.27768 17.3007 51
    endloop
  endfacet
  facet normal 0 0 -1
    outer loop
      vertex -4.08934 15.2616 51
      vertex -3.53495 17.0506 51
      vertex -2.06231 15.6648 51
    endloop
  endfacet
  facet normal 0 0 -1
    outer loop
      vertex -4.08934 15.2616 51
      vertex -4.51639 16.8554 51
      vertex -3.53495 17.0506 51
    endloop
  endfacet
  facet normal 0 0 -1
    outer loop
      vertex -4.08934 15.2616 51
      vertex -5.73026 16.4434 51
      vertex -4.51639 16.8554 51
    endloop
  endfacet
  facet normal 0 0 -1
    outer loop
      vertex -6.0464 14.5973 51
      vertex -5.73026 16.4434 51
      vertex -4.08934 15.2616 51
    endloop
  endfacet
  facet normal 0 0 -1
    outer loop
      vertex -6.0464 14.5973 51
      vertex -6.67783 16.1217 51
      vertex -5.73026 16.4434 51
    endloop
  endfacet
  facet normal 0 0 -1
    outer loop
      vertex -6.0464 14.5973 51
      vertex -7.5753 15.6791 51
      vertex -6.67783 16.1217 51
    endloop
  endfacet
  facet normal 0 0 -1
    outer loop
      vertex -7.9 13.6832 51
      vertex -7.5753 15.6791 51
      vertex -6.0464 14.5973 51
    endloop
  endfacet
  facet normal 0 0 -1
    outer loop
      vertex -7.9 13.6832 51
      vertex -8.725 15.1121 51
      vertex -7.5753 15.6791 51
    endloop
  endfacet
  facet normal 0 0 -1
    outer loop
      vertex -7.9 13.6832 51
      vertex -9.55702 14.5562 51
      vertex -8.725 15.1121 51
    endloop
  endfacet
  facet normal 0 0 -1
    outer loop
      vertex -9.61843 12.535 51
      vertex -9.55702 14.5562 51
      vertex -7.9 13.6832 51
    endloop
  endfacet
  facet normal 0 0 -1
    outer loop
      vertex -9.61843 12.535 51
      vertex -10.6229 13.844 51
      vertex -9.55702 14.5562 51
    endloop
  endfacet
  facet normal 0 0 -1
    outer loop
      vertex -11.5867 12.9988 51
      vertex -9.61843 12.535 51
      vertex -11.1723 11.1723 51
    endloop
  endfacet
  facet normal 0 0 -1
    outer loop
      vertex -9.61843 12.535 51
      vertex -11.5867 12.9988 51
      vertex -10.6229 13.844 51
    endloop
  endfacet
  facet normal 0 0 -1
    outer loop
      vertex -11.1723 11.1723 51
      vertex -12.339 12.339 51
      vertex -11.5867 12.9988 51
    endloop
  endfacet
  facet normal 0 0 -1
    outer loop
      vertex -12.9988 11.5867 51
      vertex -11.1723 11.1723 51
      vertex -12.535 9.61843 51
    endloop
  endfacet
  facet normal 0 0 -1
    outer loop
      vertex -11.1723 11.1723 51
      vertex -12.9988 11.5867 51
      vertex -12.339 12.339 51
    endloop
  endfacet
  facet normal 0 0 -1
    outer loop
      vertex -14.5562 9.55702 51
      vertex -12.535 9.61843 51
      vertex -13.6832 7.9 51
    endloop
  endfacet
  facet normal 0 0 -1
    outer loop
      vertex -12.535 9.61843 51
      vertex -13.844 10.6229 51
      vertex -12.9988 11.5867 51
    endloop
  endfacet
  facet normal -0 0 -1
    outer loop
      vertex -12.535 9.61843 51
      vertex -14.5562 9.55702 51
      vertex -13.844 10.6229 51
    endloop
  endfacet
  facet normal 0 0 -1
    outer loop
      vertex -15.6791 7.5753 51
      vertex -13.6832 7.9 51
      vertex -14.5973 6.0464 51
    endloop
  endfacet
  facet normal 0 0 -1
    outer loop
      vertex -13.6832 7.9 51
      vertex -15.1121 8.725 51
      vertex -14.5562 9.55702 51
    endloop
  endfacet
  facet normal 0 0 -1
    outer loop
      vertex -16.4434 5.73026 51
      vertex -14.5973 6.0464 51
      vertex -15.2616 4.08934 51
    endloop
  endfacet
  facet normal 0 0 -1
    outer loop
      vertex -17.0506 3.53495 51
      vertex -15.2616 4.08934 51
      vertex -15.6648 2.06231 51
    endloop
  endfacet
  facet normal -0 0 -1
    outer loop
      vertex -13.6832 7.9 51
      vertex -15.6791 7.5753 51
      vertex -15.1121 8.725 51
    endloop
  endfacet
  facet normal 0 0 -1
    outer loop
      vertex -17.3846 0.998525 51
      vertex -15.6648 2.06231 51
      vertex -15.8 0 51
    endloop
  endfacet
  facet normal 0 0 -1
    outer loop
      vertex -14.5973 6.0464 51
      vertex -16.1217 6.67783 51
      vertex -15.6791 7.5753 51
    endloop
  endfacet
  facet normal -0 0 -1
    outer loop
      vertex -14.5973 6.0464 51
      vertex -16.4434 5.73026 51
      vertex -16.1217 6.67783 51
    endloop
  endfacet
  facet normal 0 0 -1
    outer loop
      vertex -15.2616 4.08934 51
      vertex -16.8554 4.51639 51
      vertex -16.4434 5.73026 51
    endloop
  endfacet
  facet normal -0 0 -1
    outer loop
      vertex -15.2616 4.08934 51
      vertex -17.0506 3.53495 51
      vertex -16.8554 4.51639 51
    endloop
  endfacet
  facet normal 0 0 -1
    outer loop
      vertex -15.6648 2.06231 51
      vertex -17.3007 2.27768 51
      vertex -17.0506 3.53495 51
    endloop
  endfacet
  facet normal -0 0 -1
    outer loop
      vertex -15.6648 2.06231 51
      vertex -17.3846 0.998525 51
      vertex -17.3007 2.27768 51
    endloop
  endfacet
  facet normal 0 -0 -1
    outer loop
      vertex -17.3846 0.998525 51
      vertex -15.8 0 51
      vertex -17.45 0 51
    endloop
  endfacet
  facet normal -0 0 -1
    outer loop
      vertex 0.998525 17.3846 51
      vertex 0.566744 16.5 51
      vertex 0.566744 17.4129 51
    endloop
  endfacet
  facet normal -0 0 1
    outer loop
      vertex -13.3096 9.35725 74
      vertex -13 6.46524 74
      vertex -13 9.82053 74
    endloop
  endfacet
  facet normal -0 0 1
    outer loop
      vertex -14.1162 8.15 74
      vertex -13 6.46524 74
      vertex -13.3096 9.35725 74
    endloop
  endfacet
  facet normal -0 0 1
    outer loop
      vertex -14.4171 7.53995 74
      vertex -13 6.46524 74
      vertex -14.1162 8.15 74
    endloop
  endfacet
  facet normal 0 0 1
    outer loop
      vertex -15.0592 6.23774 74
      vertex -13 6.46524 74
      vertex -14.4171 7.53995 74
    endloop
  endfacet
  facet normal 0 0 1
    outer loop
      vertex -13 6.46524 74
      vertex -15.0592 6.23774 74
      vertex -13.4424 5.56804 74
    endloop
  endfacet
  facet normal 0 0 1
    outer loop
      vertex -15.5259 4.86284 74
      vertex -13.4424 5.56804 74
      vertex -15.0592 6.23774 74
    endloop
  endfacet
  facet normal 0 0 1
    outer loop
      vertex -13.4424 5.56804 74
      vertex -15.5259 4.86284 74
      vertex -14.0542 3.76582 74
    endloop
  endfacet
  facet normal -0 0 1
    outer loop
      vertex -15.7446 4.21875 74
      vertex -14.0542 3.76582 74
      vertex -15.5259 4.86284 74
    endloop
  endfacet
  facet normal 0 0 1
    outer loop
      vertex -16.0279 2.7947 74
      vertex -14.0542 3.76582 74
      vertex -15.7446 4.21875 74
    endloop
  endfacet
  facet normal 0 0 1
    outer loop
      vertex -14.0542 3.76582 74
      vertex -16.0279 2.7947 74
      vertex -14.4255 1.89916 74
    endloop
  endfacet
  facet normal -0 0 1
    outer loop
      vertex -16.1606 2.12758 74
      vertex -14.4255 1.89916 74
      vertex -16.0279 2.7947 74
    endloop
  endfacet
  facet normal 0 0 1
    outer loop
      vertex -16.205 1.44884 74
      vertex -14.4255 1.89916 74
      vertex -16.1606 2.12758 74
    endloop
  endfacet
  facet normal 0 0 1
    outer loop
      vertex -14.4255 1.89916 74
      vertex -16.205 1.44884 74
      vertex -14.55 0 74
    endloop
  endfacet
  facet normal 0 0 1
    outer loop
      vertex -14.55 0 74
      vertex -16.205 1.44884 74
      vertex -16.3 0 74
    endloop
  endfacet
  facet normal -0 0 1
    outer loop
      vertex 14.4255 1.89916 74
      vertex 16.205 1.44884 74
      vertex 16.1606 2.12758 74
    endloop
  endfacet
  facet normal 0 0 1
    outer loop
      vertex 14.4255 1.89916 74
      vertex 16.1606 2.12758 74
      vertex 16.0279 2.7947 74
    endloop
  endfacet
  facet normal -0 0 1
    outer loop
      vertex 14.0542 3.76582 74
      vertex 16.0279 2.7947 74
      vertex 15.7446 4.21875 74
    endloop
  endfacet
  facet normal 0 0 1
    outer loop
      vertex 14.0542 3.76582 74
      vertex 15.7446 4.21875 74
      vertex 15.5259 4.86284 74
    endloop
  endfacet
  facet normal -0 0 1
    outer loop
      vertex 13.4424 5.56804 74
      vertex 15.5259 4.86284 74
      vertex 15.0592 6.23774 74
    endloop
  endfacet
  facet normal 0 -0 1
    outer loop
      vertex 14.55 0 74
      vertex 16.205 1.44884 74
      vertex 14.4255 1.89916 74
    endloop
  endfacet
  facet normal 0 0 1
    outer loop
      vertex 16.205 1.44884 74
      vertex 14.55 0 74
      vertex 16.3 0 74
    endloop
  endfacet
  facet normal -0 0 1
    outer loop
      vertex 13 6.46524 74
      vertex 15.0592 6.23774 74
      vertex 14.4171 7.53995 74
    endloop
  endfacet
  facet normal 0 0 1
    outer loop
      vertex 13 6.46524 74
      vertex 14.4171 7.53995 74
      vertex 14.1162 8.15 74
    endloop
  endfacet
  facet normal 0 0 1
    outer loop
      vertex 16.0279 2.7947 74
      vertex 14.0542 3.76582 74
      vertex 14.4255 1.89916 74
    endloop
  endfacet
  facet normal 0 0 1
    outer loop
      vertex 15.5259 4.86284 74
      vertex 13.4424 5.56804 74
      vertex 14.0542 3.76582 74
    endloop
  endfacet
  facet normal 0 0 1
    outer loop
      vertex 13 6.46524 74
      vertex 14.1162 8.15 74
      vertex 13.3096 9.35725 74
    endloop
  endfacet
  facet normal 0 0 1
    outer loop
      vertex 13 6.46524 74
      vertex 13.3096 9.35725 74
      vertex 13 9.82053 74
    endloop
  endfacet
  facet normal 0 0 1
    outer loop
      vertex 15.0592 6.23774 74
      vertex 13 6.46524 74
      vertex 13.4424 5.56804 74
    endloop
  endfacet
  facet normal -0.997858 0.0654149 0
    outer loop
      vertex -14.55 0 74
      vertex -14.4255 1.89916 76
      vertex -14.4255 1.89916 74
    endloop
  endfacet
  facet normal -0.997858 0.0654149 0
    outer loop
      vertex -14.4255 1.89916 76
      vertex -14.55 0 74
      vertex -14.55 0 76
    endloop
  endfacet
  facet normal -0.980785 0.195089 0
    outer loop
      vertex -14.4255 1.89916 74
      vertex -14.0542 3.76582 76
      vertex -14.0542 3.76582 74
    endloop
  endfacet
  facet normal -0.980785 0.195089 0
    outer loop
      vertex -14.0542 3.76582 76
      vertex -14.4255 1.89916 74
      vertex -14.4255 1.89916 76
    endloop
  endfacet
  facet normal -0.946926 0.321453 0
    outer loop
      vertex -14.0542 3.76582 74
      vertex -13.4424 5.56804 76
      vertex -13.4424 5.56804 74
    endloop
  endfacet
  facet normal -0.946926 0.321453 0
    outer loop
      vertex -13.4424 5.56804 76
      vertex -14.0542 3.76582 74
      vertex -14.0542 3.76582 76
    endloop
  endfacet
  facet normal -0.896893 0.442248 0
    outer loop
      vertex -13 6.46524 74
      vertex -13.4424 5.56804 74
      vertex -13 6.46524 75
    endloop
  endfacet
  facet normal -0.896886 0.442262 0
    outer loop
      vertex -13 6.46524 75
      vertex -12.6007 7.275 76
      vertex -12.6007 7.275 75
    endloop
  endfacet
  facet normal -0.896893 0.442248 0
    outer loop
      vertex -13.4424 5.56804 76
      vertex -13 6.46524 75
      vertex -13.4424 5.56804 74
    endloop
  endfacet
  facet normal -0.896889 0.442255 7.42749e-06
    outer loop
      vertex -13 6.46524 75
      vertex -13.4424 5.56804 76
      vertex -12.6007 7.275 76
    endloop
  endfacet
  facet normal -0.831465 0.555578 0
    outer loop
      vertex -12.6007 7.275 75
      vertex -11.5433 8.85748 76
      vertex -11.5433 8.85748 75
    endloop
  endfacet
  facet normal -0.831465 0.555578 0
    outer loop
      vertex -11.5433 8.85748 76
      vertex -12.6007 7.275 75
      vertex -12.6007 7.275 76
    endloop
  endfacet
  facet normal -0.751835 0.659351 0
    outer loop
      vertex -11.5433 8.85748 75
      vertex -10.2884 10.2884 76
      vertex -10.2884 10.2884 75
    endloop
  endfacet
  facet normal -0.751835 0.659351 0
    outer loop
      vertex -10.2884 10.2884 76
      vertex -11.5433 8.85748 75
      vertex -11.5433 8.85748 76
    endloop
  endfacet
  facet normal -0.659351 0.751835 0
    outer loop
      vertex -8.85748 11.5433 75
      vertex -10.2884 10.2884 76
      vertex -8.85748 11.5433 76
    endloop
  endfacet
  facet normal -0.659351 0.751835 0
    outer loop
      vertex -10.2884 10.2884 76
      vertex -8.85748 11.5433 75
      vertex -10.2884 10.2884 75
    endloop
  endfacet
  facet normal -0.555578 0.831465 0
    outer loop
      vertex -7.275 12.6007 75
      vertex -8.85748 11.5433 76
      vertex -7.275 12.6007 76
    endloop
  endfacet
  facet normal -0.555578 0.831465 0
    outer loop
      vertex -8.85748 11.5433 76
      vertex -7.275 12.6007 75
      vertex -8.85748 11.5433 75
    endloop
  endfacet
  facet normal -0.442255 0.896889 0
    outer loop
      vertex -5.56804 13.4424 75
      vertex -7.275 12.6007 76
      vertex -5.56804 13.4424 76
    endloop
  endfacet
  facet normal -0.442255 0.896889 0
    outer loop
      vertex -7.275 12.6007 76
      vertex -5.56804 13.4424 75
      vertex -7.275 12.6007 75
    endloop
  endfacet
  facet normal -0.321453 0.946926 0
    outer loop
      vertex -3.76582 14.0542 75
      vertex -5.56804 13.4424 76
      vertex -3.76582 14.0542 76
    endloop
  endfacet
  facet normal -0.321453 0.946926 0
    outer loop
      vertex -5.56804 13.4424 76
      vertex -3.76582 14.0542 75
      vertex -5.56804 13.4424 75
    endloop
  endfacet
  facet normal -0.195089 0.980785 0
    outer loop
      vertex -1.89916 14.4255 75
      vertex -3.76582 14.0542 76
      vertex -1.89916 14.4255 76
    endloop
  endfacet
  facet normal -0.195089 0.980785 0
    outer loop
      vertex -3.76582 14.0542 76
      vertex -1.89916 14.4255 75
      vertex -3.76582 14.0542 75
    endloop
  endfacet
  facet normal -0.0654149 0.997858 0
    outer loop
      vertex 0 14.55 75
      vertex -1.89916 14.4255 76
      vertex 0 14.55 76
    endloop
  endfacet
  facet normal -0.0654149 0.997858 0
    outer loop
      vertex -1.89916 14.4255 76
      vertex 0 14.55 75
      vertex -1.89916 14.4255 75
    endloop
  endfacet
  facet normal 0.0654149 0.997858 -0
    outer loop
      vertex 1.89916 14.4255 75
      vertex 0 14.55 76
      vertex 1.89916 14.4255 76
    endloop
  endfacet
  facet normal 0.0654149 0.997858 0
    outer loop
      vertex 0 14.55 76
      vertex 1.89916 14.4255 75
      vertex 0 14.55 75
    endloop
  endfacet
  facet normal 0.195089 0.980785 -0
    outer loop
      vertex 3.76582 14.0542 75
      vertex 1.89916 14.4255 76
      vertex 3.76582 14.0542 76
    endloop
  endfacet
  facet normal 0.195089 0.980785 0
    outer loop
      vertex 1.89916 14.4255 76
      vertex 3.76582 14.0542 75
      vertex 1.89916 14.4255 75
    endloop
  endfacet
  facet normal 0.321453 0.946926 -0
    outer loop
      vertex 5.56804 13.4424 75
      vertex 3.76582 14.0542 76
      vertex 5.56804 13.4424 76
    endloop
  endfacet
  facet normal 0.321453 0.946926 0
    outer loop
      vertex 3.76582 14.0542 76
      vertex 5.56804 13.4424 75
      vertex 3.76582 14.0542 75
    endloop
  endfacet
  facet normal 0.442255 0.896889 -0
    outer loop
      vertex 7.275 12.6007 75
      vertex 5.56804 13.4424 76
      vertex 7.275 12.6007 76
    endloop
  endfacet
  facet normal 0.442255 0.896889 0
    outer loop
      vertex 5.56804 13.4424 76
      vertex 7.275 12.6007 75
      vertex 5.56804 13.4424 75
    endloop
  endfacet
  facet normal 0.555578 0.831465 -0
    outer loop
      vertex 8.85748 11.5433 75
      vertex 7.275 12.6007 76
      vertex 8.85748 11.5433 76
    endloop
  endfacet
  facet normal 0.555578 0.831465 0
    outer loop
      vertex 7.275 12.6007 76
      vertex 8.85748 11.5433 75
      vertex 7.275 12.6007 75
    endloop
  endfacet
  facet normal 0.659351 0.751835 -0
    outer loop
      vertex 10.2884 10.2884 75
      vertex 8.85748 11.5433 76
      vertex 10.2884 10.2884 76
    endloop
  endfacet
  facet normal 0.659351 0.751835 0
    outer loop
      vertex 8.85748 11.5433 76
      vertex 10.2884 10.2884 75
      vertex 8.85748 11.5433 75
    endloop
  endfacet
  facet normal 0.751835 0.659351 0
    outer loop
      vertex 11.5433 8.85748 76
      vertex 10.2884 10.2884 75
      vertex 10.2884 10.2884 76
    endloop
  endfacet
  facet normal 0.751835 0.659351 0
    outer loop
      vertex 10.2884 10.2884 75
      vertex 11.5433 8.85748 76
      vertex 11.5433 8.85748 75
    endloop
  endfacet
  facet normal 0.831465 0.555578 0
    outer loop
      vertex 12.6007 7.275 76
      vertex 11.5433 8.85748 75
      vertex 11.5433 8.85748 76
    endloop
  endfacet
  facet normal 0.831465 0.555578 0
    outer loop
      vertex 11.5433 8.85748 75
      vertex 12.6007 7.275 76
      vertex 12.6007 7.275 75
    endloop
  endfacet
  facet normal 0.896886 0.442262 0
    outer loop
      vertex 12.6007 7.275 76
      vertex 13 6.46524 75
      vertex 12.6007 7.275 75
    endloop
  endfacet
  facet normal 0.896889 0.442255 7.42749e-06
    outer loop
      vertex 13.4424 5.56804 76
      vertex 13 6.46524 75
      vertex 12.6007 7.275 76
    endloop
  endfacet
  facet normal 0.896893 0.442248 -0
    outer loop
      vertex 13.4424 5.56804 74
      vertex 13 6.46524 75
      vertex 13.4424 5.56804 76
    endloop
  endfacet
  facet normal 0.896893 0.442248 0
    outer loop
      vertex 13 6.46524 75
      vertex 13.4424 5.56804 74
      vertex 13 6.46524 74
    endloop
  endfacet
  facet normal 0.946926 0.321453 0
    outer loop
      vertex 14.0542 3.76582 76
      vertex 13.4424 5.56804 74
      vertex 13.4424 5.56804 76
    endloop
  endfacet
  facet normal 0.946926 0.321453 0
    outer loop
      vertex 13.4424 5.56804 74
      vertex 14.0542 3.76582 76
      vertex 14.0542 3.76582 74
    endloop
  endfacet
  facet normal 0.980785 0.195089 0
    outer loop
      vertex 14.4255 1.89916 76
      vertex 14.0542 3.76582 74
      vertex 14.0542 3.76582 76
    endloop
  endfacet
  facet normal 0.980785 0.195089 0
    outer loop
      vertex 14.0542 3.76582 74
      vertex 14.4255 1.89916 76
      vertex 14.4255 1.89916 74
    endloop
  endfacet
  facet normal 0.997858 0.0654149 0
    outer loop
      vertex 14.55 0 76
      vertex 14.4255 1.89916 74
      vertex 14.4255 1.89916 76
    endloop
  endfacet
  facet normal 0.997858 0.0654149 0
    outer loop
      vertex 14.4255 1.89916 74
      vertex 14.55 0 76
      vertex 14.55 0 74
    endloop
  endfacet
  facet normal 0 0 -1
    outer loop
      vertex 14.4255 1.89916 76
      vertex 16.0614 2.11452 76
      vertex 16.1025 1.488 76
    endloop
  endfacet
  facet normal 0 0 -1
    outer loop
      vertex 14.55 0 76
      vertex 16.1025 1.488 76
      vertex 16.2 0 76
    endloop
  endfacet
  facet normal -0 0 -1
    outer loop
      vertex 16.0614 2.11452 76
      vertex 14.4255 1.89916 76
      vertex 15.9389 2.73033 76
    endloop
  endfacet
  facet normal 0 0 -1
    outer loop
      vertex 14.0542 3.76582 76
      vertex 15.9389 2.73033 76
      vertex 14.4255 1.89916 76
    endloop
  endfacet
  facet normal 0 0 -1
    outer loop
      vertex 15.9389 2.73033 76
      vertex 14.0542 3.76582 76
      vertex 15.648 4.19287 76
    endloop
  endfacet
  facet normal -0 0 -1
    outer loop
      vertex 16.1025 1.488 76
      vertex 14.55 0 76
      vertex 14.4255 1.89916 76
    endloop
  endfacet
  facet normal -0 0 -1
    outer loop
      vertex 15.648 4.19287 76
      vertex 14.0542 3.76582 76
      vertex 15.4462 4.78742 76
    endloop
  endfacet
  facet normal 0 0 -1
    outer loop
      vertex 13.4424 5.56804 76
      vertex 15.4462 4.78742 76
      vertex 14.0542 3.76582 76
    endloop
  endfacet
  facet normal 0 0 -1
    outer loop
      vertex 15.4462 4.78742 76
      vertex 13.4424 5.56804 76
      vertex 14.9668 6.19947 76
    endloop
  endfacet
  facet normal -0 0 -1
    outer loop
      vertex 14.9668 6.19947 76
      vertex 13.4424 5.56804 76
      vertex 14.3073 7.53688 76
    endloop
  endfacet
  facet normal 0 0 -1
    outer loop
      vertex 12.6007 7.275 76
      vertex 14.3073 7.53688 76
      vertex 13.4424 5.56804 76
    endloop
  endfacet
  facet normal -0 0 -1
    outer loop
      vertex 14.3073 7.53688 76
      vertex 12.6007 7.275 76
      vertex 14.0296 8.1 76
    endloop
  endfacet
  facet normal -0 0 -1
    outer loop
      vertex 14.0296 8.1 76
      vertex 12.6007 7.275 76
      vertex 13.2011 9.33988 76
    endloop
  endfacet
  facet normal 0 0 -1
    outer loop
      vertex 11.5433 8.85748 76
      vertex 13.2011 9.33988 76
      vertex 12.6007 7.275 76
    endloop
  endfacet
  facet normal -0 0 -1
    outer loop
      vertex 13.2011 9.33988 76
      vertex 11.5433 8.85748 76
      vertex 12.8523 9.86193 76
    endloop
  endfacet
  facet normal -0 0 -1
    outer loop
      vertex 12.8523 9.86193 76
      vertex 11.5433 8.85748 76
      vertex 12.4383 10.334 76
    endloop
  endfacet
  facet normal 0 0 -1
    outer loop
      vertex 10.2884 10.2884 76
      vertex 12.4383 10.334 76
      vertex 11.5433 8.85748 76
    endloop
  endfacet
  facet normal -0 0 -1
    outer loop
      vertex 12.4383 10.334 76
      vertex 10.2884 10.2884 76
      vertex 11.4551 11.4551 76
    endloop
  endfacet
  facet normal -0 0 -1
    outer loop
      vertex 11.4551 11.4551 76
      vertex 10.2884 10.2884 76
      vertex 10.334 12.4383 76
    endloop
  endfacet
  facet normal 0 0 -1
    outer loop
      vertex 8.85748 11.5433 76
      vertex 10.334 12.4383 76
      vertex 10.2884 10.2884 76
    endloop
  endfacet
  facet normal -0 0 -1
    outer loop
      vertex 10.334 12.4383 76
      vertex 8.85748 11.5433 76
      vertex 9.86193 12.8523 76
    endloop
  endfacet
  facet normal -0 0 -1
    outer loop
      vertex 9.86193 12.8523 76
      vertex 8.85748 11.5433 76
      vertex 9.33988 13.2011 76
    endloop
  endfacet
  facet normal 0 0 -1
    outer loop
      vertex 7.275 12.6007 76
      vertex 9.33988 13.2011 76
      vertex 8.85748 11.5433 76
    endloop
  endfacet
  facet normal -0 0 -1
    outer loop
      vertex 9.33988 13.2011 76
      vertex 7.275 12.6007 76
      vertex 8.1 14.0296 76
    endloop
  endfacet
  facet normal -0 0 -1
    outer loop
      vertex 8.1 14.0296 76
      vertex 7.275 12.6007 76
      vertex 7.53688 14.3073 76
    endloop
  endfacet
  facet normal 0 0 -1
    outer loop
      vertex 5.56804 13.4424 76
      vertex 7.53688 14.3073 76
      vertex 7.275 12.6007 76
    endloop
  endfacet
  facet normal -0 0 -1
    outer loop
      vertex 7.53688 14.3073 76
      vertex 5.56804 13.4424 76
      vertex 6.19947 14.9668 76
    endloop
  endfacet
  facet normal 0 0 -1
    outer loop
      vertex 5.56804 13.4424 76
      vertex 4.78742 15.4462 76
      vertex 6.19947 14.9668 76
    endloop
  endfacet
  facet normal 0 0 -1
    outer loop
      vertex 3.76582 14.0542 76
      vertex 4.78742 15.4462 76
      vertex 5.56804 13.4424 76
    endloop
  endfacet
  facet normal -0 0 -1
    outer loop
      vertex 4.78742 15.4462 76
      vertex 3.76582 14.0542 76
      vertex 4.19287 15.648 76
    endloop
  endfacet
  facet normal 0 0 -1
    outer loop
      vertex 3.76582 14.0542 76
      vertex 2.73033 15.9389 76
      vertex 4.19287 15.648 76
    endloop
  endfacet
  facet normal 0 0 -1
    outer loop
      vertex 1.89916 14.4255 76
      vertex 2.73033 15.9389 76
      vertex 3.76582 14.0542 76
    endloop
  endfacet
  facet normal -0 0 -1
    outer loop
      vertex 2.73033 15.9389 76
      vertex 1.89916 14.4255 76
      vertex 2.11452 16.0614 76
    endloop
  endfacet
  facet normal 0 0 -1
    outer loop
      vertex 1.89916 14.4255 76
      vertex 1.488 16.1025 76
      vertex 2.11452 16.0614 76
    endloop
  endfacet
  facet normal 0 0 -1
    outer loop
      vertex 1.89916 14.4255 76
      vertex 0.566744 15.25 76
      vertex 1.488 16.1025 76
    endloop
  endfacet
  facet normal 0 0 -1
    outer loop
      vertex 0 14.55 76
      vertex 0.566744 15.25 76
      vertex 1.89916 14.4255 76
    endloop
  endfacet
  facet normal 0 0 -1
    outer loop
      vertex 0 14.55 76
      vertex -0.566744 15.25 76
      vertex 0.566744 15.25 76
    endloop
  endfacet
  facet normal 0 0 -1
    outer loop
      vertex -0.566744 15.25 76
      vertex -1.488 16.1025 76
      vertex -0.566744 16.1629 76
    endloop
  endfacet
  facet normal 0 0 -1
    outer loop
      vertex -1.89916 14.4255 76
      vertex -0.566744 15.25 76
      vertex 0 14.55 76
    endloop
  endfacet
  facet normal -0 0 -1
    outer loop
      vertex -0.566744 15.25 76
      vertex -1.89916 14.4255 76
      vertex -1.488 16.1025 76
    endloop
  endfacet
  facet normal 0 0 -1
    outer loop
      vertex -1.89916 14.4255 76
      vertex -2.11452 16.0614 76
      vertex -1.488 16.1025 76
    endloop
  endfacet
  facet normal 0 0 -1
    outer loop
      vertex -1.89916 14.4255 76
      vertex -2.73033 15.9389 76
      vertex -2.11452 16.0614 76
    endloop
  endfacet
  facet normal 0 0 -1
    outer loop
      vertex -3.76582 14.0542 76
      vertex -2.73033 15.9389 76
      vertex -1.89916 14.4255 76
    endloop
  endfacet
  facet normal 0 0 -1
    outer loop
      vertex -3.76582 14.0542 76
      vertex -4.19287 15.648 76
      vertex -2.73033 15.9389 76
    endloop
  endfacet
  facet normal 0 0 -1
    outer loop
      vertex -3.76582 14.0542 76
      vertex -4.78742 15.4462 76
      vertex -4.19287 15.648 76
    endloop
  endfacet
  facet normal 0 0 -1
    outer loop
      vertex -5.56804 13.4424 76
      vertex -4.78742 15.4462 76
      vertex -3.76582 14.0542 76
    endloop
  endfacet
  facet normal 0 0 -1
    outer loop
      vertex -5.56804 13.4424 76
      vertex -6.19947 14.9668 76
      vertex -4.78742 15.4462 76
    endloop
  endfacet
  facet normal 0 0 -1
    outer loop
      vertex -7.53688 14.3073 76
      vertex -5.56804 13.4424 76
      vertex -7.275 12.6007 76
    endloop
  endfacet
  facet normal 0 0 -1
    outer loop
      vertex -5.56804 13.4424 76
      vertex -7.53688 14.3073 76
      vertex -6.19947 14.9668 76
    endloop
  endfacet
  facet normal 0 0 -1
    outer loop
      vertex -7.275 12.6007 76
      vertex -8.1 14.0296 76
      vertex -7.53688 14.3073 76
    endloop
  endfacet
  facet normal 0 0 -1
    outer loop
      vertex -9.33988 13.2011 76
      vertex -7.275 12.6007 76
      vertex -8.85748 11.5433 76
    endloop
  endfacet
  facet normal 0 0 -1
    outer loop
      vertex -7.275 12.6007 76
      vertex -9.33988 13.2011 76
      vertex -8.1 14.0296 76
    endloop
  endfacet
  facet normal 0 0 -1
    outer loop
      vertex -8.85748 11.5433 76
      vertex -9.86193 12.8523 76
      vertex -9.33988 13.2011 76
    endloop
  endfacet
  facet normal 0 0 -1
    outer loop
      vertex -10.334 12.4383 76
      vertex -8.85748 11.5433 76
      vertex -10.2884 10.2884 76
    endloop
  endfacet
  facet normal 0 0 -1
    outer loop
      vertex -8.85748 11.5433 76
      vertex -10.334 12.4383 76
      vertex -9.86193 12.8523 76
    endloop
  endfacet
  facet normal 0 0 -1
    outer loop
      vertex -10.2884 10.2884 76
      vertex -11.4551 11.4551 76
      vertex -10.334 12.4383 76
    endloop
  endfacet
  facet normal 0 0 -1
    outer loop
      vertex -12.4383 10.334 76
      vertex -10.2884 10.2884 76
      vertex -11.5433 8.85748 76
    endloop
  endfacet
  facet normal 0 0 -1
    outer loop
      vertex -10.2884 10.2884 76
      vertex -12.4383 10.334 76
      vertex -11.4551 11.4551 76
    endloop
  endfacet
  facet normal 0 0 -1
    outer loop
      vertex -13.2011 9.33988 76
      vertex -11.5433 8.85748 76
      vertex -12.6007 7.275 76
    endloop
  endfacet
  facet normal 0 0 -1
    outer loop
      vertex -11.5433 8.85748 76
      vertex -12.8523 9.86193 76
      vertex -12.4383 10.334 76
    endloop
  endfacet
  facet normal 0 0 -1
    outer loop
      vertex -11.5433 8.85748 76
      vertex -13.2011 9.33988 76
      vertex -12.8523 9.86193 76
    endloop
  endfacet
  facet normal 0 0 -1
    outer loop
      vertex -14.3073 7.53688 76
      vertex -12.6007 7.275 76
      vertex -13.4424 5.56804 76
    endloop
  endfacet
  facet normal 0 0 -1
    outer loop
      vertex -12.6007 7.275 76
      vertex -14.0296 8.1 76
      vertex -13.2011 9.33988 76
    endloop
  endfacet
  facet normal 0 0 -1
    outer loop
      vertex -15.4462 4.78742 76
      vertex -13.4424 5.56804 76
      vertex -14.0542 3.76582 76
    endloop
  endfacet
  facet normal 0 0 -1
    outer loop
      vertex -12.6007 7.275 76
      vertex -14.3073 7.53688 76
      vertex -14.0296 8.1 76
    endloop
  endfacet
  facet normal 0 0 -1
    outer loop
      vertex -15.9389 2.73033 76
      vertex -14.0542 3.76582 76
      vertex -14.4255 1.89916 76
    endloop
  endfacet
  facet normal 0 0 -1
    outer loop
      vertex -16.1025 1.488 76
      vertex -14.4255 1.89916 76
      vertex -14.55 0 76
    endloop
  endfacet
  facet normal 0 0 -1
    outer loop
      vertex -13.4424 5.56804 76
      vertex -14.9668 6.19947 76
      vertex -14.3073 7.53688 76
    endloop
  endfacet
  facet normal -0 0 -1
    outer loop
      vertex -13.4424 5.56804 76
      vertex -15.4462 4.78742 76
      vertex -14.9668 6.19947 76
    endloop
  endfacet
  facet normal 0 0 -1
    outer loop
      vertex -14.0542 3.76582 76
      vertex -15.648 4.19287 76
      vertex -15.4462 4.78742 76
    endloop
  endfacet
  facet normal -0 0 -1
    outer loop
      vertex -14.0542 3.76582 76
      vertex -15.9389 2.73033 76
      vertex -15.648 4.19287 76
    endloop
  endfacet
  facet normal 0 0 -1
    outer loop
      vertex -14.4255 1.89916 76
      vertex -16.0614 2.11452 76
      vertex -15.9389 2.73033 76
    endloop
  endfacet
  facet normal -0 0 -1
    outer loop
      vertex -14.4255 1.89916 76
      vertex -16.1025 1.488 76
      vertex -16.0614 2.11452 76
    endloop
  endfacet
  facet normal 0 -0 -1
    outer loop
      vertex -16.1025 1.488 76
      vertex -14.55 0 76
      vertex -16.2 0 76
    endloop
  endfacet
  facet normal -0 0 -1
    outer loop
      vertex 1.488 16.1025 76
      vertex 0.566744 15.25 76
      vertex 0.566744 16.1629 76
    endloop
  endfacet
  facet normal 0.750892 0.658543 0.0498282
    outer loop
      vertex 13.6041 12.9396 24
      vertex 15.8671 12.1752 0
      vertex 14.1421 14.1421 0
    endloop
  endfacet
  facet normal 0.750929 0.6585 0.0498331
    outer loop
      vertex 15.8671 12.1752 0
      vertex 13.6041 12.9396 24
      vertex 14.915 11.4447 24
    endloop
  endfacet
  facet normal 0.750901 0.658532 0.0498301
    outer loop
      vertex 12.4383 10.334 76
      vertex 11.9003 9.13142 100
      vertex 12.8523 9.86193 76
    endloop
  endfacet
  facet normal 0.750916 0.658515 0.0498313
    outer loop
      vertex 13.0436 11.6869 49
      vertex 14.8357 11.3838 26
      vertex 13.5593 12.8393 26
    endloop
  endfacet
  facet normal 0.750867 0.658571 0.0498268
    outer loop
      vertex 14.8357 11.3838 26
      vertex 13.0436 11.6869 49
      vertex 13.9234 10.6838 49
    endloop
  endfacet
  facet normal 0.750798 0.658651 0.0498143
    outer loop
      vertex 13.844 10.6229 51
      vertex 12.797 11.1357 60
      vertex 13 10.9043 60
    endloop
  endfacet
  facet normal 0.750917 0.658513 0.0498361
    outer loop
      vertex 12.797 11.1357 60
      vertex 13.844 10.6229 51
      vertex 12.9988 11.5867 51
    endloop
  endfacet
  facet normal 0.750925 0.658504 0.0498309
    outer loop
      vertex 13.844 10.6229 51
      vertex 13 10.9043 60
      vertex 13 9.97525 72.2772
    endloop
  endfacet
  facet normal 0.99662 0.0653082 0.0498313
    outer loop
      vertex 15 0 100
      vertex 16.1025 1.488 76
      vertex 14.8717 1.95789 100
    endloop
  endfacet
  facet normal 0.99662 0.0653028 0.049831
    outer loop
      vertex 16.1025 1.488 76
      vertex 15 0 100
      vertex 16.2 0 76
    endloop
  endfacet
  facet normal 0.996619 0.0653251 0.049831
    outer loop
      vertex 20 0 0
      vertex 18.7692 0.469894 24
      vertex 18.8 0 24
    endloop
  endfacet
  facet normal 0.996618 0.0653423 0.0498298
    outer loop
      vertex 17.55 0 49
      vertex 18.6666 0.509052 26
      vertex 17.4871 0.959367 49
    endloop
  endfacet
  facet normal 0.996615 0.06539 0.0498307
    outer loop
      vertex 18.6666 0.509052 26
      vertex 17.55 0 49
      vertex 18.7 0 26
    endloop
  endfacet
  facet normal 0.996617 0.0653479 0.049834
    outer loop
      vertex 16.3 0 74
      vertex 17.3846 0.998525 51
      vertex 16.205 1.44884 74
    endloop
  endfacet
  facet normal 0.996622 0.0652754 0.0498311
    outer loop
      vertex 17.3846 0.998525 51
      vertex 16.3 0 74
      vertex 17.45 0 51
    endloop
  endfacet
  facet normal 0.996621 0.0653029 0.0498295
    outer loop
      vertex 18.7692 0.469894 24
      vertex 19.8289 2.61052 0
      vertex 18.6392 2.45389 24
    endloop
  endfacet
  facet normal 0.996619 0.0653209 0.049831
    outer loop
      vertex 19.8289 2.61052 0
      vertex 18.7692 0.469894 24
      vertex 20 0 0
    endloop
  endfacet
  facet normal 0.996616 0.0653784 0.0498297
    outer loop
      vertex 16.0614 2.11452 76
      vertex 14.8717 1.95789 100
      vertex 16.1025 1.488 76
    endloop
  endfacet
  facet normal 0.996622 0.0652756 0.0498282
    outer loop
      vertex 17.4871 0.959367 49
      vertex 18.54 2.44084 26
      vertex 17.3999 2.29073 49
    endloop
  endfacet
  facet normal 0.99662 0.0653136 0.0498305
    outer loop
      vertex 18.54 2.44084 26
      vertex 17.4871 0.959367 49
      vertex 18.6666 0.509052 26
    endloop
  endfacet
  facet normal 0.996628 0.0651947 0.0498279
    outer loop
      vertex 16.205 1.44884 74
      vertex 17.3007 2.27768 51
      vertex 16.1606 2.12758 74
    endloop
  endfacet
  facet normal 0.996616 0.0653682 0.0498336
    outer loop
      vertex 17.3007 2.27768 51
      vertex 16.205 1.44884 74
      vertex 17.3846 0.998525 51
    endloop
  endfacet
  facet normal 0.321031 0.945757 0.0498312
    outer loop
      vertex 5.17638 19.3185 0
      vertex 6.74854 17.5203 24
      vertex 7.65367 18.4776 0
    endloop
  endfacet
  facet normal 0.321038 0.945754 0.0498305
    outer loop
      vertex 6.74854 17.5203 24
      vertex 5.17638 19.3185 0
      vertex 4.8658 18.1594 24
    endloop
  endfacet
  facet normal 0.321008 0.945765 0.0498306
    outer loop
      vertex 4.19287 15.648 76
      vertex 3.88229 14.4889 100
      vertex 4.78742 15.4462 76
    endloop
  endfacet
  facet normal 0.321047 0.945751 0.0498311
    outer loop
      vertex 4.83992 18.0628 26
      vertex 5.80569 16.5231 49
      vertex 6.67311 17.4405 26
    endloop
  endfacet
  facet normal 0.321058 0.945748 0.0498304
    outer loop
      vertex 5.80569 16.5231 49
      vertex 4.83992 18.0628 26
      vertex 4.54227 16.952 49
    endloop
  endfacet
  facet normal 0.321003 0.945766 0.0498317
    outer loop
      vertex 4.51639 16.8554 51
      vertex 5.39084 16.0844 60
      vertex 5.73026 16.4434 51
    endloop
  endfacet
  facet normal 0.320978 0.945774 0.0498347
    outer loop
      vertex 5.39084 16.0844 60
      vertex 4.51639 16.8554 51
      vertex 4.39992 16.4207 60
    endloop
  endfacet
  facet normal -0.441747 0.895755 0.0498296
    outer loop
      vertex -7.65367 18.4776 0
      vertex -9.4 16.2813 24
      vertex -7.61679 17.1607 24
    endloop
  endfacet
  facet normal -0.441745 0.895756 0.0498298
    outer loop
      vertex -9.4 16.2813 24
      vertex -7.65367 18.4776 0
      vertex -10 17.3205 0
    endloop
  endfacet
  facet normal -0.441739 0.895759 0.0498298
    outer loop
      vertex -7.53688 14.3073 76
      vertex -8.1 14.0296 76
      vertex -7.5 12.9904 100
    endloop
  endfacet
  facet normal -0.441792 0.895733 0.0498273
    outer loop
      vertex -7.61371 17.0509 26
      vertex -8.775 15.1987 49
      vertex -7.57837 15.7889 49
    endloop
  endfacet
  facet normal -0.441721 0.895767 0.0498336
    outer loop
      vertex -8.775 15.1987 49
      vertex -7.61371 17.0509 26
      vertex -9.35 16.1947 26
    endloop
  endfacet
  facet normal -0.441792 0.895733 0.0498248
    outer loop
      vertex -7.5753 15.6791 51
      vertex -8.5 14.7224 60
      vertex -7.56147 15.1853 60
    endloop
  endfacet
  facet normal -0.441758 0.895749 0.0498299
    outer loop
      vertex -8.5 14.7224 60
      vertex -7.5753 15.6791 51
      vertex -8.725 15.1121 51
    endloop
  endfacet
  facet normal -0.321105 0.945732 0.0498329
    outer loop
      vertex -6.74854 17.5203 24
      vertex -7.65367 18.4776 0
      vertex -7.19445 17.3689 24
    endloop
  endfacet
  facet normal -0.321044 0.945753 0.0498315
    outer loop
      vertex -4.78742 15.4462 76
      vertex -5.74025 13.8582 100
      vertex -3.88229 14.4889 100
    endloop
  endfacet
  facet normal -0.321084 0.945739 0.0498289
    outer loop
      vertex -5.74025 13.8582 100
      vertex -4.78742 15.4462 76
      vertex -6.19947 14.9668 76
    endloop
  endfacet
  facet normal -0.321004 0.945766 0.04983
    outer loop
      vertex -6.67311 17.4405 26
      vertex -6.71609 16.2141 49
      vertex -5.80569 16.5231 49
    endloop
  endfacet
  facet normal -0.321075 0.945742 0.0498286
    outer loop
      vertex -6.71609 16.2141 49
      vertex -6.67311 17.4405 26
      vertex -7.15618 17.2765 26
    endloop
  endfacet
  facet normal -0.321027 0.945758 0.0498322
    outer loop
      vertex -5.73026 16.4434 51
      vertex -6.50562 15.706 60
      vertex -5.39084 16.0844 60
    endloop
  endfacet
  facet normal -0.321079 0.945741 0.0498264
    outer loop
      vertex -6.50562 15.706 60
      vertex -5.73026 16.4434 51
      vertex -6.67783 16.1217 51
    endloop
  endfacet
  facet normal -0.750899 0.658535 0.0498293
    outer loop
      vertex -12.4383 10.334 76
      vertex -10.6066 10.6066 100
      vertex -11.4551 11.4551 76
    endloop
  endfacet
  facet normal -0.750905 0.658527 0.0498299
    outer loop
      vertex -10.6066 10.6066 100
      vertex -12.4383 10.334 76
      vertex -11.9003 9.13142 100
    endloop
  endfacet
  facet normal -0.750853 0.658587 0.0498296
    outer loop
      vertex -13.2936 13.2936 24
      vertex -14.1421 14.1421 0
      vertex -13.6041 12.9396 24
    endloop
  endfacet
  facet normal -0.750914 0.658518 0.0498326
    outer loop
      vertex -13.5593 12.8393 26
      vertex -12.4097 12.4097 49
      vertex -13.2229 13.2229 26
    endloop
  endfacet
  facet normal -0.750895 0.658539 0.049832
    outer loop
      vertex -12.4097 12.4097 49
      vertex -13.5593 12.8393 26
      vertex -13.0436 11.6869 49
    endloop
  endfacet
  facet normal -0.750881 0.658555 0.0498314
    outer loop
      vertex -12.9988 11.5867 51
      vertex -12.0208 12.0208 60
      vertex -12.339 12.339 51
    endloop
  endfacet
  facet normal -0.750911 0.658521 0.0498363
    outer loop
      vertex -12.0208 12.0208 60
      vertex -12.9988 11.5867 51
      vertex -12.797 11.1357 60
    endloop
  endfacet
  facet normal 0.19491 0.979555 0.0498307
    outer loop
      vertex 5.17638 19.3185 0
      vertex 4.40394 18.2513 24
      vertex 4.8658 18.1594 24
    endloop
  endfacet
  facet normal 0.194837 0.979569 0.0498305
    outer loop
      vertex 2.73033 15.9389 76
      vertex 3.88229 14.4889 100
      vertex 4.19287 15.648 76
    endloop
  endfacet
  facet normal 0.194854 0.979566 0.0498294
    outer loop
      vertex 3.88229 14.4889 100
      vertex 2.73033 15.9389 76
      vertex 1.95789 14.8717 100
    endloop
  endfacet
  facet normal 0.194799 0.979577 0.0498302
    outer loop
      vertex 4.33957 18.1623 26
      vertex 4.54227 16.952 49
      vertex 4.83992 18.0628 26
    endloop
  endfacet
  facet normal 0.194884 0.97956 0.0498286
    outer loop
      vertex 4.54227 16.952 49
      vertex 4.33957 18.1623 26
      vertex 3.59932 17.1396 49
    endloop
  endfacet
  facet normal 0.194828 0.979571 0.0498346
    outer loop
      vertex 3.53495 17.0506 51
      vertex 4.39992 16.4207 60
      vertex 4.51639 16.8554 51
    endloop
  endfacet
  facet normal 0.194872 0.979562 0.0498297
    outer loop
      vertex 4.39992 16.4207 60
      vertex 3.53495 17.0506 51
      vertex 3.24529 16.6504 60
    endloop
  endfacet
  facet normal 0.895769 0.441719 0.0498303
    outer loop
      vertex 12.9904 7.5 100
      vertex 14.9668 6.19947 76
      vertex 14.3073 7.53688 76
    endloop
  endfacet
  facet normal 0.895761 0.441734 0.0498289
    outer loop
      vertex 14.9668 6.19947 76
      vertex 12.9904 7.5 100
      vertex 13.8582 5.74025 100
    endloop
  endfacet
  facet normal 0.895822 0.441611 0.0498331
    outer loop
      vertex 18.4776 7.65367 0
      vertex 17.1607 7.61679 24
      vertex 17.3689 7.19445 24
    endloop
  endfacet
  facet normal 0.895781 0.441694 0.0498298
    outer loop
      vertex 15.7889 7.57837 49
      vertex 17.2765 7.15618 26
      vertex 17.0509 7.61371 26
    endloop
  endfacet
  facet normal 0.895771 0.441715 0.0498287
    outer loop
      vertex 17.2765 7.15618 26
      vertex 15.7889 7.57837 49
      vertex 16.2141 6.71609 49
    endloop
  endfacet
  facet normal 0.895752 0.441753 0.0498285
    outer loop
      vertex 14.4171 7.53995 74
      vertex 16.1217 6.67783 51
      vertex 15.6791 7.5753 51
    endloop
  endfacet
  facet normal 0.89578 0.441696 0.0498327
    outer loop
      vertex 16.1217 6.67783 51
      vertex 14.4171 7.53995 74
      vertex 15.0592 6.23774 74
    endloop
  endfacet
  facet normal 0.979569 0.194837 0.0498305
    outer loop
      vertex 14.4889 3.88229 100
      vertex 15.9389 2.73033 76
      vertex 15.648 4.19287 76
    endloop
  endfacet
  facet normal 0.979566 0.194854 0.0498294
    outer loop
      vertex 15.9389 2.73033 76
      vertex 14.4889 3.88229 100
      vertex 14.8717 1.95789 100
    endloop
  endfacet
  facet normal 0.979555 0.19491 0.0498307
    outer loop
      vertex 19.3185 5.17638 0
      vertex 18.1594 4.8658 24
      vertex 18.2513 4.40394 24
    endloop
  endfacet
  facet normal 0.979577 0.194799 0.0498302
    outer loop
      vertex 16.952 4.54227 49
      vertex 18.1623 4.33957 26
      vertex 18.0628 4.83992 26
    endloop
  endfacet
  facet normal 0.97956 0.194884 0.0498286
    outer loop
      vertex 18.1623 4.33957 26
      vertex 16.952 4.54227 49
      vertex 17.1396 3.59932 49
    endloop
  endfacet
  facet normal 0.979571 0.194828 0.0498303
    outer loop
      vertex 15.7446 4.21875 74
      vertex 17.0506 3.53495 51
      vertex 16.8554 4.51639 51
    endloop
  endfacet
  facet normal 0.979562 0.194874 0.0498284
    outer loop
      vertex 17.0506 3.53495 51
      vertex 15.7446 4.21875 74
      vertex 16.0279 2.7947 74
    endloop
  endfacet
  facet normal 0.979566 0.194855 0.0498294
    outer loop
      vertex 18.2513 4.40394 24
      vertex 19.8289 2.61052 0
      vertex 19.3185 5.17638 0
    endloop
  endfacet
  facet normal 0.979566 0.194853 0.0498296
    outer loop
      vertex 19.8289 2.61052 0
      vertex 18.2513 4.40394 24
      vertex 18.6392 2.45389 24
    endloop
  endfacet
  facet normal 0.979565 0.19486 0.0498295
    outer loop
      vertex 15.9389 2.73033 76
      vertex 14.8717 1.95789 100
      vertex 16.0614 2.11452 76
    endloop
  endfacet
  facet normal 0.979565 0.194857 0.049828
    outer loop
      vertex 17.1396 3.59932 49
      vertex 18.54 2.44084 26
      vertex 18.1623 4.33957 26
    endloop
  endfacet
  facet normal 0.979566 0.194852 0.0498284
    outer loop
      vertex 18.54 2.44084 26
      vertex 17.1396 3.59932 49
      vertex 17.3999 2.29073 49
    endloop
  endfacet
  facet normal 0.979565 0.194858 0.049828
    outer loop
      vertex 16.0279 2.7947 74
      vertex 17.3007 2.27768 51
      vertex 17.0506 3.53495 51
    endloop
  endfacet
  facet normal 0.979567 0.19485 0.0498283
    outer loop
      vertex 17.3007 2.27768 51
      vertex 16.0279 2.7947 74
      vertex 16.1606 2.12758 74
    endloop
  endfacet
  facet normal 0.0653082 0.99662 0.0498329
    outer loop
      vertex 0.150105 16.1832 76.1402
      vertex 0 15 100
      vertex 1.95789 14.8717 100
    endloop
  endfacet
  facet normal 0.0650019 0.99664 0.049832
    outer loop
      vertex 0 15 100
      vertex 0.150105 16.1832 76.1402
      vertex 0 16.1925 76.15
    endloop
  endfacet
  facet normal 0.0653365 0.996618 0.0498307
    outer loop
      vertex 1.488 16.1025 76
      vertex 0.150105 16.1832 76.1402
      vertex 1.95789 14.8717 100
    endloop
  endfacet
  facet normal 0.0653529 0.996609 0.0499921
    outer loop
      vertex 0.150105 16.1832 76.1402
      vertex 1.488 16.1025 76
      vertex 0.297642 16.175 76.1108
    endloop
  endfacet
  facet normal 0.0651438 0.996737 0.0476631
    outer loop
      vertex 0.297642 16.175 76.1108
      vertex 1.488 16.1025 76
      vertex 0.440085 16.168 76.0625
    endloop
  endfacet
  facet normal 0.0653368 0.996555 0.051089
    outer loop
      vertex 0.440085 16.168 76.0625
      vertex 1.488 16.1025 76
      vertex 0.566744 16.1629 76
    endloop
  endfacet
  facet normal 0.0653813 0.996615 0.0498308
    outer loop
      vertex 0 20 0
      vertex 0 18.875 22.5
      vertex 0.440526 18.8461 22.5
    endloop
  endfacet
  facet normal 0.0653248 0.996619 0.0498364
    outer loop
      vertex 0.150105 17.4332 51.1402
      vertex 0 17 60
      vertex 1.17474 16.923 60
    endloop
  endfacet
  facet normal 0.0650019 0.99664 0.049832
    outer loop
      vertex 0 17 60
      vertex 0.150105 17.4332 51.1402
      vertex 0 17.4425 51.15
    endloop
  endfacet
  facet normal 0.0653224 0.996619 0.0498367
    outer loop
      vertex 1.17474 16.923 60
      vertex 0.297642 17.425 51.1108
      vertex 0.150105 17.4332 51.1402
    endloop
  endfacet
  facet normal 0.0653251 0.996619 0.0498364
    outer loop
      vertex 0.998525 17.3846 51
      vertex 0.297642 17.425 51.1108
      vertex 1.17474 16.923 60
    endloop
  endfacet
  facet normal 0.0648564 0.996796 0.0468068
    outer loop
      vertex 0.297642 17.425 51.1108
      vertex 0.998525 17.3846 51
      vertex 0.440085 17.418 51.0625
    endloop
  endfacet
  facet normal 0.0653169 0.996558 0.0510484
    outer loop
      vertex 0.440085 17.418 51.0625
      vertex 0.998525 17.3846 51
      vertex 0.566744 17.4129 51
    endloop
  endfacet
  facet normal 0.0653695 0.996616 0.0498308
    outer loop
      vertex 0.929999 17.564 47.5
      vertex 0 18.6925 26.15
      vertex 0 17.625 47.5
    endloop
  endfacet
  facet normal 0.0650029 0.996639 0.049848
    outer loop
      vertex 0.929999 17.564 47.5
      vertex 0.150105 18.6832 26.1402
      vertex 0 18.6925 26.15
    endloop
  endfacet
  facet normal 0.0653221 0.996619 0.0498353
    outer loop
      vertex 0.929999 17.564 47.5
      vertex 0.297642 18.675 26.1108
      vertex 0.150105 18.6832 26.1402
    endloop
  endfacet
  facet normal 0.0658668 0.996584 0.0498174
    outer loop
      vertex 0.929999 17.564 47.5
      vertex 0.440085 18.668 26.0625
      vertex 0.297642 18.675 26.1108
    endloop
  endfacet
  facet normal 0.0647361 0.996657 0.0498469
    outer loop
      vertex 0.440085 18.668 26.0625
      vertex 0.929999 17.564 47.5
      vertex 0.509604 18.6652 26.0282
    endloop
  endfacet
  facet normal -0.830425 0.554898 0.0498288
    outer loop
      vertex -14.0296 8.1 76
      vertex -11.9003 9.13142 100
      vertex -13.2011 9.33988 76
    endloop
  endfacet
  facet normal -0.830432 0.554887 0.0498299
    outer loop
      vertex -11.9003 9.13142 100
      vertex -14.0296 8.1 76
      vertex -12.9904 7.5 100
    endloop
  endfacet
  facet normal -0.830455 0.554853 0.04983
    outer loop
      vertex -16.0197 9.79154 24
      vertex -17.3205 10 0
      vertex -16.2813 9.4 24
    endloop
  endfacet
  facet normal -0.830456 0.554851 0.0498336
    outer loop
      vertex -16.1947 9.35 26
      vertex -14.6646 9.5744 49
      vertex -15.9113 9.77417 26
    endloop
  endfacet
  facet normal -0.830457 0.55485 0.0498336
    outer loop
      vertex -14.6646 9.5744 49
      vertex -16.1947 9.35 26
      vertex -15.1987 8.775 49
    endloop
  endfacet
  facet normal -0.830454 0.554854 0.0498299
    outer loop
      vertex -15.1121 8.725 51
      vertex -13.3096 9.35725 74
      vertex -14.5562 9.55702 51
    endloop
  endfacet
  facet normal -0.830455 0.554852 0.04983
    outer loop
      vertex -13.3096 9.35725 74
      vertex -15.1121 8.725 51
      vertex -14.1162 8.15 74
    endloop
  endfacet
  facet normal -0.945739 0.321084 0.0498289
    outer loop
      vertex -15.4462 4.78742 76
      vertex -13.8582 5.74025 100
      vertex -14.9668 6.19947 76
    endloop
  endfacet
  facet normal -0.945753 0.321044 0.0498315
    outer loop
      vertex -13.8582 5.74025 100
      vertex -15.4462 4.78742 76
      vertex -14.4889 3.88229 100
    endloop
  endfacet
  facet normal -0.945732 0.321105 0.0498329
    outer loop
      vertex -17.3689 7.19445 24
      vertex -18.4776 7.65367 0
      vertex -17.5203 6.74854 24
    endloop
  endfacet
  facet normal -0.945742 0.321075 0.0498286
    outer loop
      vertex -17.4405 6.67311 26
      vertex -16.2141 6.71609 49
      vertex -17.2765 7.15618 26
    endloop
  endfacet
  facet normal -0.945766 0.321004 0.04983
    outer loop
      vertex -16.2141 6.71609 49
      vertex -17.4405 6.67311 26
      vertex -16.5231 5.80569 49
    endloop
  endfacet
  facet normal -0.94574 0.321079 0.0498327
    outer loop
      vertex -16.4434 5.73026 51
      vertex -15.0592 6.23774 74
      vertex -16.1217 6.67783 51
    endloop
  endfacet
  facet normal -0.945757 0.32103 0.0498348
    outer loop
      vertex -15.0592 6.23774 74
      vertex -16.4434 5.73026 51
      vertex -15.5259 4.86284 74
    endloop
  endfacet
  facet normal -0.0653209 0.996619 0.0498322
    outer loop
      vertex -2.61052 19.8289 0
      vertex -0.440526 18.8461 22.5
      vertex 0 20 0
    endloop
  endfacet
  facet normal -0.0653197 0.996619 0.049832
    outer loop
      vertex -0.440526 18.8461 22.5
      vertex -2.61052 19.8289 0
      vertex -2.46368 18.7135 22.5
    endloop
  endfacet
  facet normal -0.0653784 0.996616 0.0498297
    outer loop
      vertex -1.488 16.1025 76
      vertex -2.11452 16.0614 76
      vertex -1.95789 14.8717 100
    endloop
  endfacet
  facet normal -0.0652826 0.996623 0.0498025
    outer loop
      vertex -1.5257 18.7 24
      vertex -2.4619 18.7 22.7728
      vertex -2.45389 18.6392 24
    endloop
  endfacet
  facet normal -0.0653011 0.99662 0.049834
    outer loop
      vertex -0.509604 18.6652 26.0282
      vertex -2.30052 17.4742 47.5
      vertex -0.929999 17.564 47.5
    endloop
  endfacet
  facet normal -0.0653521 0.996551 0.0511401
    outer loop
      vertex -2.44084 18.54 26
      vertex -0.509604 18.6652 26.0282
      vertex -0.566744 18.6629 26
    endloop
  endfacet
  facet normal -0.0653373 0.996618 0.0498309
    outer loop
      vertex -0.509604 18.6652 26.0282
      vertex -2.44084 18.54 26
      vertex -2.30052 17.4742 47.5
    endloop
  endfacet
  facet normal -0.0652666 0.996625 0.0497897
    outer loop
      vertex -1.5257 17.45 49
      vertex -2.29734 17.45 47.9885
      vertex -2.29073 17.3999 49
    endloop
  endfacet
  facet normal -0.0653682 0.996616 0.0498355
    outer loop
      vertex -2.27768 17.3007 51
      vertex -1.17474 16.923 60
      vertex -0.998525 17.3846 51
    endloop
  endfacet
  facet normal -0.0652834 0.996622 0.0498253
    outer loop
      vertex -1.17474 16.923 60
      vertex -2.27768 17.3007 51
      vertex -2.21894 16.8546 60
    endloop
  endfacet
  facet normal 0.441719 0.895769 0.0498303
    outer loop
      vertex 6.19947 14.9668 76
      vertex 7.5 12.9904 100
      vertex 7.53688 14.3073 76
    endloop
  endfacet
  facet normal 0.441734 0.895761 0.0498289
    outer loop
      vertex 7.5 12.9904 100
      vertex 6.19947 14.9668 76
      vertex 5.74025 13.8582 100
    endloop
  endfacet
  facet normal 0.441611 0.895822 0.0498331
    outer loop
      vertex 7.65367 18.4776 0
      vertex 7.19445 17.3689 24
      vertex 7.61679 17.1607 24
    endloop
  endfacet
  facet normal 0.441694 0.895781 0.0498298
    outer loop
      vertex 7.15618 17.2765 26
      vertex 7.57837 15.7889 49
      vertex 7.61371 17.0509 26
    endloop
  endfacet
  facet normal 0.441715 0.895771 0.0498287
    outer loop
      vertex 7.57837 15.7889 49
      vertex 7.15618 17.2765 26
      vertex 6.71609 16.2141 49
    endloop
  endfacet
  facet normal 0.441753 0.895752 0.0498258
    outer loop
      vertex 6.67783 16.1217 51
      vertex 7.56147 15.1853 60
      vertex 7.5753 15.6791 51
    endloop
  endfacet
  facet normal 0.441748 0.895755 0.0498265
    outer loop
      vertex 7.56147 15.1853 60
      vertex 6.67783 16.1217 51
      vertex 6.50562 15.706 60
    endloop
  endfacet
  facet normal 0.945739 0.321084 0.0498289
    outer loop
      vertex 13.8582 5.74025 100
      vertex 15.4462 4.78742 76
      vertex 14.9668 6.19947 76
    endloop
  endfacet
  facet normal 0.945753 0.321044 0.0498315
    outer loop
      vertex 15.4462 4.78742 76
      vertex 13.8582 5.74025 100
      vertex 14.4889 3.88229 100
    endloop
  endfacet
  facet normal 0.945732 0.321105 0.0498329
    outer loop
      vertex 18.4776 7.65367 0
      vertex 17.3689 7.19445 24
      vertex 17.5203 6.74854 24
    endloop
  endfacet
  facet normal 0.945742 0.321075 0.0498286
    outer loop
      vertex 16.2141 6.71609 49
      vertex 17.4405 6.67311 26
      vertex 17.2765 7.15618 26
    endloop
  endfacet
  facet normal 0.945766 0.321004 0.04983
    outer loop
      vertex 17.4405 6.67311 26
      vertex 16.2141 6.71609 49
      vertex 16.5231 5.80569 49
    endloop
  endfacet
  facet normal 0.94574 0.321079 0.0498327
    outer loop
      vertex 15.0592 6.23774 74
      vertex 16.4434 5.73026 51
      vertex 16.1217 6.67783 51
    endloop
  endfacet
  facet normal 0.945757 0.32103 0.0498348
    outer loop
      vertex 16.4434 5.73026 51
      vertex 15.0592 6.23774 74
      vertex 15.5259 4.86284 74
    endloop
  endfacet
  facet normal 0.658587 0.750853 0.0498296
    outer loop
      vertex 14.1421 14.1421 0
      vertex 12.9396 13.6041 24
      vertex 13.2936 13.2936 24
    endloop
  endfacet
  facet normal 0.658535 0.750899 0.0498293
    outer loop
      vertex 10.334 12.4383 76
      vertex 10.6066 10.6066 100
      vertex 11.4551 11.4551 76
    endloop
  endfacet
  facet normal 0.658527 0.750905 0.0498299
    outer loop
      vertex 10.6066 10.6066 100
      vertex 10.334 12.4383 76
      vertex 9.13142 11.9003 100
    endloop
  endfacet
  facet normal 0.658518 0.750914 0.0498326
    outer loop
      vertex 12.8393 13.5593 26
      vertex 12.4097 12.4097 49
      vertex 13.2229 13.2229 26
    endloop
  endfacet
  facet normal 0.658539 0.750895 0.049832
    outer loop
      vertex 12.4097 12.4097 49
      vertex 12.8393 13.5593 26
      vertex 11.6869 13.0436 49
    endloop
  endfacet
  facet normal 0.658555 0.750881 0.0498314
    outer loop
      vertex 11.5867 12.9988 51
      vertex 12.0208 12.0208 60
      vertex 12.339 12.339 51
    endloop
  endfacet
  facet normal 0.658521 0.750911 0.0498363
    outer loop
      vertex 12.0208 12.0208 60
      vertex 11.5867 12.9988 51
      vertex 11.1357 12.797 60
    endloop
  endfacet
  facet normal -0.830453 0.554855 0.04983
    outer loop
      vertex -12.8523 9.86193 76
      vertex -13.2011 9.33988 76
      vertex -11.9003 9.13142 100
    endloop
  endfacet
  facet normal -0.83044 0.554874 0.0498332
    outer loop
      vertex -17.3205 10 0
      vertex -14.915 11.4447 24
      vertex -15.8671 12.1752 0
    endloop
  endfacet
  facet normal -0.830415 0.554913 0.0498284
    outer loop
      vertex -14.915 11.4447 24
      vertex -17.3205 10 0
      vertex -16.0197 9.79154 24
    endloop
  endfacet
  facet normal -0.830418 0.554909 0.0498272
    outer loop
      vertex -15.9113 9.77417 26
      vertex -13.9234 10.6838 49
      vertex -14.8357 11.3838 26
    endloop
  endfacet
  facet normal -0.830463 0.55484 0.0498339
    outer loop
      vertex -13.9234 10.6838 49
      vertex -15.9113 9.77417 26
      vertex -14.6646 9.5744 49
    endloop
  endfacet
  facet normal -0.830436 0.554881 0.0498306
    outer loop
      vertex -14.5562 9.55702 51
      vertex -13 9.97525 72.2772
      vertex -13.844 10.6229 51
    endloop
  endfacet
  facet normal -0.830411 0.554918 0.0498281
    outer loop
      vertex -13.3096 9.35725 74
      vertex -13 9.97525 72.2772
      vertex -14.5562 9.55702 51
    endloop
  endfacet
  facet normal -0.830398 0.554937 0.0498374
    outer loop
      vertex -13 9.97525 72.2772
      vertex -13.3096 9.35725 74
      vertex -13 9.82053 74
    endloop
  endfacet
  facet normal 0.895756 0.441745 0.0498298
    outer loop
      vertex 16.2813 9.4 24
      vertex 18.4776 7.65367 0
      vertex 17.3205 10 0
    endloop
  endfacet
  facet normal 0.895755 0.441747 0.0498296
    outer loop
      vertex 18.4776 7.65367 0
      vertex 16.2813 9.4 24
      vertex 17.1607 7.61679 24
    endloop
  endfacet
  facet normal 0.895759 0.441739 0.0498298
    outer loop
      vertex 14.0296 8.1 76
      vertex 12.9904 7.5 100
      vertex 14.3073 7.53688 76
    endloop
  endfacet
  facet normal 0.895767 0.441721 0.0498336
    outer loop
      vertex 15.1987 8.775 49
      vertex 17.0509 7.61371 26
      vertex 16.1947 9.35 26
    endloop
  endfacet
  facet normal 0.895733 0.441792 0.0498273
    outer loop
      vertex 17.0509 7.61371 26
      vertex 15.1987 8.775 49
      vertex 15.7889 7.57837 49
    endloop
  endfacet
  facet normal 0.895749 0.441758 0.0498299
    outer loop
      vertex 14.1162 8.15 74
      vertex 15.6791 7.5753 51
      vertex 15.1121 8.725 51
    endloop
  endfacet
  facet normal 0.895726 0.441806 0.0498271
    outer loop
      vertex 15.6791 7.5753 51
      vertex 14.1162 8.15 74
      vertex 14.4171 7.53995 74
    endloop
  endfacet
  facet normal -0.194212 0.979693 0.0498341
    outer loop
      vertex -2.46368 18.7135 22.5
      vertex -2.61052 19.8289 0
      vertex -2.5 18.7063 22.5
    endloop
  endfacet
  facet normal -0.194854 0.979567 0.0498032
    outer loop
      vertex -2.4619 18.7 22.7728
      vertex -4.40394 18.2513 24
      vertex -2.45389 18.6392 24
    endloop
  endfacet
  facet normal -0.194842 0.979568 0.049822
    outer loop
      vertex -2.5 18.7 22.6238
      vertex -4.40394 18.2513 24
      vertex -2.4619 18.7 22.7728
    endloop
  endfacet
  facet normal -0.194823 0.979571 0.0498489
    outer loop
      vertex -2.5 18.7063 22.5
      vertex -4.40394 18.2513 24
      vertex -2.5 18.7 22.6238
    endloop
  endfacet
  facet normal -0.194855 0.979565 0.0498309
    outer loop
      vertex -5.17638 19.3185 0
      vertex -2.5 18.7063 22.5
      vertex -2.61052 19.8289 0
    endloop
  endfacet
  facet normal -0.194838 0.979569 0.049829
    outer loop
      vertex -2.5 18.7063 22.5
      vertex -5.17638 19.3185 0
      vertex -4.40394 18.2513 24
    endloop
  endfacet
  facet normal -0.19486 0.979565 0.0498295
    outer loop
      vertex -2.11452 16.0614 76
      vertex -2.73033 15.9389 76
      vertex -1.95789 14.8717 100
    endloop
  endfacet
  facet normal -0.194727 0.979591 0.0498313
    outer loop
      vertex -2.30052 17.4742 47.5
      vertex -2.44084 18.54 26
      vertex -2.42226 17.45 47.5
    endloop
  endfacet
  facet normal -0.194852 0.979568 0.0497917
    outer loop
      vertex -2.29734 17.45 47.9885
      vertex -3.59932 17.1396 49
      vertex -2.29073 17.3999 49
    endloop
  endfacet
  facet normal -0.194829 0.979571 0.0498221
    outer loop
      vertex -2.42226 17.45 47.5
      vertex -3.59932 17.1396 49
      vertex -2.29734 17.45 47.9885
    endloop
  endfacet
  facet normal -0.194857 0.979565 0.0498301
    outer loop
      vertex -4.33957 18.1623 26
      vertex -2.42226 17.45 47.5
      vertex -2.44084 18.54 26
    endloop
  endfacet
  facet normal -0.194823 0.979572 0.0498272
    outer loop
      vertex -2.42226 17.45 47.5
      vertex -4.33957 18.1623 26
      vertex -3.59932 17.1396 49
    endloop
  endfacet
  facet normal -0.194891 0.979559 0.0498254
    outer loop
      vertex -2.27768 17.3007 51
      vertex -3.24529 16.6504 60
      vertex -2.21894 16.8546 60
    endloop
  endfacet
  facet normal -0.194858 0.979565 0.0498294
    outer loop
      vertex -3.24529 16.6504 60
      vertex -2.27768 17.3007 51
      vertex -3.53495 17.0506 51
    endloop
  endfacet
  facet normal 0.830425 0.554898 0.0498288
    outer loop
      vertex 11.9003 9.13142 100
      vertex 14.0296 8.1 76
      vertex 13.2011 9.33988 76
    endloop
  endfacet
  facet normal 0.830432 0.554887 0.0498299
    outer loop
      vertex 14.0296 8.1 76
      vertex 11.9003 9.13142 100
      vertex 12.9904 7.5 100
    endloop
  endfacet
  facet normal 0.830455 0.554853 0.04983
    outer loop
      vertex 17.3205 10 0
      vertex 16.0197 9.79154 24
      vertex 16.2813 9.4 24
    endloop
  endfacet
  facet normal 0.830456 0.554851 0.0498336
    outer loop
      vertex 14.6646 9.5744 49
      vertex 16.1947 9.35 26
      vertex 15.9113 9.77417 26
    endloop
  endfacet
  facet normal 0.830457 0.55485 0.0498336
    outer loop
      vertex 16.1947 9.35 26
      vertex 14.6646 9.5744 49
      vertex 15.1987 8.775 49
    endloop
  endfacet
  facet normal 0.830454 0.554854 0.0498299
    outer loop
      vertex 13.3096 9.35725 74
      vertex 15.1121 8.725 51
      vertex 14.5562 9.55702 51
    endloop
  endfacet
  facet normal 0.830455 0.554852 0.04983
    outer loop
      vertex 15.1121 8.725 51
      vertex 13.3096 9.35725 74
      vertex 14.1162 8.15 74
    endloop
  endfacet
  facet normal -0.945757 0.321031 0.0498312
    outer loop
      vertex -19.3185 5.17638 0
      vertex -17.5203 6.74854 24
      vertex -18.4776 7.65367 0
    endloop
  endfacet
  facet normal -0.945754 0.321038 0.0498305
    outer loop
      vertex -17.5203 6.74854 24
      vertex -19.3185 5.17638 0
      vertex -18.1594 4.8658 24
    endloop
  endfacet
  facet normal -0.945765 0.321008 0.0498306
    outer loop
      vertex -15.4462 4.78742 76
      vertex -15.648 4.19287 76
      vertex -14.4889 3.88229 100
    endloop
  endfacet
  facet normal -0.945751 0.321047 0.0498311
    outer loop
      vertex -18.0628 4.83992 26
      vertex -16.5231 5.80569 49
      vertex -17.4405 6.67311 26
    endloop
  endfacet
  facet normal -0.945748 0.321058 0.0498304
    outer loop
      vertex -16.5231 5.80569 49
      vertex -18.0628 4.83992 26
      vertex -16.952 4.54227 49
    endloop
  endfacet
  facet normal -0.945766 0.321003 0.0498341
    outer loop
      vertex -16.8554 4.51639 51
      vertex -15.5259 4.86284 74
      vertex -16.4434 5.73026 51
    endloop
  endfacet
  facet normal -0.945727 0.32112 0.0498301
    outer loop
      vertex -15.5259 4.86284 74
      vertex -16.8554 4.51639 51
      vertex -15.7446 4.21875 74
    endloop
  endfacet
  facet normal 0.194854 0.979567 0.0498032
    outer loop
      vertex 4.40394 18.2513 24
      vertex 2.4619 18.7 22.7728
      vertex 2.45389 18.6392 24
    endloop
  endfacet
  facet normal 0.194842 0.979568 0.049822
    outer loop
      vertex 4.40394 18.2513 24
      vertex 2.5 18.7 22.6238
      vertex 2.4619 18.7 22.7728
    endloop
  endfacet
  facet normal 0.194823 0.979571 0.0498489
    outer loop
      vertex 4.40394 18.2513 24
      vertex 2.5 18.7063 22.5
      vertex 2.5 18.7 22.6238
    endloop
  endfacet
  facet normal 0.194838 0.979569 0.049829
    outer loop
      vertex 5.17638 19.3185 0
      vertex 2.5 18.7063 22.5
      vertex 4.40394 18.2513 24
    endloop
  endfacet
  facet normal 0.194855 0.979565 0.0498309
    outer loop
      vertex 2.61052 19.8289 0
      vertex 2.5 18.7063 22.5
      vertex 5.17638 19.3185 0
    endloop
  endfacet
  facet normal 0.194212 0.979693 0.0498341
    outer loop
      vertex 2.5 18.7063 22.5
      vertex 2.61052 19.8289 0
      vertex 2.46368 18.7135 22.5
    endloop
  endfacet
  facet normal 0.19486 0.979565 0.0498295
    outer loop
      vertex 2.11452 16.0614 76
      vertex 1.95789 14.8717 100
      vertex 2.73033 15.9389 76
    endloop
  endfacet
  facet normal 0.194852 0.979568 0.0497917
    outer loop
      vertex 3.59932 17.1396 49
      vertex 2.29734 17.45 47.9885
      vertex 2.29073 17.3999 49
    endloop
  endfacet
  facet normal 0.194829 0.979571 0.0498221
    outer loop
      vertex 3.59932 17.1396 49
      vertex 2.42226 17.45 47.5
      vertex 2.29734 17.45 47.9885
    endloop
  endfacet
  facet normal 0.194823 0.979572 0.0498272
    outer loop
      vertex 4.33957 18.1623 26
      vertex 2.42226 17.45 47.5
      vertex 3.59932 17.1396 49
    endloop
  endfacet
  facet normal 0.194857 0.979565 0.0498301
    outer loop
      vertex 2.44084 18.54 26
      vertex 2.42226 17.45 47.5
      vertex 4.33957 18.1623 26
    endloop
  endfacet
  facet normal 0.194727 0.979591 0.0498313
    outer loop
      vertex 2.42226 17.45 47.5
      vertex 2.44084 18.54 26
      vertex 2.30052 17.4742 47.5
    endloop
  endfacet
  facet normal 0.194858 0.979565 0.0498294
    outer loop
      vertex 2.27768 17.3007 51
      vertex 3.24529 16.6504 60
      vertex 3.53495 17.0506 51
    endloop
  endfacet
  facet normal 0.194891 0.979559 0.0498254
    outer loop
      vertex 3.24529 16.6504 60
      vertex 2.27768 17.3007 51
      vertex 2.21894 16.8546 60
    endloop
  endfacet
  facet normal -0.0653813 0.996615 0.0498308
    outer loop
      vertex 0 20 0
      vertex -0.440526 18.8461 22.5
      vertex 0 18.875 22.5
    endloop
  endfacet
  facet normal -0.0650019 0.99664 0.049832
    outer loop
      vertex -0.150105 16.1832 76.1402
      vertex 0 15 100
      vertex 0 16.1925 76.15
    endloop
  endfacet
  facet normal -0.0653082 0.99662 0.0498329
    outer loop
      vertex 0 15 100
      vertex -0.150105 16.1832 76.1402
      vertex -1.95789 14.8717 100
    endloop
  endfacet
  facet normal -0.0653529 0.996609 0.0499921
    outer loop
      vertex -1.488 16.1025 76
      vertex -0.150105 16.1832 76.1402
      vertex -0.297642 16.175 76.1108
    endloop
  endfacet
  facet normal -0.0651438 0.996737 0.0476631
    outer loop
      vertex -1.488 16.1025 76
      vertex -0.297642 16.175 76.1108
      vertex -0.440085 16.168 76.0625
    endloop
  endfacet
  facet normal -0.0653368 0.996555 0.051089
    outer loop
      vertex -1.488 16.1025 76
      vertex -0.440085 16.168 76.0625
      vertex -0.566744 16.1629 76
    endloop
  endfacet
  facet normal -0.0653365 0.996618 0.0498307
    outer loop
      vertex -0.150105 16.1832 76.1402
      vertex -1.488 16.1025 76
      vertex -1.95789 14.8717 100
    endloop
  endfacet
  facet normal -0.0650019 0.99664 0.049832
    outer loop
      vertex -0.150105 17.4332 51.1402
      vertex 0 17 60
      vertex 0 17.4425 51.15
    endloop
  endfacet
  facet normal -0.0653248 0.996619 0.0498364
    outer loop
      vertex 0 17 60
      vertex -0.150105 17.4332 51.1402
      vertex -1.17474 16.923 60
    endloop
  endfacet
  facet normal -0.0653224 0.996619 0.0498367
    outer loop
      vertex -0.297642 17.425 51.1108
      vertex -1.17474 16.923 60
      vertex -0.150105 17.4332 51.1402
    endloop
  endfacet
  facet normal -0.0648564 0.996796 0.0468068
    outer loop
      vertex -0.998525 17.3846 51
      vertex -0.297642 17.425 51.1108
      vertex -0.440085 17.418 51.0625
    endloop
  endfacet
  facet normal -0.0653169 0.996558 0.0510484
    outer loop
      vertex -0.998525 17.3846 51
      vertex -0.440085 17.418 51.0625
      vertex -0.566744 17.4129 51
    endloop
  endfacet
  facet normal -0.0653251 0.996619 0.0498364
    outer loop
      vertex -0.297642 17.425 51.1108
      vertex -0.998525 17.3846 51
      vertex -1.17474 16.923 60
    endloop
  endfacet
  facet normal -0.0653695 0.996616 0.0498308
    outer loop
      vertex 0 18.6925 26.15
      vertex -0.929999 17.564 47.5
      vertex 0 17.625 47.5
    endloop
  endfacet
  facet normal -0.0650029 0.996639 0.049848
    outer loop
      vertex -0.150105 18.6832 26.1402
      vertex -0.929999 17.564 47.5
      vertex 0 18.6925 26.15
    endloop
  endfacet
  facet normal -0.0653221 0.996619 0.0498353
    outer loop
      vertex -0.297642 18.675 26.1108
      vertex -0.929999 17.564 47.5
      vertex -0.150105 18.6832 26.1402
    endloop
  endfacet
  facet normal -0.0658668 0.996584 0.0498174
    outer loop
      vertex -0.440085 18.668 26.0625
      vertex -0.929999 17.564 47.5
      vertex -0.297642 18.675 26.1108
    endloop
  endfacet
  facet normal -0.0647361 0.996657 0.0498469
    outer loop
      vertex -0.929999 17.564 47.5
      vertex -0.440085 18.668 26.0625
      vertex -0.509604 18.6652 26.0282
    endloop
  endfacet
  facet normal -0.6585 0.750929 0.0498331
    outer loop
      vertex -12.1752 15.8671 0
      vertex -12.9396 13.6041 24
      vertex -11.4447 14.915 24
    endloop
  endfacet
  facet normal -0.658543 0.750892 0.0498282
    outer loop
      vertex -12.9396 13.6041 24
      vertex -12.1752 15.8671 0
      vertex -14.1421 14.1421 0
    endloop
  endfacet
  facet normal -0.658532 0.750901 0.0498301
    outer loop
      vertex -9.86193 12.8523 76
      vertex -10.334 12.4383 76
      vertex -9.13142 11.9003 100
    endloop
  endfacet
  facet normal -0.658571 0.750867 0.0498268
    outer loop
      vertex -11.3838 14.8357 26
      vertex -11.6869 13.0436 49
      vertex -10.6838 13.9234 49
    endloop
  endfacet
  facet normal -0.658515 0.750916 0.0498313
    outer loop
      vertex -11.6869 13.0436 49
      vertex -11.3838 14.8357 26
      vertex -12.8393 13.5593 26
    endloop
  endfacet
  facet normal -0.658524 0.750908 0.0498344
    outer loop
      vertex -10.6229 13.844 51
      vertex -11.1357 12.797 60
      vertex -10.3489 13.487 60
    endloop
  endfacet
  facet normal -0.658513 0.750917 0.0498361
    outer loop
      vertex -11.1357 12.797 60
      vertex -10.6229 13.844 51
      vertex -11.5867 12.9988 51
    endloop
  endfacet
  facet normal 0.554874 0.83044 0.0498332
    outer loop
      vertex 10 17.3205 0
      vertex 11.4447 14.915 24
      vertex 12.1752 15.8671 0
    endloop
  endfacet
  facet normal 0.554913 0.830415 0.0498284
    outer loop
      vertex 11.4447 14.915 24
      vertex 10 17.3205 0
      vertex 9.79154 16.0197 24
    endloop
  endfacet
  facet normal 0.554855 0.830453 0.04983
    outer loop
      vertex 9.33988 13.2011 76
      vertex 9.13142 11.9003 100
      vertex 9.86193 12.8523 76
    endloop
  endfacet
  facet normal 0.554909 0.830418 0.0498272
    outer loop
      vertex 9.77417 15.9113 26
      vertex 10.6838 13.9234 49
      vertex 11.3838 14.8357 26
    endloop
  endfacet
  facet normal 0.55484 0.830463 0.0498339
    outer loop
      vertex 10.6838 13.9234 49
      vertex 9.77417 15.9113 26
      vertex 9.5744 14.6646 49
    endloop
  endfacet
  facet normal 0.554881 0.830436 0.0498337
    outer loop
      vertex 9.55702 14.5562 51
      vertex 10.3489 13.487 60
      vertex 10.6229 13.844 51
    endloop
  endfacet
  facet normal 0.554914 0.830414 0.0498282
    outer loop
      vertex 10.3489 13.487 60
      vertex 9.55702 14.5562 51
      vertex 9.47885 14.0684 60
    endloop
  endfacet
  facet normal 0.945765 0.321008 0.0498306
    outer loop
      vertex 15.4462 4.78742 76
      vertex 14.4889 3.88229 100
      vertex 15.648 4.19287 76
    endloop
  endfacet
  facet normal 0.945757 0.321031 0.0498312
    outer loop
      vertex 17.5203 6.74854 24
      vertex 19.3185 5.17638 0
      vertex 18.4776 7.65367 0
    endloop
  endfacet
  facet normal 0.945754 0.321038 0.0498305
    outer loop
      vertex 19.3185 5.17638 0
      vertex 17.5203 6.74854 24
      vertex 18.1594 4.8658 24
    endloop
  endfacet
  facet normal 0.945751 0.321047 0.0498311
    outer loop
      vertex 16.5231 5.80569 49
      vertex 18.0628 4.83992 26
      vertex 17.4405 6.67311 26
    endloop
  endfacet
  facet normal 0.945748 0.321058 0.0498304
    outer loop
      vertex 18.0628 4.83992 26
      vertex 16.5231 5.80569 49
      vertex 16.952 4.54227 49
    endloop
  endfacet
  facet normal 0.945766 0.321003 0.0498341
    outer loop
      vertex 15.5259 4.86284 74
      vertex 16.8554 4.51639 51
      vertex 16.4434 5.73026 51
    endloop
  endfacet
  facet normal 0.945727 0.32112 0.0498301
    outer loop
      vertex 16.8554 4.51639 51
      vertex 15.5259 4.86284 74
      vertex 15.7446 4.21875 74
    endloop
  endfacet
  facet normal 0.441739 0.895759 0.0498298
    outer loop
      vertex 7.53688 14.3073 76
      vertex 7.5 12.9904 100
      vertex 8.1 14.0296 76
    endloop
  endfacet
  facet normal 0.441745 0.895756 0.0498298
    outer loop
      vertex 7.65367 18.4776 0
      vertex 9.4 16.2813 24
      vertex 10 17.3205 0
    endloop
  endfacet
  facet normal 0.441747 0.895755 0.0498296
    outer loop
      vertex 9.4 16.2813 24
      vertex 7.65367 18.4776 0
      vertex 7.61679 17.1607 24
    endloop
  endfacet
  facet normal 0.441721 0.895767 0.0498336
    outer loop
      vertex 7.61371 17.0509 26
      vertex 8.775 15.1987 49
      vertex 9.35 16.1947 26
    endloop
  endfacet
  facet normal 0.441792 0.895733 0.0498273
    outer loop
      vertex 8.775 15.1987 49
      vertex 7.61371 17.0509 26
      vertex 7.57837 15.7889 49
    endloop
  endfacet
  facet normal 0.441758 0.895749 0.0498299
    outer loop
      vertex 7.5753 15.6791 51
      vertex 8.5 14.7224 60
      vertex 8.725 15.1121 51
    endloop
  endfacet
  facet normal 0.441792 0.895733 0.0498248
    outer loop
      vertex 8.5 14.7224 60
      vertex 7.5753 15.6791 51
      vertex 7.56147 15.1853 60
    endloop
  endfacet
  facet normal -0.750901 0.658532 0.0498301
    outer loop
      vertex -12.4383 10.334 76
      vertex -12.8523 9.86193 76
      vertex -11.9003 9.13142 100
    endloop
  endfacet
  facet normal -0.750892 0.658543 0.0498282
    outer loop
      vertex -15.8671 12.1752 0
      vertex -13.6041 12.9396 24
      vertex -14.1421 14.1421 0
    endloop
  endfacet
  facet normal -0.750929 0.6585 0.0498331
    outer loop
      vertex -13.6041 12.9396 24
      vertex -15.8671 12.1752 0
      vertex -14.915 11.4447 24
    endloop
  endfacet
  facet normal -0.750916 0.658515 0.0498313
    outer loop
      vertex -14.8357 11.3838 26
      vertex -13.0436 11.6869 49
      vertex -13.5593 12.8393 26
    endloop
  endfacet
  facet normal -0.750867 0.658571 0.0498268
    outer loop
      vertex -13.0436 11.6869 49
      vertex -14.8357 11.3838 26
      vertex -13.9234 10.6838 49
    endloop
  endfacet
  facet normal -0.750917 0.658513 0.0498361
    outer loop
      vertex -13.844 10.6229 51
      vertex -12.797 11.1357 60
      vertex -12.9988 11.5867 51
    endloop
  endfacet
  facet normal -0.750798 0.658651 0.0498143
    outer loop
      vertex -12.797 11.1357 60
      vertex -13.844 10.6229 51
      vertex -13 10.9043 60
    endloop
  endfacet
  facet normal -0.750925 0.658504 0.0498309
    outer loop
      vertex -13 10.9043 60
      vertex -13.844 10.6229 51
      vertex -13 9.97525 72.2772
    endloop
  endfacet
  facet normal 0 0 -1
    outer loop
      vertex 20 0 0
      vertex 19.3185 5.17638 0
      vertex 19.8289 2.61052 0
    endloop
  endfacet
  facet normal 0 0 -1
    outer loop
      vertex 20 0 0
      vertex 18.4776 7.65367 0
      vertex 19.3185 5.17638 0
    endloop
  endfacet
  facet normal 0 0 -1
    outer loop
      vertex 20 0 0
      vertex 17.3205 10 0
      vertex 18.4776 7.65367 0
    endloop
  endfacet
  facet normal 0 0 -1
    outer loop
      vertex 20 0 0
      vertex 15.8671 12.1752 0
      vertex 17.3205 10 0
    endloop
  endfacet
  facet normal 0 0 -1
    outer loop
      vertex 20 0 0
      vertex 14.1421 14.1421 0
      vertex 15.8671 12.1752 0
    endloop
  endfacet
  facet normal 0 0 -1
    outer loop
      vertex 20 0 0
      vertex 12.1752 15.8671 0
      vertex 14.1421 14.1421 0
    endloop
  endfacet
  facet normal 0 0 -1
    outer loop
      vertex 20 0 0
      vertex 10 17.3205 0
      vertex 12.1752 15.8671 0
    endloop
  endfacet
  facet normal 0 0 -1
    outer loop
      vertex 20 0 0
      vertex 7.65367 18.4776 0
      vertex 10 17.3205 0
    endloop
  endfacet
  facet normal 0 0 -1
    outer loop
      vertex 20 0 0
      vertex 5.17638 19.3185 0
      vertex 7.65367 18.4776 0
    endloop
  endfacet
  facet normal 0 0 -1
    outer loop
      vertex 20 0 0
      vertex 2.61052 19.8289 0
      vertex 5.17638 19.3185 0
    endloop
  endfacet
  facet normal 0 0 -1
    outer loop
      vertex 20 0 0
      vertex 0 20 0
      vertex 2.61052 19.8289 0
    endloop
  endfacet
  facet normal 0 0 -1
    outer loop
      vertex 20 0 0
      vertex -2.61052 19.8289 0
      vertex 0 20 0
    endloop
  endfacet
  facet normal 0 0 -1
    outer loop
      vertex 20 0 0
      vertex -5.17638 19.3185 0
      vertex -2.61052 19.8289 0
    endloop
  endfacet
  facet normal 0 0 -1
    outer loop
      vertex 20 0 0
      vertex -7.65367 18.4776 0
      vertex -5.17638 19.3185 0
    endloop
  endfacet
  facet normal 0 0 -1
    outer loop
      vertex 20 0 0
      vertex -10 17.3205 0
      vertex -7.65367 18.4776 0
    endloop
  endfacet
  facet normal 0 0 -1
    outer loop
      vertex 20 0 0
      vertex -12.1752 15.8671 0
      vertex -10 17.3205 0
    endloop
  endfacet
  facet normal 0 0 -1
    outer loop
      vertex 20 0 0
      vertex -14.1421 14.1421 0
      vertex -12.1752 15.8671 0
    endloop
  endfacet
  facet normal 0 0 -1
    outer loop
      vertex 20 0 0
      vertex -15.8671 12.1752 0
      vertex -14.1421 14.1421 0
    endloop
  endfacet
  facet normal 0 0 -1
    outer loop
      vertex 20 0 0
      vertex -17.3205 10 0
      vertex -15.8671 12.1752 0
    endloop
  endfacet
  facet normal 0 0 -1
    outer loop
      vertex 20 0 0
      vertex -18.4776 7.65367 0
      vertex -17.3205 10 0
    endloop
  endfacet
  facet normal 0 0 -1
    outer loop
      vertex 20 0 0
      vertex -19.3185 5.17638 0
      vertex -18.4776 7.65367 0
    endloop
  endfacet
  facet normal 0 0 -1
    outer loop
      vertex 20 0 0
      vertex -19.8289 2.61052 0
      vertex -19.3185 5.17638 0
    endloop
  endfacet
  facet normal 0 -0 -1
    outer loop
      vertex -19.8289 2.61052 0
      vertex 20 0 0
      vertex -20 0 0
    endloop
  endfacet
  facet normal -0.979566 0.194855 0.0498294
    outer loop
      vertex -19.8289 2.61052 0
      vertex -18.2513 4.40394 24
      vertex -19.3185 5.17638 0
    endloop
  endfacet
  facet normal -0.979566 0.194853 0.0498296
    outer loop
      vertex -18.2513 4.40394 24
      vertex -19.8289 2.61052 0
      vertex -18.6392 2.45389 24
    endloop
  endfacet
  facet normal -0.979565 0.19486 0.0498295
    outer loop
      vertex -15.9389 2.73033 76
      vertex -16.0614 2.11452 76
      vertex -14.8717 1.95789 100
    endloop
  endfacet
  facet normal -0.979565 0.194857 0.049828
    outer loop
      vertex -18.54 2.44084 26
      vertex -17.1396 3.59932 49
      vertex -18.1623 4.33957 26
    endloop
  endfacet
  facet normal -0.979566 0.194852 0.0498284
    outer loop
      vertex -17.1396 3.59932 49
      vertex -18.54 2.44084 26
      vertex -17.3999 2.29073 49
    endloop
  endfacet
  facet normal -0.979565 0.194858 0.049828
    outer loop
      vertex -17.3007 2.27768 51
      vertex -16.0279 2.7947 74
      vertex -17.0506 3.53495 51
    endloop
  endfacet
  facet normal -0.979567 0.19485 0.0498283
    outer loop
      vertex -16.0279 2.7947 74
      vertex -17.3007 2.27768 51
      vertex -16.1606 2.12758 74
    endloop
  endfacet
  facet normal -0.658527 0.750905 0.0498299
    outer loop
      vertex -10.334 12.4383 76
      vertex -10.6066 10.6066 100
      vertex -9.13142 11.9003 100
    endloop
  endfacet
  facet normal -0.658535 0.750899 0.0498293
    outer loop
      vertex -10.6066 10.6066 100
      vertex -10.334 12.4383 76
      vertex -11.4551 11.4551 76
    endloop
  endfacet
  facet normal -0.658587 0.750853 0.0498296
    outer loop
      vertex -12.9396 13.6041 24
      vertex -14.1421 14.1421 0
      vertex -13.2936 13.2936 24
    endloop
  endfacet
  facet normal -0.658539 0.750895 0.049832
    outer loop
      vertex -12.8393 13.5593 26
      vertex -12.4097 12.4097 49
      vertex -11.6869 13.0436 49
    endloop
  endfacet
  facet normal -0.658518 0.750914 0.0498326
    outer loop
      vertex -12.4097 12.4097 49
      vertex -12.8393 13.5593 26
      vertex -13.2229 13.2229 26
    endloop
  endfacet
  facet normal -0.658521 0.750911 0.0498363
    outer loop
      vertex -11.5867 12.9988 51
      vertex -12.0208 12.0208 60
      vertex -11.1357 12.797 60
    endloop
  endfacet
  facet normal -0.658555 0.750881 0.0498314
    outer loop
      vertex -12.0208 12.0208 60
      vertex -11.5867 12.9988 51
      vertex -12.339 12.339 51
    endloop
  endfacet
  facet normal 0.0653784 0.996616 0.0498297
    outer loop
      vertex 2.11452 16.0614 76
      vertex 1.488 16.1025 76
      vertex 1.95789 14.8717 100
    endloop
  endfacet
  facet normal 0.0653197 0.996619 0.049832
    outer loop
      vertex 2.61052 19.8289 0
      vertex 0.440526 18.8461 22.5
      vertex 2.46368 18.7135 22.5
    endloop
  endfacet
  facet normal 0.0653209 0.996619 0.0498322
    outer loop
      vertex 0.440526 18.8461 22.5
      vertex 2.61052 19.8289 0
      vertex 0 20 0
    endloop
  endfacet
  facet normal 0.0652826 0.996623 0.0498025
    outer loop
      vertex 2.4619 18.7 22.7728
      vertex 1.5257 18.7 24
      vertex 2.45389 18.6392 24
    endloop
  endfacet
  facet normal 0.0653011 0.99662 0.049834
    outer loop
      vertex 2.30052 17.4742 47.5
      vertex 0.509604 18.6652 26.0282
      vertex 0.929999 17.564 47.5
    endloop
  endfacet
  facet normal 0.0653373 0.996618 0.0498309
    outer loop
      vertex 2.44084 18.54 26
      vertex 0.509604 18.6652 26.0282
      vertex 2.30052 17.4742 47.5
    endloop
  endfacet
  facet normal 0.0653521 0.996551 0.0511401
    outer loop
      vertex 0.509604 18.6652 26.0282
      vertex 2.44084 18.54 26
      vertex 0.566744 18.6629 26
    endloop
  endfacet
  facet normal 0.0652666 0.996625 0.0497897
    outer loop
      vertex 2.29734 17.45 47.9885
      vertex 1.5257 17.45 49
      vertex 2.29073 17.3999 49
    endloop
  endfacet
  facet normal 0.0652834 0.996622 0.0498253
    outer loop
      vertex 2.27768 17.3007 51
      vertex 1.17474 16.923 60
      vertex 2.21894 16.8546 60
    endloop
  endfacet
  facet normal 0.0653682 0.996616 0.0498355
    outer loop
      vertex 1.17474 16.923 60
      vertex 2.27768 17.3007 51
      vertex 0.998525 17.3846 51
    endloop
  endfacet
  facet normal -0.554853 0.830455 0.04983
    outer loop
      vertex -9.4 16.2813 24
      vertex -10 17.3205 0
      vertex -9.79154 16.0197 24
    endloop
  endfacet
  facet normal -0.554887 0.830432 0.0498299
    outer loop
      vertex -8.1 14.0296 76
      vertex -9.13142 11.9003 100
      vertex -7.5 12.9904 100
    endloop
  endfacet
  facet normal -0.554898 0.830425 0.0498288
    outer loop
      vertex -9.13142 11.9003 100
      vertex -8.1 14.0296 76
      vertex -9.33988 13.2011 76
    endloop
  endfacet
  facet normal -0.55485 0.830457 0.0498336
    outer loop
      vertex -9.35 16.1947 26
      vertex -9.5744 14.6646 49
      vertex -8.775 15.1987 49
    endloop
  endfacet
  facet normal -0.554851 0.830456 0.0498336
    outer loop
      vertex -9.5744 14.6646 49
      vertex -9.35 16.1947 26
      vertex -9.77417 15.9113 26
    endloop
  endfacet
  facet normal -0.554853 0.830455 0.04983
    outer loop
      vertex -8.725 15.1121 51
      vertex -9.47885 14.0684 60
      vertex -8.5 14.7224 60
    endloop
  endfacet
  facet normal -0.554854 0.830454 0.0498298
    outer loop
      vertex -9.47885 14.0684 60
      vertex -8.725 15.1121 51
      vertex -9.55702 14.5562 51
    endloop
  endfacet
  facet normal 0.658543 0.750892 0.0498282
    outer loop
      vertex 12.1752 15.8671 0
      vertex 12.9396 13.6041 24
      vertex 14.1421 14.1421 0
    endloop
  endfacet
  facet normal 0.6585 0.750929 0.0498331
    outer loop
      vertex 12.9396 13.6041 24
      vertex 12.1752 15.8671 0
      vertex 11.4447 14.915 24
    endloop
  endfacet
  facet normal 0.658532 0.750901 0.0498301
    outer loop
      vertex 9.86193 12.8523 76
      vertex 9.13142 11.9003 100
      vertex 10.334 12.4383 76
    endloop
  endfacet
  facet normal 0.658515 0.750916 0.0498313
    outer loop
      vertex 11.3838 14.8357 26
      vertex 11.6869 13.0436 49
      vertex 12.8393 13.5593 26
    endloop
  endfacet
  facet normal 0.658571 0.750867 0.0498268
    outer loop
      vertex 11.6869 13.0436 49
      vertex 11.3838 14.8357 26
      vertex 10.6838 13.9234 49
    endloop
  endfacet
  facet normal 0.658513 0.750917 0.0498361
    outer loop
      vertex 10.6229 13.844 51
      vertex 11.1357 12.797 60
      vertex 11.5867 12.9988 51
    endloop
  endfacet
  facet normal 0.658524 0.750908 0.0498344
    outer loop
      vertex 11.1357 12.797 60
      vertex 10.6229 13.844 51
      vertex 10.3489 13.487 60
    endloop
  endfacet
  facet normal -0.895769 0.441719 0.0498303
    outer loop
      vertex -14.9668 6.19947 76
      vertex -12.9904 7.5 100
      vertex -14.3073 7.53688 76
    endloop
  endfacet
  facet normal -0.895761 0.441734 0.0498289
    outer loop
      vertex -12.9904 7.5 100
      vertex -14.9668 6.19947 76
      vertex -13.8582 5.74025 100
    endloop
  endfacet
  facet normal -0.895822 0.441611 0.0498331
    outer loop
      vertex -17.1607 7.61679 24
      vertex -18.4776 7.65367 0
      vertex -17.3689 7.19445 24
    endloop
  endfacet
  facet normal -0.895781 0.441694 0.0498298
    outer loop
      vertex -17.2765 7.15618 26
      vertex -15.7889 7.57837 49
      vertex -17.0509 7.61371 26
    endloop
  endfacet
  facet normal -0.895771 0.441715 0.0498287
    outer loop
      vertex -15.7889 7.57837 49
      vertex -17.2765 7.15618 26
      vertex -16.2141 6.71609 49
    endloop
  endfacet
  facet normal -0.895752 0.441753 0.0498285
    outer loop
      vertex -16.1217 6.67783 51
      vertex -14.4171 7.53995 74
      vertex -15.6791 7.5753 51
    endloop
  endfacet
  facet normal -0.89578 0.441696 0.0498327
    outer loop
      vertex -14.4171 7.53995 74
      vertex -16.1217 6.67783 51
      vertex -15.0592 6.23774 74
    endloop
  endfacet
  facet normal 0.321084 0.945739 0.0498289
    outer loop
      vertex 4.78742 15.4462 76
      vertex 5.74025 13.8582 100
      vertex 6.19947 14.9668 76
    endloop
  endfacet
  facet normal 0.321044 0.945753 0.0498315
    outer loop
      vertex 5.74025 13.8582 100
      vertex 4.78742 15.4462 76
      vertex 3.88229 14.4889 100
    endloop
  endfacet
  facet normal 0.321105 0.945732 0.0498329
    outer loop
      vertex 7.65367 18.4776 0
      vertex 6.74854 17.5203 24
      vertex 7.19445 17.3689 24
    endloop
  endfacet
  facet normal 0.321075 0.945742 0.0498286
    outer loop
      vertex 6.67311 17.4405 26
      vertex 6.71609 16.2141 49
      vertex 7.15618 17.2765 26
    endloop
  endfacet
  facet normal 0.321004 0.945766 0.04983
    outer loop
      vertex 6.71609 16.2141 49
      vertex 6.67311 17.4405 26
      vertex 5.80569 16.5231 49
    endloop
  endfacet
  facet normal 0.321079 0.945741 0.0498264
    outer loop
      vertex 5.73026 16.4434 51
      vertex 6.50562 15.706 60
      vertex 6.67783 16.1217 51
    endloop
  endfacet
  facet normal 0.321027 0.945758 0.0498322
    outer loop
      vertex 6.50562 15.706 60
      vertex 5.73026 16.4434 51
      vertex 5.39084 16.0844 60
    endloop
  endfacet
  facet normal -0.996619 0.0653251 0.049831
    outer loop
      vertex -18.7692 0.469894 24
      vertex -20 0 0
      vertex -18.8 0 24
    endloop
  endfacet
  facet normal -0.99662 0.0653028 0.049831
    outer loop
      vertex -15 0 100
      vertex -16.1025 1.488 76
      vertex -16.2 0 76
    endloop
  endfacet
  facet normal -0.99662 0.0653082 0.0498313
    outer loop
      vertex -16.1025 1.488 76
      vertex -15 0 100
      vertex -14.8717 1.95789 100
    endloop
  endfacet
  facet normal -0.996615 0.06539 0.0498307
    outer loop
      vertex -17.55 0 49
      vertex -18.6666 0.509052 26
      vertex -18.7 0 26
    endloop
  endfacet
  facet normal -0.996618 0.0653423 0.0498298
    outer loop
      vertex -18.6666 0.509052 26
      vertex -17.55 0 49
      vertex -17.4871 0.959367 49
    endloop
  endfacet
  facet normal -0.996622 0.0652754 0.0498311
    outer loop
      vertex -16.3 0 74
      vertex -17.3846 0.998525 51
      vertex -17.45 0 51
    endloop
  endfacet
  facet normal -0.996617 0.0653479 0.049834
    outer loop
      vertex -17.3846 0.998525 51
      vertex -16.3 0 74
      vertex -16.205 1.44884 74
    endloop
  endfacet
  facet normal -0.979555 0.19491 0.0498307
    outer loop
      vertex -18.1594 4.8658 24
      vertex -19.3185 5.17638 0
      vertex -18.2513 4.40394 24
    endloop
  endfacet
  facet normal -0.979569 0.194837 0.0498305
    outer loop
      vertex -15.9389 2.73033 76
      vertex -14.4889 3.88229 100
      vertex -15.648 4.19287 76
    endloop
  endfacet
  facet normal -0.979566 0.194854 0.0498294
    outer loop
      vertex -14.4889 3.88229 100
      vertex -15.9389 2.73033 76
      vertex -14.8717 1.95789 100
    endloop
  endfacet
  facet normal -0.979577 0.194799 0.0498302
    outer loop
      vertex -18.1623 4.33957 26
      vertex -16.952 4.54227 49
      vertex -18.0628 4.83992 26
    endloop
  endfacet
  facet normal -0.97956 0.194884 0.0498286
    outer loop
      vertex -16.952 4.54227 49
      vertex -18.1623 4.33957 26
      vertex -17.1396 3.59932 49
    endloop
  endfacet
  facet normal -0.979571 0.194828 0.0498303
    outer loop
      vertex -17.0506 3.53495 51
      vertex -15.7446 4.21875 74
      vertex -16.8554 4.51639 51
    endloop
  endfacet
  facet normal -0.979562 0.194874 0.0498284
    outer loop
      vertex -15.7446 4.21875 74
      vertex -17.0506 3.53495 51
      vertex -16.0279 2.7947 74
    endloop
  endfacet
  facet normal -0.321038 0.945754 0.0498305
    outer loop
      vertex -5.17638 19.3185 0
      vertex -6.74854 17.5203 24
      vertex -4.8658 18.1594 24
    endloop
  endfacet
  facet normal -0.321031 0.945757 0.0498312
    outer loop
      vertex -6.74854 17.5203 24
      vertex -5.17638 19.3185 0
      vertex -7.65367 18.4776 0
    endloop
  endfacet
  facet normal -0.321008 0.945765 0.0498306
    outer loop
      vertex -4.19287 15.648 76
      vertex -4.78742 15.4462 76
      vertex -3.88229 14.4889 100
    endloop
  endfacet
  facet normal -0.321058 0.945748 0.0498304
    outer loop
      vertex -4.83992 18.0628 26
      vertex -5.80569 16.5231 49
      vertex -4.54227 16.952 49
    endloop
  endfacet
  facet normal -0.321047 0.945751 0.0498311
    outer loop
      vertex -5.80569 16.5231 49
      vertex -4.83992 18.0628 26
      vertex -6.67311 17.4405 26
    endloop
  endfacet
  facet normal -0.320978 0.945774 0.0498347
    outer loop
      vertex -4.51639 16.8554 51
      vertex -5.39084 16.0844 60
      vertex -4.39992 16.4207 60
    endloop
  endfacet
  facet normal -0.321003 0.945766 0.0498317
    outer loop
      vertex -5.39084 16.0844 60
      vertex -4.51639 16.8554 51
      vertex -5.73026 16.4434 51
    endloop
  endfacet
  facet normal -0.996621 0.0653029 0.0498295
    outer loop
      vertex -19.8289 2.61052 0
      vertex -18.7692 0.469894 24
      vertex -18.6392 2.45389 24
    endloop
  endfacet
  facet normal -0.996619 0.0653209 0.049831
    outer loop
      vertex -18.7692 0.469894 24
      vertex -19.8289 2.61052 0
      vertex -20 0 0
    endloop
  endfacet
  facet normal -0.996616 0.0653784 0.0498297
    outer loop
      vertex -16.0614 2.11452 76
      vertex -16.1025 1.488 76
      vertex -14.8717 1.95789 100
    endloop
  endfacet
  facet normal -0.996622 0.0652756 0.0498282
    outer loop
      vertex -18.54 2.44084 26
      vertex -17.4871 0.959367 49
      vertex -17.3999 2.29073 49
    endloop
  endfacet
  facet normal -0.99662 0.0653136 0.0498305
    outer loop
      vertex -17.4871 0.959367 49
      vertex -18.54 2.44084 26
      vertex -18.6666 0.509052 26
    endloop
  endfacet
  facet normal -0.996628 0.0651947 0.0498279
    outer loop
      vertex -17.3007 2.27768 51
      vertex -16.205 1.44884 74
      vertex -16.1606 2.12758 74
    endloop
  endfacet
  facet normal -0.996616 0.0653682 0.0498336
    outer loop
      vertex -16.205 1.44884 74
      vertex -17.3007 2.27768 51
      vertex -17.3846 0.998525 51
    endloop
  endfacet
  facet normal -0.554913 0.830415 0.0498284
    outer loop
      vertex -10 17.3205 0
      vertex -11.4447 14.915 24
      vertex -9.79154 16.0197 24
    endloop
  endfacet
  facet normal -0.554874 0.83044 0.0498332
    outer loop
      vertex -11.4447 14.915 24
      vertex -10 17.3205 0
      vertex -12.1752 15.8671 0
    endloop
  endfacet
  facet normal -0.554855 0.830453 0.04983
    outer loop
      vertex -9.33988 13.2011 76
      vertex -9.86193 12.8523 76
      vertex -9.13142 11.9003 100
    endloop
  endfacet
  facet normal -0.55484 0.830463 0.0498339
    outer loop
      vertex -9.77417 15.9113 26
      vertex -10.6838 13.9234 49
      vertex -9.5744 14.6646 49
    endloop
  endfacet
  facet normal -0.554909 0.830418 0.0498272
    outer loop
      vertex -10.6838 13.9234 49
      vertex -9.77417 15.9113 26
      vertex -11.3838 14.8357 26
    endloop
  endfacet
  facet normal -0.554914 0.830414 0.0498282
    outer loop
      vertex -9.55702 14.5562 51
      vertex -10.3489 13.487 60
      vertex -9.47885 14.0684 60
    endloop
  endfacet
  facet normal -0.554881 0.830436 0.0498337
    outer loop
      vertex -10.3489 13.487 60
      vertex -9.55702 14.5562 51
      vertex -10.6229 13.844 51
    endloop
  endfacet
  facet normal 0 0 1
    outer loop
      vertex 12.5058 1.70402 100
      vertex 14.8717 1.95789 100
      vertex 14.4889 3.88229 100
    endloop
  endfacet
  facet normal -0 0 1
    outer loop
      vertex 11.6824 4.77719 100
      vertex 14.4889 3.88229 100
      vertex 13.8582 5.74025 100
    endloop
  endfacet
  facet normal -0 0 1
    outer loop
      vertex 10.9589 6.26117 100
      vertex 13.8582 5.74025 100
      vertex 12.9904 7.5 100
    endloop
  endfacet
  facet normal 0 0 1
    outer loop
      vertex 14.4889 3.88229 100
      vertex 12.1948 3.26759 100
      vertex 12.5058 1.70402 100
    endloop
  endfacet
  facet normal 0 0 1
    outer loop
      vertex 15 0 100
      vertex 12.5207 1.59079 100
      vertex 12.625 0 100
    endloop
  endfacet
  facet normal 0 0 1
    outer loop
      vertex 14.8717 1.95789 100
      vertex 12.5207 1.59079 100
      vertex 15 0 100
    endloop
  endfacet
  facet normal 0 -0 1
    outer loop
      vertex 12.5207 1.59079 100
      vertex 14.8717 1.95789 100
      vertex 12.517 1.64789 100
    endloop
  endfacet
  facet normal 0 0 1
    outer loop
      vertex 14.8717 1.95789 100
      vertex 12.5058 1.70402 100
      vertex 12.517 1.64789 100
    endloop
  endfacet
  facet normal 0 0 1
    outer loop
      vertex 10.9018 6.36008 100
      vertex 12.9904 7.5 100
      vertex 11.9003 9.13142 100
    endloop
  endfacet
  facet normal 0 0 1
    outer loop
      vertex 14.4889 3.88229 100
      vertex 11.6824 4.77719 100
      vertex 12.1948 3.26759 100
    endloop
  endfacet
  facet normal 0 0 1
    outer loop
      vertex 13.8582 5.74025 100
      vertex 11.664 4.83138 100
      vertex 11.6824 4.77719 100
    endloop
  endfacet
  facet normal 0 0 1
    outer loop
      vertex 13.8582 5.74025 100
      vertex 10.9589 6.26117 100
      vertex 11.664 4.83138 100
    endloop
  endfacet
  facet normal 0 0 1
    outer loop
      vertex 12.9904 7.5 100
      vertex 10.9336 6.3125 100
      vertex 10.9589 6.26117 100
    endloop
  endfacet
  facet normal 0 0 1
    outer loop
      vertex 12.9904 7.5 100
      vertex 10.9018 6.36008 100
      vertex 10.9336 6.3125 100
    endloop
  endfacet
  facet normal 0 0 1
    outer loop
      vertex 8.96496 8.8842 100
      vertex 11.9003 9.13142 100
      vertex 10.6066 10.6066 100
    endloop
  endfacet
  facet normal 0 0 1
    outer loop
      vertex 11.9003 9.13142 100
      vertex 10.0161 7.68561 100
      vertex 10.9018 6.36008 100
    endloop
  endfacet
  facet normal 0 0 1
    outer loop
      vertex 8.8842 8.96496 100
      vertex 10.6066 10.6066 100
      vertex 9.13142 11.9003 100
    endloop
  endfacet
  facet normal 0 0 1
    outer loop
      vertex 11.9003 9.13142 100
      vertex 8.96496 8.8842 100
      vertex 10.0161 7.68561 100
    endloop
  endfacet
  facet normal 0 0 1
    outer loop
      vertex 10.6066 10.6066 100
      vertex 8.92722 8.92722 100
      vertex 8.96496 8.8842 100
    endloop
  endfacet
  facet normal 0 0 1
    outer loop
      vertex 10.6066 10.6066 100
      vertex 8.8842 8.96496 100
      vertex 8.92722 8.92722 100
    endloop
  endfacet
  facet normal 0 0 1
    outer loop
      vertex 9.13142 11.9003 100
      vertex 7.68561 10.0161 100
      vertex 8.8842 8.96496 100
    endloop
  endfacet
  facet normal 0 0 1
    outer loop
      vertex 6.36008 10.9018 100
      vertex 9.13142 11.9003 100
      vertex 7.5 12.9904 100
    endloop
  endfacet
  facet normal 0 0 1
    outer loop
      vertex 9.13142 11.9003 100
      vertex 6.36008 10.9018 100
      vertex 7.68561 10.0161 100
    endloop
  endfacet
  facet normal 0 0 1
    outer loop
      vertex 7.5 12.9904 100
      vertex 6.3125 10.9336 100
      vertex 6.36008 10.9018 100
    endloop
  endfacet
  facet normal 0 0 1
    outer loop
      vertex 7.5 12.9904 100
      vertex 6.26117 10.9589 100
      vertex 6.3125 10.9336 100
    endloop
  endfacet
  facet normal 0 0 1
    outer loop
      vertex 5.74025 13.8582 100
      vertex 6.26117 10.9589 100
      vertex 7.5 12.9904 100
    endloop
  endfacet
  facet normal 0 0 1
    outer loop
      vertex 5.74025 13.8582 100
      vertex 4.83138 11.664 100
      vertex 6.26117 10.9589 100
    endloop
  endfacet
  facet normal 0 0 1
    outer loop
      vertex 5.74025 13.8582 100
      vertex 4.77719 11.6824 100
      vertex 4.83138 11.664 100
    endloop
  endfacet
  facet normal 0 0 1
    outer loop
      vertex 3.88229 14.4889 100
      vertex 4.77719 11.6824 100
      vertex 5.74025 13.8582 100
    endloop
  endfacet
  facet normal 0 0 1
    outer loop
      vertex 3.88229 14.4889 100
      vertex 3.26759 12.1948 100
      vertex 4.77719 11.6824 100
    endloop
  endfacet
  facet normal 0 0 1
    outer loop
      vertex 1.70402 12.5058 100
      vertex 3.88229 14.4889 100
      vertex 1.95789 14.8717 100
    endloop
  endfacet
  facet normal 0 0 1
    outer loop
      vertex 3.88229 14.4889 100
      vertex 1.70402 12.5058 100
      vertex 3.26759 12.1948 100
    endloop
  endfacet
  facet normal 0 0 1
    outer loop
      vertex 1.95789 14.8717 100
      vertex 1.64789 12.517 100
      vertex 1.70402 12.5058 100
    endloop
  endfacet
  facet normal 0 0 1
    outer loop
      vertex 1.95789 14.8717 100
      vertex 1.59079 12.5207 100
      vertex 1.64789 12.517 100
    endloop
  endfacet
  facet normal 0 0 1
    outer loop
      vertex 0 15 100
      vertex 1.59079 12.5207 100
      vertex 1.95789 14.8717 100
    endloop
  endfacet
  facet normal 0 0 1
    outer loop
      vertex 0 15 100
      vertex 0 12.625 100
      vertex 1.59079 12.5207 100
    endloop
  endfacet
  facet normal 0 0 1
    outer loop
      vertex 0 15 100
      vertex -1.59079 12.5207 100
      vertex 0 12.625 100
    endloop
  endfacet
  facet normal -0 0 1
    outer loop
      vertex -1.95789 14.8717 100
      vertex -1.59079 12.5207 100
      vertex 0 15 100
    endloop
  endfacet
  facet normal 0 0 1
    outer loop
      vertex -1.59079 12.5207 100
      vertex -1.95789 14.8717 100
      vertex -1.64789 12.517 100
    endloop
  endfacet
  facet normal 0 0 1
    outer loop
      vertex -1.64789 12.517 100
      vertex -1.95789 14.8717 100
      vertex -1.70402 12.5058 100
    endloop
  endfacet
  facet normal -0 0 1
    outer loop
      vertex -3.88229 14.4889 100
      vertex -1.70402 12.5058 100
      vertex -1.95789 14.8717 100
    endloop
  endfacet
  facet normal 0 0 1
    outer loop
      vertex -1.70402 12.5058 100
      vertex -3.88229 14.4889 100
      vertex -3.26759 12.1948 100
    endloop
  endfacet
  facet normal 0 0 1
    outer loop
      vertex -3.88229 14.4889 100
      vertex -4.77719 11.6824 100
      vertex -3.26759 12.1948 100
    endloop
  endfacet
  facet normal -0 0 1
    outer loop
      vertex -5.74025 13.8582 100
      vertex -4.77719 11.6824 100
      vertex -3.88229 14.4889 100
    endloop
  endfacet
  facet normal 0 0 1
    outer loop
      vertex -4.77719 11.6824 100
      vertex -5.74025 13.8582 100
      vertex -4.83138 11.664 100
    endloop
  endfacet
  facet normal 0 0 1
    outer loop
      vertex -5.74025 13.8582 100
      vertex -6.26117 10.9589 100
      vertex -4.83138 11.664 100
    endloop
  endfacet
  facet normal -0 0 1
    outer loop
      vertex -7.5 12.9904 100
      vertex -6.26117 10.9589 100
      vertex -5.74025 13.8582 100
    endloop
  endfacet
  facet normal 0 0 1
    outer loop
      vertex -6.26117 10.9589 100
      vertex -7.5 12.9904 100
      vertex -6.3125 10.9336 100
    endloop
  endfacet
  facet normal 0 0 1
    outer loop
      vertex -6.3125 10.9336 100
      vertex -7.5 12.9904 100
      vertex -6.36008 10.9018 100
    endloop
  endfacet
  facet normal -0 0 1
    outer loop
      vertex -9.13142 11.9003 100
      vertex -6.36008 10.9018 100
      vertex -7.5 12.9904 100
    endloop
  endfacet
  facet normal 0 0 1
    outer loop
      vertex -6.36008 10.9018 100
      vertex -9.13142 11.9003 100
      vertex -7.68561 10.0161 100
    endloop
  endfacet
  facet normal 0 0 1
    outer loop
      vertex -7.68561 10.0161 100
      vertex -9.13142 11.9003 100
      vertex -8.8842 8.96496 100
    endloop
  endfacet
  facet normal -0 0 1
    outer loop
      vertex -10.6066 10.6066 100
      vertex -8.8842 8.96496 100
      vertex -9.13142 11.9003 100
    endloop
  endfacet
  facet normal 0 0 1
    outer loop
      vertex -8.8842 8.96496 100
      vertex -10.6066 10.6066 100
      vertex -8.92722 8.92722 100
    endloop
  endfacet
  facet normal 0 0 1
    outer loop
      vertex -8.92722 8.92722 100
      vertex -10.6066 10.6066 100
      vertex -8.96496 8.8842 100
    endloop
  endfacet
  facet normal -0 0 1
    outer loop
      vertex -11.9003 9.13142 100
      vertex -8.96496 8.8842 100
      vertex -10.6066 10.6066 100
    endloop
  endfacet
  facet normal 0 0 1
    outer loop
      vertex -8.96496 8.8842 100
      vertex -11.9003 9.13142 100
      vertex -10.0161 7.68561 100
    endloop
  endfacet
  facet normal 0 0 1
    outer loop
      vertex -10.0161 7.68561 100
      vertex -11.9003 9.13142 100
      vertex -10.9018 6.36008 100
    endloop
  endfacet
  facet normal -0 0 1
    outer loop
      vertex -12.9904 7.5 100
      vertex -10.9018 6.36008 100
      vertex -11.9003 9.13142 100
    endloop
  endfacet
  facet normal 0 0 1
    outer loop
      vertex -10.9018 6.36008 100
      vertex -12.9904 7.5 100
      vertex -10.9336 6.3125 100
    endloop
  endfacet
  facet normal 0 0 1
    outer loop
      vertex -10.9336 6.3125 100
      vertex -12.9904 7.5 100
      vertex -10.9589 6.26117 100
    endloop
  endfacet
  facet normal 0 0 1
    outer loop
      vertex -13.8582 5.74025 100
      vertex -10.9589 6.26117 100
      vertex -12.9904 7.5 100
    endloop
  endfacet
  facet normal 0 0 1
    outer loop
      vertex -10.9589 6.26117 100
      vertex -13.8582 5.74025 100
      vertex -11.664 4.83138 100
    endloop
  endfacet
  facet normal 0 0 1
    outer loop
      vertex -11.664 4.83138 100
      vertex -13.8582 5.74025 100
      vertex -11.6824 4.77719 100
    endloop
  endfacet
  facet normal 0 0 1
    outer loop
      vertex -14.4889 3.88229 100
      vertex -11.6824 4.77719 100
      vertex -13.8582 5.74025 100
    endloop
  endfacet
  facet normal 0 0 1
    outer loop
      vertex -14.8717 1.95789 100
      vertex -12.5207 1.59079 100
      vertex -12.517 1.64789 100
    endloop
  endfacet
  facet normal 0 0 1
    outer loop
      vertex -11.6824 4.77719 100
      vertex -14.4889 3.88229 100
      vertex -12.1948 3.26759 100
    endloop
  endfacet
  facet normal 0 0 1
    outer loop
      vertex -12.1948 3.26759 100
      vertex -14.4889 3.88229 100
      vertex -12.5058 1.70402 100
    endloop
  endfacet
  facet normal -0 0 1
    outer loop
      vertex -14.8717 1.95789 100
      vertex -12.5058 1.70402 100
      vertex -14.4889 3.88229 100
    endloop
  endfacet
  facet normal 0 0 1
    outer loop
      vertex -12.5058 1.70402 100
      vertex -14.8717 1.95789 100
      vertex -12.517 1.64789 100
    endloop
  endfacet
  facet normal 0 0 1
    outer loop
      vertex -15 0 100
      vertex -12.5207 1.59079 100
      vertex -14.8717 1.95789 100
    endloop
  endfacet
  facet normal 0 0 1
    outer loop
      vertex -12.5207 1.59079 100
      vertex -15 0 100
      vertex -12.625 0 100
    endloop
  endfacet
  facet normal 0.750853 0.658587 0.0498296
    outer loop
      vertex 14.1421 14.1421 0
      vertex 13.2936 13.2936 24
      vertex 13.6041 12.9396 24
    endloop
  endfacet
  facet normal 0.750899 0.658535 0.0498293
    outer loop
      vertex 10.6066 10.6066 100
      vertex 12.4383 10.334 76
      vertex 11.4551 11.4551 76
    endloop
  endfacet
  facet normal 0.750905 0.658527 0.0498299
    outer loop
      vertex 12.4383 10.334 76
      vertex 10.6066 10.6066 100
      vertex 11.9003 9.13142 100
    endloop
  endfacet
  facet normal 0.750914 0.658518 0.0498326
    outer loop
      vertex 12.4097 12.4097 49
      vertex 13.5593 12.8393 26
      vertex 13.2229 13.2229 26
    endloop
  endfacet
  facet normal 0.750895 0.658539 0.049832
    outer loop
      vertex 13.5593 12.8393 26
      vertex 12.4097 12.4097 49
      vertex 13.0436 11.6869 49
    endloop
  endfacet
  facet normal 0.750881 0.658555 0.0498314
    outer loop
      vertex 12.0208 12.0208 60
      vertex 12.9988 11.5867 51
      vertex 12.339 12.339 51
    endloop
  endfacet
  facet normal 0.750911 0.658521 0.0498363
    outer loop
      vertex 12.9988 11.5867 51
      vertex 12.0208 12.0208 60
      vertex 12.797 11.1357 60
    endloop
  endfacet
  facet normal 0.830453 0.554855 0.04983
    outer loop
      vertex 12.8523 9.86193 76
      vertex 11.9003 9.13142 100
      vertex 13.2011 9.33988 76
    endloop
  endfacet
  facet normal 0.83044 0.554874 0.0498332
    outer loop
      vertex 14.915 11.4447 24
      vertex 17.3205 10 0
      vertex 15.8671 12.1752 0
    endloop
  endfacet
  facet normal 0.830415 0.554913 0.0498284
    outer loop
      vertex 17.3205 10 0
      vertex 14.915 11.4447 24
      vertex 16.0197 9.79154 24
    endloop
  endfacet
  facet normal 0.830418 0.554909 0.0498272
    outer loop
      vertex 13.9234 10.6838 49
      vertex 15.9113 9.77417 26
      vertex 14.8357 11.3838 26
    endloop
  endfacet
  facet normal 0.830463 0.55484 0.0498339
    outer loop
      vertex 15.9113 9.77417 26
      vertex 13.9234 10.6838 49
      vertex 14.6646 9.5744 49
    endloop
  endfacet
  facet normal 0.830398 0.554937 0.0498374
    outer loop
      vertex 13.3096 9.35725 74
      vertex 13 9.97525 72.2772
      vertex 13 9.82053 74
    endloop
  endfacet
  facet normal 0.830436 0.554881 0.0498306
    outer loop
      vertex 13 9.97525 72.2772
      vertex 14.5562 9.55702 51
      vertex 13.844 10.6229 51
    endloop
  endfacet
  facet normal 0.830411 0.554918 0.0498281
    outer loop
      vertex 13 9.97525 72.2772
      vertex 13.3096 9.35725 74
      vertex 14.5562 9.55702 51
    endloop
  endfacet
  facet normal 0.554898 0.830425 0.0498288
    outer loop
      vertex 8.1 14.0296 76
      vertex 9.13142 11.9003 100
      vertex 9.33988 13.2011 76
    endloop
  endfacet
  facet normal 0.554887 0.830432 0.0498299
    outer loop
      vertex 9.13142 11.9003 100
      vertex 8.1 14.0296 76
      vertex 7.5 12.9904 100
    endloop
  endfacet
  facet normal 0.554853 0.830455 0.04983
    outer loop
      vertex 10 17.3205 0
      vertex 9.4 16.2813 24
      vertex 9.79154 16.0197 24
    endloop
  endfacet
  facet normal 0.554851 0.830456 0.0498336
    outer loop
      vertex 9.35 16.1947 26
      vertex 9.5744 14.6646 49
      vertex 9.77417 15.9113 26
    endloop
  endfacet
  facet normal 0.55485 0.830457 0.0498336
    outer loop
      vertex 9.5744 14.6646 49
      vertex 9.35 16.1947 26
      vertex 8.775 15.1987 49
    endloop
  endfacet
  facet normal 0.554854 0.830454 0.0498298
    outer loop
      vertex 8.725 15.1121 51
      vertex 9.47885 14.0684 60
      vertex 9.55702 14.5562 51
    endloop
  endfacet
  facet normal 0.554853 0.830455 0.04983
    outer loop
      vertex 9.47885 14.0684 60
      vertex 8.725 15.1121 51
      vertex 8.5 14.7224 60
    endloop
  endfacet
  facet normal -0.441611 0.895822 0.0498331
    outer loop
      vertex -7.19445 17.3689 24
      vertex -7.65367 18.4776 0
      vertex -7.61679 17.1607 24
    endloop
  endfacet
  facet normal -0.441734 0.895761 0.0498289
    outer loop
      vertex -6.19947 14.9668 76
      vertex -7.5 12.9904 100
      vertex -5.74025 13.8582 100
    endloop
  endfacet
  facet normal -0.441719 0.895769 0.0498303
    outer loop
      vertex -7.5 12.9904 100
      vertex -6.19947 14.9668 76
      vertex -7.53688 14.3073 76
    endloop
  endfacet
  facet normal -0.441715 0.895771 0.0498287
    outer loop
      vertex -7.15618 17.2765 26
      vertex -7.57837 15.7889 49
      vertex -6.71609 16.2141 49
    endloop
  endfacet
  facet normal -0.441694 0.895781 0.0498298
    outer loop
      vertex -7.57837 15.7889 49
      vertex -7.15618 17.2765 26
      vertex -7.61371 17.0509 26
    endloop
  endfacet
  facet normal -0.441748 0.895755 0.0498265
    outer loop
      vertex -6.67783 16.1217 51
      vertex -7.56147 15.1853 60
      vertex -6.50562 15.706 60
    endloop
  endfacet
  facet normal -0.441753 0.895752 0.0498258
    outer loop
      vertex -7.56147 15.1853 60
      vertex -6.67783 16.1217 51
      vertex -7.5753 15.6791 51
    endloop
  endfacet
  facet normal -0.19491 0.979555 0.0498307
    outer loop
      vertex -4.40394 18.2513 24
      vertex -5.17638 19.3185 0
      vertex -4.8658 18.1594 24
    endloop
  endfacet
  facet normal -0.194854 0.979566 0.0498294
    outer loop
      vertex -2.73033 15.9389 76
      vertex -3.88229 14.4889 100
      vertex -1.95789 14.8717 100
    endloop
  endfacet
  facet normal -0.194837 0.979569 0.0498305
    outer loop
      vertex -3.88229 14.4889 100
      vertex -2.73033 15.9389 76
      vertex -4.19287 15.648 76
    endloop
  endfacet
  facet normal -0.194884 0.97956 0.0498286
    outer loop
      vertex -4.33957 18.1623 26
      vertex -4.54227 16.952 49
      vertex -3.59932 17.1396 49
    endloop
  endfacet
  facet normal -0.194799 0.979577 0.0498302
    outer loop
      vertex -4.54227 16.952 49
      vertex -4.33957 18.1623 26
      vertex -4.83992 18.0628 26
    endloop
  endfacet
  facet normal -0.194872 0.979562 0.0498297
    outer loop
      vertex -3.53495 17.0506 51
      vertex -4.39992 16.4207 60
      vertex -3.24529 16.6504 60
    endloop
  endfacet
  facet normal -0.194828 0.979571 0.0498346
    outer loop
      vertex -4.39992 16.4207 60
      vertex -3.53495 17.0506 51
      vertex -4.51639 16.8554 51
    endloop
  endfacet
  facet normal -0.895756 0.441745 0.0498298
    outer loop
      vertex -18.4776 7.65367 0
      vertex -16.2813 9.4 24
      vertex -17.3205 10 0
    endloop
  endfacet
  facet normal -0.895755 0.441747 0.0498296
    outer loop
      vertex -16.2813 9.4 24
      vertex -18.4776 7.65367 0
      vertex -17.1607 7.61679 24
    endloop
  endfacet
  facet normal -0.895759 0.441739 0.0498298
    outer loop
      vertex -14.0296 8.1 76
      vertex -14.3073 7.53688 76
      vertex -12.9904 7.5 100
    endloop
  endfacet
  facet normal -0.895767 0.441721 0.0498336
    outer loop
      vertex -17.0509 7.61371 26
      vertex -15.1987 8.775 49
      vertex -16.1947 9.35 26
    endloop
  endfacet
  facet normal -0.895733 0.441792 0.0498273
    outer loop
      vertex -15.1987 8.775 49
      vertex -17.0509 7.61371 26
      vertex -15.7889 7.57837 49
    endloop
  endfacet
  facet normal -0.895749 0.441758 0.0498299
    outer loop
      vertex -15.6791 7.5753 51
      vertex -14.1162 8.15 74
      vertex -15.1121 8.725 51
    endloop
  endfacet
  facet normal -0.895726 0.441806 0.0498271
    outer loop
      vertex -14.1162 8.15 74
      vertex -15.6791 7.5753 51
      vertex -14.4171 7.53995 74
    endloop
  endfacet
  facet normal -0.996618 -0.0653432 -0.0498309
    outer loop
      vertex 17.5 0 2.5
      vertex 12.625 0 100
      vertex 12.5207 1.59079 100
    endloop
  endfacet
  facet normal -0.996668 -0.0645827 -0.0498286
    outer loop
      vertex 17.3503 2.28421 2.5
      vertex 12.5207 1.59079 100
      vertex 12.517 1.64789 100
    endloop
  endfacet
  facet normal -0.99662 -0.0653153 -0.0498314
    outer loop
      vertex 12.5207 1.59079 100
      vertex 17.3503 2.28421 2.5
      vertex 17.5 0 2.5
    endloop
  endfacet
  facet normal 0.194855 -0.979565 -0.0498308
    outer loop
      vertex -2.28421 17.3503 2.5
      vertex -2.86312 14.3101 60
      vertex -4.52933 16.9037 2.5
    endloop
  endfacet
  facet normal 0.194852 -0.979566 -0.0498309
    outer loop
      vertex -2.86312 14.3101 60
      vertex -2.28421 17.3503 2.5
      vertex -1.90895 14.4999 60
    endloop
  endfacet
  facet normal 0.194832 -0.97957 -0.0498322
    outer loop
      vertex -1.81105 13.7563 75
      vertex -1.70402 12.5058 100
      vertex -2.42846 13.6335 75
    endloop
  endfacet
  facet normal 0.195436 -0.97945 -0.0498288
    outer loop
      vertex -1.70402 12.5058 100
      vertex -1.81105 13.7563 75
      vertex -1.64789 12.517 100
    endloop
  endfacet
  facet normal 0.979568 -0.19484 -0.049831
    outer loop
      vertex -12.1948 3.26759 100
      vertex -12.5058 1.70402 100
      vertex -16.9037 4.52933 2.5
    endloop
  endfacet
  facet normal -0.830454 -0.554854 -0.0498307
    outer loop
      vertex 13.8837 10.6533 2.5
      vertex 12.1251 8.12141 60
      vertex 11.6028 8.90314 60
    endloop
  endfacet
  facet normal -0.830433 -0.554886 -0.0498312
    outer loop
      vertex 11.6664 7.46091 75
      vertex 10.0161 7.68561 100
      vertex 11.0078 8.44656 75
    endloop
  endfacet
  facet normal -0.830434 -0.554884 -0.0498313
    outer loop
      vertex 10.0161 7.68561 100
      vertex 11.6664 7.46091 75
      vertex 10.9018 6.36008 100
    endloop
  endfacet
  facet normal 0.554854 -0.830454 -0.0498307
    outer loop
      vertex -8.12141 12.1251 60
      vertex -8.90314 11.6028 60
      vertex -10.6533 13.8837 2.5
    endloop
  endfacet
  facet normal 0.554886 -0.830433 -0.0498312
    outer loop
      vertex -7.46091 11.6664 75
      vertex -7.68561 10.0161 100
      vertex -8.44656 11.0078 75
    endloop
  endfacet
  facet normal 0.554884 -0.830434 -0.0498313
    outer loop
      vertex -7.68561 10.0161 100
      vertex -7.46091 11.6664 75
      vertex -6.36008 10.9018 100
    endloop
  endfacet
  facet normal -0.194852 -0.979566 -0.0498309
    outer loop
      vertex 2.28421 17.3503 2.5
      vertex 2.86312 14.3101 60
      vertex 1.90895 14.4999 60
    endloop
  endfacet
  facet normal -0.194855 -0.979565 -0.0498308
    outer loop
      vertex 2.86312 14.3101 60
      vertex 2.28421 17.3503 2.5
      vertex 4.52933 16.9037 2.5
    endloop
  endfacet
  facet normal -0.195436 -0.97945 -0.0498288
    outer loop
      vertex 1.81105 13.7563 75
      vertex 1.70402 12.5058 100
      vertex 1.64789 12.517 100
    endloop
  endfacet
  facet normal -0.194832 -0.97957 -0.0498322
    outer loop
      vertex 1.70402 12.5058 100
      vertex 1.81105 13.7563 75
      vertex 2.42846 13.6335 75
    endloop
  endfacet
  facet normal 0.75092 -0.658511 -0.0498326
    outer loop
      vertex -10.3414 10.3414 60
      vertex -13.8837 10.6533 2.5
      vertex -12.3744 12.3744 2.5
    endloop
  endfacet
  facet normal 0.75087 -0.658568 -0.0498298
    outer loop
      vertex -13.8837 10.6533 2.5
      vertex -10.3414 10.3414 60
      vertex -10.9829 9.60999 60
    endloop
  endfacet
  facet normal 0.750885 -0.65855 -0.0498314
    outer loop
      vertex -8.92722 8.92722 100
      vertex -10.2262 9.33782 75
      vertex -9.81111 9.81111 75
    endloop
  endfacet
  facet normal 0.750798 -0.65865 -0.0498285
    outer loop
      vertex -10.2262 9.33782 75
      vertex -8.92722 8.92722 100
      vertex -8.96496 8.8842 100
    endloop
  endfacet
  facet normal -0.658532 -0.750901 -0.0498307
    outer loop
      vertex 10.6533 13.8837 2.5
      vertex 9.60999 10.9829 60
      vertex 8.90314 11.6028 60
    endloop
  endfacet
  facet normal -0.658528 -0.750904 -0.0498312
    outer loop
      vertex 8.44656 11.0078 75
      vertex 8.8842 8.96496 100
      vertex 7.68561 10.0161 100
    endloop
  endfacet
  facet normal -0.65852 -0.750912 -0.0498319
    outer loop
      vertex 8.8842 8.96496 100
      vertex 8.44656 11.0078 75
      vertex 9.33782 10.2262 75
    endloop
  endfacet
  facet normal -0.75092 -0.658511 -0.0498326
    outer loop
      vertex 13.8837 10.6533 2.5
      vertex 10.3414 10.3414 60
      vertex 12.3744 12.3744 2.5
    endloop
  endfacet
  facet normal -0.75087 -0.658568 -0.0498298
    outer loop
      vertex 10.3414 10.3414 60
      vertex 13.8837 10.6533 2.5
      vertex 10.9829 9.60999 60
    endloop
  endfacet
  facet normal -0.750885 -0.65855 -0.0498314
    outer loop
      vertex 10.2262 9.33782 75
      vertex 8.92722 8.92722 100
      vertex 9.81111 9.81111 75
    endloop
  endfacet
  facet normal -0.750798 -0.65865 -0.0498285
    outer loop
      vertex 8.92722 8.92722 100
      vertex 10.2262 9.33782 75
      vertex 8.96496 8.8842 100
    endloop
  endfacet
  facet normal 0.441718 -0.895769 -0.0498317
    outer loop
      vertex -5.59675 13.5117 60
      vertex -6.43996 13.0959 60
      vertex -6.69696 16.1679 2.5
    endloop
  endfacet
  facet normal 0.441738 -0.895759 -0.0498294
    outer loop
      vertex -5.30973 12.8188 75
      vertex -6.26117 10.9589 100
      vertex -6.37291 12.2945 75
    endloop
  endfacet
  facet normal 0.441742 -0.895757 -0.0498291
    outer loop
      vertex -6.26117 10.9589 100
      vertex -5.30973 12.8188 75
      vertex -4.83138 11.664 100
    endloop
  endfacet
  facet normal 0.895756 -0.441743 -0.049831
    outer loop
      vertex -13 6.43193 61.7952
      vertex -13 5.38478 71.078
      vertex -16.1679 6.69696 2.5
    endloop
  endfacet
  facet normal 0.895759 -0.441738 -0.0498294
    outer loop
      vertex -10.9589 6.26117 100
      vertex -12.8188 5.30973 75
      vertex -12.2945 6.37291 75
    endloop
  endfacet
  facet normal 0.895757 -0.441742 -0.0498291
    outer loop
      vertex -12.8188 5.30973 75
      vertex -10.9589 6.26117 100
      vertex -11.664 4.83138 100
    endloop
  endfacet
  facet normal -0.830446 -0.554867 -0.049831
    outer loop
      vertex 15.1554 8.75 2.5
      vertex 12.1251 8.12141 60
      vertex 13.8837 10.6533 2.5
    endloop
  endfacet
  facet normal -0.830435 -0.554883 -0.0498306
    outer loop
      vertex 12.1251 8.12141 60
      vertex 15.1554 8.75 2.5
      vertex 12.6656 7.3125 60
    endloop
  endfacet
  facet normal -0.83046 -0.554846 -0.0498304
    outer loop
      vertex 12.0161 6.9375 75
      vertex 10.9018 6.36008 100
      vertex 11.6664 7.46091 75
    endloop
  endfacet
  facet normal -0.830372 -0.554977 -0.0498295
    outer loop
      vertex 10.9018 6.36008 100
      vertex 12.0161 6.9375 75
      vertex 10.9336 6.3125 100
    endloop
  endfacet
  facet normal -0.979565 -0.194855 -0.0498314
    outer loop
      vertex 17.3503 2.28421 2.5
      vertex 12.5058 1.70402 100
      vertex 16.9037 4.52933 2.5
    endloop
  endfacet
  facet normal -0.97945 -0.195436 -0.0498291
    outer loop
      vertex 12.5058 1.70402 100
      vertex 17.3503 2.28421 2.5
      vertex 12.517 1.64789 100
    endloop
  endfacet
  facet normal -0.750901 -0.658532 -0.0498307
    outer loop
      vertex 13.8837 10.6533 2.5
      vertex 11.6028 8.90314 60
      vertex 10.9829 9.60999 60
    endloop
  endfacet
  facet normal -0.750912 -0.65852 -0.0498319
    outer loop
      vertex 11.0078 8.44656 75
      vertex 8.96496 8.8842 100
      vertex 10.2262 9.33782 75
    endloop
  endfacet
  facet normal -0.750904 -0.658528 -0.0498312
    outer loop
      vertex 8.96496 8.8842 100
      vertex 11.0078 8.44656 75
      vertex 10.0161 7.68561 100
    endloop
  endfacet
  facet normal 0.321034 -0.945756 -0.0498304
    outer loop
      vertex -4.52933 16.9037 2.5
      vertex -3.78523 14.1267 60
      vertex -4.6755 13.8245 60
    endloop
  endfacet
  facet normal 0.321007 -0.945765 -0.0498315
    outer loop
      vertex -3.59111 13.4022 75
      vertex -4.77719 11.6824 100
      vertex -4.71363 13.0212 75
    endloop
  endfacet
  facet normal 0.321018 -0.945761 -0.0498307
    outer loop
      vertex -4.77719 11.6824 100
      vertex -3.59111 13.4022 75
      vertex -3.26759 12.1948 100
    endloop
  endfacet
  facet normal 0.194828 -0.979571 -0.0498303
    outer loop
      vertex -2.86312 14.3101 60
      vertex -3.78523 14.1267 60
      vertex -4.52933 16.9037 2.5
    endloop
  endfacet
  facet normal 0.194876 -0.979561 -0.0498307
    outer loop
      vertex -2.42846 13.6335 75
      vertex -3.26759 12.1948 100
      vertex -3.59111 13.4022 75
    endloop
  endfacet
  facet normal 0.19484 -0.979568 -0.0498324
    outer loop
      vertex -3.26759 12.1948 100
      vertex -2.42846 13.6335 75
      vertex -1.70402 12.5058 100
    endloop
  endfacet
  facet normal 0.065292 -0.996621 -0.0498308
    outer loop
      vertex -2.28421 17.3503 2.5
      vertex -0.938156 14.5635 60
      vertex -1.90895 14.4999 60
    endloop
  endfacet
  facet normal 0.0653153 -0.99662 -0.0498313
    outer loop
      vertex -0.938156 14.5635 60
      vertex -2.28421 17.3503 2.5
      vertex 0 17.5 2.5
    endloop
  endfacet
  facet normal 0.0645827 -0.996668 -0.0498283
    outer loop
      vertex -1.81105 13.7563 75
      vertex -1.59079 12.5207 100
      vertex -1.64789 12.517 100
    endloop
  endfacet
  facet normal 0.0653664 -0.996616 -0.0498327
    outer loop
      vertex -1.59079 12.5207 100
      vertex -1.81105 13.7563 75
      vertex -1.18289 13.7975 75
    endloop
  endfacet
  facet normal 0.945727 -0.321118 -0.0498286
    outer loop
      vertex -13 4.77602 75
      vertex -11.664 4.83138 100
      vertex -11.6824 4.77719 100
    endloop
  endfacet
  facet normal 0.945738 -0.321088 -0.0498292
    outer loop
      vertex -11.664 4.83138 100
      vertex -13 4.77602 75
      vertex -12.8188 5.30973 75
    endloop
  endfacet
  facet normal 0.945669 -0.32129 -0.0498255
    outer loop
      vertex -13 4.77602 75
      vertex -11.6824 4.77719 100
      vertex -16.9037 4.52933 2.5
    endloop
  endfacet
  facet normal 0.945754 -0.321041 -0.0498309
    outer loop
      vertex -16.9037 4.52933 2.5
      vertex -13 5.38478 71.078
      vertex -13 4.77602 75
    endloop
  endfacet
  facet normal 0.945755 -0.321036 -0.0498311
    outer loop
      vertex -13 5.38478 71.078
      vertex -16.9037 4.52933 2.5
      vertex -16.1679 6.69696 2.5
    endloop
  endfacet
  facet normal -0.945761 -0.321018 -0.0498311
    outer loop
      vertex 16.9037 4.52933 2.5
      vertex 12.1948 3.26759 100
      vertex 11.6824 4.77719 100
    endloop
  endfacet
  facet normal 0.979565 -0.194855 -0.0498314
    outer loop
      vertex -12.5058 1.70402 100
      vertex -17.3503 2.28421 2.5
      vertex -16.9037 4.52933 2.5
    endloop
  endfacet
  facet normal 0.97945 -0.195436 -0.0498291
    outer loop
      vertex -17.3503 2.28421 2.5
      vertex -12.5058 1.70402 100
      vertex -12.517 1.64789 100
    endloop
  endfacet
  facet normal -0.321112 -0.94573 -0.0498288
    outer loop
      vertex 4.52933 16.9037 2.5
      vertex 5.59675 13.5117 60
      vertex 4.6755 13.8245 60
    endloop
  endfacet
  facet normal -0.321036 -0.945755 -0.0498317
    outer loop
      vertex 5.59675 13.5117 60
      vertex 4.52933 16.9037 2.5
      vertex 6.69696 16.1679 2.5
    endloop
  endfacet
  facet normal -0.321118 -0.945727 -0.0498292
    outer loop
      vertex 4.71363 13.0212 75
      vertex 4.83138 11.664 100
      vertex 4.77719 11.6824 100
    endloop
  endfacet
  facet normal -0.321113 -0.945729 -0.0498293
    outer loop
      vertex 4.83138 11.664 100
      vertex 4.71363 13.0212 75
      vertex 5.30973 12.8188 75
    endloop
  endfacet
  facet normal 0.945761 -0.321018 -0.0498311
    outer loop
      vertex -11.6824 4.77719 100
      vertex -12.1948 3.26759 100
      vertex -16.9037 4.52933 2.5
    endloop
  endfacet
  facet normal 0 0 1
    outer loop
      vertex 16.9037 4.52933 2.5
      vertex 17.5 0 2.5
      vertex 17.3503 2.28421 2.5
    endloop
  endfacet
  facet normal 0 0 1
    outer loop
      vertex 16.1679 6.69696 2.5
      vertex 17.5 0 2.5
      vertex 16.9037 4.52933 2.5
    endloop
  endfacet
  facet normal 0 0 1
    outer loop
      vertex 15.1554 8.75 2.5
      vertex 17.5 0 2.5
      vertex 16.1679 6.69696 2.5
    endloop
  endfacet
  facet normal 0 0 1
    outer loop
      vertex 13.8837 10.6533 2.5
      vertex 17.5 0 2.5
      vertex 15.1554 8.75 2.5
    endloop
  endfacet
  facet normal 0 0 1
    outer loop
      vertex 12.3744 12.3744 2.5
      vertex 17.5 0 2.5
      vertex 13.8837 10.6533 2.5
    endloop
  endfacet
  facet normal 0 0 1
    outer loop
      vertex 10.6533 13.8837 2.5
      vertex 17.5 0 2.5
      vertex 12.3744 12.3744 2.5
    endloop
  endfacet
  facet normal 0 0 1
    outer loop
      vertex 8.75 15.1554 2.5
      vertex 17.5 0 2.5
      vertex 10.6533 13.8837 2.5
    endloop
  endfacet
  facet normal 0 0 1
    outer loop
      vertex 6.69696 16.1679 2.5
      vertex 17.5 0 2.5
      vertex 8.75 15.1554 2.5
    endloop
  endfacet
  facet normal 0 0 1
    outer loop
      vertex 4.52933 16.9037 2.5
      vertex 17.5 0 2.5
      vertex 6.69696 16.1679 2.5
    endloop
  endfacet
  facet normal 0 0 1
    outer loop
      vertex 2.28421 17.3503 2.5
      vertex 17.5 0 2.5
      vertex 4.52933 16.9037 2.5
    endloop
  endfacet
  facet normal 0 0 1
    outer loop
      vertex 0 17.5 2.5
      vertex 17.5 0 2.5
      vertex 2.28421 17.3503 2.5
    endloop
  endfacet
  facet normal -0 0 1
    outer loop
      vertex -2.28421 17.3503 2.5
      vertex 17.5 0 2.5
      vertex 0 17.5 2.5
    endloop
  endfacet
  facet normal -0 0 1
    outer loop
      vertex -4.52933 16.9037 2.5
      vertex 17.5 0 2.5
      vertex -2.28421 17.3503 2.5
    endloop
  endfacet
  facet normal -0 0 1
    outer loop
      vertex -6.69696 16.1679 2.5
      vertex 17.5 0 2.5
      vertex -4.52933 16.9037 2.5
    endloop
  endfacet
  facet normal -0 0 1
    outer loop
      vertex -8.75 15.1554 2.5
      vertex 17.5 0 2.5
      vertex -6.69696 16.1679 2.5
    endloop
  endfacet
  facet normal -0 0 1
    outer loop
      vertex -10.6533 13.8837 2.5
      vertex 17.5 0 2.5
      vertex -8.75 15.1554 2.5
    endloop
  endfacet
  facet normal -0 0 1
    outer loop
      vertex -12.3744 12.3744 2.5
      vertex 17.5 0 2.5
      vertex -10.6533 13.8837 2.5
    endloop
  endfacet
  facet normal -0 0 1
    outer loop
      vertex -13.8837 10.6533 2.5
      vertex 17.5 0 2.5
      vertex -12.3744 12.3744 2.5
    endloop
  endfacet
  facet normal -0 0 1
    outer loop
      vertex -15.1554 8.75 2.5
      vertex 17.5 0 2.5
      vertex -13.8837 10.6533 2.5
    endloop
  endfacet
  facet normal -0 0 1
    outer loop
      vertex -16.1679 6.69696 2.5
      vertex 17.5 0 2.5
      vertex -15.1554 8.75 2.5
    endloop
  endfacet
  facet normal -0 0 1
    outer loop
      vertex -16.9037 4.52933 2.5
      vertex 17.5 0 2.5
      vertex -16.1679 6.69696 2.5
    endloop
  endfacet
  facet normal -0 0 1
    outer loop
      vertex -17.3503 2.28421 2.5
      vertex 17.5 0 2.5
      vertex -16.9037 4.52933 2.5
    endloop
  endfacet
  facet normal 0 0 1
    outer loop
      vertex 17.5 0 2.5
      vertex -17.3503 2.28421 2.5
      vertex -17.5 0 2.5
    endloop
  endfacet
  facet normal -0.065292 -0.996621 -0.0498317
    outer loop
      vertex 0 17.5 2.5
      vertex 1.90895 14.4999 60
      vertex 0.938156 14.5635 60
    endloop
  endfacet
  facet normal -0.0653153 -0.99662 -0.0498309
    outer loop
      vertex 1.90895 14.4999 60
      vertex 0 17.5 2.5
      vertex 2.28421 17.3503 2.5
    endloop
  endfacet
  facet normal -0.0645826 -0.996667 -0.049848
    outer loop
      vertex 1.18289 13.7975 75
      vertex 1.64789 12.517 100
      vertex 1.59079 12.5207 100
    endloop
  endfacet
  facet normal -0.0653665 -0.996616 -0.0498309
    outer loop
      vertex 1.64789 12.517 100
      vertex 1.18289 13.7975 75
      vertex 1.81105 13.7563 75
    endloop
  endfacet
  facet normal -0.658568 -0.75087 -0.0498298
    outer loop
      vertex 10.6533 13.8837 2.5
      vertex 10.3414 10.3414 60
      vertex 9.60999 10.9829 60
    endloop
  endfacet
  facet normal -0.658511 -0.75092 -0.0498326
    outer loop
      vertex 10.3414 10.3414 60
      vertex 10.6533 13.8837 2.5
      vertex 12.3744 12.3744 2.5
    endloop
  endfacet
  facet normal -0.65865 -0.750798 -0.0498285
    outer loop
      vertex 9.33782 10.2262 75
      vertex 8.92722 8.92722 100
      vertex 8.8842 8.96496 100
    endloop
  endfacet
  facet normal -0.65855 -0.750885 -0.0498314
    outer loop
      vertex 8.92722 8.92722 100
      vertex 9.33782 10.2262 75
      vertex 9.81111 9.81111 75
    endloop
  endfacet
  facet normal 0.321036 -0.945755 -0.0498317
    outer loop
      vertex -4.52933 16.9037 2.5
      vertex -5.59675 13.5117 60
      vertex -6.69696 16.1679 2.5
    endloop
  endfacet
  facet normal 0.321112 -0.94573 -0.0498288
    outer loop
      vertex -5.59675 13.5117 60
      vertex -4.52933 16.9037 2.5
      vertex -4.6755 13.8245 60
    endloop
  endfacet
  facet normal 0.321113 -0.945729 -0.0498293
    outer loop
      vertex -4.71363 13.0212 75
      vertex -4.83138 11.664 100
      vertex -5.30973 12.8188 75
    endloop
  endfacet
  facet normal 0.321118 -0.945727 -0.0498292
    outer loop
      vertex -4.83138 11.664 100
      vertex -4.71363 13.0212 75
      vertex -4.77719 11.6824 100
    endloop
  endfacet
  facet normal -0.895749 -0.441758 -0.0498307
    outer loop
      vertex 16.1679 6.69696 2.5
      vertex 12.6656 7.3125 60
      vertex 15.1554 8.75 2.5
    endloop
  endfacet
  facet normal -0.895747 -0.441763 -0.0498304
    outer loop
      vertex 16.1679 6.69696 2.5
      vertex 13 6.63445 60
      vertex 12.6656 7.3125 60
    endloop
  endfacet
  facet normal -0.895767 -0.441722 -0.0498315
    outer loop
      vertex 13 6.63445 60
      vertex 16.1679 6.69696 2.5
      vertex 13 6.43193 61.7952
    endloop
  endfacet
  facet normal -0.895774 -0.441707 -0.0498297
    outer loop
      vertex 12.2945 6.37291 75
      vertex 10.9336 6.3125 100
      vertex 12.0161 6.9375 75
    endloop
  endfacet
  facet normal -0.895849 -0.441554 -0.0498334
    outer loop
      vertex 10.9336 6.3125 100
      vertex 12.2945 6.37291 75
      vertex 10.9589 6.26117 100
    endloop
  endfacet
  facet normal -0.895756 -0.441743 -0.049831
    outer loop
      vertex 13 6.43193 61.7952
      vertex 16.1679 6.69696 2.5
      vertex 13 5.38478 71.078
    endloop
  endfacet
  facet normal -0.895759 -0.441738 -0.0498294
    outer loop
      vertex 12.8188 5.30973 75
      vertex 10.9589 6.26117 100
      vertex 12.2945 6.37291 75
    endloop
  endfacet
  facet normal -0.895757 -0.441742 -0.0498291
    outer loop
      vertex 10.9589 6.26117 100
      vertex 12.8188 5.30973 75
      vertex 11.664 4.83138 100
    endloop
  endfacet
  facet normal -0.441718 -0.895769 -0.0498317
    outer loop
      vertex 6.69696 16.1679 2.5
      vertex 6.43996 13.0959 60
      vertex 5.59675 13.5117 60
    endloop
  endfacet
  facet normal -0.441742 -0.895757 -0.0498291
    outer loop
      vertex 5.30973 12.8188 75
      vertex 6.26117 10.9589 100
      vertex 4.83138 11.664 100
    endloop
  endfacet
  facet normal -0.441738 -0.895759 -0.0498294
    outer loop
      vertex 6.26117 10.9589 100
      vertex 5.30973 12.8188 75
      vertex 6.37291 12.2945 75
    endloop
  endfacet
  facet normal 0.750901 -0.658532 -0.0498307
    outer loop
      vertex -10.9829 9.60999 60
      vertex -11.6028 8.90314 60
      vertex -13.8837 10.6533 2.5
    endloop
  endfacet
  facet normal 0.750912 -0.65852 -0.0498319
    outer loop
      vertex -8.96496 8.8842 100
      vertex -11.0078 8.44656 75
      vertex -10.2262 9.33782 75
    endloop
  endfacet
  facet normal 0.750904 -0.658528 -0.0498312
    outer loop
      vertex -11.0078 8.44656 75
      vertex -8.96496 8.8842 100
      vertex -10.0161 7.68561 100
    endloop
  endfacet
  facet normal -0.979568 -0.19484 -0.049831
    outer loop
      vertex 16.9037 4.52933 2.5
      vertex 12.5058 1.70402 100
      vertex 12.1948 3.26759 100
    endloop
  endfacet
  facet normal -0.0653325 -0.996619 -0.0498309
    outer loop
      vertex 0 17.5 2.5
      vertex 0.938156 14.5635 60
      vertex 0 14.625 60
    endloop
  endfacet
  facet normal -0.0652961 -0.996621 -0.049831
    outer loop
      vertex 1.18289 13.7975 75
      vertex 0 12.625 100
      vertex 0 13.875 75
    endloop
  endfacet
  facet normal -0.0653432 -0.996618 -0.0498331
    outer loop
      vertex 0 12.625 100
      vertex 1.18289 13.7975 75
      vertex 1.59079 12.5207 100
    endloop
  endfacet
  facet normal 0.0653325 -0.996619 -0.0498309
    outer loop
      vertex 0 17.5 2.5
      vertex 0 14.625 60
      vertex -0.938156 14.5635 60
    endloop
  endfacet
  facet normal 0.0653432 -0.996618 -0.0498331
    outer loop
      vertex -1.18289 13.7975 75
      vertex 0 12.625 100
      vertex -1.59079 12.5207 100
    endloop
  endfacet
  facet normal 0.0652961 -0.996621 -0.049831
    outer loop
      vertex 0 12.625 100
      vertex -1.18289 13.7975 75
      vertex 0 13.875 75
    endloop
  endfacet
  facet normal -0.945755 -0.321036 -0.0498311
    outer loop
      vertex 16.9037 4.52933 2.5
      vertex 13 5.38478 71.078
      vertex 16.1679 6.69696 2.5
    endloop
  endfacet
  facet normal -0.945754 -0.321041 -0.0498309
    outer loop
      vertex 13 5.38478 71.078
      vertex 16.9037 4.52933 2.5
      vertex 13 4.77602 75
    endloop
  endfacet
  facet normal -0.945738 -0.321088 -0.0498292
    outer loop
      vertex 13 4.77602 75
      vertex 11.664 4.83138 100
      vertex 12.8188 5.30973 75
    endloop
  endfacet
  facet normal -0.945727 -0.321118 -0.0498286
    outer loop
      vertex 11.664 4.83138 100
      vertex 13 4.77602 75
      vertex 11.6824 4.77719 100
    endloop
  endfacet
  facet normal -0.945669 -0.32129 -0.0498255
    outer loop
      vertex 11.6824 4.77719 100
      vertex 13 4.77602 75
      vertex 16.9037 4.52933 2.5
    endloop
  endfacet
  facet normal -0.554883 -0.830435 -0.0498306
    outer loop
      vertex 8.75 15.1554 2.5
      vertex 8.12141 12.1251 60
      vertex 7.3125 12.6656 60
    endloop
  endfacet
  facet normal -0.554867 -0.830446 -0.049831
    outer loop
      vertex 8.12141 12.1251 60
      vertex 8.75 15.1554 2.5
      vertex 10.6533 13.8837 2.5
    endloop
  endfacet
  facet normal -0.554977 -0.830372 -0.0498295
    outer loop
      vertex 6.9375 12.0161 75
      vertex 6.36008 10.9018 100
      vertex 6.3125 10.9336 100
    endloop
  endfacet
  facet normal -0.554846 -0.83046 -0.0498304
    outer loop
      vertex 6.36008 10.9018 100
      vertex 6.9375 12.0161 75
      vertex 7.46091 11.6664 75
    endloop
  endfacet
  facet normal -0.194828 -0.979571 -0.0498303
    outer loop
      vertex 4.52933 16.9037 2.5
      vertex 3.78523 14.1267 60
      vertex 2.86312 14.3101 60
    endloop
  endfacet
  facet normal -0.19484 -0.979568 -0.0498324
    outer loop
      vertex 2.42846 13.6335 75
      vertex 3.26759 12.1948 100
      vertex 1.70402 12.5058 100
    endloop
  endfacet
  facet normal -0.194876 -0.979561 -0.0498307
    outer loop
      vertex 3.26759 12.1948 100
      vertex 2.42846 13.6335 75
      vertex 3.59111 13.4022 75
    endloop
  endfacet
  facet normal 0.996668 -0.0645827 -0.0498286
    outer loop
      vertex -12.5207 1.59079 100
      vertex -17.3503 2.28421 2.5
      vertex -12.517 1.64789 100
    endloop
  endfacet
  facet normal 0.99662 -0.0653153 -0.0498314
    outer loop
      vertex -17.3503 2.28421 2.5
      vertex -12.5207 1.59079 100
      vertex -17.5 0 2.5
    endloop
  endfacet
  facet normal 0.996618 -0.0653432 -0.0498309
    outer loop
      vertex -12.5207 1.59079 100
      vertex -12.625 0 100
      vertex -17.5 0 2.5
    endloop
  endfacet
  facet normal 0.658511 -0.75092 -0.0498326
    outer loop
      vertex -10.6533 13.8837 2.5
      vertex -10.3414 10.3414 60
      vertex -12.3744 12.3744 2.5
    endloop
  endfacet
  facet normal 0.658568 -0.75087 -0.0498298
    outer loop
      vertex -10.3414 10.3414 60
      vertex -10.6533 13.8837 2.5
      vertex -9.60999 10.9829 60
    endloop
  endfacet
  facet normal 0.65855 -0.750885 -0.0498314
    outer loop
      vertex -9.33782 10.2262 75
      vertex -8.92722 8.92722 100
      vertex -9.81111 9.81111 75
    endloop
  endfacet
  facet normal 0.65865 -0.750798 -0.0498285
    outer loop
      vertex -8.92722 8.92722 100
      vertex -9.33782 10.2262 75
      vertex -8.8842 8.96496 100
    endloop
  endfacet
  facet normal -0.441748 -0.895754 -0.0498311
    outer loop
      vertex 6.69696 16.1679 2.5
      vertex 7.3125 12.6656 60
      vertex 6.43996 13.0959 60
    endloop
  endfacet
  facet normal -0.441758 -0.895749 -0.0498307
    outer loop
      vertex 7.3125 12.6656 60
      vertex 6.69696 16.1679 2.5
      vertex 8.75 15.1554 2.5
    endloop
  endfacet
  facet normal -0.441554 -0.895849 -0.0498334
    outer loop
      vertex 6.37291 12.2945 75
      vertex 6.3125 10.9336 100
      vertex 6.26117 10.9589 100
    endloop
  endfacet
  facet normal -0.441707 -0.895774 -0.0498297
    outer loop
      vertex 6.3125 10.9336 100
      vertex 6.37291 12.2945 75
      vertex 6.9375 12.0161 75
    endloop
  endfacet
  facet normal -0.554854 -0.830454 -0.0498307
    outer loop
      vertex 10.6533 13.8837 2.5
      vertex 8.90314 11.6028 60
      vertex 8.12141 12.1251 60
    endloop
  endfacet
  facet normal -0.554884 -0.830434 -0.0498313
    outer loop
      vertex 7.46091 11.6664 75
      vertex 7.68561 10.0161 100
      vertex 6.36008 10.9018 100
    endloop
  endfacet
  facet normal -0.554886 -0.830433 -0.0498312
    outer loop
      vertex 7.68561 10.0161 100
      vertex 7.46091 11.6664 75
      vertex 8.44656 11.0078 75
    endloop
  endfacet
  facet normal 0.658532 -0.750901 -0.0498307
    outer loop
      vertex -8.90314 11.6028 60
      vertex -9.60999 10.9829 60
      vertex -10.6533 13.8837 2.5
    endloop
  endfacet
  facet normal 0.65852 -0.750912 -0.0498319
    outer loop
      vertex -8.44656 11.0078 75
      vertex -8.8842 8.96496 100
      vertex -9.33782 10.2262 75
    endloop
  endfacet
  facet normal 0.658528 -0.750904 -0.0498312
    outer loop
      vertex -8.8842 8.96496 100
      vertex -8.44656 11.0078 75
      vertex -7.68561 10.0161 100
    endloop
  endfacet
  facet normal -0.321034 -0.945756 -0.0498304
    outer loop
      vertex 4.52933 16.9037 2.5
      vertex 4.6755 13.8245 60
      vertex 3.78523 14.1267 60
    endloop
  endfacet
  facet normal -0.321018 -0.945761 -0.0498307
    outer loop
      vertex 3.59111 13.4022 75
      vertex 4.77719 11.6824 100
      vertex 3.26759 12.1948 100
    endloop
  endfacet
  facet normal -0.321007 -0.945765 -0.0498315
    outer loop
      vertex 4.77719 11.6824 100
      vertex 3.59111 13.4022 75
      vertex 4.71363 13.0212 75
    endloop
  endfacet
  facet normal 0.441758 -0.895749 -0.0498307
    outer loop
      vertex -6.69696 16.1679 2.5
      vertex -7.3125 12.6656 60
      vertex -8.75 15.1554 2.5
    endloop
  endfacet
  facet normal 0.441748 -0.895754 -0.0498311
    outer loop
      vertex -7.3125 12.6656 60
      vertex -6.69696 16.1679 2.5
      vertex -6.43996 13.0959 60
    endloop
  endfacet
  facet normal 0.441707 -0.895774 -0.0498297
    outer loop
      vertex -6.37291 12.2945 75
      vertex -6.3125 10.9336 100
      vertex -6.9375 12.0161 75
    endloop
  endfacet
  facet normal 0.441554 -0.895849 -0.0498334
    outer loop
      vertex -6.3125 10.9336 100
      vertex -6.37291 12.2945 75
      vertex -6.26117 10.9589 100
    endloop
  endfacet
  facet normal 0.554867 -0.830446 -0.049831
    outer loop
      vertex -8.75 15.1554 2.5
      vertex -8.12141 12.1251 60
      vertex -10.6533 13.8837 2.5
    endloop
  endfacet
  facet normal 0.554883 -0.830435 -0.0498306
    outer loop
      vertex -8.12141 12.1251 60
      vertex -8.75 15.1554 2.5
      vertex -7.3125 12.6656 60
    endloop
  endfacet
  facet normal 0.554846 -0.83046 -0.0498304
    outer loop
      vertex -6.9375 12.0161 75
      vertex -6.36008 10.9018 100
      vertex -7.46091 11.6664 75
    endloop
  endfacet
  facet normal 0.554977 -0.830372 -0.0498295
    outer loop
      vertex -6.36008 10.9018 100
      vertex -6.9375 12.0161 75
      vertex -6.3125 10.9336 100
    endloop
  endfacet
  facet normal 0.895749 -0.441758 -0.0498307
    outer loop
      vertex -12.6656 7.3125 60
      vertex -16.1679 6.69696 2.5
      vertex -15.1554 8.75 2.5
    endloop
  endfacet
  facet normal 0.895747 -0.441763 -0.0498304
    outer loop
      vertex -13 6.63445 60
      vertex -16.1679 6.69696 2.5
      vertex -12.6656 7.3125 60
    endloop
  endfacet
  facet normal 0.895767 -0.441722 -0.0498315
    outer loop
      vertex -16.1679 6.69696 2.5
      vertex -13 6.63445 60
      vertex -13 6.43193 61.7952
    endloop
  endfacet
  facet normal 0.895774 -0.441707 -0.0498297
    outer loop
      vertex -10.9336 6.3125 100
      vertex -12.2945 6.37291 75
      vertex -12.0161 6.9375 75
    endloop
  endfacet
  facet normal 0.895849 -0.441554 -0.0498334
    outer loop
      vertex -12.2945 6.37291 75
      vertex -10.9336 6.3125 100
      vertex -10.9589 6.26117 100
    endloop
  endfacet
  facet normal 0.830446 -0.554867 -0.049831
    outer loop
      vertex -12.1251 8.12141 60
      vertex -15.1554 8.75 2.5
      vertex -13.8837 10.6533 2.5
    endloop
  endfacet
  facet normal 0.830435 -0.554883 -0.0498306
    outer loop
      vertex -15.1554 8.75 2.5
      vertex -12.1251 8.12141 60
      vertex -12.6656 7.3125 60
    endloop
  endfacet
  facet normal 0.83046 -0.554846 -0.0498304
    outer loop
      vertex -10.9018 6.36008 100
      vertex -12.0161 6.9375 75
      vertex -11.6664 7.46091 75
    endloop
  endfacet
  facet normal 0.830372 -0.554977 -0.0498295
    outer loop
      vertex -12.0161 6.9375 75
      vertex -10.9018 6.36008 100
      vertex -10.9336 6.3125 100
    endloop
  endfacet
  facet normal 0.830454 -0.554854 -0.0498307
    outer loop
      vertex -11.6028 8.90314 60
      vertex -12.1251 8.12141 60
      vertex -13.8837 10.6533 2.5
    endloop
  endfacet
  facet normal 0.830433 -0.554886 -0.0498312
    outer loop
      vertex -10.0161 7.68561 100
      vertex -11.6664 7.46091 75
      vertex -11.0078 8.44656 75
    endloop
  endfacet
  facet normal 0.830434 -0.554884 -0.0498313
    outer loop
      vertex -11.6664 7.46091 75
      vertex -10.0161 7.68561 100
      vertex -10.9018 6.36008 100
    endloop
  endfacet
  facet normal 1 -0 0
    outer loop
      vertex 2.5 18.7 22.6238
      vertex 2.5 23.75 22.5
      vertex 2.5 23.75 27.5
    endloop
  endfacet
  facet normal 1 0 0
    outer loop
      vertex 2.5 18.7 22.6238
      vertex 2.5 23.75 27.5
      vertex 2.5 18.7 27.5
    endloop
  endfacet
  facet normal 1 0 0
    outer loop
      vertex 2.5 23.75 22.5
      vertex 2.5 18.7 22.6238
      vertex 2.5 18.7063 22.5
    endloop
  endfacet
  facet normal -0 0 1
    outer loop
      vertex -2.5 23.75 27.5
      vertex 2.5 18.7 27.5
      vertex 2.5 23.75 27.5
    endloop
  endfacet
  facet normal 0 0 1
    outer loop
      vertex 2.5 18.7 27.5
      vertex -2.5 23.75 27.5
      vertex -2.5 18.7 27.5
    endloop
  endfacet
  facet normal 0 0 -1
    outer loop
      vertex 2.46368 18.7135 22.5
      vertex 2.5 23.75 22.5
      vertex 2.5 18.7063 22.5
    endloop
  endfacet
  facet normal 0 0 -1
    outer loop
      vertex 0.440526 18.8461 22.5
      vertex 2.5 23.75 22.5
      vertex 2.46368 18.7135 22.5
    endloop
  endfacet
  facet normal 0 0 -1
    outer loop
      vertex 0 18.875 22.5
      vertex 2.5 23.75 22.5
      vertex 0.440526 18.8461 22.5
    endloop
  endfacet
  facet normal 0 0 -1
    outer loop
      vertex -2.5 23.75 22.5
      vertex 0 18.875 22.5
      vertex -0.440526 18.8461 22.5
    endloop
  endfacet
  facet normal 0 0 -1
    outer loop
      vertex -2.5 23.75 22.5
      vertex -0.440526 18.8461 22.5
      vertex -2.46368 18.7135 22.5
    endloop
  endfacet
  facet normal 0 0 -1
    outer loop
      vertex -2.5 23.75 22.5
      vertex -2.46368 18.7135 22.5
      vertex -2.5 18.7063 22.5
    endloop
  endfacet
  facet normal 0 0 -1
    outer loop
      vertex 0 18.875 22.5
      vertex -2.5 23.75 22.5
      vertex 2.5 23.75 22.5
    endloop
  endfacet
  facet normal -1 0 0
    outer loop
      vertex -2.5 18.7 22.6238
      vertex -2.5 23.75 22.5
      vertex -2.5 18.7063 22.5
    endloop
  endfacet
  facet normal -1 0 0
    outer loop
      vertex -2.5 23.75 22.5
      vertex -2.5 18.7 22.6238
      vertex -2.5 23.75 27.5
    endloop
  endfacet
  facet normal -1 -0 0
    outer loop
      vertex -2.5 23.75 27.5
      vertex -2.5 18.7 22.6238
      vertex -2.5 18.7 27.5
    endloop
  endfacet
  facet normal 0 1 0
    outer loop
      vertex 2.5 23.75 27.5
      vertex 0 23.75 26.15
      vertex -2.5 23.75 27.5
    endloop
  endfacet
  facet normal 0 1 0
    outer loop
      vertex 2.5 23.75 27.5
      vertex 0.150105 23.75 26.1402
      vertex 0 23.75 26.15
    endloop
  endfacet
  facet normal 0 1 0
    outer loop
      vertex 2.5 23.75 27.5
      vertex 0.297642 23.75 26.1108
      vertex 0.150105 23.75 26.1402
    endloop
  endfacet
  facet normal 0 1 0
    outer loop
      vertex 2.5 23.75 27.5
      vertex 0.440085 23.75 26.0625
      vertex 0.297642 23.75 26.1108
    endloop
  endfacet
  facet normal 0 1 0
    outer loop
      vertex 2.5 23.75 27.5
      vertex 0.575 23.75 25.9959
      vertex 0.440085 23.75 26.0625
    endloop
  endfacet
  facet normal 0 1 0
    outer loop
      vertex 2.5 23.75 27.5
      vertex 0.700075 23.75 25.9124
      vertex 0.575 23.75 25.9959
    endloop
  endfacet
  facet normal 0 1 0
    outer loop
      vertex 2.5 23.75 27.5
      vertex 0.813172 23.75 25.8132
      vertex 0.700075 23.75 25.9124
    endloop
  endfacet
  facet normal 0 1 0
    outer loop
      vertex 2.5 23.75 27.5
      vertex 0.912355 23.75 25.7001
      vertex 0.813172 23.75 25.8132
    endloop
  endfacet
  facet normal 0 1 0
    outer loop
      vertex 2.5 23.75 27.5
      vertex 0.995929 23.75 25.575
      vertex 0.912355 23.75 25.7001
    endloop
  endfacet
  facet normal 0 1 0
    outer loop
      vertex 2.5 23.75 27.5
      vertex 1.06246 23.75 25.4401
      vertex 0.995929 23.75 25.575
    endloop
  endfacet
  facet normal 0 1 0
    outer loop
      vertex 2.5 23.75 27.5
      vertex 1.11081 23.75 25.2976
      vertex 1.06246 23.75 25.4401
    endloop
  endfacet
  facet normal 0 1 0
    outer loop
      vertex 2.5 23.75 27.5
      vertex 1.14016 23.75 25.1501
      vertex 1.11081 23.75 25.2976
    endloop
  endfacet
  facet normal 0 1 0
    outer loop
      vertex 2.5 23.75 27.5
      vertex 1.15 23.75 25
      vertex 1.14016 23.75 25.1501
    endloop
  endfacet
  facet normal 0 1 -0
    outer loop
      vertex 2.5 23.75 22.5
      vertex 1.15 23.75 25
      vertex 2.5 23.75 27.5
    endloop
  endfacet
  facet normal 0 1 0
    outer loop
      vertex 1.15 23.75 25
      vertex 2.5 23.75 22.5
      vertex 1.14016 23.75 24.8499
    endloop
  endfacet
  facet normal 0 1 0
    outer loop
      vertex 1.14016 23.75 24.8499
      vertex 2.5 23.75 22.5
      vertex 1.11081 23.75 24.7024
    endloop
  endfacet
  facet normal 0 1 0
    outer loop
      vertex 0.150105 23.75 23.8598
      vertex 2.5 23.75 22.5
      vertex 0 23.75 23.85
    endloop
  endfacet
  facet normal 0 1 0
    outer loop
      vertex 0.297642 23.75 23.8892
      vertex 2.5 23.75 22.5
      vertex 0.150105 23.75 23.8598
    endloop
  endfacet
  facet normal 0 1 0
    outer loop
      vertex 0.440085 23.75 23.9375
      vertex 2.5 23.75 22.5
      vertex 0.297642 23.75 23.8892
    endloop
  endfacet
  facet normal 0 1 0
    outer loop
      vertex 0.575 23.75 24.0041
      vertex 2.5 23.75 22.5
      vertex 0.440085 23.75 23.9375
    endloop
  endfacet
  facet normal 0 1 0
    outer loop
      vertex 0.700075 23.75 24.0876
      vertex 2.5 23.75 22.5
      vertex 0.575 23.75 24.0041
    endloop
  endfacet
  facet normal 0 1 0
    outer loop
      vertex 0.813172 23.75 24.1868
      vertex 2.5 23.75 22.5
      vertex 0.700075 23.75 24.0876
    endloop
  endfacet
  facet normal 0 1 0
    outer loop
      vertex 0.912355 23.75 24.2999
      vertex 2.5 23.75 22.5
      vertex 0.813172 23.75 24.1868
    endloop
  endfacet
  facet normal 0 1 0
    outer loop
      vertex 0.995929 23.75 24.425
      vertex 2.5 23.75 22.5
      vertex 0.912355 23.75 24.2999
    endloop
  endfacet
  facet normal 0 1 0
    outer loop
      vertex 1.06246 23.75 24.5599
      vertex 2.5 23.75 22.5
      vertex 0.995929 23.75 24.425
    endloop
  endfacet
  facet normal 0 1 0
    outer loop
      vertex 1.11081 23.75 24.7024
      vertex 2.5 23.75 22.5
      vertex 1.06246 23.75 24.5599
    endloop
  endfacet
  facet normal 0 1 -0
    outer loop
      vertex -0.150105 23.75 26.1402
      vertex -2.5 23.75 27.5
      vertex 0 23.75 26.15
    endloop
  endfacet
  facet normal 0 1 -0
    outer loop
      vertex -0.297642 23.75 26.1108
      vertex -2.5 23.75 27.5
      vertex -0.150105 23.75 26.1402
    endloop
  endfacet
  facet normal 0 1 -0
    outer loop
      vertex -0.440085 23.75 26.0625
      vertex -2.5 23.75 27.5
      vertex -0.297642 23.75 26.1108
    endloop
  endfacet
  facet normal 0 1 -0
    outer loop
      vertex -0.575 23.75 25.9959
      vertex -2.5 23.75 27.5
      vertex -0.440085 23.75 26.0625
    endloop
  endfacet
  facet normal 0 1 -0
    outer loop
      vertex -0.700075 23.75 25.9124
      vertex -2.5 23.75 27.5
      vertex -0.575 23.75 25.9959
    endloop
  endfacet
  facet normal 0 1 -0
    outer loop
      vertex -0.813172 23.75 25.8132
      vertex -2.5 23.75 27.5
      vertex -0.700075 23.75 25.9124
    endloop
  endfacet
  facet normal 0 1 -0
    outer loop
      vertex -0.912355 23.75 25.7001
      vertex -2.5 23.75 27.5
      vertex -0.813172 23.75 25.8132
    endloop
  endfacet
  facet normal 0 1 -0
    outer loop
      vertex -0.995929 23.75 25.575
      vertex -2.5 23.75 27.5
      vertex -0.912355 23.75 25.7001
    endloop
  endfacet
  facet normal 0 1 -0
    outer loop
      vertex -1.06246 23.75 25.4401
      vertex -2.5 23.75 27.5
      vertex -0.995929 23.75 25.575
    endloop
  endfacet
  facet normal 0 1 -0
    outer loop
      vertex -1.11081 23.75 25.2976
      vertex -2.5 23.75 27.5
      vertex -1.06246 23.75 25.4401
    endloop
  endfacet
  facet normal 0 1 -0
    outer loop
      vertex -1.14016 23.75 25.1501
      vertex -2.5 23.75 27.5
      vertex -1.11081 23.75 25.2976
    endloop
  endfacet
  facet normal 0 1 -0
    outer loop
      vertex -1.15 23.75 25
      vertex -2.5 23.75 27.5
      vertex -1.14016 23.75 25.1501
    endloop
  endfacet
  facet normal 0 1 0
    outer loop
      vertex -2.5 23.75 22.5
      vertex -1.15 23.75 25
      vertex -1.14016 23.75 24.8499
    endloop
  endfacet
  facet normal 0 1 0
    outer loop
      vertex -2.5 23.75 22.5
      vertex -1.14016 23.75 24.8499
      vertex -1.11081 23.75 24.7024
    endloop
  endfacet
  facet normal 0 1 0
    outer loop
      vertex -2.5 23.75 22.5
      vertex -1.11081 23.75 24.7024
      vertex -1.06246 23.75 24.5599
    endloop
  endfacet
  facet normal 0 1 0
    outer loop
      vertex -2.5 23.75 22.5
      vertex 0 23.75 23.85
      vertex 2.5 23.75 22.5
    endloop
  endfacet
  facet normal 0 1 0
    outer loop
      vertex 0 23.75 23.85
      vertex -2.5 23.75 22.5
      vertex -0.150105 23.75 23.8598
    endloop
  endfacet
  facet normal 0 1 0
    outer loop
      vertex -0.150105 23.75 23.8598
      vertex -2.5 23.75 22.5
      vertex -0.297642 23.75 23.8892
    endloop
  endfacet
  facet normal 0 1 0
    outer loop
      vertex -1.15 23.75 25
      vertex -2.5 23.75 22.5
      vertex -2.5 23.75 27.5
    endloop
  endfacet
  facet normal 0 1 0
    outer loop
      vertex -0.995929 23.75 24.425
      vertex -2.5 23.75 22.5
      vertex -1.06246 23.75 24.5599
    endloop
  endfacet
  facet normal 0 1 0
    outer loop
      vertex -0.912355 23.75 24.2999
      vertex -2.5 23.75 22.5
      vertex -0.995929 23.75 24.425
    endloop
  endfacet
  facet normal 0 1 0
    outer loop
      vertex -0.813172 23.75 24.1868
      vertex -2.5 23.75 22.5
      vertex -0.912355 23.75 24.2999
    endloop
  endfacet
  facet normal 0 1 0
    outer loop
      vertex -0.700075 23.75 24.0876
      vertex -2.5 23.75 22.5
      vertex -0.813172 23.75 24.1868
    endloop
  endfacet
  facet normal 0 1 0
    outer loop
      vertex -0.575 23.75 24.0041
      vertex -2.5 23.75 22.5
      vertex -0.700075 23.75 24.0876
    endloop
  endfacet
  facet normal 0 1 0
    outer loop
      vertex -0.440085 23.75 23.9375
      vertex -2.5 23.75 22.5
      vertex -0.575 23.75 24.0041
    endloop
  endfacet
  facet normal 0 1 0
    outer loop
      vertex -0.297642 23.75 23.8892
      vertex -2.5 23.75 22.5
      vertex -0.440085 23.75 23.9375
    endloop
  endfacet
  facet normal 0 -1 0
    outer loop
      vertex -2.5 18.7 27.5
      vertex 0 18.7 26.15
      vertex 2.5 18.7 27.5
    endloop
  endfacet
  facet normal 0 -1 0
    outer loop
      vertex -2.5 18.7 27.5
      vertex -0.150105 18.7 26.1402
      vertex 0 18.7 26.15
    endloop
  endfacet
  facet normal 0 -1 0
    outer loop
      vertex -2.5 18.7 27.5
      vertex -0.297642 18.7 26.1108
      vertex -0.150105 18.7 26.1402
    endloop
  endfacet
  facet normal 0 -1 0
    outer loop
      vertex -2.5 18.7 27.5
      vertex -0.440085 18.7 26.0625
      vertex -0.297642 18.7 26.1108
    endloop
  endfacet
  facet normal 0 -1 0
    outer loop
      vertex -2.5 18.7 27.5
      vertex -0.575 18.7 25.9959
      vertex -0.440085 18.7 26.0625
    endloop
  endfacet
  facet normal 0 -1 0
    outer loop
      vertex -2.5 18.7 27.5
      vertex -0.700075 18.7 25.9124
      vertex -0.575 18.7 25.9959
    endloop
  endfacet
  facet normal 0 -1 0
    outer loop
      vertex -2.5 18.7 27.5
      vertex -0.813172 18.7 25.8132
      vertex -0.700075 18.7 25.9124
    endloop
  endfacet
  facet normal 0 -1 0
    outer loop
      vertex -2.5 18.7 27.5
      vertex -0.912355 18.7 25.7001
      vertex -0.813172 18.7 25.8132
    endloop
  endfacet
  facet normal 0 -1 0
    outer loop
      vertex -2.5 18.7 27.5
      vertex -0.995929 18.7 25.575
      vertex -0.912355 18.7 25.7001
    endloop
  endfacet
  facet normal 0 -1 0
    outer loop
      vertex -2.5 18.7 27.5
      vertex -1.06246 18.7 25.4401
      vertex -0.995929 18.7 25.575
    endloop
  endfacet
  facet normal 0 -1 0
    outer loop
      vertex -2.5 18.7 27.5
      vertex -1.11081 18.7 25.2976
      vertex -1.06246 18.7 25.4401
    endloop
  endfacet
  facet normal 0 -1 0
    outer loop
      vertex -2.5 18.7 27.5
      vertex -1.14016 18.7 25.1501
      vertex -1.11081 18.7 25.2976
    endloop
  endfacet
  facet normal 0 -1 0
    outer loop
      vertex -1.5257 18.7 24
      vertex -1.14016 18.7 25.1501
      vertex -2.5 18.7 27.5
    endloop
  endfacet
  facet normal 0 -1 0
    outer loop
      vertex -1.14016 18.7 25.1501
      vertex -1.5257 18.7 24
      vertex -1.15 18.7 25
    endloop
  endfacet
  facet normal 0 -1 -0
    outer loop
      vertex -1.15 18.7 25
      vertex -1.5257 18.7 24
      vertex -1.14016 18.7 24.8499
    endloop
  endfacet
  facet normal 0 -1 -0
    outer loop
      vertex -1.14016 18.7 24.8499
      vertex -1.5257 18.7 24
      vertex -1.11081 18.7 24.7024
    endloop
  endfacet
  facet normal 0 -1 -0
    outer loop
      vertex -0.700075 18.7 24.0876
      vertex -1.5257 18.7 24
      vertex -0.575 18.7 24.0041
    endloop
  endfacet
  facet normal 0 -1 -0
    outer loop
      vertex -0.813172 18.7 24.1868
      vertex -1.5257 18.7 24
      vertex -0.700075 18.7 24.0876
    endloop
  endfacet
  facet normal 0 -1 -0
    outer loop
      vertex -0.912355 18.7 24.2999
      vertex -1.5257 18.7 24
      vertex -0.813172 18.7 24.1868
    endloop
  endfacet
  facet normal 0 -1 -0
    outer loop
      vertex -0.995929 18.7 24.425
      vertex -1.5257 18.7 24
      vertex -0.912355 18.7 24.2999
    endloop
  endfacet
  facet normal 0 -1 -0
    outer loop
      vertex -1.06246 18.7 24.5599
      vertex -1.5257 18.7 24
      vertex -0.995929 18.7 24.425
    endloop
  endfacet
  facet normal 0 -1 -0
    outer loop
      vertex -1.11081 18.7 24.7024
      vertex -1.5257 18.7 24
      vertex -1.06246 18.7 24.5599
    endloop
  endfacet
  facet normal 0 -1 0
    outer loop
      vertex -2.5 18.7 27.5
      vertex -2.4619 18.7 22.7728
      vertex -1.5257 18.7 24
    endloop
  endfacet
  facet normal -0 -1 0
    outer loop
      vertex -2.4619 18.7 22.7728
      vertex -2.5 18.7 27.5
      vertex -2.5 18.7 22.6238
    endloop
  endfacet
  facet normal 0 -1 0
    outer loop
      vertex 0.150105 18.7 26.1402
      vertex 2.5 18.7 27.5
      vertex 0 18.7 26.15
    endloop
  endfacet
  facet normal 0 -1 0
    outer loop
      vertex 0.297642 18.7 26.1108
      vertex 2.5 18.7 27.5
      vertex 0.150105 18.7 26.1402
    endloop
  endfacet
  facet normal 0 -1 0
    outer loop
      vertex 0.440085 18.7 26.0625
      vertex 2.5 18.7 27.5
      vertex 0.297642 18.7 26.1108
    endloop
  endfacet
  facet normal 0 -1 0
    outer loop
      vertex 0.575 18.7 25.9959
      vertex 2.5 18.7 27.5
      vertex 0.440085 18.7 26.0625
    endloop
  endfacet
  facet normal 0 -1 0
    outer loop
      vertex 0.700075 18.7 25.9124
      vertex 2.5 18.7 27.5
      vertex 0.575 18.7 25.9959
    endloop
  endfacet
  facet normal 0 -1 0
    outer loop
      vertex 0.813172 18.7 25.8132
      vertex 2.5 18.7 27.5
      vertex 0.700075 18.7 25.9124
    endloop
  endfacet
  facet normal 0 -1 0
    outer loop
      vertex 0.912355 18.7 25.7001
      vertex 2.5 18.7 27.5
      vertex 0.813172 18.7 25.8132
    endloop
  endfacet
  facet normal 0 -1 0
    outer loop
      vertex 0.995929 18.7 25.575
      vertex 2.5 18.7 27.5
      vertex 0.912355 18.7 25.7001
    endloop
  endfacet
  facet normal 0 -1 0
    outer loop
      vertex 1.06246 18.7 25.4401
      vertex 2.5 18.7 27.5
      vertex 0.995929 18.7 25.575
    endloop
  endfacet
  facet normal 0 -1 0
    outer loop
      vertex 1.11081 18.7 25.2976
      vertex 2.5 18.7 27.5
      vertex 1.06246 18.7 25.4401
    endloop
  endfacet
  facet normal 0 -1 0
    outer loop
      vertex 1.14016 18.7 25.1501
      vertex 2.5 18.7 27.5
      vertex 1.11081 18.7 25.2976
    endloop
  endfacet
  facet normal 0 -1 0
    outer loop
      vertex 1.5257 18.7 24
      vertex 1.14016 18.7 25.1501
      vertex 1.15 18.7 25
    endloop
  endfacet
  facet normal 0 -1 0
    outer loop
      vertex 1.5257 18.7 24
      vertex 1.15 18.7 25
      vertex 1.14016 18.7 24.8499
    endloop
  endfacet
  facet normal 0 -1 0
    outer loop
      vertex 1.5257 18.7 24
      vertex 1.14016 18.7 24.8499
      vertex 1.11081 18.7 24.7024
    endloop
  endfacet
  facet normal 0 -1 0
    outer loop
      vertex 1.5257 18.7 24
      vertex 1.11081 18.7 24.7024
      vertex 1.06246 18.7 24.5599
    endloop
  endfacet
  facet normal 0 -1 0
    outer loop
      vertex 1.5257 18.7 24
      vertex 0.575 18.7 24.0041
      vertex 0.566746 18.7 24
    endloop
  endfacet
  facet normal 0 -1 0
    outer loop
      vertex 1.5257 18.7 24
      vertex 0.700075 18.7 24.0876
      vertex 0.575 18.7 24.0041
    endloop
  endfacet
  facet normal 0 -1 0
    outer loop
      vertex 1.5257 18.7 24
      vertex 0.813172 18.7 24.1868
      vertex 0.700075 18.7 24.0876
    endloop
  endfacet
  facet normal 0 -1 0
    outer loop
      vertex 1.5257 18.7 24
      vertex 0.912355 18.7 24.2999
      vertex 0.813172 18.7 24.1868
    endloop
  endfacet
  facet normal 0 -1 0
    outer loop
      vertex 1.5257 18.7 24
      vertex 0.995929 18.7 24.425
      vertex 0.912355 18.7 24.2999
    endloop
  endfacet
  facet normal 0 -1 0
    outer loop
      vertex 1.5257 18.7 24
      vertex 1.06246 18.7 24.5599
      vertex 0.995929 18.7 24.425
    endloop
  endfacet
  facet normal 0 -1 0
    outer loop
      vertex 1.14016 18.7 25.1501
      vertex 1.5257 18.7 24
      vertex 2.5 18.7 27.5
    endloop
  endfacet
  facet normal 0 -1 0
    outer loop
      vertex 2.4619 18.7 22.7728
      vertex 2.5 18.7 27.5
      vertex 1.5257 18.7 24
    endloop
  endfacet
  facet normal 0 -1 -0
    outer loop
      vertex 2.5 18.7 27.5
      vertex 2.4619 18.7 22.7728
      vertex 2.5 18.7 22.6238
    endloop
  endfacet
  facet normal 0 -1 -0
    outer loop
      vertex -0.575 18.7 24.0041
      vertex -1.5257 18.7 24
      vertex -0.566746 18.7 24
    endloop
  endfacet
  facet normal 1 -0 0
    outer loop
      vertex 2.5 17.45 52.5
      vertex 2.5 22.5 47.5
      vertex 2.5 22.5 52.5
    endloop
  endfacet
  facet normal 1 0 0
    outer loop
      vertex 2.5 22.5 47.5
      vertex 2.5 17.45 52.5
      vertex 2.5 17.45 47.5
    endloop
  endfacet
  facet normal -0 0 1
    outer loop
      vertex -2.5 22.5 52.5
      vertex 2.5 17.45 52.5
      vertex 2.5 22.5 52.5
    endloop
  endfacet
  facet normal 0 0 1
    outer loop
      vertex 2.5 17.45 52.5
      vertex -2.5 22.5 52.5
      vertex -2.5 17.45 52.5
    endloop
  endfacet
  facet normal 0 0 -1
    outer loop
      vertex 2.30052 17.4742 47.5
      vertex 2.5 17.45 47.5
      vertex 2.42226 17.45 47.5
    endloop
  endfacet
  facet normal 0 0 -1
    outer loop
      vertex 2.5 17.45 47.5
      vertex 2.30052 17.4742 47.5
      vertex 2.5 22.5 47.5
    endloop
  endfacet
  facet normal 0 0 -1
    outer loop
      vertex 0.929999 17.564 47.5
      vertex 2.5 22.5 47.5
      vertex 2.30052 17.4742 47.5
    endloop
  endfacet
  facet normal 0 0 -1
    outer loop
      vertex 0 17.625 47.5
      vertex 2.5 22.5 47.5
      vertex 0.929999 17.564 47.5
    endloop
  endfacet
  facet normal 0 0 -1
    outer loop
      vertex -2.5 22.5 47.5
      vertex 0 17.625 47.5
      vertex -0.929999 17.564 47.5
    endloop
  endfacet
  facet normal 0 0 -1
    outer loop
      vertex -2.5 22.5 47.5
      vertex -0.929999 17.564 47.5
      vertex -2.30052 17.4742 47.5
    endloop
  endfacet
  facet normal 0 0 -1
    outer loop
      vertex -2.5 17.45 47.5
      vertex -2.30052 17.4742 47.5
      vertex -2.42226 17.45 47.5
    endloop
  endfacet
  facet normal -0 0 -1
    outer loop
      vertex -2.30052 17.4742 47.5
      vertex -2.5 17.45 47.5
      vertex -2.5 22.5 47.5
    endloop
  endfacet
  facet normal 0 0 -1
    outer loop
      vertex 0 17.625 47.5
      vertex -2.5 22.5 47.5
      vertex 2.5 22.5 47.5
    endloop
  endfacet
  facet normal -1 0 0
    outer loop
      vertex -2.5 17.45 47.5
      vertex -2.5 22.5 52.5
      vertex -2.5 22.5 47.5
    endloop
  endfacet
  facet normal -1 -0 0
    outer loop
      vertex -2.5 22.5 52.5
      vertex -2.5 17.45 47.5
      vertex -2.5 17.45 52.5
    endloop
  endfacet
  facet normal 0 1 0
    outer loop
      vertex 2.5 22.5 52.5
      vertex 0 22.5 51.15
      vertex -2.5 22.5 52.5
    endloop
  endfacet
  facet normal 0 1 0
    outer loop
      vertex 2.5 22.5 52.5
      vertex 0.150105 22.5 51.1402
      vertex 0 22.5 51.15
    endloop
  endfacet
  facet normal 0 1 0
    outer loop
      vertex 2.5 22.5 52.5
      vertex 0.297642 22.5 51.1108
      vertex 0.150105 22.5 51.1402
    endloop
  endfacet
  facet normal 0 1 0
    outer loop
      vertex 2.5 22.5 52.5
      vertex 0.440085 22.5 51.0625
      vertex 0.297642 22.5 51.1108
    endloop
  endfacet
  facet normal 0 1 0
    outer loop
      vertex 2.5 22.5 52.5
      vertex 0.575 22.5 50.9959
      vertex 0.440085 22.5 51.0625
    endloop
  endfacet
  facet normal 0 1 0
    outer loop
      vertex 2.5 22.5 52.5
      vertex 0.700075 22.5 50.9124
      vertex 0.575 22.5 50.9959
    endloop
  endfacet
  facet normal 0 1 0
    outer loop
      vertex 2.5 22.5 52.5
      vertex 0.813172 22.5 50.8132
      vertex 0.700075 22.5 50.9124
    endloop
  endfacet
  facet normal 0 1 0
    outer loop
      vertex 2.5 22.5 52.5
      vertex 0.912355 22.5 50.7001
      vertex 0.813172 22.5 50.8132
    endloop
  endfacet
  facet normal 0 1 0
    outer loop
      vertex 2.5 22.5 52.5
      vertex 0.995929 22.5 50.575
      vertex 0.912355 22.5 50.7001
    endloop
  endfacet
  facet normal 0 1 0
    outer loop
      vertex 2.5 22.5 52.5
      vertex 1.06246 22.5 50.4401
      vertex 0.995929 22.5 50.575
    endloop
  endfacet
  facet normal 0 1 0
    outer loop
      vertex 2.5 22.5 52.5
      vertex 1.11081 22.5 50.2976
      vertex 1.06246 22.5 50.4401
    endloop
  endfacet
  facet normal 0 1 0
    outer loop
      vertex 2.5 22.5 52.5
      vertex 1.14016 22.5 50.1501
      vertex 1.11081 22.5 50.2976
    endloop
  endfacet
  facet normal 0 1 0
    outer loop
      vertex 2.5 22.5 52.5
      vertex 1.15 22.5 50
      vertex 1.14016 22.5 50.1501
    endloop
  endfacet
  facet normal 0 1 -0
    outer loop
      vertex 2.5 22.5 47.5
      vertex 1.15 22.5 50
      vertex 2.5 22.5 52.5
    endloop
  endfacet
  facet normal 0 1 0
    outer loop
      vertex 1.15 22.5 50
      vertex 2.5 22.5 47.5
      vertex 1.14016 22.5 49.8499
    endloop
  endfacet
  facet normal 0 1 0
    outer loop
      vertex 1.14016 22.5 49.8499
      vertex 2.5 22.5 47.5
      vertex 1.11081 22.5 49.7024
    endloop
  endfacet
  facet normal 0 1 0
    outer loop
      vertex 0.150105 22.5 48.8598
      vertex 2.5 22.5 47.5
      vertex 0 22.5 48.85
    endloop
  endfacet
  facet normal 0 1 0
    outer loop
      vertex 0.297642 22.5 48.8892
      vertex 2.5 22.5 47.5
      vertex 0.150105 22.5 48.8598
    endloop
  endfacet
  facet normal 0 1 0
    outer loop
      vertex 0.440085 22.5 48.9375
      vertex 2.5 22.5 47.5
      vertex 0.297642 22.5 48.8892
    endloop
  endfacet
  facet normal 0 1 0
    outer loop
      vertex 0.575 22.5 49.0041
      vertex 2.5 22.5 47.5
      vertex 0.440085 22.5 48.9375
    endloop
  endfacet
  facet normal 0 1 0
    outer loop
      vertex 0.700075 22.5 49.0876
      vertex 2.5 22.5 47.5
      vertex 0.575 22.5 49.0041
    endloop
  endfacet
  facet normal 0 1 0
    outer loop
      vertex 0.813172 22.5 49.1868
      vertex 2.5 22.5 47.5
      vertex 0.700075 22.5 49.0876
    endloop
  endfacet
  facet normal 0 1 0
    outer loop
      vertex 0.912355 22.5 49.2999
      vertex 2.5 22.5 47.5
      vertex 0.813172 22.5 49.1868
    endloop
  endfacet
  facet normal 0 1 0
    outer loop
      vertex 0.995929 22.5 49.425
      vertex 2.5 22.5 47.5
      vertex 0.912355 22.5 49.2999
    endloop
  endfacet
  facet normal 0 1 0
    outer loop
      vertex 1.06246 22.5 49.5599
      vertex 2.5 22.5 47.5
      vertex 0.995929 22.5 49.425
    endloop
  endfacet
  facet normal 0 1 0
    outer loop
      vertex 1.11081 22.5 49.7024
      vertex 2.5 22.5 47.5
      vertex 1.06246 22.5 49.5599
    endloop
  endfacet
  facet normal 0 1 -0
    outer loop
      vertex -0.150105 22.5 51.1402
      vertex -2.5 22.5 52.5
      vertex 0 22.5 51.15
    endloop
  endfacet
  facet normal 0 1 -0
    outer loop
      vertex -0.297642 22.5 51.1108
      vertex -2.5 22.5 52.5
      vertex -0.150105 22.5 51.1402
    endloop
  endfacet
  facet normal 0 1 -0
    outer loop
      vertex -0.440085 22.5 51.0625
      vertex -2.5 22.5 52.5
      vertex -0.297642 22.5 51.1108
    endloop
  endfacet
  facet normal 0 1 -0
    outer loop
      vertex -0.575 22.5 50.9959
      vertex -2.5 22.5 52.5
      vertex -0.440085 22.5 51.0625
    endloop
  endfacet
  facet normal 0 1 -0
    outer loop
      vertex -0.700075 22.5 50.9124
      vertex -2.5 22.5 52.5
      vertex -0.575 22.5 50.9959
    endloop
  endfacet
  facet normal 0 1 -0
    outer loop
      vertex -0.813172 22.5 50.8132
      vertex -2.5 22.5 52.5
      vertex -0.700075 22.5 50.9124
    endloop
  endfacet
  facet normal 0 1 -0
    outer loop
      vertex -0.912355 22.5 50.7001
      vertex -2.5 22.5 52.5
      vertex -0.813172 22.5 50.8132
    endloop
  endfacet
  facet normal 0 1 -0
    outer loop
      vertex -0.995929 22.5 50.575
      vertex -2.5 22.5 52.5
      vertex -0.912355 22.5 50.7001
    endloop
  endfacet
  facet normal 0 1 -0
    outer loop
      vertex -1.06246 22.5 50.4401
      vertex -2.5 22.5 52.5
      vertex -0.995929 22.5 50.575
    endloop
  endfacet
  facet normal 0 1 -0
    outer loop
      vertex -1.11081 22.5 50.2976
      vertex -2.5 22.5 52.5
      vertex -1.06246 22.5 50.4401
    endloop
  endfacet
  facet normal 0 1 -0
    outer loop
      vertex -1.14016 22.5 50.1501
      vertex -2.5 22.5 52.5
      vertex -1.11081 22.5 50.2976
    endloop
  endfacet
  facet normal 0 1 -0
    outer loop
      vertex -1.15 22.5 50
      vertex -2.5 22.5 52.5
      vertex -1.14016 22.5 50.1501
    endloop
  endfacet
  facet normal 0 1 0
    outer loop
      vertex -2.5 22.5 47.5
      vertex -1.15 22.5 50
      vertex -1.14016 22.5 49.8499
    endloop
  endfacet
  facet normal 0 1 0
    outer loop
      vertex -2.5 22.5 47.5
      vertex -1.14016 22.5 49.8499
      vertex -1.11081 22.5 49.7024
    endloop
  endfacet
  facet normal 0 1 0
    outer loop
      vertex -2.5 22.5 47.5
      vertex -1.11081 22.5 49.7024
      vertex -1.06246 22.5 49.5599
    endloop
  endfacet
  facet normal 0 1 0
    outer loop
      vertex -2.5 22.5 47.5
      vertex 0 22.5 48.85
      vertex 2.5 22.5 47.5
    endloop
  endfacet
  facet normal 0 1 0
    outer loop
      vertex 0 22.5 48.85
      vertex -2.5 22.5 47.5
      vertex -0.150105 22.5 48.8598
    endloop
  endfacet
  facet normal 0 1 0
    outer loop
      vertex -0.150105 22.5 48.8598
      vertex -2.5 22.5 47.5
      vertex -0.297642 22.5 48.8892
    endloop
  endfacet
  facet normal 0 1 0
    outer loop
      vertex -1.15 22.5 50
      vertex -2.5 22.5 47.5
      vertex -2.5 22.5 52.5
    endloop
  endfacet
  facet normal 0 1 0
    outer loop
      vertex -0.995929 22.5 49.425
      vertex -2.5 22.5 47.5
      vertex -1.06246 22.5 49.5599
    endloop
  endfacet
  facet normal 0 1 0
    outer loop
      vertex -0.912355 22.5 49.2999
      vertex -2.5 22.5 47.5
      vertex -0.995929 22.5 49.425
    endloop
  endfacet
  facet normal 0 1 0
    outer loop
      vertex -0.813172 22.5 49.1868
      vertex -2.5 22.5 47.5
      vertex -0.912355 22.5 49.2999
    endloop
  endfacet
  facet normal 0 1 0
    outer loop
      vertex -0.700075 22.5 49.0876
      vertex -2.5 22.5 47.5
      vertex -0.813172 22.5 49.1868
    endloop
  endfacet
  facet normal 0 1 0
    outer loop
      vertex -0.575 22.5 49.0041
      vertex -2.5 22.5 47.5
      vertex -0.700075 22.5 49.0876
    endloop
  endfacet
  facet normal 0 1 0
    outer loop
      vertex -0.440085 22.5 48.9375
      vertex -2.5 22.5 47.5
      vertex -0.575 22.5 49.0041
    endloop
  endfacet
  facet normal 0 1 0
    outer loop
      vertex -0.297642 22.5 48.8892
      vertex -2.5 22.5 47.5
      vertex -0.440085 22.5 48.9375
    endloop
  endfacet
  facet normal 0 -1 0
    outer loop
      vertex -2.5 17.45 52.5
      vertex 0 17.45 51.15
      vertex 2.5 17.45 52.5
    endloop
  endfacet
  facet normal 0 -1 0
    outer loop
      vertex -2.5 17.45 52.5
      vertex -0.150105 17.45 51.1402
      vertex 0 17.45 51.15
    endloop
  endfacet
  facet normal 0 -1 0
    outer loop
      vertex -2.5 17.45 52.5
      vertex -0.297642 17.45 51.1108
      vertex -0.150105 17.45 51.1402
    endloop
  endfacet
  facet normal 0 -1 0
    outer loop
      vertex -2.5 17.45 52.5
      vertex -0.440085 17.45 51.0625
      vertex -0.297642 17.45 51.1108
    endloop
  endfacet
  facet normal 0 -1 0
    outer loop
      vertex -2.5 17.45 52.5
      vertex -0.575 17.45 50.9959
      vertex -0.440085 17.45 51.0625
    endloop
  endfacet
  facet normal 0 -1 0
    outer loop
      vertex -2.5 17.45 52.5
      vertex -0.700075 17.45 50.9124
      vertex -0.575 17.45 50.9959
    endloop
  endfacet
  facet normal 0 -1 0
    outer loop
      vertex -2.5 17.45 52.5
      vertex -0.813172 17.45 50.8132
      vertex -0.700075 17.45 50.9124
    endloop
  endfacet
  facet normal 0 -1 0
    outer loop
      vertex -2.5 17.45 52.5
      vertex -0.912355 17.45 50.7001
      vertex -0.813172 17.45 50.8132
    endloop
  endfacet
  facet normal 0 -1 0
    outer loop
      vertex -2.5 17.45 52.5
      vertex -0.995929 17.45 50.575
      vertex -0.912355 17.45 50.7001
    endloop
  endfacet
  facet normal 0 -1 0
    outer loop
      vertex -2.5 17.45 52.5
      vertex -1.06246 17.45 50.4401
      vertex -0.995929 17.45 50.575
    endloop
  endfacet
  facet normal 0 -1 0
    outer loop
      vertex -2.5 17.45 52.5
      vertex -1.11081 17.45 50.2976
      vertex -1.06246 17.45 50.4401
    endloop
  endfacet
  facet normal 0 -1 0
    outer loop
      vertex -2.5 17.45 52.5
      vertex -1.14016 17.45 50.1501
      vertex -1.11081 17.45 50.2976
    endloop
  endfacet
  facet normal 0 -1 0
    outer loop
      vertex -1.5257 17.45 49
      vertex -1.14016 17.45 50.1501
      vertex -2.5 17.45 52.5
    endloop
  endfacet
  facet normal 0 -1 0
    outer loop
      vertex -1.14016 17.45 50.1501
      vertex -1.5257 17.45 49
      vertex -1.15 17.45 50
    endloop
  endfacet
  facet normal 0 -1 -0
    outer loop
      vertex -1.15 17.45 50
      vertex -1.5257 17.45 49
      vertex -1.14016 17.45 49.8499
    endloop
  endfacet
  facet normal 0 -1 -0
    outer loop
      vertex -1.14016 17.45 49.8499
      vertex -1.5257 17.45 49
      vertex -1.11081 17.45 49.7024
    endloop
  endfacet
  facet normal 0 -1 -0
    outer loop
      vertex -0.700075 17.45 49.0876
      vertex -1.5257 17.45 49
      vertex -0.575 17.45 49.0041
    endloop
  endfacet
  facet normal 0 -1 -0
    outer loop
      vertex -0.813172 17.45 49.1868
      vertex -1.5257 17.45 49
      vertex -0.700075 17.45 49.0876
    endloop
  endfacet
  facet normal 0 -1 -0
    outer loop
      vertex -0.912355 17.45 49.2999
      vertex -1.5257 17.45 49
      vertex -0.813172 17.45 49.1868
    endloop
  endfacet
  facet normal 0 -1 -0
    outer loop
      vertex -0.995929 17.45 49.425
      vertex -1.5257 17.45 49
      vertex -0.912355 17.45 49.2999
    endloop
  endfacet
  facet normal 0 -1 -0
    outer loop
      vertex -1.06246 17.45 49.5599
      vertex -1.5257 17.45 49
      vertex -0.995929 17.45 49.425
    endloop
  endfacet
  facet normal 0 -1 -0
    outer loop
      vertex -1.11081 17.45 49.7024
      vertex -1.5257 17.45 49
      vertex -1.06246 17.45 49.5599
    endloop
  endfacet
  facet normal 0 -1 0
    outer loop
      vertex -2.5 17.45 52.5
      vertex -2.29734 17.45 47.9885
      vertex -1.5257 17.45 49
    endloop
  endfacet
  facet normal 0 -1 0
    outer loop
      vertex -2.5 17.45 47.5
      vertex -2.29734 17.45 47.9885
      vertex -2.5 17.45 52.5
    endloop
  endfacet
  facet normal 0 -1 0
    outer loop
      vertex -2.29734 17.45 47.9885
      vertex -2.5 17.45 47.5
      vertex -2.42226 17.45 47.5
    endloop
  endfacet
  facet normal 0 -1 0
    outer loop
      vertex 0.150105 17.45 51.1402
      vertex 2.5 17.45 52.5
      vertex 0 17.45 51.15
    endloop
  endfacet
  facet normal 0 -1 0
    outer loop
      vertex 0.297642 17.45 51.1108
      vertex 2.5 17.45 52.5
      vertex 0.150105 17.45 51.1402
    endloop
  endfacet
  facet normal 0 -1 0
    outer loop
      vertex 0.440085 17.45 51.0625
      vertex 2.5 17.45 52.5
      vertex 0.297642 17.45 51.1108
    endloop
  endfacet
  facet normal 0 -1 0
    outer loop
      vertex 0.575 17.45 50.9959
      vertex 2.5 17.45 52.5
      vertex 0.440085 17.45 51.0625
    endloop
  endfacet
  facet normal 0 -1 0
    outer loop
      vertex 0.700075 17.45 50.9124
      vertex 2.5 17.45 52.5
      vertex 0.575 17.45 50.9959
    endloop
  endfacet
  facet normal 0 -1 0
    outer loop
      vertex 0.813172 17.45 50.8132
      vertex 2.5 17.45 52.5
      vertex 0.700075 17.45 50.9124
    endloop
  endfacet
  facet normal 0 -1 0
    outer loop
      vertex 0.912355 17.45 50.7001
      vertex 2.5 17.45 52.5
      vertex 0.813172 17.45 50.8132
    endloop
  endfacet
  facet normal 0 -1 0
    outer loop
      vertex 0.995929 17.45 50.575
      vertex 2.5 17.45 52.5
      vertex 0.912355 17.45 50.7001
    endloop
  endfacet
  facet normal 0 -1 0
    outer loop
      vertex 1.06246 17.45 50.4401
      vertex 2.5 17.45 52.5
      vertex 0.995929 17.45 50.575
    endloop
  endfacet
  facet normal 0 -1 0
    outer loop
      vertex 1.11081 17.45 50.2976
      vertex 2.5 17.45 52.5
      vertex 1.06246 17.45 50.4401
    endloop
  endfacet
  facet normal 0 -1 0
    outer loop
      vertex 1.14016 17.45 50.1501
      vertex 2.5 17.45 52.5
      vertex 1.11081 17.45 50.2976
    endloop
  endfacet
  facet normal 0 -1 0
    outer loop
      vertex 1.5257 17.45 49
      vertex 1.14016 17.45 50.1501
      vertex 1.15 17.45 50
    endloop
  endfacet
  facet normal 0 -1 0
    outer loop
      vertex 1.5257 17.45 49
      vertex 1.15 17.45 50
      vertex 1.14016 17.45 49.8499
    endloop
  endfacet
  facet normal 0 -1 0
    outer loop
      vertex 1.5257 17.45 49
      vertex 1.14016 17.45 49.8499
      vertex 1.11081 17.45 49.7024
    endloop
  endfacet
  facet normal 0 -1 0
    outer loop
      vertex 1.5257 17.45 49
      vertex 1.11081 17.45 49.7024
      vertex 1.06246 17.45 49.5599
    endloop
  endfacet
  facet normal 0 -1 0
    outer loop
      vertex 1.5257 17.45 49
      vertex 0.575 17.45 49.0041
      vertex 0.566746 17.45 49
    endloop
  endfacet
  facet normal 0 -1 0
    outer loop
      vertex 1.5257 17.45 49
      vertex 0.700075 17.45 49.0876
      vertex 0.575 17.45 49.0041
    endloop
  endfacet
  facet normal 0 -1 0
    outer loop
      vertex 1.5257 17.45 49
      vertex 0.813172 17.45 49.1868
      vertex 0.700075 17.45 49.0876
    endloop
  endfacet
  facet normal 0 -1 0
    outer loop
      vertex 1.5257 17.45 49
      vertex 0.912355 17.45 49.2999
      vertex 0.813172 17.45 49.1868
    endloop
  endfacet
  facet normal 0 -1 0
    outer loop
      vertex 1.5257 17.45 49
      vertex 0.995929 17.45 49.425
      vertex 0.912355 17.45 49.2999
    endloop
  endfacet
  facet normal 0 -1 0
    outer loop
      vertex 1.5257 17.45 49
      vertex 1.06246 17.45 49.5599
      vertex 0.995929 17.45 49.425
    endloop
  endfacet
  facet normal 0 -1 0
    outer loop
      vertex 1.14016 17.45 50.1501
      vertex 1.5257 17.45 49
      vertex 2.5 17.45 52.5
    endloop
  endfacet
  facet normal 0 -1 0
    outer loop
      vertex 2.29734 17.45 47.9885
      vertex 2.5 17.45 52.5
      vertex 1.5257 17.45 49
    endloop
  endfacet
  facet normal 0 -1 0
    outer loop
      vertex 2.5 17.45 47.5
      vertex 2.29734 17.45 47.9885
      vertex 2.42226 17.45 47.5
    endloop
  endfacet
  facet normal 0 -1 0
    outer loop
      vertex 2.29734 17.45 47.9885
      vertex 2.5 17.45 47.5
      vertex 2.5 17.45 52.5
    endloop
  endfacet
  facet normal 0 -1 -0
    outer loop
      vertex -0.575 17.45 49.0041
      vertex -1.5257 17.45 49
      vertex -0.566746 17.45 49
    endloop
  endfacet
  facet normal 1 0 0
    outer loop
      vertex 2.5 21.25 77.5
      vertex 2.5 19 75
      vertex 2.5 21.25 72.5
    endloop
  endfacet
  facet normal 1 -0 0
    outer loop
      vertex 2.5 16.2 77.5
      vertex 2.5 19 75
      vertex 2.5 21.25 77.5
    endloop
  endfacet
  facet normal 1 0 0
    outer loop
      vertex 2.5 19 75
      vertex 2.5 16.2 77.5
      vertex 2.5 16.2 75
    endloop
  endfacet
  facet normal 1 0 0
    outer loop
      vertex 2.5 21.25 72.5
      vertex 2.5 19 75
      vertex 2.5 19 72.5
    endloop
  endfacet
  facet normal -0 0 1
    outer loop
      vertex -2.5 21.25 77.5
      vertex 2.5 16.2 77.5
      vertex 2.5 21.25 77.5
    endloop
  endfacet
  facet normal 0 0 1
    outer loop
      vertex 2.5 16.2 77.5
      vertex -2.5 21.25 77.5
      vertex -2.5 16.2 77.5
    endloop
  endfacet
  facet normal 0 0 -1
    outer loop
      vertex -2.5 19 72.5
      vertex 2.5 21.25 72.5
      vertex 2.5 19 72.5
    endloop
  endfacet
  facet normal -0 0 -1
    outer loop
      vertex 2.5 21.25 72.5
      vertex -2.5 19 72.5
      vertex -2.5 21.25 72.5
    endloop
  endfacet
  facet normal -1 0 0
    outer loop
      vertex -2.5 19 75
      vertex -2.5 21.25 72.5
      vertex -2.5 19 72.5
    endloop
  endfacet
  facet normal -1 0 0
    outer loop
      vertex -2.5 21.25 72.5
      vertex -2.5 19 75
      vertex -2.5 21.25 77.5
    endloop
  endfacet
  facet normal -1 0 0
    outer loop
      vertex -2.5 16.2 77.5
      vertex -2.5 19 75
      vertex -2.5 16.2 75
    endloop
  endfacet
  facet normal -1 0 0
    outer loop
      vertex -2.5 19 75
      vertex -2.5 16.2 77.5
      vertex -2.5 21.25 77.5
    endloop
  endfacet
  facet normal 0 1 0
    outer loop
      vertex 2.5 21.25 77.5
      vertex 0 21.25 76.15
      vertex -2.5 21.25 77.5
    endloop
  endfacet
  facet normal 0 1 0
    outer loop
      vertex 2.5 21.25 77.5
      vertex 0.150105 21.25 76.1402
      vertex 0 21.25 76.15
    endloop
  endfacet
  facet normal 0 1 0
    outer loop
      vertex 2.5 21.25 77.5
      vertex 0.297642 21.25 76.1108
      vertex 0.150105 21.25 76.1402
    endloop
  endfacet
  facet normal 0 1 0
    outer loop
      vertex 2.5 21.25 77.5
      vertex 0.440085 21.25 76.0625
      vertex 0.297642 21.25 76.1108
    endloop
  endfacet
  facet normal 0 1 0
    outer loop
      vertex 2.5 21.25 77.5
      vertex 0.575 21.25 75.9959
      vertex 0.440085 21.25 76.0625
    endloop
  endfacet
  facet normal 0 1 0
    outer loop
      vertex 2.5 21.25 77.5
      vertex 0.700075 21.25 75.9124
      vertex 0.575 21.25 75.9959
    endloop
  endfacet
  facet normal 0 1 0
    outer loop
      vertex 2.5 21.25 77.5
      vertex 0.813172 21.25 75.8132
      vertex 0.700075 21.25 75.9124
    endloop
  endfacet
  facet normal 0 1 0
    outer loop
      vertex 2.5 21.25 77.5
      vertex 0.912355 21.25 75.7001
      vertex 0.813172 21.25 75.8132
    endloop
  endfacet
  facet normal 0 1 0
    outer loop
      vertex 2.5 21.25 77.5
      vertex 0.995929 21.25 75.575
      vertex 0.912355 21.25 75.7001
    endloop
  endfacet
  facet normal 0 1 0
    outer loop
      vertex 2.5 21.25 77.5
      vertex 1.06246 21.25 75.4401
      vertex 0.995929 21.25 75.575
    endloop
  endfacet
  facet normal 0 1 0
    outer loop
      vertex 2.5 21.25 77.5
      vertex 1.11081 21.25 75.2976
      vertex 1.06246 21.25 75.4401
    endloop
  endfacet
  facet normal 0 1 0
    outer loop
      vertex 2.5 21.25 77.5
      vertex 1.14016 21.25 75.1501
      vertex 1.11081 21.25 75.2976
    endloop
  endfacet
  facet normal 0 1 0
    outer loop
      vertex 2.5 21.25 77.5
      vertex 1.15 21.25 75
      vertex 1.14016 21.25 75.1501
    endloop
  endfacet
  facet normal 0 1 -0
    outer loop
      vertex 2.5 21.25 72.5
      vertex 1.15 21.25 75
      vertex 2.5 21.25 77.5
    endloop
  endfacet
  facet normal 0 1 0
    outer loop
      vertex 1.15 21.25 75
      vertex 2.5 21.25 72.5
      vertex 1.14016 21.25 74.8499
    endloop
  endfacet
  facet normal 0 1 0
    outer loop
      vertex 1.14016 21.25 74.8499
      vertex 2.5 21.25 72.5
      vertex 1.11081 21.25 74.7024
    endloop
  endfacet
  facet normal 0 1 0
    outer loop
      vertex 0.150105 21.25 73.8598
      vertex 2.5 21.25 72.5
      vertex 0 21.25 73.85
    endloop
  endfacet
  facet normal 0 1 0
    outer loop
      vertex 0.297642 21.25 73.8892
      vertex 2.5 21.25 72.5
      vertex 0.150105 21.25 73.8598
    endloop
  endfacet
  facet normal 0 1 0
    outer loop
      vertex 0.440085 21.25 73.9375
      vertex 2.5 21.25 72.5
      vertex 0.297642 21.25 73.8892
    endloop
  endfacet
  facet normal 0 1 0
    outer loop
      vertex 0.575 21.25 74.0041
      vertex 2.5 21.25 72.5
      vertex 0.440085 21.25 73.9375
    endloop
  endfacet
  facet normal 0 1 0
    outer loop
      vertex 0.700075 21.25 74.0876
      vertex 2.5 21.25 72.5
      vertex 0.575 21.25 74.0041
    endloop
  endfacet
  facet normal 0 1 0
    outer loop
      vertex 0.813172 21.25 74.1868
      vertex 2.5 21.25 72.5
      vertex 0.700075 21.25 74.0876
    endloop
  endfacet
  facet normal 0 1 0
    outer loop
      vertex 0.912355 21.25 74.2999
      vertex 2.5 21.25 72.5
      vertex 0.813172 21.25 74.1868
    endloop
  endfacet
  facet normal 0 1 0
    outer loop
      vertex 0.995929 21.25 74.425
      vertex 2.5 21.25 72.5
      vertex 0.912355 21.25 74.2999
    endloop
  endfacet
  facet normal 0 1 0
    outer loop
      vertex 1.06246 21.25 74.5599
      vertex 2.5 21.25 72.5
      vertex 0.995929 21.25 74.425
    endloop
  endfacet
  facet normal 0 1 0
    outer loop
      vertex 1.11081 21.25 74.7024
      vertex 2.5 21.25 72.5
      vertex 1.06246 21.25 74.5599
    endloop
  endfacet
  facet normal 0 1 -0
    outer loop
      vertex -0.150105 21.25 76.1402
      vertex -2.5 21.25 77.5
      vertex 0 21.25 76.15
    endloop
  endfacet
  facet normal 0 1 -0
    outer loop
      vertex -0.297642 21.25 76.1108
      vertex -2.5 21.25 77.5
      vertex -0.150105 21.25 76.1402
    endloop
  endfacet
  facet normal 0 1 -0
    outer loop
      vertex -0.440085 21.25 76.0625
      vertex -2.5 21.25 77.5
      vertex -0.297642 21.25 76.1108
    endloop
  endfacet
  facet normal 0 1 -0
    outer loop
      vertex -0.575 21.25 75.9959
      vertex -2.5 21.25 77.5
      vertex -0.440085 21.25 76.0625
    endloop
  endfacet
  facet normal 0 1 -0
    outer loop
      vertex -0.700075 21.25 75.9124
      vertex -2.5 21.25 77.5
      vertex -0.575 21.25 75.9959
    endloop
  endfacet
  facet normal 0 1 -0
    outer loop
      vertex -0.813172 21.25 75.8132
      vertex -2.5 21.25 77.5
      vertex -0.700075 21.25 75.9124
    endloop
  endfacet
  facet normal 0 1 -0
    outer loop
      vertex -0.912355 21.25 75.7001
      vertex -2.5 21.25 77.5
      vertex -0.813172 21.25 75.8132
    endloop
  endfacet
  facet normal 0 1 -0
    outer loop
      vertex -0.995929 21.25 75.575
      vertex -2.5 21.25 77.5
      vertex -0.912355 21.25 75.7001
    endloop
  endfacet
  facet normal 0 1 -0
    outer loop
      vertex -1.06246 21.25 75.4401
      vertex -2.5 21.25 77.5
      vertex -0.995929 21.25 75.575
    endloop
  endfacet
  facet normal 0 1 -0
    outer loop
      vertex -1.11081 21.25 75.2976
      vertex -2.5 21.25 77.5
      vertex -1.06246 21.25 75.4401
    endloop
  endfacet
  facet normal 0 1 -0
    outer loop
      vertex -1.14016 21.25 75.1501
      vertex -2.5 21.25 77.5
      vertex -1.11081 21.25 75.2976
    endloop
  endfacet
  facet normal 0 1 -0
    outer loop
      vertex -1.15 21.25 75
      vertex -2.5 21.25 77.5
      vertex -1.14016 21.25 75.1501
    endloop
  endfacet
  facet normal 0 1 0
    outer loop
      vertex -2.5 21.25 72.5
      vertex -1.15 21.25 75
      vertex -1.14016 21.25 74.8499
    endloop
  endfacet
  facet normal 0 1 0
    outer loop
      vertex -2.5 21.25 72.5
      vertex -1.14016 21.25 74.8499
      vertex -1.11081 21.25 74.7024
    endloop
  endfacet
  facet normal 0 1 0
    outer loop
      vertex -2.5 21.25 72.5
      vertex -1.11081 21.25 74.7024
      vertex -1.06246 21.25 74.5599
    endloop
  endfacet
  facet normal 0 1 0
    outer loop
      vertex -2.5 21.25 72.5
      vertex 0 21.25 73.85
      vertex 2.5 21.25 72.5
    endloop
  endfacet
  facet normal 0 1 0
    outer loop
      vertex 0 21.25 73.85
      vertex -2.5 21.25 72.5
      vertex -0.150105 21.25 73.8598
    endloop
  endfacet
  facet normal 0 1 0
    outer loop
      vertex -0.150105 21.25 73.8598
      vertex -2.5 21.25 72.5
      vertex -0.297642 21.25 73.8892
    endloop
  endfacet
  facet normal 0 1 0
    outer loop
      vertex -1.15 21.25 75
      vertex -2.5 21.25 72.5
      vertex -2.5 21.25 77.5
    endloop
  endfacet
  facet normal 0 1 0
    outer loop
      vertex -0.995929 21.25 74.425
      vertex -2.5 21.25 72.5
      vertex -1.06246 21.25 74.5599
    endloop
  endfacet
  facet normal 0 1 0
    outer loop
      vertex -0.912355 21.25 74.2999
      vertex -2.5 21.25 72.5
      vertex -0.995929 21.25 74.425
    endloop
  endfacet
  facet normal 0 1 0
    outer loop
      vertex -0.813172 21.25 74.1868
      vertex -2.5 21.25 72.5
      vertex -0.912355 21.25 74.2999
    endloop
  endfacet
  facet normal 0 1 0
    outer loop
      vertex -0.700075 21.25 74.0876
      vertex -2.5 21.25 72.5
      vertex -0.813172 21.25 74.1868
    endloop
  endfacet
  facet normal 0 1 0
    outer loop
      vertex -0.575 21.25 74.0041
      vertex -2.5 21.25 72.5
      vertex -0.700075 21.25 74.0876
    endloop
  endfacet
  facet normal 0 1 0
    outer loop
      vertex -0.440085 21.25 73.9375
      vertex -2.5 21.25 72.5
      vertex -0.575 21.25 74.0041
    endloop
  endfacet
  facet normal 0 1 0
    outer loop
      vertex -0.297642 21.25 73.8892
      vertex -2.5 21.25 72.5
      vertex -0.440085 21.25 73.9375
    endloop
  endfacet
  facet normal 0 -1 0
    outer loop
      vertex -2.5 16.2 77.5
      vertex 0 16.2 76.15
      vertex 2.5 16.2 77.5
    endloop
  endfacet
  facet normal 0 -1 0
    outer loop
      vertex -2.5 16.2 77.5
      vertex -0.150105 16.2 76.1402
      vertex 0 16.2 76.15
    endloop
  endfacet
  facet normal 0 -1 0
    outer loop
      vertex -2.5 16.2 77.5
      vertex -0.297642 16.2 76.1108
      vertex -0.150105 16.2 76.1402
    endloop
  endfacet
  facet normal 0 -1 0
    outer loop
      vertex -2.5 16.2 77.5
      vertex -0.440085 16.2 76.0625
      vertex -0.297642 16.2 76.1108
    endloop
  endfacet
  facet normal 0 -1 0
    outer loop
      vertex -2.5 16.2 77.5
      vertex -0.575 16.2 75.9959
      vertex -0.440085 16.2 76.0625
    endloop
  endfacet
  facet normal 0 -1 0
    outer loop
      vertex -2.5 16.2 77.5
      vertex -0.700075 16.2 75.9124
      vertex -0.575 16.2 75.9959
    endloop
  endfacet
  facet normal 0 -1 0
    outer loop
      vertex -2.5 16.2 77.5
      vertex -0.813172 16.2 75.8132
      vertex -0.700075 16.2 75.9124
    endloop
  endfacet
  facet normal 0 -1 0
    outer loop
      vertex -2.5 16.2 77.5
      vertex -0.912355 16.2 75.7001
      vertex -0.813172 16.2 75.8132
    endloop
  endfacet
  facet normal 0 -1 0
    outer loop
      vertex -2.5 16.2 77.5
      vertex -0.995929 16.2 75.575
      vertex -0.912355 16.2 75.7001
    endloop
  endfacet
  facet normal 0 -1 0
    outer loop
      vertex -2.5 16.2 75
      vertex -0.995929 16.2 75.575
      vertex -2.5 16.2 77.5
    endloop
  endfacet
  facet normal 0 -1 0
    outer loop
      vertex -0.995929 16.2 75.575
      vertex -2.5 16.2 75
      vertex -1.06246 16.2 75.4401
    endloop
  endfacet
  facet normal 0 -1 0
    outer loop
      vertex -1.06246 16.2 75.4401
      vertex -2.5 16.2 75
      vertex -1.11081 16.2 75.2976
    endloop
  endfacet
  facet normal 0 -1 0
    outer loop
      vertex -1.11081 16.2 75.2976
      vertex -2.5 16.2 75
      vertex -1.14016 16.2 75.1501
    endloop
  endfacet
  facet normal 0 -1 0
    outer loop
      vertex -1.14016 16.2 75.1501
      vertex -2.5 16.2 75
      vertex -1.15 16.2 75
    endloop
  endfacet
  facet normal 0 -1 0
    outer loop
      vertex 0.150105 16.2 76.1402
      vertex 2.5 16.2 77.5
      vertex 0 16.2 76.15
    endloop
  endfacet
  facet normal 0 -1 0
    outer loop
      vertex 0.297642 16.2 76.1108
      vertex 2.5 16.2 77.5
      vertex 0.150105 16.2 76.1402
    endloop
  endfacet
  facet normal 0 -1 0
    outer loop
      vertex 0.440085 16.2 76.0625
      vertex 2.5 16.2 77.5
      vertex 0.297642 16.2 76.1108
    endloop
  endfacet
  facet normal 0 -1 0
    outer loop
      vertex 0.575 16.2 75.9959
      vertex 2.5 16.2 77.5
      vertex 0.440085 16.2 76.0625
    endloop
  endfacet
  facet normal 0 -1 0
    outer loop
      vertex 0.700075 16.2 75.9124
      vertex 2.5 16.2 77.5
      vertex 0.575 16.2 75.9959
    endloop
  endfacet
  facet normal 0 -1 0
    outer loop
      vertex 0.813172 16.2 75.8132
      vertex 2.5 16.2 77.5
      vertex 0.700075 16.2 75.9124
    endloop
  endfacet
  facet normal 0 -1 0
    outer loop
      vertex 0.912355 16.2 75.7001
      vertex 2.5 16.2 77.5
      vertex 0.813172 16.2 75.8132
    endloop
  endfacet
  facet normal 0 -1 0
    outer loop
      vertex 0.995929 16.2 75.575
      vertex 2.5 16.2 77.5
      vertex 0.912355 16.2 75.7001
    endloop
  endfacet
  facet normal 0 -1 0
    outer loop
      vertex 2.5 16.2 75
      vertex 0.995929 16.2 75.575
      vertex 1.06246 16.2 75.4401
    endloop
  endfacet
  facet normal 0 -1 0
    outer loop
      vertex 2.5 16.2 75
      vertex 1.06246 16.2 75.4401
      vertex 1.11081 16.2 75.2976
    endloop
  endfacet
  facet normal 0 -1 0
    outer loop
      vertex 2.5 16.2 75
      vertex 1.11081 16.2 75.2976
      vertex 1.14016 16.2 75.1501
    endloop
  endfacet
  facet normal 0 -1 0
    outer loop
      vertex 2.5 16.2 75
      vertex 1.14016 16.2 75.1501
      vertex 1.15 16.2 75
    endloop
  endfacet
  facet normal 0 -1 0
    outer loop
      vertex 0.995929 16.2 75.575
      vertex 2.5 16.2 75
      vertex 2.5 16.2 77.5
    endloop
  endfacet
  facet normal -0.980772 0 0.195157
    outer loop
      vertex 1.11081 18.7 24.7024
      vertex 1.14016 23.75 24.8499
      vertex 1.11081 23.75 24.7024
    endloop
  endfacet
  facet normal -0.980772 0 0.195157
    outer loop
      vertex 1.14016 23.75 24.8499
      vertex 1.11081 18.7 24.7024
      vertex 1.14016 18.7 24.8499
    endloop
  endfacet
  facet normal -0.997858 0 0.0654159
    outer loop
      vertex 1.14016 18.7 24.8499
      vertex 1.15 23.75 25
      vertex 1.14016 23.75 24.8499
    endloop
  endfacet
  facet normal -0.997858 0 0.0654159
    outer loop
      vertex 1.15 23.75 25
      vertex 1.14016 18.7 24.8499
      vertex 1.15 18.7 25
    endloop
  endfacet
  facet normal 0.442503 0 0.896767
    outer loop
      vertex -0.440085 23.75 23.9375
      vertex -0.566746 18.7 24
      vertex -0.440085 17.75 23.9375
    endloop
  endfacet
  facet normal 0.442648 -4.52098e-06 0.896695
    outer loop
      vertex -0.575 23.75 24.0041
      vertex -0.566746 18.7 24
      vertex -0.440085 23.75 23.9375
    endloop
  endfacet
  facet normal 0.444868 0 0.895596
    outer loop
      vertex -0.566746 18.7 24
      vertex -0.575 23.75 24.0041
      vertex -0.575 18.7 24.0041
    endloop
  endfacet
  facet normal 0.442503 0 0.896767
    outer loop
      vertex -0.440085 17.75 23.9375
      vertex -0.566746 18.7 24
      vertex -0.566746 17.75 24
    endloop
  endfacet
  facet normal 0.75185 0 -0.659334
    outer loop
      vertex -0.813172 18.7 25.8132
      vertex -0.912355 23.75 25.7001
      vertex -0.813172 23.75 25.8132
    endloop
  endfacet
  facet normal 0.75185 0 -0.659334
    outer loop
      vertex -0.912355 23.75 25.7001
      vertex -0.813172 18.7 25.8132
      vertex -0.912355 18.7 25.7001
    endloop
  endfacet
  facet normal -0.659408 0 0.751785
    outer loop
      vertex 0.700075 23.75 24.0876
      vertex 0.813172 18.7 24.1868
      vertex 0.813172 23.75 24.1868
    endloop
  endfacet
  facet normal -0.659408 0 0.751785
    outer loop
      vertex 0.813172 18.7 24.1868
      vertex 0.700075 23.75 24.0876
      vertex 0.700075 18.7 24.0876
    endloop
  endfacet
  facet normal 0.19543 0 -0.980718
    outer loop
      vertex -0.297642 18.675 26.1108
      vertex -0.150105 17.75 26.1402
      vertex -0.297642 17.75 26.1108
    endloop
  endfacet
  facet normal 0.19543 0 -0.980718
    outer loop
      vertex -0.150105 17.75 26.1402
      vertex -0.297642 18.675 26.1108
      vertex -0.150105 18.6832 26.1402
    endloop
  endfacet
  facet normal 0.19543 0 -0.980718
    outer loop
      vertex -0.297642 18.7 26.1108
      vertex -0.150105 23.75 26.1402
      vertex -0.150105 18.7 26.1402
    endloop
  endfacet
  facet normal 0.19543 0 -0.980718
    outer loop
      vertex -0.150105 23.75 26.1402
      vertex -0.297642 18.7 26.1108
      vertex -0.297642 23.75 26.1108
    endloop
  endfacet
  facet normal -0.442562 0 -0.896738
    outer loop
      vertex 0.566744 17.75 26
      vertex 0.509604 18.6652 26.0282
      vertex 0.566744 18.6629 26
    endloop
  endfacet
  facet normal -0.442509 4.12957e-06 -0.896764
    outer loop
      vertex 0.440085 17.75 26.0625
      vertex 0.509604 18.6652 26.0282
      vertex 0.566744 17.75 26
    endloop
  endfacet
  facet normal -0.442465 0 -0.896786
    outer loop
      vertex 0.509604 18.6652 26.0282
      vertex 0.440085 17.75 26.0625
      vertex 0.440085 18.668 26.0625
    endloop
  endfacet
  facet normal -0.442648 0 -0.896695
    outer loop
      vertex 0.440085 18.7 26.0625
      vertex 0.575 23.75 25.9959
      vertex 0.575 18.7 25.9959
    endloop
  endfacet
  facet normal -0.442648 0 -0.896695
    outer loop
      vertex 0.575 23.75 25.9959
      vertex 0.440085 18.7 26.0625
      vertex 0.440085 23.75 26.0625
    endloop
  endfacet
  facet normal -0.19543 0 -0.980718
    outer loop
      vertex 0.150105 17.75 26.1402
      vertex 0.297642 18.675 26.1108
      vertex 0.297642 17.75 26.1108
    endloop
  endfacet
  facet normal -0.19543 0 -0.980718
    outer loop
      vertex 0.297642 18.675 26.1108
      vertex 0.150105 17.75 26.1402
      vertex 0.150105 18.6832 26.1402
    endloop
  endfacet
  facet normal -0.19543 0 -0.980718
    outer loop
      vertex 0.150105 18.7 26.1402
      vertex 0.297642 23.75 26.1108
      vertex 0.297642 18.7 26.1108
    endloop
  endfacet
  facet normal -0.19543 0 -0.980718
    outer loop
      vertex 0.297642 23.75 26.1108
      vertex 0.150105 18.7 26.1402
      vertex 0.150105 23.75 26.1402
    endloop
  endfacet
  facet normal -0.997858 0 -0.0654159
    outer loop
      vertex 1.15 18.7 25
      vertex 1.14016 23.75 25.1501
      vertex 1.15 23.75 25
    endloop
  endfacet
  facet normal -0.997858 -0 -0.0654159
    outer loop
      vertex 1.14016 23.75 25.1501
      vertex 1.15 18.7 25
      vertex 1.14016 18.7 25.1501
    endloop
  endfacet
  facet normal 0.997858 -0 0.0654159
    outer loop
      vertex -1.15 18.7 25
      vertex -1.14016 23.75 24.8499
      vertex -1.15 23.75 25
    endloop
  endfacet
  facet normal 0.997858 0 0.0654159
    outer loop
      vertex -1.14016 23.75 24.8499
      vertex -1.15 18.7 25
      vertex -1.14016 18.7 24.8499
    endloop
  endfacet
  facet normal -0.831516 0 0.555501
    outer loop
      vertex 0.912355 18.7 24.2999
      vertex 0.995929 23.75 24.425
      vertex 0.912355 23.75 24.2999
    endloop
  endfacet
  facet normal -0.831516 0 0.555501
    outer loop
      vertex 0.995929 23.75 24.425
      vertex 0.912355 18.7 24.2999
      vertex 0.995929 18.7 24.425
    endloop
  endfacet
  facet normal -0.896858 0 0.442319
    outer loop
      vertex 0.995929 18.7 24.425
      vertex 1.06246 23.75 24.5599
      vertex 0.995929 23.75 24.425
    endloop
  endfacet
  facet normal -0.896858 0 0.442319
    outer loop
      vertex 1.06246 23.75 24.5599
      vertex 0.995929 18.7 24.425
      vertex 1.06246 18.7 24.5599
    endloop
  endfacet
  facet normal 0.946975 0 -0.321307
    outer loop
      vertex -1.06246 18.7 25.4401
      vertex -1.11081 23.75 25.2976
      vertex -1.06246 23.75 25.4401
    endloop
  endfacet
  facet normal 0.946975 0 -0.321307
    outer loop
      vertex -1.11081 23.75 25.2976
      vertex -1.06246 18.7 25.4401
      vertex -1.11081 18.7 25.2976
    endloop
  endfacet
  facet normal 0.442465 0 -0.896786
    outer loop
      vertex -0.440085 17.75 26.0625
      vertex -0.509604 18.6652 26.0282
      vertex -0.440085 18.668 26.0625
    endloop
  endfacet
  facet normal 0.442509 4.12957e-06 -0.896764
    outer loop
      vertex -0.566744 17.75 26
      vertex -0.509604 18.6652 26.0282
      vertex -0.440085 17.75 26.0625
    endloop
  endfacet
  facet normal 0.442562 0 -0.896738
    outer loop
      vertex -0.509604 18.6652 26.0282
      vertex -0.566744 17.75 26
      vertex -0.566744 18.6629 26
    endloop
  endfacet
  facet normal 0.442648 0 -0.896695
    outer loop
      vertex -0.575 18.7 25.9959
      vertex -0.440085 23.75 26.0625
      vertex -0.440085 18.7 26.0625
    endloop
  endfacet
  facet normal 0.442648 0 -0.896695
    outer loop
      vertex -0.440085 23.75 26.0625
      vertex -0.575 18.7 25.9959
      vertex -0.575 23.75 25.9959
    endloop
  endfacet
  facet normal -0.75185 0 -0.659334
    outer loop
      vertex 0.912355 18.7 25.7001
      vertex 0.813172 23.75 25.8132
      vertex 0.912355 23.75 25.7001
    endloop
  endfacet
  facet normal -0.75185 -0 -0.659334
    outer loop
      vertex 0.813172 23.75 25.8132
      vertex 0.912355 18.7 25.7001
      vertex 0.813172 18.7 25.8132
    endloop
  endfacet
  facet normal 0.0651489 0 0.997876
    outer loop
      vertex -0.150105 23.75 23.8598
      vertex 0 17.75 23.85
      vertex 0 23.75 23.85
    endloop
  endfacet
  facet normal 0.0651489 0 0.997876
    outer loop
      vertex 0 17.75 23.85
      vertex -0.150105 23.75 23.8598
      vertex -0.150105 17.75 23.8598
    endloop
  endfacet
  facet normal -0.980772 0 -0.195157
    outer loop
      vertex 1.14016 18.7 25.1501
      vertex 1.11081 23.75 25.2976
      vertex 1.14016 23.75 25.1501
    endloop
  endfacet
  facet normal -0.980772 -0 -0.195157
    outer loop
      vertex 1.11081 23.75 25.2976
      vertex 1.14016 18.7 25.1501
      vertex 1.11081 18.7 25.2976
    endloop
  endfacet
  facet normal 0.896858 0 -0.442319
    outer loop
      vertex -0.995929 18.7 25.575
      vertex -1.06246 23.75 25.4401
      vertex -0.995929 23.75 25.575
    endloop
  endfacet
  facet normal 0.896858 0 -0.442319
    outer loop
      vertex -1.06246 23.75 25.4401
      vertex -0.995929 18.7 25.575
      vertex -1.06246 18.7 25.4401
    endloop
  endfacet
  facet normal 0.831516 -0 0.555501
    outer loop
      vertex -0.995929 18.7 24.425
      vertex -0.912355 23.75 24.2999
      vertex -0.995929 23.75 24.425
    endloop
  endfacet
  facet normal 0.831516 0 0.555501
    outer loop
      vertex -0.912355 23.75 24.2999
      vertex -0.995929 18.7 24.425
      vertex -0.912355 18.7 24.2999
    endloop
  endfacet
  facet normal 0.659408 0 0.751785
    outer loop
      vertex -0.813172 23.75 24.1868
      vertex -0.700075 18.7 24.0876
      vertex -0.700075 23.75 24.0876
    endloop
  endfacet
  facet normal 0.659408 0 0.751785
    outer loop
      vertex -0.700075 18.7 24.0876
      vertex -0.813172 23.75 24.1868
      vertex -0.813172 18.7 24.1868
    endloop
  endfacet
  facet normal 0.555237 0 0.831692
    outer loop
      vertex -0.700075 23.75 24.0876
      vertex -0.575 18.7 24.0041
      vertex -0.575 23.75 24.0041
    endloop
  endfacet
  facet normal 0.555237 0 0.831692
    outer loop
      vertex -0.575 18.7 24.0041
      vertex -0.700075 23.75 24.0876
      vertex -0.700075 18.7 24.0876
    endloop
  endfacet
  facet normal 0.321124 0 0.947037
    outer loop
      vertex -0.440085 23.75 23.9375
      vertex -0.297642 17.75 23.8892
      vertex -0.297642 23.75 23.8892
    endloop
  endfacet
  facet normal 0.321124 0 0.947037
    outer loop
      vertex -0.297642 17.75 23.8892
      vertex -0.440085 23.75 23.9375
      vertex -0.440085 17.75 23.9375
    endloop
  endfacet
  facet normal 0.659408 0 -0.751785
    outer loop
      vertex -0.813172 18.7 25.8132
      vertex -0.700075 23.75 25.9124
      vertex -0.700075 18.7 25.9124
    endloop
  endfacet
  facet normal 0.659408 0 -0.751785
    outer loop
      vertex -0.700075 23.75 25.9124
      vertex -0.813172 18.7 25.8132
      vertex -0.813172 23.75 25.8132
    endloop
  endfacet
  facet normal -0.659408 0 -0.751785
    outer loop
      vertex 0.700075 18.7 25.9124
      vertex 0.813172 23.75 25.8132
      vertex 0.813172 18.7 25.8132
    endloop
  endfacet
  facet normal -0.659408 0 -0.751785
    outer loop
      vertex 0.813172 23.75 25.8132
      vertex 0.700075 18.7 25.9124
      vertex 0.700075 23.75 25.9124
    endloop
  endfacet
  facet normal -0.0651489 0 -0.997876
    outer loop
      vertex 0 17.75 26.15
      vertex 0.150105 18.6832 26.1402
      vertex 0.150105 17.75 26.1402
    endloop
  endfacet
  facet normal -0.0651489 0 -0.997876
    outer loop
      vertex 0.150105 18.6832 26.1402
      vertex 0 17.75 26.15
      vertex 0 18.6925 26.15
    endloop
  endfacet
  facet normal -0.0651489 0 -0.997876
    outer loop
      vertex 0 18.7 26.15
      vertex 0.150105 23.75 26.1402
      vertex 0.150105 18.7 26.1402
    endloop
  endfacet
  facet normal -0.0651489 0 -0.997876
    outer loop
      vertex 0.150105 23.75 26.1402
      vertex 0 18.7 26.15
      vertex 0 23.75 26.15
    endloop
  endfacet
  facet normal -0.555237 0 0.831692
    outer loop
      vertex 0.575 23.75 24.0041
      vertex 0.700075 18.7 24.0876
      vertex 0.700075 23.75 24.0876
    endloop
  endfacet
  facet normal -0.555237 0 0.831692
    outer loop
      vertex 0.700075 18.7 24.0876
      vertex 0.575 23.75 24.0041
      vertex 0.575 18.7 24.0041
    endloop
  endfacet
  facet normal -0.555237 0 -0.831692
    outer loop
      vertex 0.575 18.7 25.9959
      vertex 0.700075 23.75 25.9124
      vertex 0.700075 18.7 25.9124
    endloop
  endfacet
  facet normal -0.555237 0 -0.831692
    outer loop
      vertex 0.700075 23.75 25.9124
      vertex 0.575 18.7 25.9959
      vertex 0.575 23.75 25.9959
    endloop
  endfacet
  facet normal -0.321124 0 -0.947037
    outer loop
      vertex 0.297642 17.75 26.1108
      vertex 0.440085 18.668 26.0625
      vertex 0.440085 17.75 26.0625
    endloop
  endfacet
  facet normal -0.321124 0 -0.947037
    outer loop
      vertex 0.440085 18.668 26.0625
      vertex 0.297642 17.75 26.1108
      vertex 0.297642 18.675 26.1108
    endloop
  endfacet
  facet normal -0.321124 0 -0.947037
    outer loop
      vertex 0.297642 18.7 26.1108
      vertex 0.440085 23.75 26.0625
      vertex 0.440085 18.7 26.0625
    endloop
  endfacet
  facet normal -0.321124 0 -0.947037
    outer loop
      vertex 0.440085 23.75 26.0625
      vertex 0.297642 18.7 26.1108
      vertex 0.297642 23.75 26.1108
    endloop
  endfacet
  facet normal 0.19543 0 0.980718
    outer loop
      vertex -0.297642 23.75 23.8892
      vertex -0.150105 17.75 23.8598
      vertex -0.150105 23.75 23.8598
    endloop
  endfacet
  facet normal 0.19543 0 0.980718
    outer loop
      vertex -0.150105 17.75 23.8598
      vertex -0.297642 23.75 23.8892
      vertex -0.297642 17.75 23.8892
    endloop
  endfacet
  facet normal -0.444868 0 0.895596
    outer loop
      vertex 0.575 23.75 24.0041
      vertex 0.566746 18.7 24
      vertex 0.575 18.7 24.0041
    endloop
  endfacet
  facet normal -0.442648 -4.52098e-06 0.896695
    outer loop
      vertex 0.440085 23.75 23.9375
      vertex 0.566746 18.7 24
      vertex 0.575 23.75 24.0041
    endloop
  endfacet
  facet normal -0.442503 0 0.896767
    outer loop
      vertex 0.440085 17.75 23.9375
      vertex 0.566746 18.7 24
      vertex 0.440085 23.75 23.9375
    endloop
  endfacet
  facet normal -0.442503 0 0.896767
    outer loop
      vertex 0.566746 18.7 24
      vertex 0.440085 17.75 23.9375
      vertex 0.566746 17.75 24
    endloop
  endfacet
  facet normal 0.980772 0 -0.195157
    outer loop
      vertex -1.11081 18.7 25.2976
      vertex -1.14016 23.75 25.1501
      vertex -1.11081 23.75 25.2976
    endloop
  endfacet
  facet normal 0.980772 0 -0.195157
    outer loop
      vertex -1.14016 23.75 25.1501
      vertex -1.11081 18.7 25.2976
      vertex -1.14016 18.7 25.1501
    endloop
  endfacet
  facet normal 0.946975 -0 0.321307
    outer loop
      vertex -1.11081 18.7 24.7024
      vertex -1.06246 23.75 24.5599
      vertex -1.11081 23.75 24.7024
    endloop
  endfacet
  facet normal 0.946975 0 0.321307
    outer loop
      vertex -1.06246 23.75 24.5599
      vertex -1.11081 18.7 24.7024
      vertex -1.06246 18.7 24.5599
    endloop
  endfacet
  facet normal -0.321124 0 0.947037
    outer loop
      vertex 0.297642 23.75 23.8892
      vertex 0.440085 17.75 23.9375
      vertex 0.440085 23.75 23.9375
    endloop
  endfacet
  facet normal -0.321124 0 0.947037
    outer loop
      vertex 0.440085 17.75 23.9375
      vertex 0.297642 23.75 23.8892
      vertex 0.297642 17.75 23.8892
    endloop
  endfacet
  facet normal 0.896858 -0 0.442319
    outer loop
      vertex -1.06246 18.7 24.5599
      vertex -0.995929 23.75 24.425
      vertex -1.06246 23.75 24.5599
    endloop
  endfacet
  facet normal 0.896858 0 0.442319
    outer loop
      vertex -0.995929 23.75 24.425
      vertex -1.06246 18.7 24.5599
      vertex -0.995929 18.7 24.425
    endloop
  endfacet
  facet normal -0.831516 0 -0.555501
    outer loop
      vertex 0.995929 18.7 25.575
      vertex 0.912355 23.75 25.7001
      vertex 0.995929 23.75 25.575
    endloop
  endfacet
  facet normal -0.831516 -0 -0.555501
    outer loop
      vertex 0.912355 23.75 25.7001
      vertex 0.995929 18.7 25.575
      vertex 0.912355 18.7 25.7001
    endloop
  endfacet
  facet normal -0.946975 0 -0.321307
    outer loop
      vertex 1.11081 18.7 25.2976
      vertex 1.06246 23.75 25.4401
      vertex 1.11081 23.75 25.2976
    endloop
  endfacet
  facet normal -0.946975 -0 -0.321307
    outer loop
      vertex 1.06246 23.75 25.4401
      vertex 1.11081 18.7 25.2976
      vertex 1.06246 18.7 25.4401
    endloop
  endfacet
  facet normal -0.19543 0 0.980718
    outer loop
      vertex 0.150105 23.75 23.8598
      vertex 0.297642 17.75 23.8892
      vertex 0.297642 23.75 23.8892
    endloop
  endfacet
  facet normal -0.19543 0 0.980718
    outer loop
      vertex 0.297642 17.75 23.8892
      vertex 0.150105 23.75 23.8598
      vertex 0.150105 17.75 23.8598
    endloop
  endfacet
  facet normal 0.997858 0 -0.0654159
    outer loop
      vertex -1.14016 18.7 25.1501
      vertex -1.15 23.75 25
      vertex -1.14016 23.75 25.1501
    endloop
  endfacet
  facet normal 0.997858 0 -0.0654159
    outer loop
      vertex -1.15 23.75 25
      vertex -1.14016 18.7 25.1501
      vertex -1.15 18.7 25
    endloop
  endfacet
  facet normal 0.75185 -0 0.659334
    outer loop
      vertex -0.912355 18.7 24.2999
      vertex -0.813172 23.75 24.1868
      vertex -0.912355 23.75 24.2999
    endloop
  endfacet
  facet normal 0.75185 0 0.659334
    outer loop
      vertex -0.813172 23.75 24.1868
      vertex -0.912355 18.7 24.2999
      vertex -0.813172 18.7 24.1868
    endloop
  endfacet
  facet normal -0.75185 0 0.659334
    outer loop
      vertex 0.813172 18.7 24.1868
      vertex 0.912355 23.75 24.2999
      vertex 0.813172 23.75 24.1868
    endloop
  endfacet
  facet normal -0.75185 0 0.659334
    outer loop
      vertex 0.912355 23.75 24.2999
      vertex 0.813172 18.7 24.1868
      vertex 0.912355 18.7 24.2999
    endloop
  endfacet
  facet normal -0.946975 0 0.321307
    outer loop
      vertex 1.06246 18.7 24.5599
      vertex 1.11081 23.75 24.7024
      vertex 1.06246 23.75 24.5599
    endloop
  endfacet
  facet normal -0.946975 0 0.321307
    outer loop
      vertex 1.11081 23.75 24.7024
      vertex 1.06246 18.7 24.5599
      vertex 1.11081 18.7 24.7024
    endloop
  endfacet
  facet normal 0.831516 0 -0.555501
    outer loop
      vertex -0.912355 18.7 25.7001
      vertex -0.995929 23.75 25.575
      vertex -0.912355 23.75 25.7001
    endloop
  endfacet
  facet normal 0.831516 0 -0.555501
    outer loop
      vertex -0.995929 23.75 25.575
      vertex -0.912355 18.7 25.7001
      vertex -0.995929 18.7 25.575
    endloop
  endfacet
  facet normal 0.0651489 0 -0.997876
    outer loop
      vertex -0.150105 18.6832 26.1402
      vertex 0 17.75 26.15
      vertex -0.150105 17.75 26.1402
    endloop
  endfacet
  facet normal 0.0651489 0 -0.997876
    outer loop
      vertex 0 17.75 26.15
      vertex -0.150105 18.6832 26.1402
      vertex 0 18.6925 26.15
    endloop
  endfacet
  facet normal 0.0651489 0 -0.997876
    outer loop
      vertex -0.150105 18.7 26.1402
      vertex 0 23.75 26.15
      vertex 0 18.7 26.15
    endloop
  endfacet
  facet normal 0.0651489 0 -0.997876
    outer loop
      vertex 0 23.75 26.15
      vertex -0.150105 18.7 26.1402
      vertex -0.150105 23.75 26.1402
    endloop
  endfacet
  facet normal -0.0651489 0 0.997876
    outer loop
      vertex 0 23.75 23.85
      vertex 0.150105 17.75 23.8598
      vertex 0.150105 23.75 23.8598
    endloop
  endfacet
  facet normal -0.0651489 0 0.997876
    outer loop
      vertex 0.150105 17.75 23.8598
      vertex 0 23.75 23.85
      vertex 0 17.75 23.85
    endloop
  endfacet
  facet normal 0 1 -0
    outer loop
      vertex 0.440085 17.75 23.9375
      vertex -0.566746 17.75 24
      vertex 0.566746 17.75 24
    endloop
  endfacet
  facet normal 0 1 0
    outer loop
      vertex 0.440085 17.75 23.9375
      vertex -0.440085 17.75 23.9375
      vertex -0.566746 17.75 24
    endloop
  endfacet
  facet normal 0 1 -0
    outer loop
      vertex 0.297642 17.75 23.8892
      vertex -0.440085 17.75 23.9375
      vertex 0.440085 17.75 23.9375
    endloop
  endfacet
  facet normal 0 1 0
    outer loop
      vertex 0.297642 17.75 23.8892
      vertex -0.297642 17.75 23.8892
      vertex -0.440085 17.75 23.9375
    endloop
  endfacet
  facet normal 0 1 -0
    outer loop
      vertex 0.150105 17.75 23.8598
      vertex -0.297642 17.75 23.8892
      vertex 0.297642 17.75 23.8892
    endloop
  endfacet
  facet normal 0 1 0
    outer loop
      vertex 0.150105 17.75 23.8598
      vertex -0.150105 17.75 23.8598
      vertex -0.297642 17.75 23.8892
    endloop
  endfacet
  facet normal -0 1 0
    outer loop
      vertex -0.150105 17.75 23.8598
      vertex 0.150105 17.75 23.8598
      vertex 0 17.75 23.85
    endloop
  endfacet
  facet normal 0 1 0
    outer loop
      vertex 0.150105 17.75 26.1402
      vertex -0.150105 17.75 26.1402
      vertex 0 17.75 26.15
    endloop
  endfacet
  facet normal 0 1 0
    outer loop
      vertex 0.297642 17.75 26.1108
      vertex -0.150105 17.75 26.1402
      vertex 0.150105 17.75 26.1402
    endloop
  endfacet
  facet normal 0 1 0
    outer loop
      vertex 0.297642 17.75 26.1108
      vertex -0.297642 17.75 26.1108
      vertex -0.150105 17.75 26.1402
    endloop
  endfacet
  facet normal 0 1 0
    outer loop
      vertex 0.440085 17.75 26.0625
      vertex -0.297642 17.75 26.1108
      vertex 0.297642 17.75 26.1108
    endloop
  endfacet
  facet normal 0 1 0
    outer loop
      vertex 0.440085 17.75 26.0625
      vertex -0.440085 17.75 26.0625
      vertex -0.297642 17.75 26.1108
    endloop
  endfacet
  facet normal 0 1 0
    outer loop
      vertex 0.566744 17.75 26
      vertex -0.440085 17.75 26.0625
      vertex 0.440085 17.75 26.0625
    endloop
  endfacet
  facet normal 0 1 0
    outer loop
      vertex -0.440085 17.75 26.0625
      vertex 0.566744 17.75 26
      vertex -0.566744 17.75 26
    endloop
  endfacet
  facet normal 0.321124 0 -0.947037
    outer loop
      vertex -0.440085 18.668 26.0625
      vertex -0.297642 17.75 26.1108
      vertex -0.440085 17.75 26.0625
    endloop
  endfacet
  facet normal 0.321124 0 -0.947037
    outer loop
      vertex -0.297642 17.75 26.1108
      vertex -0.440085 18.668 26.0625
      vertex -0.297642 18.675 26.1108
    endloop
  endfacet
  facet normal 0.321124 0 -0.947037
    outer loop
      vertex -0.440085 18.7 26.0625
      vertex -0.297642 23.75 26.1108
      vertex -0.297642 18.7 26.1108
    endloop
  endfacet
  facet normal 0.321124 0 -0.947037
    outer loop
      vertex -0.297642 23.75 26.1108
      vertex -0.440085 18.7 26.0625
      vertex -0.440085 23.75 26.0625
    endloop
  endfacet
  facet normal 0.980772 -0 0.195157
    outer loop
      vertex -1.14016 18.7 24.8499
      vertex -1.11081 23.75 24.7024
      vertex -1.14016 23.75 24.8499
    endloop
  endfacet
  facet normal 0.980772 0 0.195157
    outer loop
      vertex -1.11081 23.75 24.7024
      vertex -1.14016 18.7 24.8499
      vertex -1.11081 18.7 24.7024
    endloop
  endfacet
  facet normal 0.555237 0 -0.831692
    outer loop
      vertex -0.700075 18.7 25.9124
      vertex -0.575 23.75 25.9959
      vertex -0.575 18.7 25.9959
    endloop
  endfacet
  facet normal 0.555237 0 -0.831692
    outer loop
      vertex -0.575 23.75 25.9959
      vertex -0.700075 18.7 25.9124
      vertex -0.700075 23.75 25.9124
    endloop
  endfacet
  facet normal -0.896858 0 -0.442319
    outer loop
      vertex 1.06246 18.7 25.4401
      vertex 0.995929 23.75 25.575
      vertex 1.06246 23.75 25.4401
    endloop
  endfacet
  facet normal -0.896858 -0 -0.442319
    outer loop
      vertex 0.995929 23.75 25.575
      vertex 1.06246 18.7 25.4401
      vertex 0.995929 18.7 25.575
    endloop
  endfacet
  facet normal -0.980772 0 0.195157
    outer loop
      vertex 1.11081 17.45 49.7024
      vertex 1.14016 22.5 49.8499
      vertex 1.11081 22.5 49.7024
    endloop
  endfacet
  facet normal -0.980772 0 0.195157
    outer loop
      vertex 1.14016 22.5 49.8499
      vertex 1.11081 17.45 49.7024
      vertex 1.14016 17.45 49.8499
    endloop
  endfacet
  facet normal -0.997858 0 0.0654159
    outer loop
      vertex 1.14016 17.45 49.8499
      vertex 1.15 22.5 50
      vertex 1.14016 22.5 49.8499
    endloop
  endfacet
  facet normal -0.997858 0 0.0654159
    outer loop
      vertex 1.15 22.5 50
      vertex 1.14016 17.45 49.8499
      vertex 1.15 17.45 50
    endloop
  endfacet
  facet normal 0.442503 0 0.896767
    outer loop
      vertex -0.440085 22.5 48.9375
      vertex -0.566746 17.45 49
      vertex -0.440085 16.5 48.9375
    endloop
  endfacet
  facet normal 0.442648 -4.52098e-06 0.896695
    outer loop
      vertex -0.575 22.5 49.0041
      vertex -0.566746 17.45 49
      vertex -0.440085 22.5 48.9375
    endloop
  endfacet
  facet normal 0.444868 0 0.895596
    outer loop
      vertex -0.566746 17.45 49
      vertex -0.575 22.5 49.0041
      vertex -0.575 17.45 49.0041
    endloop
  endfacet
  facet normal 0.442503 0 0.896767
    outer loop
      vertex -0.440085 16.5 48.9375
      vertex -0.566746 17.45 49
      vertex -0.566746 16.5 49
    endloop
  endfacet
  facet normal 0.75185 0 -0.659334
    outer loop
      vertex -0.813172 17.45 50.8132
      vertex -0.912355 22.5 50.7001
      vertex -0.813172 22.5 50.8132
    endloop
  endfacet
  facet normal 0.75185 0 -0.659334
    outer loop
      vertex -0.912355 22.5 50.7001
      vertex -0.813172 17.45 50.8132
      vertex -0.912355 17.45 50.7001
    endloop
  endfacet
  facet normal -0.659408 0 0.751785
    outer loop
      vertex 0.700075 22.5 49.0876
      vertex 0.813172 17.45 49.1868
      vertex 0.813172 22.5 49.1868
    endloop
  endfacet
  facet normal -0.659408 0 0.751785
    outer loop
      vertex 0.813172 17.45 49.1868
      vertex 0.700075 22.5 49.0876
      vertex 0.700075 17.45 49.0876
    endloop
  endfacet
  facet normal 0.19543 0 -0.980718
    outer loop
      vertex -0.297642 17.425 51.1108
      vertex -0.150105 16.5 51.1402
      vertex -0.297642 16.5 51.1108
    endloop
  endfacet
  facet normal 0.19543 0 -0.980718
    outer loop
      vertex -0.150105 16.5 51.1402
      vertex -0.297642 17.425 51.1108
      vertex -0.150105 17.4332 51.1402
    endloop
  endfacet
  facet normal 0.19543 0 -0.980718
    outer loop
      vertex -0.297642 17.45 51.1108
      vertex -0.150105 22.5 51.1402
      vertex -0.150105 17.45 51.1402
    endloop
  endfacet
  facet normal 0.19543 0 -0.980718
    outer loop
      vertex -0.150105 22.5 51.1402
      vertex -0.297642 17.45 51.1108
      vertex -0.297642 22.5 51.1108
    endloop
  endfacet
  facet normal -0.442509 0 -0.896764
    outer loop
      vertex 0.440085 16.5 51.0625
      vertex 0.566744 17.4129 51
      vertex 0.566744 16.5 51
    endloop
  endfacet
  facet normal -0.442509 0 -0.896764
    outer loop
      vertex 0.566744 17.4129 51
      vertex 0.440085 16.5 51.0625
      vertex 0.440085 17.418 51.0625
    endloop
  endfacet
  facet normal -0.442648 0 -0.896695
    outer loop
      vertex 0.440085 17.45 51.0625
      vertex 0.575 22.5 50.9959
      vertex 0.575 17.45 50.9959
    endloop
  endfacet
  facet normal -0.442648 0 -0.896695
    outer loop
      vertex 0.575 22.5 50.9959
      vertex 0.440085 17.45 51.0625
      vertex 0.440085 22.5 51.0625
    endloop
  endfacet
  facet normal -0.19543 0 -0.980718
    outer loop
      vertex 0.150105 16.5 51.1402
      vertex 0.297642 17.425 51.1108
      vertex 0.297642 16.5 51.1108
    endloop
  endfacet
  facet normal -0.19543 0 -0.980718
    outer loop
      vertex 0.297642 17.425 51.1108
      vertex 0.150105 16.5 51.1402
      vertex 0.150105 17.4332 51.1402
    endloop
  endfacet
  facet normal -0.19543 0 -0.980718
    outer loop
      vertex 0.150105 17.45 51.1402
      vertex 0.297642 22.5 51.1108
      vertex 0.297642 17.45 51.1108
    endloop
  endfacet
  facet normal -0.19543 0 -0.980718
    outer loop
      vertex 0.297642 22.5 51.1108
      vertex 0.150105 17.45 51.1402
      vertex 0.150105 22.5 51.1402
    endloop
  endfacet
  facet normal -0.997858 0 -0.0654159
    outer loop
      vertex 1.15 17.45 50
      vertex 1.14016 22.5 50.1501
      vertex 1.15 22.5 50
    endloop
  endfacet
  facet normal -0.997858 -0 -0.0654159
    outer loop
      vertex 1.14016 22.5 50.1501
      vertex 1.15 17.45 50
      vertex 1.14016 17.45 50.1501
    endloop
  endfacet
  facet normal 0.997858 -0 0.0654159
    outer loop
      vertex -1.15 17.45 50
      vertex -1.14016 22.5 49.8499
      vertex -1.15 22.5 50
    endloop
  endfacet
  facet normal 0.997858 0 0.0654159
    outer loop
      vertex -1.14016 22.5 49.8499
      vertex -1.15 17.45 50
      vertex -1.14016 17.45 49.8499
    endloop
  endfacet
  facet normal -0.831516 0 0.555501
    outer loop
      vertex 0.912355 17.45 49.2999
      vertex 0.995929 22.5 49.425
      vertex 0.912355 22.5 49.2999
    endloop
  endfacet
  facet normal -0.831516 0 0.555501
    outer loop
      vertex 0.995929 22.5 49.425
      vertex 0.912355 17.45 49.2999
      vertex 0.995929 17.45 49.425
    endloop
  endfacet
  facet normal -0.896858 0 0.442319
    outer loop
      vertex 0.995929 17.45 49.425
      vertex 1.06246 22.5 49.5599
      vertex 0.995929 22.5 49.425
    endloop
  endfacet
  facet normal -0.896858 0 0.442319
    outer loop
      vertex 1.06246 22.5 49.5599
      vertex 0.995929 17.45 49.425
      vertex 1.06246 17.45 49.5599
    endloop
  endfacet
  facet normal 0.442509 0 -0.896764
    outer loop
      vertex -0.566744 17.4129 51
      vertex -0.440085 16.5 51.0625
      vertex -0.566744 16.5 51
    endloop
  endfacet
  facet normal 0.442509 0 -0.896764
    outer loop
      vertex -0.440085 16.5 51.0625
      vertex -0.566744 17.4129 51
      vertex -0.440085 17.418 51.0625
    endloop
  endfacet
  facet normal 0.442648 0 -0.896695
    outer loop
      vertex -0.575 17.45 50.9959
      vertex -0.440085 22.5 51.0625
      vertex -0.440085 17.45 51.0625
    endloop
  endfacet
  facet normal 0.442648 0 -0.896695
    outer loop
      vertex -0.440085 22.5 51.0625
      vertex -0.575 17.45 50.9959
      vertex -0.575 22.5 50.9959
    endloop
  endfacet
  facet normal -0.75185 0 -0.659334
    outer loop
      vertex 0.912355 17.45 50.7001
      vertex 0.813172 22.5 50.8132
      vertex 0.912355 22.5 50.7001
    endloop
  endfacet
  facet normal -0.75185 -0 -0.659334
    outer loop
      vertex 0.813172 22.5 50.8132
      vertex 0.912355 17.45 50.7001
      vertex 0.813172 17.45 50.8132
    endloop
  endfacet
  facet normal 0.0651489 0 0.997876
    outer loop
      vertex -0.150105 22.5 48.8598
      vertex 0 16.5 48.85
      vertex 0 22.5 48.85
    endloop
  endfacet
  facet normal 0.0651489 0 0.997876
    outer loop
      vertex 0 16.5 48.85
      vertex -0.150105 22.5 48.8598
      vertex -0.150105 16.5 48.8598
    endloop
  endfacet
  facet normal -0.980772 0 -0.195157
    outer loop
      vertex 1.14016 17.45 50.1501
      vertex 1.11081 22.5 50.2976
      vertex 1.14016 22.5 50.1501
    endloop
  endfacet
  facet normal -0.980772 -0 -0.195157
    outer loop
      vertex 1.11081 22.5 50.2976
      vertex 1.14016 17.45 50.1501
      vertex 1.11081 17.45 50.2976
    endloop
  endfacet
  facet normal 0.896858 0 -0.442319
    outer loop
      vertex -0.995929 17.45 50.575
      vertex -1.06246 22.5 50.4401
      vertex -0.995929 22.5 50.575
    endloop
  endfacet
  facet normal 0.896858 0 -0.442319
    outer loop
      vertex -1.06246 22.5 50.4401
      vertex -0.995929 17.45 50.575
      vertex -1.06246 17.45 50.4401
    endloop
  endfacet
  facet normal 0.831516 -0 0.555501
    outer loop
      vertex -0.995929 17.45 49.425
      vertex -0.912355 22.5 49.2999
      vertex -0.995929 22.5 49.425
    endloop
  endfacet
  facet normal 0.831516 0 0.555501
    outer loop
      vertex -0.912355 22.5 49.2999
      vertex -0.995929 17.45 49.425
      vertex -0.912355 17.45 49.2999
    endloop
  endfacet
  facet normal 0.659408 0 0.751785
    outer loop
      vertex -0.813172 22.5 49.1868
      vertex -0.700075 17.45 49.0876
      vertex -0.700075 22.5 49.0876
    endloop
  endfacet
  facet normal 0.659408 0 0.751785
    outer loop
      vertex -0.700075 17.45 49.0876
      vertex -0.813172 22.5 49.1868
      vertex -0.813172 17.45 49.1868
    endloop
  endfacet
  facet normal 0.555237 0 0.831692
    outer loop
      vertex -0.700075 22.5 49.0876
      vertex -0.575 17.45 49.0041
      vertex -0.575 22.5 49.0041
    endloop
  endfacet
  facet normal 0.555237 0 0.831692
    outer loop
      vertex -0.575 17.45 49.0041
      vertex -0.700075 22.5 49.0876
      vertex -0.700075 17.45 49.0876
    endloop
  endfacet
  facet normal -0.321124 0 -0.947037
    outer loop
      vertex 0.297642 16.5 51.1108
      vertex 0.440085 17.418 51.0625
      vertex 0.440085 16.5 51.0625
    endloop
  endfacet
  facet normal -0.321124 0 -0.947037
    outer loop
      vertex 0.440085 17.418 51.0625
      vertex 0.297642 16.5 51.1108
      vertex 0.297642 17.425 51.1108
    endloop
  endfacet
  facet normal -0.321124 0 -0.947037
    outer loop
      vertex 0.297642 17.45 51.1108
      vertex 0.440085 22.5 51.0625
      vertex 0.440085 17.45 51.0625
    endloop
  endfacet
  facet normal -0.321124 0 -0.947037
    outer loop
      vertex 0.440085 22.5 51.0625
      vertex 0.297642 17.45 51.1108
      vertex 0.297642 22.5 51.1108
    endloop
  endfacet
  facet normal 0.321124 0 0.947037
    outer loop
      vertex -0.440085 22.5 48.9375
      vertex -0.297642 16.5 48.8892
      vertex -0.297642 22.5 48.8892
    endloop
  endfacet
  facet normal 0.321124 0 0.947037
    outer loop
      vertex -0.297642 16.5 48.8892
      vertex -0.440085 22.5 48.9375
      vertex -0.440085 16.5 48.9375
    endloop
  endfacet
  facet normal 0.659408 0 -0.751785
    outer loop
      vertex -0.813172 17.45 50.8132
      vertex -0.700075 22.5 50.9124
      vertex -0.700075 17.45 50.9124
    endloop
  endfacet
  facet normal 0.659408 0 -0.751785
    outer loop
      vertex -0.700075 22.5 50.9124
      vertex -0.813172 17.45 50.8132
      vertex -0.813172 22.5 50.8132
    endloop
  endfacet
  facet normal -0.659408 0 -0.751785
    outer loop
      vertex 0.700075 17.45 50.9124
      vertex 0.813172 22.5 50.8132
      vertex 0.813172 17.45 50.8132
    endloop
  endfacet
  facet normal -0.659408 0 -0.751785
    outer loop
      vertex 0.813172 22.5 50.8132
      vertex 0.700075 17.45 50.9124
      vertex 0.700075 22.5 50.9124
    endloop
  endfacet
  facet normal -0.0651489 0 -0.997876
    outer loop
      vertex 0 16.5 51.15
      vertex 0.150105 17.4332 51.1402
      vertex 0.150105 16.5 51.1402
    endloop
  endfacet
  facet normal -0.0651489 0 -0.997876
    outer loop
      vertex 0.150105 17.4332 51.1402
      vertex 0 16.5 51.15
      vertex 0 17.4425 51.15
    endloop
  endfacet
  facet normal -0.0651489 0 -0.997876
    outer loop
      vertex 0 17.45 51.15
      vertex 0.150105 22.5 51.1402
      vertex 0.150105 17.45 51.1402
    endloop
  endfacet
  facet normal -0.0651489 0 -0.997876
    outer loop
      vertex 0.150105 22.5 51.1402
      vertex 0 17.45 51.15
      vertex 0 22.5 51.15
    endloop
  endfacet
  facet normal -0.555237 0 0.831692
    outer loop
      vertex 0.575 22.5 49.0041
      vertex 0.700075 17.45 49.0876
      vertex 0.700075 22.5 49.0876
    endloop
  endfacet
  facet normal -0.555237 0 0.831692
    outer loop
      vertex 0.700075 17.45 49.0876
      vertex 0.575 22.5 49.0041
      vertex 0.575 17.45 49.0041
    endloop
  endfacet
  facet normal -0.555237 0 -0.831692
    outer loop
      vertex 0.575 17.45 50.9959
      vertex 0.700075 22.5 50.9124
      vertex 0.700075 17.45 50.9124
    endloop
  endfacet
  facet normal -0.555237 0 -0.831692
    outer loop
      vertex 0.700075 22.5 50.9124
      vertex 0.575 17.45 50.9959
      vertex 0.575 22.5 50.9959
    endloop
  endfacet
  facet normal 0.19543 0 0.980718
    outer loop
      vertex -0.297642 22.5 48.8892
      vertex -0.150105 16.5 48.8598
      vertex -0.150105 22.5 48.8598
    endloop
  endfacet
  facet normal 0.19543 0 0.980718
    outer loop
      vertex -0.150105 16.5 48.8598
      vertex -0.297642 22.5 48.8892
      vertex -0.297642 16.5 48.8892
    endloop
  endfacet
  facet normal -0.444868 0 0.895596
    outer loop
      vertex 0.575 22.5 49.0041
      vertex 0.566746 17.45 49
      vertex 0.575 17.45 49.0041
    endloop
  endfacet
  facet normal -0.442648 -4.52098e-06 0.896695
    outer loop
      vertex 0.440085 22.5 48.9375
      vertex 0.566746 17.45 49
      vertex 0.575 22.5 49.0041
    endloop
  endfacet
  facet normal -0.442503 0 0.896767
    outer loop
      vertex 0.440085 16.5 48.9375
      vertex 0.566746 17.45 49
      vertex 0.440085 22.5 48.9375
    endloop
  endfacet
  facet normal -0.442503 0 0.896767
    outer loop
      vertex 0.566746 17.45 49
      vertex 0.440085 16.5 48.9375
      vertex 0.566746 16.5 49
    endloop
  endfacet
  facet normal 0.980772 0 -0.195157
    outer loop
      vertex -1.11081 17.45 50.2976
      vertex -1.14016 22.5 50.1501
      vertex -1.11081 22.5 50.2976
    endloop
  endfacet
  facet normal 0.980772 0 -0.195157
    outer loop
      vertex -1.14016 22.5 50.1501
      vertex -1.11081 17.45 50.2976
      vertex -1.14016 17.45 50.1501
    endloop
  endfacet
  facet normal 0.946975 -0 0.321307
    outer loop
      vertex -1.11081 17.45 49.7024
      vertex -1.06246 22.5 49.5599
      vertex -1.11081 22.5 49.7024
    endloop
  endfacet
  facet normal 0.946975 0 0.321307
    outer loop
      vertex -1.06246 22.5 49.5599
      vertex -1.11081 17.45 49.7024
      vertex -1.06246 17.45 49.5599
    endloop
  endfacet
  facet normal -0.321124 0 0.947037
    outer loop
      vertex 0.297642 22.5 48.8892
      vertex 0.440085 16.5 48.9375
      vertex 0.440085 22.5 48.9375
    endloop
  endfacet
  facet normal -0.321124 0 0.947037
    outer loop
      vertex 0.440085 16.5 48.9375
      vertex 0.297642 22.5 48.8892
      vertex 0.297642 16.5 48.8892
    endloop
  endfacet
  facet normal 0.896858 -0 0.442319
    outer loop
      vertex -1.06246 17.45 49.5599
      vertex -0.995929 22.5 49.425
      vertex -1.06246 22.5 49.5599
    endloop
  endfacet
  facet normal 0.896858 0 0.442319
    outer loop
      vertex -0.995929 22.5 49.425
      vertex -1.06246 17.45 49.5599
      vertex -0.995929 17.45 49.425
    endloop
  endfacet
  facet normal -0.831516 0 -0.555501
    outer loop
      vertex 0.995929 17.45 50.575
      vertex 0.912355 22.5 50.7001
      vertex 0.995929 22.5 50.575
    endloop
  endfacet
  facet normal -0.831516 -0 -0.555501
    outer loop
      vertex 0.912355 22.5 50.7001
      vertex 0.995929 17.45 50.575
      vertex 0.912355 17.45 50.7001
    endloop
  endfacet
  facet normal -0.946975 0 -0.321307
    outer loop
      vertex 1.11081 17.45 50.2976
      vertex 1.06246 22.5 50.4401
      vertex 1.11081 22.5 50.2976
    endloop
  endfacet
  facet normal -0.946975 -0 -0.321307
    outer loop
      vertex 1.06246 22.5 50.4401
      vertex 1.11081 17.45 50.2976
      vertex 1.06246 17.45 50.4401
    endloop
  endfacet
  facet normal -0.19543 0 0.980718
    outer loop
      vertex 0.150105 22.5 48.8598
      vertex 0.297642 16.5 48.8892
      vertex 0.297642 22.5 48.8892
    endloop
  endfacet
  facet normal -0.19543 0 0.980718
    outer loop
      vertex 0.297642 16.5 48.8892
      vertex 0.150105 22.5 48.8598
      vertex 0.150105 16.5 48.8598
    endloop
  endfacet
  facet normal 0.997858 0 -0.0654159
    outer loop
      vertex -1.14016 17.45 50.1501
      vertex -1.15 22.5 50
      vertex -1.14016 22.5 50.1501
    endloop
  endfacet
  facet normal 0.997858 0 -0.0654159
    outer loop
      vertex -1.15 22.5 50
      vertex -1.14016 17.45 50.1501
      vertex -1.15 17.45 50
    endloop
  endfacet
  facet normal 0.75185 -0 0.659334
    outer loop
      vertex -0.912355 17.45 49.2999
      vertex -0.813172 22.5 49.1868
      vertex -0.912355 22.5 49.2999
    endloop
  endfacet
  facet normal 0.75185 0 0.659334
    outer loop
      vertex -0.813172 22.5 49.1868
      vertex -0.912355 17.45 49.2999
      vertex -0.813172 17.45 49.1868
    endloop
  endfacet
  facet normal 0.980772 -0 0.195157
    outer loop
      vertex -1.14016 17.45 49.8499
      vertex -1.11081 22.5 49.7024
      vertex -1.14016 22.5 49.8499
    endloop
  endfacet
  facet normal 0.980772 0 0.195157
    outer loop
      vertex -1.11081 22.5 49.7024
      vertex -1.14016 17.45 49.8499
      vertex -1.11081 17.45 49.7024
    endloop
  endfacet
  facet normal -0.75185 0 0.659334
    outer loop
      vertex 0.813172 17.45 49.1868
      vertex 0.912355 22.5 49.2999
      vertex 0.813172 22.5 49.1868
    endloop
  endfacet
  facet normal -0.75185 0 0.659334
    outer loop
      vertex 0.912355 22.5 49.2999
      vertex 0.813172 17.45 49.1868
      vertex 0.912355 17.45 49.2999
    endloop
  endfacet
  facet normal -0.946975 0 0.321307
    outer loop
      vertex 1.06246 17.45 49.5599
      vertex 1.11081 22.5 49.7024
      vertex 1.06246 22.5 49.5599
    endloop
  endfacet
  facet normal -0.946975 0 0.321307
    outer loop
      vertex 1.11081 22.5 49.7024
      vertex 1.06246 17.45 49.5599
      vertex 1.11081 17.45 49.7024
    endloop
  endfacet
  facet normal 0.831516 0 -0.555501
    outer loop
      vertex -0.912355 17.45 50.7001
      vertex -0.995929 22.5 50.575
      vertex -0.912355 22.5 50.7001
    endloop
  endfacet
  facet normal 0.831516 0 -0.555501
    outer loop
      vertex -0.995929 22.5 50.575
      vertex -0.912355 17.45 50.7001
      vertex -0.995929 17.45 50.575
    endloop
  endfacet
  facet normal 0.0651489 0 -0.997876
    outer loop
      vertex -0.150105 17.4332 51.1402
      vertex 0 16.5 51.15
      vertex -0.150105 16.5 51.1402
    endloop
  endfacet
  facet normal 0.0651489 0 -0.997876
    outer loop
      vertex 0 16.5 51.15
      vertex -0.150105 17.4332 51.1402
      vertex 0 17.4425 51.15
    endloop
  endfacet
  facet normal 0.0651489 0 -0.997876
    outer loop
      vertex -0.150105 17.45 51.1402
      vertex 0 22.5 51.15
      vertex 0 17.45 51.15
    endloop
  endfacet
  facet normal 0.0651489 0 -0.997876
    outer loop
      vertex 0 22.5 51.15
      vertex -0.150105 17.45 51.1402
      vertex -0.150105 22.5 51.1402
    endloop
  endfacet
  facet normal 0.946975 0 -0.321307
    outer loop
      vertex -1.06246 17.45 50.4401
      vertex -1.11081 22.5 50.2976
      vertex -1.06246 22.5 50.4401
    endloop
  endfacet
  facet normal 0.946975 0 -0.321307
    outer loop
      vertex -1.11081 22.5 50.2976
      vertex -1.06246 17.45 50.4401
      vertex -1.11081 17.45 50.2976
    endloop
  endfacet
  facet normal -0.0651489 0 0.997876
    outer loop
      vertex 0 22.5 48.85
      vertex 0.150105 16.5 48.8598
      vertex 0.150105 22.5 48.8598
    endloop
  endfacet
  facet normal -0.0651489 0 0.997876
    outer loop
      vertex 0.150105 16.5 48.8598
      vertex 0 22.5 48.85
      vertex 0 16.5 48.85
    endloop
  endfacet
  facet normal 0 1 0
    outer loop
      vertex 0.150105 16.5 51.1402
      vertex -0.150105 16.5 51.1402
      vertex 0 16.5 51.15
    endloop
  endfacet
  facet normal 0 1 0
    outer loop
      vertex 0.297642 16.5 51.1108
      vertex -0.150105 16.5 51.1402
      vertex 0.150105 16.5 51.1402
    endloop
  endfacet
  facet normal 0 1 0
    outer loop
      vertex 0.297642 16.5 51.1108
      vertex -0.297642 16.5 51.1108
      vertex -0.150105 16.5 51.1402
    endloop
  endfacet
  facet normal 0 1 0
    outer loop
      vertex 0.440085 16.5 51.0625
      vertex -0.297642 16.5 51.1108
      vertex 0.297642 16.5 51.1108
    endloop
  endfacet
  facet normal 0 1 0
    outer loop
      vertex 0.440085 16.5 51.0625
      vertex -0.440085 16.5 51.0625
      vertex -0.297642 16.5 51.1108
    endloop
  endfacet
  facet normal 0 1 0
    outer loop
      vertex 0.566744 16.5 51
      vertex -0.440085 16.5 51.0625
      vertex 0.440085 16.5 51.0625
    endloop
  endfacet
  facet normal 0 1 0
    outer loop
      vertex -0.440085 16.5 51.0625
      vertex 0.566744 16.5 51
      vertex -0.566744 16.5 51
    endloop
  endfacet
  facet normal 0 1 -0
    outer loop
      vertex 0.440085 16.5 48.9375
      vertex -0.566746 16.5 49
      vertex 0.566746 16.5 49
    endloop
  endfacet
  facet normal 0 1 0
    outer loop
      vertex 0.440085 16.5 48.9375
      vertex -0.440085 16.5 48.9375
      vertex -0.566746 16.5 49
    endloop
  endfacet
  facet normal 0 1 -0
    outer loop
      vertex 0.297642 16.5 48.8892
      vertex -0.440085 16.5 48.9375
      vertex 0.440085 16.5 48.9375
    endloop
  endfacet
  facet normal 0 1 0
    outer loop
      vertex 0.297642 16.5 48.8892
      vertex -0.297642 16.5 48.8892
      vertex -0.440085 16.5 48.9375
    endloop
  endfacet
  facet normal 0 1 -0
    outer loop
      vertex 0.150105 16.5 48.8598
      vertex -0.297642 16.5 48.8892
      vertex 0.297642 16.5 48.8892
    endloop
  endfacet
  facet normal 0 1 0
    outer loop
      vertex 0.150105 16.5 48.8598
      vertex -0.150105 16.5 48.8598
      vertex -0.297642 16.5 48.8892
    endloop
  endfacet
  facet normal -0 1 0
    outer loop
      vertex -0.150105 16.5 48.8598
      vertex 0.150105 16.5 48.8598
      vertex 0 16.5 48.85
    endloop
  endfacet
  facet normal 0.321124 0 -0.947037
    outer loop
      vertex -0.440085 17.418 51.0625
      vertex -0.297642 16.5 51.1108
      vertex -0.440085 16.5 51.0625
    endloop
  endfacet
  facet normal 0.321124 0 -0.947037
    outer loop
      vertex -0.297642 16.5 51.1108
      vertex -0.440085 17.418 51.0625
      vertex -0.297642 17.425 51.1108
    endloop
  endfacet
  facet normal 0.321124 0 -0.947037
    outer loop
      vertex -0.440085 17.45 51.0625
      vertex -0.297642 22.5 51.1108
      vertex -0.297642 17.45 51.1108
    endloop
  endfacet
  facet normal 0.321124 0 -0.947037
    outer loop
      vertex -0.297642 22.5 51.1108
      vertex -0.440085 17.45 51.0625
      vertex -0.440085 22.5 51.0625
    endloop
  endfacet
  facet normal -0.896858 0 -0.442319
    outer loop
      vertex 1.06246 17.45 50.4401
      vertex 0.995929 22.5 50.575
      vertex 1.06246 22.5 50.4401
    endloop
  endfacet
  facet normal -0.896858 -0 -0.442319
    outer loop
      vertex 0.995929 22.5 50.575
      vertex 1.06246 17.45 50.4401
      vertex 0.995929 17.45 50.575
    endloop
  endfacet
  facet normal 0.555237 0 -0.831692
    outer loop
      vertex -0.700075 17.45 50.9124
      vertex -0.575 22.5 50.9959
      vertex -0.575 17.45 50.9959
    endloop
  endfacet
  facet normal 0.555237 0 -0.831692
    outer loop
      vertex -0.575 22.5 50.9959
      vertex -0.700075 17.45 50.9124
      vertex -0.700075 22.5 50.9124
    endloop
  endfacet
  facet normal -0.980772 0 0.195157
    outer loop
      vertex 1.11081 19 74.7024
      vertex 1.14016 21.25 74.8499
      vertex 1.11081 21.25 74.7024
    endloop
  endfacet
  facet normal -0.980772 0 0.195157
    outer loop
      vertex 1.14016 21.25 74.8499
      vertex 1.11081 19 74.7024
      vertex 1.14016 19 74.8499
    endloop
  endfacet
  facet normal -0.997858 0 0.0654159
    outer loop
      vertex 1.14016 19 74.8499
      vertex 1.15 21.25 75
      vertex 1.14016 21.25 74.8499
    endloop
  endfacet
  facet normal -0.997858 0 0.0654159
    outer loop
      vertex 1.15 21.25 75
      vertex 1.14016 19 74.8499
      vertex 1.15 19 75
    endloop
  endfacet
  facet normal 0.442648 0 0.896695
    outer loop
      vertex -0.575 21.25 74.0041
      vertex -0.440085 19 73.9375
      vertex -0.440085 21.25 73.9375
    endloop
  endfacet
  facet normal 0.442648 0 0.896695
    outer loop
      vertex -0.440085 19 73.9375
      vertex -0.575 21.25 74.0041
      vertex -0.575 19 74.0041
    endloop
  endfacet
  facet normal 0.75185 0 -0.659334
    outer loop
      vertex -0.813172 16.2 75.8132
      vertex -0.912355 21.25 75.7001
      vertex -0.813172 21.25 75.8132
    endloop
  endfacet
  facet normal 0.75185 0 -0.659334
    outer loop
      vertex -0.912355 21.25 75.7001
      vertex -0.813172 16.2 75.8132
      vertex -0.912355 16.2 75.7001
    endloop
  endfacet
  facet normal -0.659408 0 0.751785
    outer loop
      vertex 0.700075 21.25 74.0876
      vertex 0.813172 19 74.1868
      vertex 0.813172 21.25 74.1868
    endloop
  endfacet
  facet normal -0.659408 0 0.751785
    outer loop
      vertex 0.813172 19 74.1868
      vertex 0.700075 21.25 74.0876
      vertex 0.700075 19 74.0876
    endloop
  endfacet
  facet normal 0.19543 0 -0.980718
    outer loop
      vertex -0.297642 16.175 76.1108
      vertex -0.150105 15.25 76.1402
      vertex -0.297642 15.25 76.1108
    endloop
  endfacet
  facet normal 0.19543 0 -0.980718
    outer loop
      vertex -0.150105 15.25 76.1402
      vertex -0.297642 16.175 76.1108
      vertex -0.150105 16.1832 76.1402
    endloop
  endfacet
  facet normal 0.19543 0 -0.980718
    outer loop
      vertex -0.297642 16.2 76.1108
      vertex -0.150105 21.25 76.1402
      vertex -0.150105 16.2 76.1402
    endloop
  endfacet
  facet normal 0.19543 0 -0.980718
    outer loop
      vertex -0.150105 21.25 76.1402
      vertex -0.297642 16.2 76.1108
      vertex -0.297642 21.25 76.1108
    endloop
  endfacet
  facet normal -0.442509 0 -0.896764
    outer loop
      vertex 0.440085 15.25 76.0625
      vertex 0.566744 16.1629 76
      vertex 0.566744 15.25 76
    endloop
  endfacet
  facet normal -0.442509 0 -0.896764
    outer loop
      vertex 0.566744 16.1629 76
      vertex 0.440085 15.25 76.0625
      vertex 0.440085 16.168 76.0625
    endloop
  endfacet
  facet normal -0.442648 0 -0.896695
    outer loop
      vertex 0.440085 16.2 76.0625
      vertex 0.575 21.25 75.9959
      vertex 0.575 16.2 75.9959
    endloop
  endfacet
  facet normal -0.442648 0 -0.896695
    outer loop
      vertex 0.575 21.25 75.9959
      vertex 0.440085 16.2 76.0625
      vertex 0.440085 21.25 76.0625
    endloop
  endfacet
  facet normal -0.19543 0 -0.980718
    outer loop
      vertex 0.150105 15.25 76.1402
      vertex 0.297642 16.175 76.1108
      vertex 0.297642 15.25 76.1108
    endloop
  endfacet
  facet normal -0.19543 0 -0.980718
    outer loop
      vertex 0.297642 16.175 76.1108
      vertex 0.150105 15.25 76.1402
      vertex 0.150105 16.1832 76.1402
    endloop
  endfacet
  facet normal -0.19543 0 -0.980718
    outer loop
      vertex 0.150105 16.2 76.1402
      vertex 0.297642 21.25 76.1108
      vertex 0.297642 16.2 76.1108
    endloop
  endfacet
  facet normal -0.19543 0 -0.980718
    outer loop
      vertex 0.297642 21.25 76.1108
      vertex 0.150105 16.2 76.1402
      vertex 0.150105 21.25 76.1402
    endloop
  endfacet
  facet normal -0.997858 0 -0.0654159
    outer loop
      vertex 1.15 19 75
      vertex 1.14016 21.25 75.1501
      vertex 1.15 21.25 75
    endloop
  endfacet
  facet normal -0.997858 0 -0.0654159
    outer loop
      vertex 1.14016 16.2 75.1501
      vertex 1.15 19 75
      vertex 1.15 16.2 75
    endloop
  endfacet
  facet normal -0.997858 0 -0.0654159
    outer loop
      vertex 1.15 19 75
      vertex 1.14016 16.2 75.1501
      vertex 1.14016 21.25 75.1501
    endloop
  endfacet
  facet normal 0.997858 -0 0.0654159
    outer loop
      vertex -1.15 19 75
      vertex -1.14016 21.25 74.8499
      vertex -1.15 21.25 75
    endloop
  endfacet
  facet normal 0.997858 0 0.0654159
    outer loop
      vertex -1.14016 21.25 74.8499
      vertex -1.15 19 75
      vertex -1.14016 19 74.8499
    endloop
  endfacet
  facet normal -0.831516 0 0.555501
    outer loop
      vertex 0.912355 19 74.2999
      vertex 0.995929 21.25 74.425
      vertex 0.912355 21.25 74.2999
    endloop
  endfacet
  facet normal -0.831516 0 0.555501
    outer loop
      vertex 0.995929 21.25 74.425
      vertex 0.912355 19 74.2999
      vertex 0.995929 19 74.425
    endloop
  endfacet
  facet normal -0.896858 0 0.442319
    outer loop
      vertex 0.995929 19 74.425
      vertex 1.06246 21.25 74.5599
      vertex 0.995929 21.25 74.425
    endloop
  endfacet
  facet normal -0.896858 0 0.442319
    outer loop
      vertex 1.06246 21.25 74.5599
      vertex 0.995929 19 74.425
      vertex 1.06246 19 74.5599
    endloop
  endfacet
  facet normal 0.946975 0 -0.321307
    outer loop
      vertex -1.06246 16.2 75.4401
      vertex -1.11081 21.25 75.2976
      vertex -1.06246 21.25 75.4401
    endloop
  endfacet
  facet normal 0.946975 0 -0.321307
    outer loop
      vertex -1.11081 21.25 75.2976
      vertex -1.06246 16.2 75.4401
      vertex -1.11081 16.2 75.2976
    endloop
  endfacet
  facet normal 0.442509 0 -0.896764
    outer loop
      vertex -0.566744 16.1629 76
      vertex -0.440085 15.25 76.0625
      vertex -0.566744 15.25 76
    endloop
  endfacet
  facet normal 0.442509 0 -0.896764
    outer loop
      vertex -0.440085 15.25 76.0625
      vertex -0.566744 16.1629 76
      vertex -0.440085 16.168 76.0625
    endloop
  endfacet
  facet normal 0.442648 0 -0.896695
    outer loop
      vertex -0.575 16.2 75.9959
      vertex -0.440085 21.25 76.0625
      vertex -0.440085 16.2 76.0625
    endloop
  endfacet
  facet normal 0.442648 0 -0.896695
    outer loop
      vertex -0.440085 21.25 76.0625
      vertex -0.575 16.2 75.9959
      vertex -0.575 21.25 75.9959
    endloop
  endfacet
  facet normal -0.75185 0 -0.659334
    outer loop
      vertex 0.912355 16.2 75.7001
      vertex 0.813172 21.25 75.8132
      vertex 0.912355 21.25 75.7001
    endloop
  endfacet
  facet normal -0.75185 -0 -0.659334
    outer loop
      vertex 0.813172 21.25 75.8132
      vertex 0.912355 16.2 75.7001
      vertex 0.813172 16.2 75.8132
    endloop
  endfacet
  facet normal 0.0651489 0 0.997876
    outer loop
      vertex -0.150105 21.25 73.8598
      vertex 0 19 73.85
      vertex 0 21.25 73.85
    endloop
  endfacet
  facet normal 0.0651489 0 0.997876
    outer loop
      vertex 0 19 73.85
      vertex -0.150105 21.25 73.8598
      vertex -0.150105 19 73.8598
    endloop
  endfacet
  facet normal -0.980772 0 -0.195157
    outer loop
      vertex 1.14016 16.2 75.1501
      vertex 1.11081 21.25 75.2976
      vertex 1.14016 21.25 75.1501
    endloop
  endfacet
  facet normal -0.980772 -0 -0.195157
    outer loop
      vertex 1.11081 21.25 75.2976
      vertex 1.14016 16.2 75.1501
      vertex 1.11081 16.2 75.2976
    endloop
  endfacet
  facet normal 0.896858 0 -0.442319
    outer loop
      vertex -0.995929 16.2 75.575
      vertex -1.06246 21.25 75.4401
      vertex -0.995929 21.25 75.575
    endloop
  endfacet
  facet normal 0.896858 0 -0.442319
    outer loop
      vertex -1.06246 21.25 75.4401
      vertex -0.995929 16.2 75.575
      vertex -1.06246 16.2 75.4401
    endloop
  endfacet
  facet normal 0.831516 -0 0.555501
    outer loop
      vertex -0.995929 19 74.425
      vertex -0.912355 21.25 74.2999
      vertex -0.995929 21.25 74.425
    endloop
  endfacet
  facet normal 0.831516 0 0.555501
    outer loop
      vertex -0.912355 21.25 74.2999
      vertex -0.995929 19 74.425
      vertex -0.912355 19 74.2999
    endloop
  endfacet
  facet normal 0.659408 0 0.751785
    outer loop
      vertex -0.813172 21.25 74.1868
      vertex -0.700075 19 74.0876
      vertex -0.700075 21.25 74.0876
    endloop
  endfacet
  facet normal 0.659408 0 0.751785
    outer loop
      vertex -0.700075 19 74.0876
      vertex -0.813172 21.25 74.1868
      vertex -0.813172 19 74.1868
    endloop
  endfacet
  facet normal 0.555237 0 0.831692
    outer loop
      vertex -0.700075 21.25 74.0876
      vertex -0.575 19 74.0041
      vertex -0.575 21.25 74.0041
    endloop
  endfacet
  facet normal 0.555237 0 0.831692
    outer loop
      vertex -0.575 19 74.0041
      vertex -0.700075 21.25 74.0876
      vertex -0.700075 19 74.0876
    endloop
  endfacet
  facet normal -0.321124 0 -0.947037
    outer loop
      vertex 0.297642 15.25 76.1108
      vertex 0.440085 16.168 76.0625
      vertex 0.440085 15.25 76.0625
    endloop
  endfacet
  facet normal -0.321124 0 -0.947037
    outer loop
      vertex 0.440085 16.168 76.0625
      vertex 0.297642 15.25 76.1108
      vertex 0.297642 16.175 76.1108
    endloop
  endfacet
  facet normal -0.321124 0 -0.947037
    outer loop
      vertex 0.297642 16.2 76.1108
      vertex 0.440085 21.25 76.0625
      vertex 0.440085 16.2 76.0625
    endloop
  endfacet
  facet normal -0.321124 0 -0.947037
    outer loop
      vertex 0.440085 21.25 76.0625
      vertex 0.297642 16.2 76.1108
      vertex 0.297642 21.25 76.1108
    endloop
  endfacet
  facet normal 0.321124 0 0.947037
    outer loop
      vertex -0.440085 21.25 73.9375
      vertex -0.297642 19 73.8892
      vertex -0.297642 21.25 73.8892
    endloop
  endfacet
  facet normal 0.321124 0 0.947037
    outer loop
      vertex -0.297642 19 73.8892
      vertex -0.440085 21.25 73.9375
      vertex -0.440085 19 73.9375
    endloop
  endfacet
  facet normal 0.659408 0 -0.751785
    outer loop
      vertex -0.813172 16.2 75.8132
      vertex -0.700075 21.25 75.9124
      vertex -0.700075 16.2 75.9124
    endloop
  endfacet
  facet normal 0.659408 0 -0.751785
    outer loop
      vertex -0.700075 21.25 75.9124
      vertex -0.813172 16.2 75.8132
      vertex -0.813172 21.25 75.8132
    endloop
  endfacet
  facet normal -0.659408 0 -0.751785
    outer loop
      vertex 0.700075 16.2 75.9124
      vertex 0.813172 21.25 75.8132
      vertex 0.813172 16.2 75.8132
    endloop
  endfacet
  facet normal -0.659408 0 -0.751785
    outer loop
      vertex 0.813172 21.25 75.8132
      vertex 0.700075 16.2 75.9124
      vertex 0.700075 21.25 75.9124
    endloop
  endfacet
  facet normal -0.0651489 0 -0.997876
    outer loop
      vertex 0 15.25 76.15
      vertex 0.150105 16.1832 76.1402
      vertex 0.150105 15.25 76.1402
    endloop
  endfacet
  facet normal -0.0651489 0 -0.997876
    outer loop
      vertex 0.150105 16.1832 76.1402
      vertex 0 15.25 76.15
      vertex 0 16.1925 76.15
    endloop
  endfacet
  facet normal -0.0651489 0 -0.997876
    outer loop
      vertex 0 16.2 76.15
      vertex 0.150105 21.25 76.1402
      vertex 0.150105 16.2 76.1402
    endloop
  endfacet
  facet normal -0.0651489 0 -0.997876
    outer loop
      vertex 0.150105 21.25 76.1402
      vertex 0 16.2 76.15
      vertex 0 21.25 76.15
    endloop
  endfacet
  facet normal -0.555237 0 0.831692
    outer loop
      vertex 0.575 21.25 74.0041
      vertex 0.700075 19 74.0876
      vertex 0.700075 21.25 74.0876
    endloop
  endfacet
  facet normal -0.555237 0 0.831692
    outer loop
      vertex 0.700075 19 74.0876
      vertex 0.575 21.25 74.0041
      vertex 0.575 19 74.0041
    endloop
  endfacet
  facet normal -0.555237 0 -0.831692
    outer loop
      vertex 0.575 16.2 75.9959
      vertex 0.700075 21.25 75.9124
      vertex 0.700075 16.2 75.9124
    endloop
  endfacet
  facet normal -0.555237 0 -0.831692
    outer loop
      vertex 0.700075 21.25 75.9124
      vertex 0.575 16.2 75.9959
      vertex 0.575 21.25 75.9959
    endloop
  endfacet
  facet normal 0.19543 0 0.980718
    outer loop
      vertex -0.297642 21.25 73.8892
      vertex -0.150105 19 73.8598
      vertex -0.150105 21.25 73.8598
    endloop
  endfacet
  facet normal 0.19543 0 0.980718
    outer loop
      vertex -0.150105 19 73.8598
      vertex -0.297642 21.25 73.8892
      vertex -0.297642 19 73.8892
    endloop
  endfacet
  facet normal -0.442648 0 0.896695
    outer loop
      vertex 0.440085 21.25 73.9375
      vertex 0.575 19 74.0041
      vertex 0.575 21.25 74.0041
    endloop
  endfacet
  facet normal -0.442648 0 0.896695
    outer loop
      vertex 0.575 19 74.0041
      vertex 0.440085 21.25 73.9375
      vertex 0.440085 19 73.9375
    endloop
  endfacet
  facet normal 0.980772 0 -0.195157
    outer loop
      vertex -1.11081 16.2 75.2976
      vertex -1.14016 21.25 75.1501
      vertex -1.11081 21.25 75.2976
    endloop
  endfacet
  facet normal 0.980772 0 -0.195157
    outer loop
      vertex -1.14016 21.25 75.1501
      vertex -1.11081 16.2 75.2976
      vertex -1.14016 16.2 75.1501
    endloop
  endfacet
  facet normal 0.946975 -0 0.321307
    outer loop
      vertex -1.11081 19 74.7024
      vertex -1.06246 21.25 74.5599
      vertex -1.11081 21.25 74.7024
    endloop
  endfacet
  facet normal 0.946975 0 0.321307
    outer loop
      vertex -1.06246 21.25 74.5599
      vertex -1.11081 19 74.7024
      vertex -1.06246 19 74.5599
    endloop
  endfacet
  facet normal -0.321124 0 0.947037
    outer loop
      vertex 0.297642 21.25 73.8892
      vertex 0.440085 19 73.9375
      vertex 0.440085 21.25 73.9375
    endloop
  endfacet
  facet normal -0.321124 0 0.947037
    outer loop
      vertex 0.440085 19 73.9375
      vertex 0.297642 21.25 73.8892
      vertex 0.297642 19 73.8892
    endloop
  endfacet
  facet normal 0.896858 -0 0.442319
    outer loop
      vertex -1.06246 19 74.5599
      vertex -0.995929 21.25 74.425
      vertex -1.06246 21.25 74.5599
    endloop
  endfacet
  facet normal 0.896858 0 0.442319
    outer loop
      vertex -0.995929 21.25 74.425
      vertex -1.06246 19 74.5599
      vertex -0.995929 19 74.425
    endloop
  endfacet
  facet normal -0.831516 0 -0.555501
    outer loop
      vertex 0.995929 16.2 75.575
      vertex 0.912355 21.25 75.7001
      vertex 0.995929 21.25 75.575
    endloop
  endfacet
  facet normal -0.831516 -0 -0.555501
    outer loop
      vertex 0.912355 21.25 75.7001
      vertex 0.995929 16.2 75.575
      vertex 0.912355 16.2 75.7001
    endloop
  endfacet
  facet normal -0.946975 0 -0.321307
    outer loop
      vertex 1.11081 16.2 75.2976
      vertex 1.06246 21.25 75.4401
      vertex 1.11081 21.25 75.2976
    endloop
  endfacet
  facet normal -0.946975 -0 -0.321307
    outer loop
      vertex 1.06246 21.25 75.4401
      vertex 1.11081 16.2 75.2976
      vertex 1.06246 16.2 75.4401
    endloop
  endfacet
  facet normal -0.19543 0 0.980718
    outer loop
      vertex 0.150105 21.25 73.8598
      vertex 0.297642 19 73.8892
      vertex 0.297642 21.25 73.8892
    endloop
  endfacet
  facet normal -0.19543 0 0.980718
    outer loop
      vertex 0.297642 19 73.8892
      vertex 0.150105 21.25 73.8598
      vertex 0.150105 19 73.8598
    endloop
  endfacet
  facet normal 0.997858 0 -0.0654159
    outer loop
      vertex -1.14016 21.25 75.1501
      vertex -1.15 19 75
      vertex -1.15 21.25 75
    endloop
  endfacet
  facet normal 0.997858 0 -0.0654159
    outer loop
      vertex -1.14016 16.2 75.1501
      vertex -1.15 19 75
      vertex -1.14016 21.25 75.1501
    endloop
  endfacet
  facet normal 0.997858 0 -0.0654159
    outer loop
      vertex -1.15 19 75
      vertex -1.14016 16.2 75.1501
      vertex -1.15 16.2 75
    endloop
  endfacet
  facet normal 0.75185 -0 0.659334
    outer loop
      vertex -0.912355 19 74.2999
      vertex -0.813172 21.25 74.1868
      vertex -0.912355 21.25 74.2999
    endloop
  endfacet
  facet normal 0.75185 0 0.659334
    outer loop
      vertex -0.813172 21.25 74.1868
      vertex -0.912355 19 74.2999
      vertex -0.813172 19 74.1868
    endloop
  endfacet
  facet normal -0.75185 0 0.659334
    outer loop
      vertex 0.813172 19 74.1868
      vertex 0.912355 21.25 74.2999
      vertex 0.813172 21.25 74.1868
    endloop
  endfacet
  facet normal -0.75185 0 0.659334
    outer loop
      vertex 0.912355 21.25 74.2999
      vertex 0.813172 19 74.1868
      vertex 0.912355 19 74.2999
    endloop
  endfacet
  facet normal -0.946975 0 0.321307
    outer loop
      vertex 1.06246 19 74.5599
      vertex 1.11081 21.25 74.7024
      vertex 1.06246 21.25 74.5599
    endloop
  endfacet
  facet normal -0.946975 0 0.321307
    outer loop
      vertex 1.11081 21.25 74.7024
      vertex 1.06246 19 74.5599
      vertex 1.11081 19 74.7024
    endloop
  endfacet
  facet normal 0.831516 0 -0.555501
    outer loop
      vertex -0.912355 16.2 75.7001
      vertex -0.995929 21.25 75.575
      vertex -0.912355 21.25 75.7001
    endloop
  endfacet
  facet normal 0.831516 0 -0.555501
    outer loop
      vertex -0.995929 21.25 75.575
      vertex -0.912355 16.2 75.7001
      vertex -0.995929 16.2 75.575
    endloop
  endfacet
  facet normal 0.0651489 0 -0.997876
    outer loop
      vertex -0.150105 16.1832 76.1402
      vertex 0 15.25 76.15
      vertex -0.150105 15.25 76.1402
    endloop
  endfacet
  facet normal 0.0651489 0 -0.997876
    outer loop
      vertex 0 15.25 76.15
      vertex -0.150105 16.1832 76.1402
      vertex 0 16.1925 76.15
    endloop
  endfacet
  facet normal 0.0651489 0 -0.997876
    outer loop
      vertex -0.150105 16.2 76.1402
      vertex 0 21.25 76.15
      vertex 0 16.2 76.15
    endloop
  endfacet
  facet normal 0.0651489 0 -0.997876
    outer loop
      vertex 0 21.25 76.15
      vertex -0.150105 16.2 76.1402
      vertex -0.150105 21.25 76.1402
    endloop
  endfacet
  facet normal -0.0651489 0 0.997876
    outer loop
      vertex 0 21.25 73.85
      vertex 0.150105 19 73.8598
      vertex 0.150105 21.25 73.8598
    endloop
  endfacet
  facet normal -0.0651489 0 0.997876
    outer loop
      vertex 0.150105 19 73.8598
      vertex 0 21.25 73.85
      vertex 0 19 73.85
    endloop
  endfacet
  facet normal 0 1 0
    outer loop
      vertex 0.150105 15.25 76.1402
      vertex -0.150105 15.25 76.1402
      vertex 0 15.25 76.15
    endloop
  endfacet
  facet normal 0 1 0
    outer loop
      vertex 0.297642 15.25 76.1108
      vertex -0.150105 15.25 76.1402
      vertex 0.150105 15.25 76.1402
    endloop
  endfacet
  facet normal 0 1 0
    outer loop
      vertex 0.297642 15.25 76.1108
      vertex -0.297642 15.25 76.1108
      vertex -0.150105 15.25 76.1402
    endloop
  endfacet
  facet normal 0 1 0
    outer loop
      vertex 0.440085 15.25 76.0625
      vertex -0.297642 15.25 76.1108
      vertex 0.297642 15.25 76.1108
    endloop
  endfacet
  facet normal 0 1 0
    outer loop
      vertex 0.440085 15.25 76.0625
      vertex -0.440085 15.25 76.0625
      vertex -0.297642 15.25 76.1108
    endloop
  endfacet
  facet normal 0 1 0
    outer loop
      vertex 0.566744 15.25 76
      vertex -0.440085 15.25 76.0625
      vertex 0.440085 15.25 76.0625
    endloop
  endfacet
  facet normal 0 1 0
    outer loop
      vertex -0.440085 15.25 76.0625
      vertex 0.566744 15.25 76
      vertex -0.566744 15.25 76
    endloop
  endfacet
  facet normal 0.321124 0 -0.947037
    outer loop
      vertex -0.440085 16.168 76.0625
      vertex -0.297642 15.25 76.1108
      vertex -0.440085 15.25 76.0625
    endloop
  endfacet
  facet normal 0.321124 0 -0.947037
    outer loop
      vertex -0.297642 15.25 76.1108
      vertex -0.440085 16.168 76.0625
      vertex -0.297642 16.175 76.1108
    endloop
  endfacet
  facet normal 0.321124 0 -0.947037
    outer loop
      vertex -0.440085 16.2 76.0625
      vertex -0.297642 21.25 76.1108
      vertex -0.297642 16.2 76.1108
    endloop
  endfacet
  facet normal 0.321124 0 -0.947037
    outer loop
      vertex -0.297642 21.25 76.1108
      vertex -0.440085 16.2 76.0625
      vertex -0.440085 21.25 76.0625
    endloop
  endfacet
  facet normal 0.980772 -0 0.195157
    outer loop
      vertex -1.14016 19 74.8499
      vertex -1.11081 21.25 74.7024
      vertex -1.14016 21.25 74.8499
    endloop
  endfacet
  facet normal 0.980772 0 0.195157
    outer loop
      vertex -1.11081 21.25 74.7024
      vertex -1.14016 19 74.8499
      vertex -1.11081 19 74.7024
    endloop
  endfacet
  facet normal 0.555237 0 -0.831692
    outer loop
      vertex -0.700075 16.2 75.9124
      vertex -0.575 21.25 75.9959
      vertex -0.575 16.2 75.9959
    endloop
  endfacet
  facet normal 0.555237 0 -0.831692
    outer loop
      vertex -0.575 21.25 75.9959
      vertex -0.700075 16.2 75.9124
      vertex -0.700075 21.25 75.9124
    endloop
  endfacet
  facet normal -0.896858 0 -0.442319
    outer loop
      vertex 1.06246 16.2 75.4401
      vertex 0.995929 21.25 75.575
      vertex 1.06246 21.25 75.4401
    endloop
  endfacet
  facet normal -0.896858 -0 -0.442319
    outer loop
      vertex 0.995929 21.25 75.575
      vertex 1.06246 16.2 75.4401
      vertex 0.995929 16.2 75.575
    endloop
  endfacet
  facet normal 0 -1 0
    outer loop
      vertex -18.8 0 24
      vertex -17.5 0 2.5
      vertex -17.05 0 24
    endloop
  endfacet
  facet normal 0 -1 -0
    outer loop
      vertex -17.5 0 2.5
      vertex -20 0 0
      vertex 17.5 0 2.5
    endloop
  endfacet
  facet normal 0 -1 0
    outer loop
      vertex -20 0 0
      vertex -17.5 0 2.5
      vertex -18.8 0 24
    endloop
  endfacet
  facet normal 0 -1 0
    outer loop
      vertex -17.05 0 26
      vertex -17.55 0 49
      vertex -18.7 0 26
    endloop
  endfacet
  facet normal 0 -1 0
    outer loop
      vertex -15.8 0 51
      vertex -16.3 0 74
      vertex -17.45 0 51
    endloop
  endfacet
  facet normal 0 -1 0
    outer loop
      vertex -14.55 0 76
      vertex -15 0 100
      vertex -16.2 0 76
    endloop
  endfacet
  facet normal 0 -1 0
    outer loop
      vertex -15 0 100
      vertex -14.55 0 76
      vertex -12.625 0 100
    endloop
  endfacet
  facet normal 0 -1 0
    outer loop
      vertex -14.55 0 74
      vertex -12.625 0 100
      vertex -14.55 0 76
    endloop
  endfacet
  facet normal 0 -1 0
    outer loop
      vertex -16.3 0 74
      vertex -15.8 0 51
      vertex -14.55 0 74
    endloop
  endfacet
  facet normal 0 -1 0
    outer loop
      vertex -15.8 0 49
      vertex -14.55 0 74
      vertex -15.8 0 51
    endloop
  endfacet
  facet normal 0 -1 -0
    outer loop
      vertex -14.55 0 74
      vertex -15.8 0 49
      vertex -12.625 0 100
    endloop
  endfacet
  facet normal 0 -1 0
    outer loop
      vertex -17.55 0 49
      vertex -17.05 0 26
      vertex -15.8 0 49
    endloop
  endfacet
  facet normal 0 -1 0
    outer loop
      vertex -17.05 0 24
      vertex -15.8 0 49
      vertex -17.05 0 26
    endloop
  endfacet
  facet normal 0 -1 0
    outer loop
      vertex -17.5 0 2.5
      vertex -15.8 0 49
      vertex -17.05 0 24
    endloop
  endfacet
  facet normal 0 -1 -0
    outer loop
      vertex -15.8 0 49
      vertex -17.5 0 2.5
      vertex -12.625 0 100
    endloop
  endfacet
  facet normal 0 -1 0
    outer loop
      vertex 12.625 0 100
      vertex 14.55 0 76
      vertex 15 0 100
    endloop
  endfacet
  facet normal 0 -1 0
    outer loop
      vertex 12.625 0 100
      vertex 14.55 0 74
      vertex 14.55 0 76
    endloop
  endfacet
  facet normal 0 -1 0
    outer loop
      vertex 14.55 0 74
      vertex 15.8 0 51
      vertex 16.3 0 74
    endloop
  endfacet
  facet normal 0 -1 0
    outer loop
      vertex 15.8 0 49
      vertex 14.55 0 74
      vertex 12.625 0 100
    endloop
  endfacet
  facet normal 0 -1 0
    outer loop
      vertex 14.55 0 74
      vertex 15.8 0 49
      vertex 15.8 0 51
    endloop
  endfacet
  facet normal 0 -1 0
    outer loop
      vertex 15.8 0 49
      vertex 17.05 0 26
      vertex 17.55 0 49
    endloop
  endfacet
  facet normal 0 -1 0
    outer loop
      vertex 17.5 0 2.5
      vertex 15.8 0 49
      vertex 12.625 0 100
    endloop
  endfacet
  facet normal 0 -1 0
    outer loop
      vertex 15.8 0 49
      vertex 17.05 0 24
      vertex 17.05 0 26
    endloop
  endfacet
  facet normal 0 -1 0
    outer loop
      vertex 15.8 0 49
      vertex 17.5 0 2.5
      vertex 17.05 0 24
    endloop
  endfacet
  facet normal 0 -1 0
    outer loop
      vertex 17.5 0 2.5
      vertex 18.8 0 24
      vertex 17.05 0 24
    endloop
  endfacet
  facet normal 0 -1 0
    outer loop
      vertex 17.5 0 2.5
      vertex 20 0 0
      vertex 18.8 0 24
    endloop
  endfacet
  facet normal 0 -1 0
    outer loop
      vertex 20 0 0
      vertex 17.5 0 2.5
      vertex -20 0 0
    endloop
  endfacet
  facet normal 0 -1 -0
    outer loop
      vertex 15 0 100
      vertex 14.55 0 76
      vertex 16.2 0 76
    endloop
  endfacet
  facet normal 0 -1 -0
    outer loop
      vertex 16.3 0 74
      vertex 15.8 0 51
      vertex 17.45 0 51
    endloop
  endfacet
  facet normal 0 -1 -0
    outer loop
      vertex 17.55 0 49
      vertex 17.05 0 26
      vertex 18.7 0 26
    endloop
  endfacet
  facet normal -1 0 0
    outer loop
      vertex 13 6.43193 61.7952
      vertex 13 9.97525 72.2772
      vertex 13 10.9043 60
    endloop
  endfacet
  facet normal -1 0 0
    outer loop
      vertex 13 6.43193 61.7952
      vertex 13 10.9043 60
      vertex 13 6.63445 60
    endloop
  endfacet
  facet normal -1 0 0
    outer loop
      vertex 13 9.97525 72.2772
      vertex 13 6.43193 61.7952
      vertex 13 5.38478 71.078
    endloop
  endfacet
  facet normal -1 0 -0
    outer loop
      vertex 13 6.46524 74
      vertex 13 9.97525 72.2772
      vertex 13 5.38478 71.078
    endloop
  endfacet
  facet normal -1 0 0
    outer loop
      vertex 13 9.97525 72.2772
      vertex 13 6.46524 74
      vertex 13 9.82053 74
    endloop
  endfacet
  facet normal -1 0 0
    outer loop
      vertex 13 4.77602 75
      vertex 13 6.46524 74
      vertex 13 5.38478 71.078
    endloop
  endfacet
  facet normal -1 0 0
    outer loop
      vertex 13 6.46524 74
      vertex 13 4.77602 75
      vertex 13 6.46524 75
    endloop
  endfacet
  facet normal 0 0 -1
    outer loop
      vertex 12.8188 5.30973 75
      vertex 13 6.46524 75
      vertex 13 4.77602 75
    endloop
  endfacet
  facet normal 0 0 -1
    outer loop
      vertex 12.2945 6.37291 75
      vertex 13 6.46524 75
      vertex 12.8188 5.30973 75
    endloop
  endfacet
  facet normal -0 0 -1
    outer loop
      vertex 13 6.46524 75
      vertex 12.2945 6.37291 75
      vertex 12.6007 7.275 75
    endloop
  endfacet
  facet normal 0 0 -1
    outer loop
      vertex 12.0161 6.9375 75
      vertex 12.6007 7.275 75
      vertex 12.2945 6.37291 75
    endloop
  endfacet
  facet normal 0 0 -1
    outer loop
      vertex 11.6664 7.46091 75
      vertex 12.6007 7.275 75
      vertex 12.0161 6.9375 75
    endloop
  endfacet
  facet normal 0 0 -1
    outer loop
      vertex 11.6664 7.46091 75
      vertex 11.5433 8.85748 75
      vertex 12.6007 7.275 75
    endloop
  endfacet
  facet normal 0 0 -1
    outer loop
      vertex 11.0078 8.44656 75
      vertex 11.5433 8.85748 75
      vertex 11.6664 7.46091 75
    endloop
  endfacet
  facet normal 0 0 -1
    outer loop
      vertex 10.2262 9.33782 75
      vertex 11.5433 8.85748 75
      vertex 11.0078 8.44656 75
    endloop
  endfacet
  facet normal 0 0 -1
    outer loop
      vertex 11.5433 8.85748 75
      vertex 10.2262 9.33782 75
      vertex 10.2884 10.2884 75
    endloop
  endfacet
  facet normal 0 0 -1
    outer loop
      vertex 9.81111 9.81111 75
      vertex 10.2884 10.2884 75
      vertex 10.2262 9.33782 75
    endloop
  endfacet
  facet normal 0 0 -1
    outer loop
      vertex 9.33782 10.2262 75
      vertex 10.2884 10.2884 75
      vertex 9.81111 9.81111 75
    endloop
  endfacet
  facet normal 0 0 -1
    outer loop
      vertex 9.33782 10.2262 75
      vertex 8.85748 11.5433 75
      vertex 10.2884 10.2884 75
    endloop
  endfacet
  facet normal 0 0 -1
    outer loop
      vertex 8.44656 11.0078 75
      vertex 8.85748 11.5433 75
      vertex 9.33782 10.2262 75
    endloop
  endfacet
  facet normal 0 0 -1
    outer loop
      vertex 7.46091 11.6664 75
      vertex 8.85748 11.5433 75
      vertex 8.44656 11.0078 75
    endloop
  endfacet
  facet normal 0 0 -1
    outer loop
      vertex 7.46091 11.6664 75
      vertex 7.275 12.6007 75
      vertex 8.85748 11.5433 75
    endloop
  endfacet
  facet normal 0 0 -1
    outer loop
      vertex 6.9375 12.0161 75
      vertex 7.275 12.6007 75
      vertex 7.46091 11.6664 75
    endloop
  endfacet
  facet normal 0 0 -1
    outer loop
      vertex 6.37291 12.2945 75
      vertex 7.275 12.6007 75
      vertex 6.9375 12.0161 75
    endloop
  endfacet
  facet normal 0 0 -1
    outer loop
      vertex 6.37291 12.2945 75
      vertex 5.56804 13.4424 75
      vertex 7.275 12.6007 75
    endloop
  endfacet
  facet normal 0 0 -1
    outer loop
      vertex 5.30973 12.8188 75
      vertex 5.56804 13.4424 75
      vertex 6.37291 12.2945 75
    endloop
  endfacet
  facet normal 0 0 -1
    outer loop
      vertex 4.71363 13.0212 75
      vertex 5.56804 13.4424 75
      vertex 5.30973 12.8188 75
    endloop
  endfacet
  facet normal 0 0 -1
    outer loop
      vertex 4.71363 13.0212 75
      vertex 3.76582 14.0542 75
      vertex 5.56804 13.4424 75
    endloop
  endfacet
  facet normal 0 0 -1
    outer loop
      vertex 3.59111 13.4022 75
      vertex 3.76582 14.0542 75
      vertex 4.71363 13.0212 75
    endloop
  endfacet
  facet normal 0 0 -1
    outer loop
      vertex 2.42846 13.6335 75
      vertex 3.76582 14.0542 75
      vertex 3.59111 13.4022 75
    endloop
  endfacet
  facet normal 0 0 -1
    outer loop
      vertex 2.42846 13.6335 75
      vertex 1.89916 14.4255 75
      vertex 3.76582 14.0542 75
    endloop
  endfacet
  facet normal 0 0 -1
    outer loop
      vertex 1.81105 13.7563 75
      vertex 1.89916 14.4255 75
      vertex 2.42846 13.6335 75
    endloop
  endfacet
  facet normal 0 0 -1
    outer loop
      vertex 1.18289 13.7975 75
      vertex 1.89916 14.4255 75
      vertex 1.81105 13.7563 75
    endloop
  endfacet
  facet normal 0 0 -1
    outer loop
      vertex 0 14.55 75
      vertex 1.18289 13.7975 75
      vertex 0 13.875 75
    endloop
  endfacet
  facet normal 0 0 -1
    outer loop
      vertex 1.18289 13.7975 75
      vertex 0 14.55 75
      vertex 1.89916 14.4255 75
    endloop
  endfacet
  facet normal 0 0 -1
    outer loop
      vertex -1.18289 13.7975 75
      vertex 0 14.55 75
      vertex 0 13.875 75
    endloop
  endfacet
  facet normal 0 0 -1
    outer loop
      vertex -1.89916 14.4255 75
      vertex -1.18289 13.7975 75
      vertex -1.81105 13.7563 75
    endloop
  endfacet
  facet normal 0 0 -1
    outer loop
      vertex -1.18289 13.7975 75
      vertex -1.89916 14.4255 75
      vertex 0 14.55 75
    endloop
  endfacet
  facet normal 0 0 -1
    outer loop
      vertex -2.42846 13.6335 75
      vertex -1.89916 14.4255 75
      vertex -1.81105 13.7563 75
    endloop
  endfacet
  facet normal 0 0 -1
    outer loop
      vertex -3.76582 14.0542 75
      vertex -2.42846 13.6335 75
      vertex -3.59111 13.4022 75
    endloop
  endfacet
  facet normal 0 0 -1
    outer loop
      vertex -2.42846 13.6335 75
      vertex -3.76582 14.0542 75
      vertex -1.89916 14.4255 75
    endloop
  endfacet
  facet normal 0 0 -1
    outer loop
      vertex -4.71363 13.0212 75
      vertex -3.76582 14.0542 75
      vertex -3.59111 13.4022 75
    endloop
  endfacet
  facet normal 0 0 -1
    outer loop
      vertex -5.56804 13.4424 75
      vertex -4.71363 13.0212 75
      vertex -5.30973 12.8188 75
    endloop
  endfacet
  facet normal 0 0 -1
    outer loop
      vertex -4.71363 13.0212 75
      vertex -5.56804 13.4424 75
      vertex -3.76582 14.0542 75
    endloop
  endfacet
  facet normal 0 0 -1
    outer loop
      vertex -6.37291 12.2945 75
      vertex -5.56804 13.4424 75
      vertex -5.30973 12.8188 75
    endloop
  endfacet
  facet normal 0 0 -1
    outer loop
      vertex -7.275 12.6007 75
      vertex -6.37291 12.2945 75
      vertex -6.9375 12.0161 75
    endloop
  endfacet
  facet normal 0 0 -1
    outer loop
      vertex -6.37291 12.2945 75
      vertex -7.275 12.6007 75
      vertex -5.56804 13.4424 75
    endloop
  endfacet
  facet normal 0 0 -1
    outer loop
      vertex -7.46091 11.6664 75
      vertex -7.275 12.6007 75
      vertex -6.9375 12.0161 75
    endloop
  endfacet
  facet normal 0 0 -1
    outer loop
      vertex -8.85748 11.5433 75
      vertex -7.46091 11.6664 75
      vertex -8.44656 11.0078 75
    endloop
  endfacet
  facet normal -0 0 -1
    outer loop
      vertex -7.46091 11.6664 75
      vertex -8.85748 11.5433 75
      vertex -7.275 12.6007 75
    endloop
  endfacet
  facet normal 0 0 -1
    outer loop
      vertex -9.33782 10.2262 75
      vertex -8.85748 11.5433 75
      vertex -8.44656 11.0078 75
    endloop
  endfacet
  facet normal 0 0 -1
    outer loop
      vertex -10.2884 10.2884 75
      vertex -9.33782 10.2262 75
      vertex -9.81111 9.81111 75
    endloop
  endfacet
  facet normal 0 0 -1
    outer loop
      vertex -10.2884 10.2884 75
      vertex -9.81111 9.81111 75
      vertex -10.2262 9.33782 75
    endloop
  endfacet
  facet normal 0 0 -1
    outer loop
      vertex -9.33782 10.2262 75
      vertex -10.2884 10.2884 75
      vertex -8.85748 11.5433 75
    endloop
  endfacet
  facet normal 0 0 -1
    outer loop
      vertex -11.5433 8.85748 75
      vertex -10.2262 9.33782 75
      vertex -11.0078 8.44656 75
    endloop
  endfacet
  facet normal -0 0 -1
    outer loop
      vertex -10.2262 9.33782 75
      vertex -11.5433 8.85748 75
      vertex -10.2884 10.2884 75
    endloop
  endfacet
  facet normal 0 0 -1
    outer loop
      vertex -11.6664 7.46091 75
      vertex -11.5433 8.85748 75
      vertex -11.0078 8.44656 75
    endloop
  endfacet
  facet normal 0 0 -1
    outer loop
      vertex -12.6007 7.275 75
      vertex -11.6664 7.46091 75
      vertex -12.0161 6.9375 75
    endloop
  endfacet
  facet normal 0 0 -1
    outer loop
      vertex -12.6007 7.275 75
      vertex -12.0161 6.9375 75
      vertex -12.2945 6.37291 75
    endloop
  endfacet
  facet normal -0 0 -1
    outer loop
      vertex -11.6664 7.46091 75
      vertex -12.6007 7.275 75
      vertex -11.5433 8.85748 75
    endloop
  endfacet
  facet normal 0 0 -1
    outer loop
      vertex -13 6.46524 75
      vertex -12.2945 6.37291 75
      vertex -12.8188 5.30973 75
    endloop
  endfacet
  facet normal 0 0 -1
    outer loop
      vertex -13 6.46524 75
      vertex -12.8188 5.30973 75
      vertex -13 4.77602 75
    endloop
  endfacet
  facet normal 0 0 -1
    outer loop
      vertex -12.2945 6.37291 75
      vertex -13 6.46524 75
      vertex -12.6007 7.275 75
    endloop
  endfacet
  facet normal 0 0 -1
    outer loop
      vertex -2.5 16.2 75
      vertex -1.15 19 75
      vertex -1.15 16.2 75
    endloop
  endfacet
  facet normal -0 0 -1
    outer loop
      vertex -1.15 19 75
      vertex -2.5 16.2 75
      vertex -2.5 19 75
    endloop
  endfacet
  facet normal 0 0 -1
    outer loop
      vertex 1.15 16.2 75
      vertex 2.5 19 75
      vertex 2.5 16.2 75
    endloop
  endfacet
  facet normal -0 0 -1
    outer loop
      vertex 2.5 19 75
      vertex 1.15 16.2 75
      vertex 1.15 19 75
    endloop
  endfacet
  facet normal 0 0 1
    outer loop
      vertex 10.9829 9.60999 60
      vertex 13 10.9043 60
      vertex 12.797 11.1357 60
    endloop
  endfacet
  facet normal 0 0 1
    outer loop
      vertex 13 10.9043 60
      vertex 12.6656 7.3125 60
      vertex 13 6.63445 60
    endloop
  endfacet
  facet normal 0 0 1
    outer loop
      vertex 13 10.9043 60
      vertex 12.1251 8.12141 60
      vertex 12.6656 7.3125 60
    endloop
  endfacet
  facet normal 0 0 1
    outer loop
      vertex 10.3414 10.3414 60
      vertex 12.797 11.1357 60
      vertex 12.0208 12.0208 60
    endloop
  endfacet
  facet normal 0 0 1
    outer loop
      vertex 13 10.9043 60
      vertex 11.6028 8.90314 60
      vertex 12.1251 8.12141 60
    endloop
  endfacet
  facet normal 0 0 1
    outer loop
      vertex 10.3414 10.3414 60
      vertex 12.0208 12.0208 60
      vertex 11.1357 12.797 60
    endloop
  endfacet
  facet normal 0 0 1
    outer loop
      vertex 13 10.9043 60
      vertex 10.9829 9.60999 60
      vertex 11.6028 8.90314 60
    endloop
  endfacet
  facet normal 0 0 1
    outer loop
      vertex 8.90314 11.6028 60
      vertex 11.1357 12.797 60
      vertex 10.3489 13.487 60
    endloop
  endfacet
  facet normal 0 0 1
    outer loop
      vertex 12.797 11.1357 60
      vertex 10.3414 10.3414 60
      vertex 10.9829 9.60999 60
    endloop
  endfacet
  facet normal 0 0 1
    outer loop
      vertex 11.1357 12.797 60
      vertex 9.60999 10.9829 60
      vertex 10.3414 10.3414 60
    endloop
  endfacet
  facet normal 0 0 1
    outer loop
      vertex 8.90314 11.6028 60
      vertex 10.3489 13.487 60
      vertex 9.47885 14.0684 60
    endloop
  endfacet
  facet normal 0 0 1
    outer loop
      vertex 11.1357 12.797 60
      vertex 8.90314 11.6028 60
      vertex 9.60999 10.9829 60
    endloop
  endfacet
  facet normal 0 0 1
    outer loop
      vertex 7.3125 12.6656 60
      vertex 9.47885 14.0684 60
      vertex 8.5 14.7224 60
    endloop
  endfacet
  facet normal 0 0 1
    outer loop
      vertex 9.47885 14.0684 60
      vertex 8.12141 12.1251 60
      vertex 8.90314 11.6028 60
    endloop
  endfacet
  facet normal 0 0 1
    outer loop
      vertex 7.3125 12.6656 60
      vertex 8.5 14.7224 60
      vertex 7.56147 15.1853 60
    endloop
  endfacet
  facet normal 0 0 1
    outer loop
      vertex 9.47885 14.0684 60
      vertex 7.3125 12.6656 60
      vertex 8.12141 12.1251 60
    endloop
  endfacet
  facet normal 0 0 1
    outer loop
      vertex 5.59675 13.5117 60
      vertex 7.56147 15.1853 60
      vertex 6.50562 15.706 60
    endloop
  endfacet
  facet normal 0 0 1
    outer loop
      vertex 7.56147 15.1853 60
      vertex 6.43996 13.0959 60
      vertex 7.3125 12.6656 60
    endloop
  endfacet
  facet normal 0 0 1
    outer loop
      vertex 7.56147 15.1853 60
      vertex 5.59675 13.5117 60
      vertex 6.43996 13.0959 60
    endloop
  endfacet
  facet normal 0 0 1
    outer loop
      vertex 5.39084 16.0844 60
      vertex 5.59675 13.5117 60
      vertex 6.50562 15.706 60
    endloop
  endfacet
  facet normal 0 0 1
    outer loop
      vertex 5.39084 16.0844 60
      vertex 4.6755 13.8245 60
      vertex 5.59675 13.5117 60
    endloop
  endfacet
  facet normal 0 0 1
    outer loop
      vertex 3.78523 14.1267 60
      vertex 5.39084 16.0844 60
      vertex 4.39992 16.4207 60
    endloop
  endfacet
  facet normal 0 0 1
    outer loop
      vertex 5.39084 16.0844 60
      vertex 3.78523 14.1267 60
      vertex 4.6755 13.8245 60
    endloop
  endfacet
  facet normal 0 0 1
    outer loop
      vertex 3.24529 16.6504 60
      vertex 3.78523 14.1267 60
      vertex 4.39992 16.4207 60
    endloop
  endfacet
  facet normal 0 0 1
    outer loop
      vertex 3.24529 16.6504 60
      vertex 2.86312 14.3101 60
      vertex 3.78523 14.1267 60
    endloop
  endfacet
  facet normal 0 0 1
    outer loop
      vertex 1.90895 14.4999 60
      vertex 3.24529 16.6504 60
      vertex 2.21894 16.8546 60
    endloop
  endfacet
  facet normal 0 0 1
    outer loop
      vertex 3.24529 16.6504 60
      vertex 1.90895 14.4999 60
      vertex 2.86312 14.3101 60
    endloop
  endfacet
  facet normal 0 0 1
    outer loop
      vertex 1.17474 16.923 60
      vertex 1.90895 14.4999 60
      vertex 2.21894 16.8546 60
    endloop
  endfacet
  facet normal 0 0 1
    outer loop
      vertex 1.17474 16.923 60
      vertex 0.938156 14.5635 60
      vertex 1.90895 14.4999 60
    endloop
  endfacet
  facet normal 0 0 1
    outer loop
      vertex 0 14.625 60
      vertex 1.17474 16.923 60
      vertex 0 17 60
    endloop
  endfacet
  facet normal 0 0 1
    outer loop
      vertex 1.17474 16.923 60
      vertex 0 14.625 60
      vertex 0.938156 14.5635 60
    endloop
  endfacet
  facet normal -0 0 1
    outer loop
      vertex -1.17474 16.923 60
      vertex 0 14.625 60
      vertex 0 17 60
    endloop
  endfacet
  facet normal 0 0 1
    outer loop
      vertex 0 14.625 60
      vertex -1.17474 16.923 60
      vertex -0.938156 14.5635 60
    endloop
  endfacet
  facet normal 0 0 1
    outer loop
      vertex -1.17474 16.923 60
      vertex -1.90895 14.4999 60
      vertex -0.938156 14.5635 60
    endloop
  endfacet
  facet normal -0 0 1
    outer loop
      vertex -2.21894 16.8546 60
      vertex -1.90895 14.4999 60
      vertex -1.17474 16.923 60
    endloop
  endfacet
  facet normal -0 0 1
    outer loop
      vertex -3.24529 16.6504 60
      vertex -1.90895 14.4999 60
      vertex -2.21894 16.8546 60
    endloop
  endfacet
  facet normal 0 0 1
    outer loop
      vertex -1.90895 14.4999 60
      vertex -3.24529 16.6504 60
      vertex -2.86312 14.3101 60
    endloop
  endfacet
  facet normal 0 0 1
    outer loop
      vertex -3.24529 16.6504 60
      vertex -3.78523 14.1267 60
      vertex -2.86312 14.3101 60
    endloop
  endfacet
  facet normal -0 0 1
    outer loop
      vertex -4.39992 16.4207 60
      vertex -3.78523 14.1267 60
      vertex -3.24529 16.6504 60
    endloop
  endfacet
  facet normal -0 0 1
    outer loop
      vertex -5.39084 16.0844 60
      vertex -3.78523 14.1267 60
      vertex -4.39992 16.4207 60
    endloop
  endfacet
  facet normal 0 0 1
    outer loop
      vertex -3.78523 14.1267 60
      vertex -5.39084 16.0844 60
      vertex -4.6755 13.8245 60
    endloop
  endfacet
  facet normal 0 0 1
    outer loop
      vertex -5.39084 16.0844 60
      vertex -5.59675 13.5117 60
      vertex -4.6755 13.8245 60
    endloop
  endfacet
  facet normal -0 0 1
    outer loop
      vertex -6.50562 15.706 60
      vertex -5.59675 13.5117 60
      vertex -5.39084 16.0844 60
    endloop
  endfacet
  facet normal -0 0 1
    outer loop
      vertex -7.56147 15.1853 60
      vertex -5.59675 13.5117 60
      vertex -6.50562 15.706 60
    endloop
  endfacet
  facet normal 0 0 1
    outer loop
      vertex -5.59675 13.5117 60
      vertex -7.56147 15.1853 60
      vertex -6.43996 13.0959 60
    endloop
  endfacet
  facet normal 0 0 1
    outer loop
      vertex -6.43996 13.0959 60
      vertex -7.56147 15.1853 60
      vertex -7.3125 12.6656 60
    endloop
  endfacet
  facet normal -0 0 1
    outer loop
      vertex -8.5 14.7224 60
      vertex -7.3125 12.6656 60
      vertex -7.56147 15.1853 60
    endloop
  endfacet
  facet normal -0 0 1
    outer loop
      vertex -9.47885 14.0684 60
      vertex -7.3125 12.6656 60
      vertex -8.5 14.7224 60
    endloop
  endfacet
  facet normal 0 0 1
    outer loop
      vertex -7.3125 12.6656 60
      vertex -9.47885 14.0684 60
      vertex -8.12141 12.1251 60
    endloop
  endfacet
  facet normal 0 0 1
    outer loop
      vertex -8.12141 12.1251 60
      vertex -9.47885 14.0684 60
      vertex -8.90314 11.6028 60
    endloop
  endfacet
  facet normal -0 0 1
    outer loop
      vertex -10.3489 13.487 60
      vertex -8.90314 11.6028 60
      vertex -9.47885 14.0684 60
    endloop
  endfacet
  facet normal -0 0 1
    outer loop
      vertex -11.1357 12.797 60
      vertex -8.90314 11.6028 60
      vertex -10.3489 13.487 60
    endloop
  endfacet
  facet normal 0 0 1
    outer loop
      vertex -8.90314 11.6028 60
      vertex -11.1357 12.797 60
      vertex -9.60999 10.9829 60
    endloop
  endfacet
  facet normal 0 0 1
    outer loop
      vertex -9.60999 10.9829 60
      vertex -11.1357 12.797 60
      vertex -10.3414 10.3414 60
    endloop
  endfacet
  facet normal -0 0 1
    outer loop
      vertex -12.0208 12.0208 60
      vertex -10.3414 10.3414 60
      vertex -11.1357 12.797 60
    endloop
  endfacet
  facet normal -0 0 1
    outer loop
      vertex -12.797 11.1357 60
      vertex -10.3414 10.3414 60
      vertex -12.0208 12.0208 60
    endloop
  endfacet
  facet normal 0 0 1
    outer loop
      vertex -10.3414 10.3414 60
      vertex -12.797 11.1357 60
      vertex -10.9829 9.60999 60
    endloop
  endfacet
  facet normal -0 0 1
    outer loop
      vertex -13 10.9043 60
      vertex -10.9829 9.60999 60
      vertex -12.797 11.1357 60
    endloop
  endfacet
  facet normal 0 0 1
    outer loop
      vertex -10.9829 9.60999 60
      vertex -13 10.9043 60
      vertex -11.6028 8.90314 60
    endloop
  endfacet
  facet normal 0 0 1
    outer loop
      vertex -11.6028 8.90314 60
      vertex -13 10.9043 60
      vertex -12.1251 8.12141 60
    endloop
  endfacet
  facet normal 0 0 1
    outer loop
      vertex -12.1251 8.12141 60
      vertex -13 10.9043 60
      vertex -12.6656 7.3125 60
    endloop
  endfacet
  facet normal 0 0 1
    outer loop
      vertex -12.6656 7.3125 60
      vertex -13 10.9043 60
      vertex -13 6.63445 60
    endloop
  endfacet
  facet normal 1 -0 0
    outer loop
      vertex -13 4.77602 75
      vertex -13 6.46524 74
      vertex -13 6.46524 75
    endloop
  endfacet
  facet normal 1 0 0
    outer loop
      vertex -13 6.46524 74
      vertex -13 5.38478 71.078
      vertex -13 6.43193 61.7952
    endloop
  endfacet
  facet normal 1 0 0
    outer loop
      vertex -13 6.46524 74
      vertex -13 4.77602 75
      vertex -13 5.38478 71.078
    endloop
  endfacet
  facet normal 1 -0 0
    outer loop
      vertex -13 6.46524 74
      vertex -13 9.97525 72.2772
      vertex -13 9.82053 74
    endloop
  endfacet
  facet normal 1 0 0
    outer loop
      vertex -13 9.97525 72.2772
      vertex -13 6.43193 61.7952
      vertex -13 10.9043 60
    endloop
  endfacet
  facet normal 1 0 0
    outer loop
      vertex -13 9.97525 72.2772
      vertex -13 6.46524 74
      vertex -13 6.43193 61.7952
    endloop
  endfacet
  facet normal 1 0 0
    outer loop
      vertex -13 10.9043 60
      vertex -13 6.43193 61.7952
      vertex -13 6.63445 60
    endloop
  endfacet
  facet normal 0 -1 0
    outer loop
      vertex -2.5 19 75
      vertex -1.14016 19 74.8499
      vertex -1.15 19 75
    endloop
  endfacet
  facet normal 0 -1 0
    outer loop
      vertex -2.5 19 75
      vertex -1.11081 19 74.7024
      vertex -1.14016 19 74.8499
    endloop
  endfacet
  facet normal 0 -1 0
    outer loop
      vertex -2.5 19 75
      vertex -1.06246 19 74.5599
      vertex -1.11081 19 74.7024
    endloop
  endfacet
  facet normal 0 -1 0
    outer loop
      vertex -2.5 19 75
      vertex -0.995929 19 74.425
      vertex -1.06246 19 74.5599
    endloop
  endfacet
  facet normal 0 -1 0
    outer loop
      vertex -2.5 19 72.5
      vertex -0.995929 19 74.425
      vertex -2.5 19 75
    endloop
  endfacet
  facet normal 0 -1 -0
    outer loop
      vertex -0.995929 19 74.425
      vertex -2.5 19 72.5
      vertex -0.912355 19 74.2999
    endloop
  endfacet
  facet normal 0 -1 -0
    outer loop
      vertex -0.912355 19 74.2999
      vertex -2.5 19 72.5
      vertex -0.813172 19 74.1868
    endloop
  endfacet
  facet normal 0 -1 -0
    outer loop
      vertex -0.813172 19 74.1868
      vertex -2.5 19 72.5
      vertex -0.700075 19 74.0876
    endloop
  endfacet
  facet normal 0 -1 -0
    outer loop
      vertex -0.150105 19 73.8598
      vertex -2.5 19 72.5
      vertex 0 19 73.85
    endloop
  endfacet
  facet normal 0 -1 -0
    outer loop
      vertex -0.297642 19 73.8892
      vertex -2.5 19 72.5
      vertex -0.150105 19 73.8598
    endloop
  endfacet
  facet normal 0 -1 -0
    outer loop
      vertex -0.440085 19 73.9375
      vertex -2.5 19 72.5
      vertex -0.297642 19 73.8892
    endloop
  endfacet
  facet normal 0 -1 -0
    outer loop
      vertex -0.575 19 74.0041
      vertex -2.5 19 72.5
      vertex -0.440085 19 73.9375
    endloop
  endfacet
  facet normal 0 -1 -0
    outer loop
      vertex -0.700075 19 74.0876
      vertex -2.5 19 72.5
      vertex -0.575 19 74.0041
    endloop
  endfacet
  facet normal 0 -1 0
    outer loop
      vertex 1.14016 19 74.8499
      vertex 2.5 19 75
      vertex 1.15 19 75
    endloop
  endfacet
  facet normal 0 -1 0
    outer loop
      vertex 1.11081 19 74.7024
      vertex 2.5 19 75
      vertex 1.14016 19 74.8499
    endloop
  endfacet
  facet normal 0 -1 0
    outer loop
      vertex 1.06246 19 74.5599
      vertex 2.5 19 75
      vertex 1.11081 19 74.7024
    endloop
  endfacet
  facet normal 0 -1 0
    outer loop
      vertex 0.995929 19 74.425
      vertex 2.5 19 75
      vertex 1.06246 19 74.5599
    endloop
  endfacet
  facet normal 0 -1 0
    outer loop
      vertex 2.5 19 72.5
      vertex 0.995929 19 74.425
      vertex 0.912355 19 74.2999
    endloop
  endfacet
  facet normal 0 -1 0
    outer loop
      vertex 2.5 19 72.5
      vertex 0.912355 19 74.2999
      vertex 0.813172 19 74.1868
    endloop
  endfacet
  facet normal 0 -1 0
    outer loop
      vertex 2.5 19 72.5
      vertex 0.813172 19 74.1868
      vertex 0.700075 19 74.0876
    endloop
  endfacet
  facet normal 0 -1 0
    outer loop
      vertex 2.5 19 72.5
      vertex 0.700075 19 74.0876
      vertex 0.575 19 74.0041
    endloop
  endfacet
  facet normal 0 -1 0
    outer loop
      vertex 2.5 19 72.5
      vertex 0 19 73.85
      vertex -2.5 19 72.5
    endloop
  endfacet
  facet normal 0 -1 0
    outer loop
      vertex 0 19 73.85
      vertex 2.5 19 72.5
      vertex 0.150105 19 73.8598
    endloop
  endfacet
  facet normal 0 -1 0
    outer loop
      vertex 0.150105 19 73.8598
      vertex 2.5 19 72.5
      vertex 0.297642 19 73.8892
    endloop
  endfacet
  facet normal 0 -1 0
    outer loop
      vertex 0.995929 19 74.425
      vertex 2.5 19 72.5
      vertex 2.5 19 75
    endloop
  endfacet
  facet normal 0 -1 0
    outer loop
      vertex 0.440085 19 73.9375
      vertex 2.5 19 72.5
      vertex 0.575 19 74.0041
    endloop
  endfacet
  facet normal 0 -1 0
    outer loop
      vertex 0.297642 19 73.8892
      vertex 2.5 19 72.5
      vertex 0.440085 19 73.9375
    endloop
  endfacet
endsolid OpenSCAD_Model
